[Licensing::Module] Trying to connect to existing licensing client channel...
Built from '6000.3/staging' branch; Version is '6000.3.19f1 (7689f4515d75) revision 7768564'; Using compiler version '194234433'; Build Type 'Release'
[Licensing::IpcConnector] Successfully connected to: "LicenseClient-savic" at "2026-07-09T22:22:12.1738518Z"
OS: 'Windows 10  (10.0.19045) 64bit Professional' Language: 'en' Physical Memory: 16307 MB
BatchMode: 1, IsHumanControllingUs: 0, StartBugReporterOnCrash: 0, Is64bit: 1
System  architecture: x64
Process architecture: x64
Date: 2026-07-09T22:22:12Z

COMMAND LINE ARGUMENTS:
D:\Unity\installs\6000.3.19f1\Editor\Unity.exe
-adb2
-batchMode
-noUpm
-name
AssetImportWorker0
-projectPath
D:/Unity/Projects/Project 01
-logFile
Logs/AssetImportWorker0.log
-srvPort
61385
-parentPid
4688
-analyticsCloudUserId
anonymous
-analyticsCloudProjectId
-analyticsLocalProjectId
6471f5a7559037b49ac6e019424ee61c
-job-worker-count
5
-background-job-worker-count
8
-gc-helper-count
1
-name
AssetImport
Successfully changed project path to: D:/Unity/Projects/Project 01
D:/Unity/Projects/Project 01
[UnityMemory] Configuration Parameters - Can be set up in boot.config
    "memorysetup-temp-allocator-size-nav-mesh-worker=65536"
    "memorysetup-temp-allocator-size-audio-worker=65536"
    "memorysetup-temp-allocator-size-gfx=262144"
    "memorysetup-allocator-temp-initial-block-size-main=262144"
    "memorysetup-allocator-temp-initial-block-size-worker=262144"
    "memorysetup-temp-allocator-size-background-worker=32768"
    "memorysetup-temp-allocator-size-job-worker=262144"
    "memorysetup-temp-allocator-size-preload-manager=33554432"
    "memorysetup-temp-allocator-size-gi-baking-worker=262144"
    "memorysetup-temp-allocator-size-gi-baking-worker=262144"
    "memorysetup-temp-allocator-size-gi-baking-worker=262144"
    "memorysetup-temp-allocator-size-gi-baking-worker=262144"
    "memorysetup-temp-allocator-size-gi-baking-worker=262144"
    "memorysetup-bucket-allocator-granularity=16"
    "memorysetup-bucket-allocator-bucket-count=8"
    "memorysetup-bucket-allocator-block-size=33554432"
    "memorysetup-bucket-allocator-block-count=8"
    "memorysetup-main-allocator-block-size=16777216"
    "memorysetup-thread-allocator-block-size=16777216"
    "memorysetup-gfx-main-allocator-block-size=16777216"
    "memorysetup-gfx-thread-allocator-block-size=16777216"
    "memorysetup-cache-allocator-block-size=4194304"
    "memorysetup-typetree-allocator-block-size=2097152"
    "memorysetup-profiler-bucket-allocator-granularity=16"
    "memorysetup-profiler-bucket-allocator-bucket-count=8"
    "memorysetup-profiler-bucket-allocator-block-size=33554432"
    "memorysetup-profiler-bucket-allocator-block-count=8"
    "memorysetup-profiler-allocator-block-size=16777216"
    "memorysetup-profiler-editor-allocator-block-size=1048576"
    "memorysetup-temp-allocator-size-main=16777216"
    "memorysetup-job-temp-allocator-block-size=2097152"
    "memorysetup-job-temp-allocator-block-size-background=1048576"
    "memorysetup-job-temp-allocator-reduction-small-platforms=262144"
    "memorysetup-temp-allocator-size-cloud-worker=32768"
Player connection [31684]  Target information:

Player connection [31684]  * "[IP] 192.168.1.103 [Port] 0 [Flags] 2 [Guid] 137535372 [EditorId] 137535372 [Version] 1048832 [Id] WindowsEditor(7,DESKTOP-3AQQ8LQ) [Debug] 1 [PackageName] WindowsEditor [ProjectName] Editor" 

Player connection [31684] Host joined multi-casting on [225.0.0.222:54997]...
Player connection [31684] Host joined alternative multi-casting on [225.0.0.222:34997]...
JobSystem: Creating JobQueue using job-worker-count value 5
Input System module state changed to: Initialized.
[Physics::Module] Initialized fallback backend.
[Physics::Module] Id: 0xdecafbad
Library Redirect Path: Library/
[Physics::Module] Selected backend.
[Physics::Module] Name: PhysX
[Physics::Module] Id: 0xf2b8ea05
[Physics::Module] SDK Version: 4.1.2
[Physics::Module] Integration Version: 1.0.0
[Physics::Module] Threading Mode: Multi-Threaded
Refreshing native plugins compatible for Editor in 7460.93 ms, found 6 plugins.
Preloading 0 native plugins for Editor in 0.00 ms.
Initialize engine version: 6000.3.19f1 (7689f4515d75)
[Subsystems] Discovering subsystems at path D:/Unity/installs/6000.3.19f1/Editor/Data/Resources/UnitySubsystems
[Subsystems] Discovering subsystems at path D:/Unity/Projects/Project 01/Assets
GfxDevice: creating device client; kGfxThreadingModeNonThreaded
d3d12: failed to query info queue interface (0x80004002).
Direct3D:
    Version:         Direct3D 12 [level 12.2]
    Renderer:        NVIDIA GeForce RTX 2060 (ID=0x1f08)
    Vendor:          NVIDIA
    VRAM:            5954 MB
    App VRAM Budget: 5186 MB
    Driver:          32.0.16.1047
Initialize mono
Mono path[0] = 'D:/Unity/installs/6000.3.19f1/Editor/Data/Managed'
Mono path[1] = 'D:/Unity/installs/6000.3.19f1/Editor/Data/MonoBleedingEdge/lib/mono/unityjit-win32'
Mono config path = 'D:/Unity/installs/6000.3.19f1/Editor/Data/MonoBleedingEdge/etc'
Using monoOptions --debugger-agent=transport=dt_socket,embedding=1,server=y,suspend=n,address=127.0.0.1:56940
Begin MonoManager ReloadAssembly
Registering precompiled unity dll's ...
Register platform support module: D:/Unity/installs/6000.3.19f1/Editor/Data/PlaybackEngines/WindowsStandaloneSupport/UnityEditor.WindowsStandalone.Extensions.dll
Registered in 0.118025 seconds.
- Loaded All Assemblies, in 16.521 seconds
Native extension for WindowsStandalone target not found
Package Manager log level set to [2]
[Package Manager] Failed to launch server process. Reason: Unity was launched with the -noUpm command-line argument
[Package Manager] Unable to send message (not connected to server process).
[Package Manager] Cannot connect to Unity Package Manager local server
ScheduleIndexationOnStartup MainProcess:False IndexOnStartup:True
Mono: successfully reloaded assembly
- Finished resetting the current domain, in  1.364 seconds
Domain Reload Profiling: 17884ms
	BeginReloadAssembly (15238ms)
		ExecutionOrderSort (0ms)
		DisableScriptedObjects (0ms)
		BackupInstance (0ms)
		ReleaseScriptingObjects (0ms)
		CreateAndSetChildDomain (1ms)
	RebuildCommonClasses (44ms)
	RebuildNativeTypeToScriptingClass (16ms)
	initialDomainReloadingComplete (164ms)
	LoadAllAssembliesAndSetupDomain (1059ms)
		LoadAssemblies (15236ms)
		RebuildTransferFunctionScriptingTraits (0ms)
		AnalyzeDomain (1056ms)
			TypeCache.Refresh (1054ms)
				TypeCache.ScanAssembly (1038ms)
			BuildScriptInfoCaches (0ms)
			ResolveRequiredComponents (0ms)
	FinalizeReload (1364ms)
		ReleaseScriptCaches (0ms)
		RebuildScriptCaches (0ms)
		SetupLoadedEditorAssemblies (1307ms)
			LogAssemblyErrors (0ms)
			InitializePlatformSupportModulesInManaged (47ms)
			SetLoadedEditorAssemblies (4ms)
			BeforeProcessingInitializeOnLoad (91ms)
			ProcessInitializeOnLoadAttributes (143ms)
			ProcessInitializeOnLoadMethodAttributes (1022ms)
			AfterProcessingInitializeOnLoad (0ms)
			EditorAssembliesLoaded (0ms)
		ExecutionOrderSort2 (0ms)
		AwakeInstancesAfterBackupRestoration (0ms)
[Licensing::Module] Licensing is not yet initialized.
[Licensing::Client] Error: HandshakeResponse reported an error:
	ResponseCode: 505
	ResponseStatus: Unsupported protocol version '1.18.1'.
[Licensing::Module] Error: Failed to handshake to channel: "LicenseClient-savic"
[Licensing::IpcConnector] LicenseClient-savic channel disconnected successfully.
[Licensing::IpcConnector] Successfully connected to: "LicenseClient-savic-6000.3.19" at "2026-07-09T22:22:52.0224257Z"
[Licensing::Client] Code 10 while verifying Licensing Client signature (process Id: 18012, path: "D:/Unity/installs/6000.3.19f1/Editor/Data/Resources/Licensing/Client/Unity.Licensing.Client.exe")
[Licensing::Module] LicensingClient has failed validation; ignoring
[Licensing::Client] Handshaking with LicensingClient:
  Version:                 1.18.1+9fbee8e
  Session Id:              2aec0b927e2041c69d81c8f63074a6e6
  Correlation Id:          f312b2e240441a3f633838b222153879
  External correlation Id: 740965974294993135
  Machine Id:              RaxClSM2nTYIfqSompjN4c7ZjXk=
[Licensing::Module] Successfully connected to LicensingClient on channel: "LicenseClient-savic-6000.3.19" (connect: 0.00s, validation: 0.00s, handshake: 0.08s)
[Licensing::IpcConnector] Successfully connected to: "LicenseClient-savic-6000.3.19-notifications" at "2026-07-09T22:22:52.1055299Z"
[Licensing::Module] Licensing Background thread has ended after 39.93s
[Licensing::Module] Licensing is initialized (took 0.13s).
[Licensing::Client] Successfully resolved entitlement details
[Licensing::Module] License group:
  Id: 6872857124196-UnityPersXXXX
  Product: Unity Personal
  Type: Assigned
  Expiration: Unlimited
Curl error 3: URL rejected: Malformed input to a URL function
========================================================================
Worker process is ready to serve import requests
Import Worker Mode flag is 0x00
Begin MonoManager ReloadAssembly
- Loaded All Assemblies, in 25.618 seconds
Refreshing native plugins compatible for Editor in 4.82 ms, found 6 plugins.
Native extension for WindowsStandalone target not found
[Package Manager] Failed to launch server process. Reason: Unity was launched with the -noUpm command-line argument
[Package Manager] Unable to send message (not connected to server process).
[Package Manager] Cannot connect to Unity Package Manager local server
Refreshing native plugins compatible for Editor in 4.94 ms, found 6 plugins.
[Package Manager] Failed to launch server process. Reason: Unity was launched with the -noUpm command-line argument
[Package Manager] Unable to send message (not connected to server process).
[Package Manager] Cannot connect to Unity Package Manager local server
ScheduleIndexationOnStartup MainProcess:False IndexOnStartup:True
Missing types referenced from component UniversalRenderPipelineGlobalSettings on game object UniversalRenderPipelineGlobalSettings:
	UnityEngine.PathTracing.Core.WorldRenderPipelineResources, Unity.PathTracing.Runtime (1 object)
Mono: successfully reloaded assembly
- Finished resetting the current domain, in  3.117 seconds
Domain Reload Profiling: 28732ms
	BeginReloadAssembly (187ms)
		ExecutionOrderSort (0ms)
		DisableScriptedObjects (6ms)
		BackupInstance (0ms)
		ReleaseScriptingObjects (0ms)
		CreateAndSetChildDomain (31ms)
	RebuildCommonClasses (45ms)
	RebuildNativeTypeToScriptingClass (16ms)
	initialDomainReloadingComplete (44ms)
	LoadAllAssembliesAndSetupDomain (25323ms)
		LoadAssemblies (25095ms)
		RebuildTransferFunctionScriptingTraits (0ms)
		AnalyzeDomain (334ms)
			TypeCache.Refresh (225ms)
				TypeCache.ScanAssembly (204ms)
			BuildScriptInfoCaches (93ms)
			ResolveRequiredComponents (12ms)
	FinalizeReload (3117ms)
		ReleaseScriptCaches (0ms)
		RebuildScriptCaches (0ms)
		SetupLoadedEditorAssemblies (2963ms)
			LogAssemblyErrors (0ms)
			InitializePlatformSupportModulesInManaged (2ms)
			SetLoadedEditorAssemblies (5ms)
			BeforeProcessingInitializeOnLoad (165ms)
			ProcessInitializeOnLoadAttributes (582ms)
			ProcessInitializeOnLoadMethodAttributes (2205ms)
			AfterProcessingInitializeOnLoad (3ms)
			EditorAssembliesLoaded (0ms)
		ExecutionOrderSort2 (0ms)
		AwakeInstancesAfterBackupRestoration (6ms)
Launched and connected shader compiler UnityShaderCompiler.exe after 1.08 seconds
Refreshing native plugins compatible for Editor in 5.09 ms, found 6 plugins.
Preloading 0 native plugins for Editor in 0.00 ms.
Unloading 16 Unused Serialized files (Serialized files now loaded: 0)
Curl error 3: URL rejected: Malformed input to a URL function
Unloading 8174 unused Assets / (4.9 MB). Loaded Objects now: 8940.
Memory consumption went from 167.0 MB to 162.1 MB.
Total: 15.637200 ms (FindLiveObjects: 1.413800 ms CreateObjectMapping: 0.443800 ms MarkObjects: 10.784100 ms  DeleteObjects: 2.993400 ms)

========================================================================
Received Import Request.
  Time since last request: 1046843.173127 seconds.
  path: Assets/asdads.unity
  artifactKey: Guid(9d2f529c9d055434fa681851410c0ced) Importer(2089858483,b0f066a214c2f5e87bad3c948f4d605d)
Start importing Assets/asdads.unity using Guid(9d2f529c9d055434fa681851410c0ced) Importer(2089858483,b0f066a214c2f5e87bad3c948f4d605d) (ScriptedImporter) -> (artifact id: '69bb22de2e08fb9ddc1ad585a054e947') in 0.9546635 seconds
Number of updated asset objects reloaded before import = 0Number of asset objects unloaded after import = 1

========================================================================
Received Import Request.
  Time since last request: 491.077735 seconds.
  path: Assets/DefaultVolumeProfile.asset
  artifactKey: Guid(3f9215ea0144899419cfbc0957140d3f) Importer(2089858483,b0f066a214c2f5e87bad3c948f4d605d)
Start importing Assets/DefaultVolumeProfile.asset using Guid(3f9215ea0144899419cfbc0957140d3f) Importer(2089858483,b0f066a214c2f5e87bad3c948f4d605d) (ScriptedImporter) -> (artifact id: '0fbf3c7e5641d58c5e3c9931c0269058') in 2.7944386 seconds
Number of updated asset objects reloaded before import = 0Number of asset objects unloaded after import = 0

========================================================================
Received Import Request.
  Time since last request: 0.000026 seconds.
  path: Assets/TextMesh Pro/Shaders/TMP_SDF.shader
  artifactKey: Guid(68e6db2ebdc24f95958faec2be5558d6) Importer(2089858483,b0f066a214c2f5e87bad3c948f4d605d)
Start importing Assets/TextMesh Pro/Shaders/TMP_SDF.shader using Guid(68e6db2ebdc24f95958faec2be5558d6) Importer(2089858483,b0f066a214c2f5e87bad3c948f4d605d) (ScriptedImporter) -> (artifact id: 'cc071b34cf0fb3b95709e07b50f9832a') in 0.130248 seconds
Number of updated asset objects reloaded before import = 0Number of asset objects unloaded after import = 1

========================================================================
Received Import Request.
  Time since last request: 0.000026 seconds.
  path: Assets/FreePixelFood/Food.unity
  artifactKey: Guid(bce5504a907bb834d8934eea847632aa) Importer(2089858483,b0f066a214c2f5e87bad3c948f4d605d)
Start importing Assets/FreePixelFood/Food.unity using Guid(bce5504a907bb834d8934eea847632aa) Importer(2089858483,b0f066a214c2f5e87bad3c948f4d605d) (ScriptedImporter) -> (artifact id: '25d328ead6213e9c2fc7db74da6f3258') in 0.4197715 seconds
Number of updated asset objects reloaded before import = 0Number of asset objects unloaded after import = 1

========================================================================
Received Import Request.
  Time since last request: 0.000021 seconds.
  path: Assets/LSL/LSL4Unity/README.md
  artifactKey: Guid(baaf897b0028fc34ba6291047482ee11) Importer(2089858483,b0f066a214c2f5e87bad3c948f4d605d)
Start importing Assets/LSL/LSL4Unity/README.md using Guid(baaf897b0028fc34ba6291047482ee11) Importer(2089858483,b0f066a214c2f5e87bad3c948f4d605d) (ScriptedImporter) -> (artifact id: '4ea713f0e9a947b8e98099e741971655') in 0.1378527 seconds
Number of updated asset objects reloaded before import = 0Number of asset objects unloaded after import = 1

========================================================================
Received Import Request.
  Time since last request: 0.000026 seconds.
  path: Assets/FreePixelFood/ReadMe.txt
  artifactKey: Guid(a74964cf08c96664eb48387422fa6e6d) Importer(2089858483,b0f066a214c2f5e87bad3c948f4d605d)
Start importing Assets/FreePixelFood/ReadMe.txt using Guid(a74964cf08c96664eb48387422fa6e6d) Importer(2089858483,b0f066a214c2f5e87bad3c948f4d605d) (ScriptedImporter) -> (artifact id: '7150a7a9c80e876f0bcfc419af39faaf') in 0.0573713 seconds
Number of updated asset objects reloaded before import = 0Number of asset objects unloaded after import = 1

========================================================================
Received Import Request.
  Time since last request: 0.000018 seconds.
  path: Assets/BayatGames/Free Platform Game Assets/Preview/Preview 2.ai
  artifactKey: Guid(93efba2dead4b2e4cb3ccae0b4580f64) Importer(2089858483,b0f066a214c2f5e87bad3c948f4d605d)
Start importing Assets/BayatGames/Free Platform Game Assets/Preview/Preview 2.ai using Guid(93efba2dead4b2e4cb3ccae0b4580f64) Importer(2089858483,b0f066a214c2f5e87bad3c948f4d605d) (ScriptedImporter) -> (artifact id: '2f716fcfea8ddbcc159e6c40d9edc690') in 0.1045341 seconds
Number of updated asset objects reloaded before import = 0Number of asset objects unloaded after import = 1

========================================================================
Received Import Request.
  Time since last request: 0.000018 seconds.
  path: Assets/Settings/Build Profiles/Windows.asset
  artifactKey: Guid(df1804b8181293240acc73dca78c6755) Importer(2089858483,b0f066a214c2f5e87bad3c948f4d605d)
Start importing Assets/Settings/Build Profiles/Windows.asset using Guid(df1804b8181293240acc73dca78c6755) Importer(2089858483,b0f066a214c2f5e87bad3c948f4d605d) (ScriptedImporter) -> (artifact id: 'fd3088dd28cc984cbaef9e60df23d228') in 0.6939159 seconds
Number of updated asset objects reloaded before import = 0Number of asset objects unloaded after import = 1

========================================================================
Received Import Request.
  Time since last request: 0.000035 seconds.
  path: Assets/FreePixelFood/Sprite/Food/AppleWorm.png
  artifactKey: Guid(8fa37c2c8b9bd654c96a4fae10f387a1) Importer(2089858483,b0f066a214c2f5e87bad3c948f4d605d)
Start importing Assets/FreePixelFood/Sprite/Food/AppleWorm.png using Guid(8fa37c2c8b9bd654c96a4fae10f387a1) Importer(2089858483,b0f066a214c2f5e87bad3c948f4d605d) (ScriptedImporter) -> (artifact id: '708e3780cf752eea0ca71649946458cd') in 0.2835111 seconds
Number of updated asset objects reloaded before import = 0Number of asset objects unloaded after import = 3

========================================================================
Received Import Request.
  Time since last request: 0.000018 seconds.
  path: Assets/FreePixelFood/Sprite/Food/DragonFruit.png
  artifactKey: Guid(b2834b9a4be626e4d8a56e1cde70b1b1) Importer(2089858483,b0f066a214c2f5e87bad3c948f4d605d)
Start importing Assets/FreePixelFood/Sprite/Food/DragonFruit.png using Guid(b2834b9a4be626e4d8a56e1cde70b1b1) Importer(2089858483,b0f066a214c2f5e87bad3c948f4d605d) (ScriptedImporter) -> (artifact id: '86fca4d3026c58b0c130edb554f73794') in 0.2089781 seconds
Number of updated asset objects reloaded before import = 0Number of asset objects unloaded after import = 3

========================================================================
Received Import Request.
  Time since last request: 0.000025 seconds.
  path: Assets/TextMesh Pro/Shaders/TMP_SDF-URP Lit.shadergraph
  artifactKey: Guid(a3d800b099a06e0478fb790c5e79057a) Importer(2089858483,b0f066a214c2f5e87bad3c948f4d605d)
Start importing Assets/TextMesh Pro/Shaders/TMP_SDF-URP Lit.shadergraph using Guid(a3d800b099a06e0478fb790c5e79057a) Importer(2089858483,b0f066a214c2f5e87bad3c948f4d605d) (ScriptedImporter) -> (artifact id: '3f10a206d105d89318557d507075b3dc') in 0.1113976 seconds
Number of updated asset objects reloaded before import = 0Number of asset objects unloaded after import = 3

========================================================================
Received Import Request.
  Time since last request: 0.000019 seconds.
  path: Assets/TextMesh Pro/Shaders/TMP_SDF-Mobile Overlay.shader
  artifactKey: Guid(a02a7d8c237544f1962732b55a9aebf1) Importer(2089858483,b0f066a214c2f5e87bad3c948f4d605d)
Start importing Assets/TextMesh Pro/Shaders/TMP_SDF-Mobile Overlay.shader using Guid(a02a7d8c237544f1962732b55a9aebf1) Importer(2089858483,b0f066a214c2f5e87bad3c948f4d605d) (ScriptedImporter) -> (artifact id: 'ae97bc7fab9829a0f198ee036739b6a5') in 0.0173889 seconds
Number of updated asset objects reloaded before import = 0Number of asset objects unloaded after import = 1

========================================================================
Received Import Request.
  Time since last request: 0.000017 seconds.
  path: Assets/BayatGames/Free Platform Game Assets/Demo/Demo.unity
  artifactKey: Guid(c141d24673958bb44b780d361745cca7) Importer(2089858483,b0f066a214c2f5e87bad3c948f4d605d)
Start importing Assets/BayatGames/Free Platform Game Assets/Demo/Demo.unity using Guid(c141d24673958bb44b780d361745cca7) Importer(2089858483,b0f066a214c2f5e87bad3c948f4d605d) (ScriptedImporter) -> (artifact id: '4f0d859ca88bddea0ae32cc420fdd943') in 0.1535979 seconds
Number of updated asset objects reloaded before import = 0Number of asset objects unloaded after import = 1

========================================================================
Received Import Request.
  Time since last request: 0.000018 seconds.
  path: Assets/FreePixelFood/Sprite/Food/Chicken.png
  artifactKey: Guid(87b0be14180e9be4681e14b64915d462) Importer(2089858483,b0f066a214c2f5e87bad3c948f4d605d)
Start importing Assets/FreePixelFood/Sprite/Food/Chicken.png using Guid(87b0be14180e9be4681e14b64915d462) Importer(2089858483,b0f066a214c2f5e87bad3c948f4d605d) (ScriptedImporter) -> (artifact id: 'de03d1d91ef19f786685480cba541649') in 0.3411649 seconds
Number of updated asset objects reloaded before import = 0Number of asset objects unloaded after import = 3

========================================================================
Received Import Request.
  Time since last request: 0.000025 seconds.
  path: Assets/LSL/LSL4Unity-20260622T215318Z-3-001.zip
  artifactKey: Guid(503c15ab6ab4fdd409f9d62759b024e0) Importer(2089858483,b0f066a214c2f5e87bad3c948f4d605d)
Start importing Assets/LSL/LSL4Unity-20260622T215318Z-3-001.zip using Guid(503c15ab6ab4fdd409f9d62759b024e0) Importer(2089858483,b0f066a214c2f5e87bad3c948f4d605d) (ScriptedImporter) -> (artifact id: 'c5f3c9a03d41d42de49f938f21424e45') in 0.0780358 seconds
Number of updated asset objects reloaded before import = 0Number of asset objects unloaded after import = 1

========================================================================
Received Import Request.
  Time since last request: 0.000017 seconds.
  path: Assets/FreePixelFood/Sprite/Food/Jam.png
  artifactKey: Guid(878a86235aa94024ebe99557efe97bbb) Importer(2089858483,b0f066a214c2f5e87bad3c948f4d605d)
Start importing Assets/FreePixelFood/Sprite/Food/Jam.png using Guid(878a86235aa94024ebe99557efe97bbb) Importer(2089858483,b0f066a214c2f5e87bad3c948f4d605d) (ScriptedImporter) -> (artifact id: '75775204c7a09789f204dc2254d86753') in 0.18356 seconds
Number of updated asset objects reloaded before import = 0Number of asset objects unloaded after import = 3

========================================================================
Received Import Request.
  Time since last request: 0.000018 seconds.
  path: Assets/TextMesh Pro/Shaders/TMP_Bitmap-Custom-Atlas.shader
  artifactKey: Guid(48bb5f55d8670e349b6e614913f9d910) Importer(2089858483,b0f066a214c2f5e87bad3c948f4d605d)
Start importing Assets/TextMesh Pro/Shaders/TMP_Bitmap-Custom-Atlas.shader using Guid(48bb5f55d8670e349b6e614913f9d910) Importer(2089858483,b0f066a214c2f5e87bad3c948f4d605d) (ScriptedImporter) -> (artifact id: '50b31bc5ab91254ddc272d4944557084') in 0.1179188 seconds
Number of updated asset objects reloaded before import = 0Number of asset objects unloaded after import = 1

========================================================================
Received Import Request.
  Time since last request: 0.000026 seconds.
  path: Assets/FreePixelFood/Sprite/Food/Olive.png
  artifactKey: Guid(8201bc85b4ce96745b431622ca8e7eb2) Importer(2089858483,b0f066a214c2f5e87bad3c948f4d605d)
Start importing Assets/FreePixelFood/Sprite/Food/Olive.png using Guid(8201bc85b4ce96745b431622ca8e7eb2) Importer(2089858483,b0f066a214c2f5e87bad3c948f4d605d) (ScriptedImporter) -> (artifact id: '28983fafbec53ef5357d9f9cd5984a6b') in 0.162083 seconds
Number of updated asset objects reloaded before import = 0Number of asset objects unloaded after import = 3

========================================================================
Received Import Request.
  Time since last request: 0.000017 seconds.
  path: Assets/PlayerMovement.cs
  artifactKey: Guid(f0a1090b32d7f094592f42d45e390e6b) Importer(2089858483,b0f066a214c2f5e87bad3c948f4d605d)
Start importing Assets/PlayerMovement.cs using Guid(f0a1090b32d7f094592f42d45e390e6b) Importer(2089858483,b0f066a214c2f5e87bad3c948f4d605d) (ScriptedImporter) -> (artifact id: 'b236afcc548f0185efe8ba1a86c9e4fa') in 0.0103513 seconds
Number of updated asset objects reloaded before import = 0Number of asset objects unloaded after import = 0

========================================================================
Received Import Request.
  Time since last request: 0.000019 seconds.
  path: Assets/TextMesh Pro/Shaders/TMPro_Surface.cginc
  artifactKey: Guid(d930090c0cd643c7b55f19a38538c162) Importer(2089858483,b0f066a214c2f5e87bad3c948f4d605d)
Start importing Assets/TextMesh Pro/Shaders/TMPro_Surface.cginc using Guid(d930090c0cd643c7b55f19a38538c162) Importer(2089858483,b0f066a214c2f5e87bad3c948f4d605d) (ScriptedImporter) -> (artifact id: '6caecb9d88dae0f8dbd60fef14d9f898') in 0.1015799 seconds
Number of updated asset objects reloaded before import = 0Number of asset objects unloaded after import = 1

========================================================================
Received Import Request.
  Time since last request: 0.000028 seconds.
  path: Assets/FreePixelFood/Sprite/Food/Grubs.png
  artifactKey: Guid(82378645ab8e81540a4d91e623193d96) Importer(2089858483,b0f066a214c2f5e87bad3c948f4d605d)
Start importing Assets/FreePixelFood/Sprite/Food/Grubs.png using Guid(82378645ab8e81540a4d91e623193d96) Importer(2089858483,b0f066a214c2f5e87bad3c948f4d605d) (ScriptedImporter) -> (artifact id: '945852ad845405e275febd1ceabfd087') in 0.066448 seconds
Number of updated asset objects reloaded before import = 0Number of asset objects unloaded after import = 3

========================================================================
Received Import Request.
  Time since last request: 0.000017 seconds.
  path: Assets/FreePixelFood/Sprite/Food/Eggplant.png
  artifactKey: Guid(b4c9f99162deca84ebc6c689c9df3de9) Importer(2089858483,b0f066a214c2f5e87bad3c948f4d605d)
Start importing Assets/FreePixelFood/Sprite/Food/Eggplant.png using Guid(b4c9f99162deca84ebc6c689c9df3de9) Importer(2089858483,b0f066a214c2f5e87bad3c948f4d605d) (ScriptedImporter) -> (artifact id: 'f848a7bd80f17c1e693f1966cd1bf70e') in 0.0612671 seconds
Number of updated asset objects reloaded before import = 0Number of asset objects unloaded after import = 3

========================================================================
Received Import Request.
  Time since last request: 0.000019 seconds.
  path: Assets/Settings/Renderer2D.asset
  artifactKey: Guid(424799608f7334c24bf367e4bbfa7f9a) Importer(2089858483,b0f066a214c2f5e87bad3c948f4d605d)
Start importing Assets/Settings/Renderer2D.asset using Guid(424799608f7334c24bf367e4bbfa7f9a) Importer(2089858483,b0f066a214c2f5e87bad3c948f4d605d) (ScriptedImporter) -> (artifact id: '552f95910eb8e80b71ab4781edeb0b0b') in 0.0469007 seconds
Number of updated asset objects reloaded before import = 0Number of asset objects unloaded after import = 1

========================================================================
Received Import Request.
  Time since last request: 0.000028 seconds.
  path: Assets/TextMesh Pro/Shaders/TMPro_Mobile.cginc
  artifactKey: Guid(c334973cef89a9840b0b0c507e0377ab) Importer(2089858483,b0f066a214c2f5e87bad3c948f4d605d)
Start importing Assets/TextMesh Pro/Shaders/TMPro_Mobile.cginc using Guid(c334973cef89a9840b0b0c507e0377ab) Importer(2089858483,b0f066a214c2f5e87bad3c948f4d605d) (ScriptedImporter) -> (artifact id: 'e5b2168b590cc63227b258ed1b25b8fd') in 0.1288135 seconds
Number of updated asset objects reloaded before import = 0Number of asset objects unloaded after import = 1

========================================================================
Received Import Request.
  Time since last request: 0.000021 seconds.
  path: Assets/FreePixelFood/Sprite/Food/Jerky.png
  artifactKey: Guid(64ab12e2260f05640b720a6cb7430a4c) Importer(2089858483,b0f066a214c2f5e87bad3c948f4d605d)
Start importing Assets/FreePixelFood/Sprite/Food/Jerky.png using Guid(64ab12e2260f05640b720a6cb7430a4c) Importer(2089858483,b0f066a214c2f5e87bad3c948f4d605d) (ScriptedImporter) -> (artifact id: '8d012bccd75efa74f6e1ecd6174ed456') in 0.1596427 seconds
Number of updated asset objects reloaded before import = 0Number of asset objects unloaded after import = 3

========================================================================
Received Import Request.
  Time since last request: 0.000021 seconds.
  path: Assets/FreePixelFood/Sprite/Food/Boar.png
  artifactKey: Guid(d139b48a372802a42b221ad4a1f80911) Importer(2089858483,b0f066a214c2f5e87bad3c948f4d605d)
Start importing Assets/FreePixelFood/Sprite/Food/Boar.png using Guid(d139b48a372802a42b221ad4a1f80911) Importer(2089858483,b0f066a214c2f5e87bad3c948f4d605d) (ScriptedImporter) -> (artifact id: '8906f1320586d807ce43fa839235f9dd') in 0.0931972 seconds
Number of updated asset objects reloaded before import = 0Number of asset objects unloaded after import = 3

========================================================================
Received Import Request.
  Time since last request: 0.000026 seconds.
  path: Assets/TextMesh Pro/Shaders/SDFFunctions.hlsl
  artifactKey: Guid(96de908384869cd409c75efa351d5edf) Importer(2089858483,b0f066a214c2f5e87bad3c948f4d605d)
Start importing Assets/TextMesh Pro/Shaders/SDFFunctions.hlsl using Guid(96de908384869cd409c75efa351d5edf) Importer(2089858483,b0f066a214c2f5e87bad3c948f4d605d) (ScriptedImporter) -> (artifact id: '9fff854cdbb2cc669d37f0c231ee79ff') in 0.1156162 seconds
Number of updated asset objects reloaded before import = 0Number of asset objects unloaded after import = 1

========================================================================
Received Import Request.
  Time since last request: 0.000018 seconds.
  path: Assets/FreePixelFood/Sprite/Food/Avocado.png
  artifactKey: Guid(2d996a9f7524c354585e081fdf1c9ada) Importer(2089858483,b0f066a214c2f5e87bad3c948f4d605d)
Start importing Assets/FreePixelFood/Sprite/Food/Avocado.png using Guid(2d996a9f7524c354585e081fdf1c9ada) Importer(2089858483,b0f066a214c2f5e87bad3c948f4d605d) (ScriptedImporter) -> (artifact id: 'b1d9a293c8ff747bb037eec33fe2cd73') in 0.1348635 seconds
Number of updated asset objects reloaded before import = 0Number of asset objects unloaded after import = 3

========================================================================
Received Import Request.
  Time since last request: 0.000018 seconds.
  path: Assets/FreePixelFood/Sprite/Food/Fish.png
  artifactKey: Guid(9008780582d3efe4fb4acfc2a510a77d) Importer(2089858483,b0f066a214c2f5e87bad3c948f4d605d)
Start importing Assets/FreePixelFood/Sprite/Food/Fish.png using Guid(9008780582d3efe4fb4acfc2a510a77d) Importer(2089858483,b0f066a214c2f5e87bad3c948f4d605d) (ScriptedImporter) -> (artifact id: '85c8c1e473a506b0f718deb5cbf164a3') in 0.0307193 seconds
Number of updated asset objects reloaded before import = 0Number of asset objects unloaded after import = 3

========================================================================
Received Import Request.
  Time since last request: 0.000030 seconds.
  path: Assets/FreePixelFood/Sprite/Food/Bread.png
  artifactKey: Guid(c728868677dfad541b6543a1f2aec055) Importer(2089858483,b0f066a214c2f5e87bad3c948f4d605d)
Start importing Assets/FreePixelFood/Sprite/Food/Bread.png using Guid(c728868677dfad541b6543a1f2aec055) Importer(2089858483,b0f066a214c2f5e87bad3c948f4d605d) (ScriptedImporter) -> (artifact id: '769aa0f1d0fa31769d43a1101381e5d8') in 0.1197498 seconds
Number of updated asset objects reloaded before import = 0Number of asset objects unloaded after import = 3

========================================================================
Received Import Request.
  Time since last request: 0.000017 seconds.
  path: Assets/FreePixelFood/Sprite/Food/PickledEggs.png
  artifactKey: Guid(9c2c25cdab33c434e959d382d3b79d94) Importer(2089858483,b0f066a214c2f5e87bad3c948f4d605d)
Start importing Assets/FreePixelFood/Sprite/Food/PickledEggs.png using Guid(9c2c25cdab33c434e959d382d3b79d94) Importer(2089858483,b0f066a214c2f5e87bad3c948f4d605d) (ScriptedImporter) -> (artifact id: '5f8fdf26920e8cd4f7e74ecd9b31e4a0') in 0.1678573 seconds
Number of updated asset objects reloaded before import = 0Number of asset objects unloaded after import = 3

========================================================================
Received Import Request.
  Time since last request: 0.000022 seconds.
  path: Assets/FreePixelFood/Sprite/Food/PiePumpkin.png
  artifactKey: Guid(489912c6941fa9b48bf20fb07eb6d7a5) Importer(2089858483,b0f066a214c2f5e87bad3c948f4d605d)
Start importing Assets/FreePixelFood/Sprite/Food/PiePumpkin.png using Guid(489912c6941fa9b48bf20fb07eb6d7a5) Importer(2089858483,b0f066a214c2f5e87bad3c948f4d605d) (ScriptedImporter) -> (artifact id: 'd77ee0147d15019414b5886acb14c856') in 0.1327873 seconds
Number of updated asset objects reloaded before import = 0Number of asset objects unloaded after import = 3

========================================================================
Received Import Request.
  Time since last request: 0.000028 seconds.
  path: Assets/FreePixelFood/Sprite/Food/Ribs.png
  artifactKey: Guid(a480ec4b99902534c8e7b392d640d20a) Importer(2089858483,b0f066a214c2f5e87bad3c948f4d605d)
Start importing Assets/FreePixelFood/Sprite/Food/Ribs.png using Guid(a480ec4b99902534c8e7b392d640d20a) Importer(2089858483,b0f066a214c2f5e87bad3c948f4d605d) (ScriptedImporter) -> (artifact id: '3f818fb5e9231af5919b5be1cd4353a5') in 0.0919669 seconds
Number of updated asset objects reloaded before import = 0Number of asset objects unloaded after import = 3

========================================================================
Received Import Request.
  Time since last request: 0.000016 seconds.
  path: Assets/FreePixelFood/Sprite/Food/PieApple.png
  artifactKey: Guid(849b5da8cd3dc0a428bc921c66b6f435) Importer(2089858483,b0f066a214c2f5e87bad3c948f4d605d)
Start importing Assets/FreePixelFood/Sprite/Food/PieApple.png using Guid(849b5da8cd3dc0a428bc921c66b6f435) Importer(2089858483,b0f066a214c2f5e87bad3c948f4d605d) (ScriptedImporter) -> (artifact id: 'f1a41eab93ac7d5a9f43ba576724009d') in 0.1119798 seconds
Number of updated asset objects reloaded before import = 0Number of asset objects unloaded after import = 3

========================================================================
Received Import Request.
  Time since last request: 0.000022 seconds.
  path: Assets/LSL/LSL4Unity/Runtime/labstreaminglayer.LSL4Unity.Runtime.asmdef
  artifactKey: Guid(e280ff789d4407a47998ba70fab1034b) Importer(2089858483,b0f066a214c2f5e87bad3c948f4d605d)
Start importing Assets/LSL/LSL4Unity/Runtime/labstreaminglayer.LSL4Unity.Runtime.asmdef using Guid(e280ff789d4407a47998ba70fab1034b) Importer(2089858483,b0f066a214c2f5e87bad3c948f4d605d) (ScriptedImporter) -> (artifact id: '3fd690a073024bca2d7af44fff3cdbaa') in 0.1406151 seconds
Number of updated asset objects reloaded before import = 0Number of asset objects unloaded after import = 1

========================================================================
Received Import Request.
  Time since last request: 0.000025 seconds.
  path: Assets/FreePixelFood/Sprite/Food/Tart.png
  artifactKey: Guid(2ba14b7e3cc2e8942b9c3a3ed3238fd5) Importer(2089858483,b0f066a214c2f5e87bad3c948f4d605d)
Start importing Assets/FreePixelFood/Sprite/Food/Tart.png using Guid(2ba14b7e3cc2e8942b9c3a3ed3238fd5) Importer(2089858483,b0f066a214c2f5e87bad3c948f4d605d) (ScriptedImporter) -> (artifact id: 'a1f5a4c9f4b7449122653445b7957546') in 0.0931671 seconds
Number of updated asset objects reloaded before import = 0Number of asset objects unloaded after import = 3

========================================================================
Received Import Request.
  Time since last request: 0.000016 seconds.
  path: Assets/FreePixelFood/Sprite/Food/PepperGreen.png
  artifactKey: Guid(2bf92f461ed19f24fb052c9061c08bd9) Importer(2089858483,b0f066a214c2f5e87bad3c948f4d605d)
Start importing Assets/FreePixelFood/Sprite/Food/PepperGreen.png using Guid(2bf92f461ed19f24fb052c9061c08bd9) Importer(2089858483,b0f066a214c2f5e87bad3c948f4d605d) (ScriptedImporter) -> (artifact id: '3520d3dd2711581d7d780ede9db6d41e') in 0.1456363 seconds
Number of updated asset objects reloaded before import = 0Number of asset objects unloaded after import = 3

========================================================================
Received Import Request.
  Time since last request: 0.000019 seconds.
  path: Assets/FreePixelFood/Sprite/Food/Potato.png
  artifactKey: Guid(7dd21f826a119274bb085376073e5cbd) Importer(2089858483,b0f066a214c2f5e87bad3c948f4d605d)
Start importing Assets/FreePixelFood/Sprite/Food/Potato.png using Guid(7dd21f826a119274bb085376073e5cbd) Importer(2089858483,b0f066a214c2f5e87bad3c948f4d605d) (ScriptedImporter) -> (artifact id: '653673b07185a377fd43d35c251ccb20') in 0.0886992 seconds
Number of updated asset objects reloaded before import = 0Number of asset objects unloaded after import = 3

========================================================================
Received Import Request.
  Time since last request: 0.000028 seconds.
  path: Assets/FreePixelFood/Sprite/Food/Pretzel.png
  artifactKey: Guid(5f4933d084b413e42a40a4d18ccb14bd) Importer(2089858483,b0f066a214c2f5e87bad3c948f4d605d)
Start importing Assets/FreePixelFood/Sprite/Food/Pretzel.png using Guid(5f4933d084b413e42a40a4d18ccb14bd) Importer(2089858483,b0f066a214c2f5e87bad3c948f4d605d) (ScriptedImporter) -> (artifact id: '7d0cf57416216fc316729ac4a7c1e484') in 0.1814569 seconds
Number of updated asset objects reloaded before import = 0Number of asset objects unloaded after import = 3

========================================================================
Received Import Request.
  Time since last request: 0.000020 seconds.
  path: Assets/FreePixelFood/Sprite/Food/Sushi.png
  artifactKey: Guid(f25c3831456f7e04cb1a52fa0a8187f5) Importer(2089858483,b0f066a214c2f5e87bad3c948f4d605d)
Start importing Assets/FreePixelFood/Sprite/Food/Sushi.png using Guid(f25c3831456f7e04cb1a52fa0a8187f5) Importer(2089858483,b0f066a214c2f5e87bad3c948f4d605d) (ScriptedImporter) -> (artifact id: '0beac8807edf2dbaca63008431128d59') in 0.0950623 seconds
Number of updated asset objects reloaded before import = 0Number of asset objects unloaded after import = 3

========================================================================
Received Import Request.
  Time since last request: 0.000026 seconds.
  path: Assets/FreePixelFood/Sprite/Food/Roll.png
  artifactKey: Guid(1f652ffe06272fe4c86995d3781d605b) Importer(2089858483,b0f066a214c2f5e87bad3c948f4d605d)
Start importing Assets/FreePixelFood/Sprite/Food/Roll.png using Guid(1f652ffe06272fe4c86995d3781d605b) Importer(2089858483,b0f066a214c2f5e87bad3c948f4d605d) (ScriptedImporter) -> (artifact id: 'cf8debaa5b038c9ec41ffed41720a970') in 0.1495245 seconds
Number of updated asset objects reloaded before import = 0Number of asset objects unloaded after import = 3

========================================================================
Received Import Request.
  Time since last request: 0.000019 seconds.
  path: Assets/FreePixelFood/Sprite/Food/Sausages.png
  artifactKey: Guid(2e2e2cb35cfe6204f950748a41ee838e) Importer(2089858483,b0f066a214c2f5e87bad3c948f4d605d)
Start importing Assets/FreePixelFood/Sprite/Food/Sausages.png using Guid(2e2e2cb35cfe6204f950748a41ee838e) Importer(2089858483,b0f066a214c2f5e87bad3c948f4d605d) (ScriptedImporter) -> (artifact id: '3a5bcb865a4b80a36fdbf00c47a01ae9') in 0.0871537 seconds
Number of updated asset objects reloaded before import = 0Number of asset objects unloaded after import = 3

========================================================================
Received Import Request.
  Time since last request: 0.000027 seconds.
  path: Assets/_Recovery/0.unity
  artifactKey: Guid(def7c7fcc2db94048b58ba72edbe76f2) Importer(2089858483,b0f066a214c2f5e87bad3c948f4d605d)
Start importing Assets/_Recovery/0.unity using Guid(def7c7fcc2db94048b58ba72edbe76f2) Importer(2089858483,b0f066a214c2f5e87bad3c948f4d605d) (ScriptedImporter) -> (artifact id: '4e482dc3686ae45f4030e96bbc45cdf7') in 0.1922016 seconds
Number of updated asset objects reloaded before import = 0Number of asset objects unloaded after import = 1

========================================================================
Received Import Request.
  Time since last request: 0.000020 seconds.
  path: Assets/LSL/LSL4Unity/package.json
  artifactKey: Guid(666bf36249ec0cc4e92e51cab3f48e2d) Importer(2089858483,b0f066a214c2f5e87bad3c948f4d605d)
Start importing Assets/LSL/LSL4Unity/package.json using Guid(666bf36249ec0cc4e92e51cab3f48e2d) Importer(2089858483,b0f066a214c2f5e87bad3c948f4d605d) (ScriptedImporter) -> (artifact id: '81ff070bac1f9ec8842fabb678c58d52') in 0.1932385 seconds
Number of updated asset objects reloaded before import = 0Number of asset objects unloaded after import = 1

========================================================================
Received Import Request.
  Time since last request: 0.000025 seconds.
  path: Assets/ItemChecker.cs
  artifactKey: Guid(0778ff6ed94e0704092480ce43088586) Importer(2089858483,b0f066a214c2f5e87bad3c948f4d605d)
Start importing Assets/ItemChecker.cs using Guid(0778ff6ed94e0704092480ce43088586) Importer(2089858483,b0f066a214c2f5e87bad3c948f4d605d) (ScriptedImporter) -> (artifact id: '04868bbbb81c05507380ad5141febc44') in 0.012895 seconds
Number of updated asset objects reloaded before import = 0Number of asset objects unloaded after import = 0

========================================================================
Received Import Request.
  Time since last request: 0.000018 seconds.
  path: Assets/FreePixelFood/Sprite/Food/FishFillet.png
  artifactKey: Guid(a592e52011d988e46b3a2c82e1ac05ba) Importer(2089858483,b0f066a214c2f5e87bad3c948f4d605d)
Start importing Assets/FreePixelFood/Sprite/Food/FishFillet.png using Guid(a592e52011d988e46b3a2c82e1ac05ba) Importer(2089858483,b0f066a214c2f5e87bad3c948f4d605d) (ScriptedImporter) -> (artifact id: 'c3ae0997fb8451a01f04a30dd74c3097') in 0.1457603 seconds
Number of updated asset objects reloaded before import = 0Number of asset objects unloaded after import = 3

========================================================================
Received Import Request.
  Time since last request: 0.000019 seconds.
  path: Assets/TextMesh Pro/Fonts/LiberationSans - OFL.txt
  artifactKey: Guid(6e59c59b81ab47f9b6ec5781fa725d2c) Importer(2089858483,b0f066a214c2f5e87bad3c948f4d605d)
Start importing Assets/TextMesh Pro/Fonts/LiberationSans - OFL.txt using Guid(6e59c59b81ab47f9b6ec5781fa725d2c) Importer(2089858483,b0f066a214c2f5e87bad3c948f4d605d) (ScriptedImporter) -> (artifact id: 'b238acc623068204760dd056998599c1') in 0.2034292 seconds
Number of updated asset objects reloaded before import = 0Number of asset objects unloaded after import = 1

========================================================================
Received Import Request.
  Time since last request: 0.000024 seconds.
  path: Assets/FreePixelFood/Sprite/Food/Bacon.png
  artifactKey: Guid(0b9e159b363a1ff4f8982693963e393d) Importer(2089858483,b0f066a214c2f5e87bad3c948f4d605d)
Start importing Assets/FreePixelFood/Sprite/Food/Bacon.png using Guid(0b9e159b363a1ff4f8982693963e393d) Importer(2089858483,b0f066a214c2f5e87bad3c948f4d605d) (ScriptedImporter) -> (artifact id: '2a5c9f02ec4b718f64ec85bc25f55493') in 0.1282746 seconds
Number of updated asset objects reloaded before import = 0Number of asset objects unloaded after import = 3

========================================================================
Received Import Request.
  Time since last request: 0.000019 seconds.
  path: Assets/Scenes/SampleScene.unity
  artifactKey: Guid(8c9cfa26abfee488c85f1582747f6a02) Importer(2089858483,b0f066a214c2f5e87bad3c948f4d605d)
Start importing Assets/Scenes/SampleScene.unity using Guid(8c9cfa26abfee488c85f1582747f6a02) Importer(2089858483,b0f066a214c2f5e87bad3c948f4d605d) (ScriptedImporter) -> (artifact id: '30de27266c27ba966387c630f7a06419') in 0.1704392 seconds
Number of updated asset objects reloaded before import = 0Number of asset objects unloaded after import = 1

========================================================================
Received Import Request.
  Time since last request: 0.000030 seconds.
  path: Assets/FreePixelFood/Sprite/Food/Honey.png
  artifactKey: Guid(213d37f2675510c44ad06fb526cd48f5) Importer(2089858483,b0f066a214c2f5e87bad3c948f4d605d)
Start importing Assets/FreePixelFood/Sprite/Food/Honey.png using Guid(213d37f2675510c44ad06fb526cd48f5) Importer(2089858483,b0f066a214c2f5e87bad3c948f4d605d) (ScriptedImporter) -> (artifact id: 'a76e9fc7c6cb5ea860fa1d5f79fbd71f') in 0.1176174 seconds
Number of updated asset objects reloaded before import = 0Number of asset objects unloaded after import = 3

========================================================================
Received Import Request.
  Time since last request: 0.000013 seconds.
  path: Assets/LSL/LSL4Unity/Editor/labstreaminglayer.LSL4Unity.Editor.asmdef
  artifactKey: Guid(52d2e833f2d76e148a388b7b9d3072aa) Importer(2089858483,b0f066a214c2f5e87bad3c948f4d605d)
Start importing Assets/LSL/LSL4Unity/Editor/labstreaminglayer.LSL4Unity.Editor.asmdef using Guid(52d2e833f2d76e148a388b7b9d3072aa) Importer(2089858483,b0f066a214c2f5e87bad3c948f4d605d) (ScriptedImporter) -> (artifact id: 'ff11e899d173abb6a6dbe326ecd8101d') in 0.2440862 seconds
Number of updated asset objects reloaded before import = 0Number of asset objects unloaded after import = 1

========================================================================
Received Import Request.
  Time since last request: 0.000019 seconds.
  path: Assets/InputSystem_Actions.inputactions
  artifactKey: Guid(2bcd2660ca9b64942af0de543d8d7100) Importer(2089858483,b0f066a214c2f5e87bad3c948f4d605d)
Start importing Assets/InputSystem_Actions.inputactions using Guid(2bcd2660ca9b64942af0de543d8d7100) Importer(2089858483,b0f066a214c2f5e87bad3c948f4d605d) (ScriptedImporter) -> (artifact id: '74a9605ee42a006e62fa48ac7de80227') in 0.4270314 seconds
Number of updated asset objects reloaded before import = 0Number of asset objects unloaded after import = 22

========================================================================
Received Import Request.
  Time since last request: 0.000027 seconds.
  path: Assets/TextMesh Pro/Shaders/TMP_SDF-HDRP LIT.shadergraph
  artifactKey: Guid(ca2ed216f98028c4dae6c5224a952b3c) Importer(2089858483,b0f066a214c2f5e87bad3c948f4d605d)
Start importing Assets/TextMesh Pro/Shaders/TMP_SDF-HDRP LIT.shadergraph using Guid(ca2ed216f98028c4dae6c5224a952b3c) Importer(2089858483,b0f066a214c2f5e87bad3c948f4d605d) (ScriptedImporter) -> (artifact id: 'a37f7d6932a9ae7361f3e0d08608221e') in 0.1487731 seconds
Number of updated asset objects reloaded before import = 0Number of asset objects unloaded after import = 3

========================================================================
Received Import Request.
  Time since last request: 0.000016 seconds.
  path: Assets/FreePixelFood/Sprite/Food/Apple.png
  artifactKey: Guid(61d01e8616313344b978a6518fd86ed6) Importer(2089858483,b0f066a214c2f5e87bad3c948f4d605d)
Start importing Assets/FreePixelFood/Sprite/Food/Apple.png using Guid(61d01e8616313344b978a6518fd86ed6) Importer(2089858483,b0f066a214c2f5e87bad3c948f4d605d) (ScriptedImporter) -> (artifact id: 'f3ddbbe08476b4e9da314ad9d541533a') in 0.1032286 seconds
Number of updated asset objects reloaded before import = 0Number of asset objects unloaded after import = 3

========================================================================
Received Import Request.
  Time since last request: 0.000020 seconds.
  path: Assets/FreePixelFood/Sprite/Food/MelonHoneydew.png
  artifactKey: Guid(3d9dbc9e2913dff4abde07ca36a33066) Importer(2089858483,b0f066a214c2f5e87bad3c948f4d605d)
Start importing Assets/FreePixelFood/Sprite/Food/MelonHoneydew.png using Guid(3d9dbc9e2913dff4abde07ca36a33066) Importer(2089858483,b0f066a214c2f5e87bad3c948f4d605d) (ScriptedImporter) -> (artifact id: 'da383f5875e993566cd95b33fc0750a0') in 0.0841034 seconds
Number of updated asset objects reloaded before import = 0Number of asset objects unloaded after import = 3

========================================================================
Received Import Request.
  Time since last request: 0.000027 seconds.
  path: Assets/FreePixelFood/Sprite/Food/MelonWater.png
  artifactKey: Guid(8570c189a28e22145ac611fc417acd64) Importer(2089858483,b0f066a214c2f5e87bad3c948f4d605d)
Start importing Assets/FreePixelFood/Sprite/Food/MelonWater.png using Guid(8570c189a28e22145ac611fc417acd64) Importer(2089858483,b0f066a214c2f5e87bad3c948f4d605d) (ScriptedImporter) -> (artifact id: 'a7a553dfc82080a345f9b575c359f7d6') in 0.0744692 seconds
Number of updated asset objects reloaded before import = 0Number of asset objects unloaded after import = 3

========================================================================
Received Import Request.
  Time since last request: 0.000017 seconds.
  path: Assets/TextMesh Pro/Shaders/TMP_Sprite.shader
  artifactKey: Guid(cf81c85f95fe47e1a27f6ae460cf182c) Importer(2089858483,b0f066a214c2f5e87bad3c948f4d605d)
Start importing Assets/TextMesh Pro/Shaders/TMP_Sprite.shader using Guid(cf81c85f95fe47e1a27f6ae460cf182c) Importer(2089858483,b0f066a214c2f5e87bad3c948f4d605d) (ScriptedImporter) -> (artifact id: 'f7182e025d5513ac02867d405bdb5828') in 0.0147727 seconds
Number of updated asset objects reloaded before import = 0Number of asset objects unloaded after import = 1

========================================================================
Received Import Request.
  Time since last request: 0.000020 seconds.
  path: Assets/FreePixelFood/Sprite/Food/Tomato.png
  artifactKey: Guid(bd166eb19a3cbf24194aec06da39cf2e) Importer(2089858483,b0f066a214c2f5e87bad3c948f4d605d)
Start importing Assets/FreePixelFood/Sprite/Food/Tomato.png using Guid(bd166eb19a3cbf24194aec06da39cf2e) Importer(2089858483,b0f066a214c2f5e87bad3c948f4d605d) (ScriptedImporter) -> (artifact id: '267aba28a0707c00edf5be8ca61bba82') in 0.1307926 seconds
Number of updated asset objects reloaded before import = 0Number of asset objects unloaded after import = 3

========================================================================
Received Import Request.
  Time since last request: 0.000029 seconds.
  path: Assets/TextMesh Pro/Shaders/TMP_SDF-Surface-Mobile.shader
  artifactKey: Guid(85187c2149c549c5b33f0cdb02836b17) Importer(2089858483,b0f066a214c2f5e87bad3c948f4d605d)
Start importing Assets/TextMesh Pro/Shaders/TMP_SDF-Surface-Mobile.shader using Guid(85187c2149c549c5b33f0cdb02836b17) Importer(2089858483,b0f066a214c2f5e87bad3c948f4d605d) (ScriptedImporter) -> (artifact id: 'f727a513bb7613468e852a99436e8d63') in 0.0212909 seconds
Number of updated asset objects reloaded before import = 0Number of asset objects unloaded after import = 1

========================================================================
Received Import Request.
  Time since last request: 0.000018 seconds.
  path: Assets/FreePixelFood/Sprite/Food/ChickenLeg.png
  artifactKey: Guid(b0851162516b6244f9ab7679cdb66512) Importer(2089858483,b0f066a214c2f5e87bad3c948f4d605d)
Start importing Assets/FreePixelFood/Sprite/Food/ChickenLeg.png using Guid(b0851162516b6244f9ab7679cdb66512) Importer(2089858483,b0f066a214c2f5e87bad3c948f4d605d) (ScriptedImporter) -> (artifact id: 'bd159f0ddea88a93ced2fea3f49ed37a') in 0.3211913 seconds
Number of updated asset objects reloaded before import = 0Number of asset objects unloaded after import = 3

========================================================================
Received Import Request.
  Time since last request: 0.000018 seconds.
  path: Assets/TextMesh Pro/Shaders/TMP_SDF SSD.shader
  artifactKey: Guid(14eb328de4b8eb245bb7cea29e4ac00b) Importer(2089858483,b0f066a214c2f5e87bad3c948f4d605d)
Start importing Assets/TextMesh Pro/Shaders/TMP_SDF SSD.shader using Guid(14eb328de4b8eb245bb7cea29e4ac00b) Importer(2089858483,b0f066a214c2f5e87bad3c948f4d605d) (ScriptedImporter) -> (artifact id: 'dac841aaabf16402edc134c0cb162a72') in 0.0105335 seconds
Number of updated asset objects reloaded before import = 0Number of asset objects unloaded after import = 1

========================================================================
Received Import Request.
  Time since last request: 0.000025 seconds.
  path: Assets/LSL/LSL4Unity/Editor/ScriptOrderManagement.cs
  artifactKey: Guid(f2af7dca2ffa031458c43da8ce2fbbce) Importer(2089858483,b0f066a214c2f5e87bad3c948f4d605d)
Start importing Assets/LSL/LSL4Unity/Editor/ScriptOrderManagement.cs using Guid(f2af7dca2ffa031458c43da8ce2fbbce) Importer(2089858483,b0f066a214c2f5e87bad3c948f4d605d) (ScriptedImporter) -> (artifact id: '6124ae9d54b33fd6e639ca62dd61eaf4') in 0.0101502 seconds
Number of updated asset objects reloaded before import = 0Number of asset objects unloaded after import = 0

========================================================================
Received Import Request.
  Time since last request: 0.000016 seconds.
  path: Assets/FreePixelFood/Sprite/Food/Moonshine.png
  artifactKey: Guid(ceb7d4ba1e853c741a565484d3f1af4b) Importer(2089858483,b0f066a214c2f5e87bad3c948f4d605d)
Start importing Assets/FreePixelFood/Sprite/Food/Moonshine.png using Guid(ceb7d4ba1e853c741a565484d3f1af4b) Importer(2089858483,b0f066a214c2f5e87bad3c948f4d605d) (ScriptedImporter) -> (artifact id: 'af9c8cf50d0b5b8d9e9676906353df41') in 0.3515025 seconds
Number of updated asset objects reloaded before import = 0Number of asset objects unloaded after import = 3

========================================================================
Received Import Request.
  Time since last request: 0.000020 seconds.
  path: Assets/Resources/BillingMode.json
  artifactKey: Guid(282c6b037f415b549b7ff5789d555200) Importer(2089858483,b0f066a214c2f5e87bad3c948f4d605d)
Start importing Assets/Resources/BillingMode.json using Guid(282c6b037f415b549b7ff5789d555200) Importer(2089858483,b0f066a214c2f5e87bad3c948f4d605d) (ScriptedImporter) -> (artifact id: 'f8c952f329120a0f72651fa28cf7b921') in 0.4478474 seconds
Number of updated asset objects reloaded before import = 0Number of asset objects unloaded after import = 1

========================================================================
Received Import Request.
  Time since last request: 0.000029 seconds.
  path: Assets/FreePixelFood/Sprite/Food/Sardines.png
  artifactKey: Guid(5bfdfc5f038e34446b5a50dde5817f9a) Importer(2089858483,b0f066a214c2f5e87bad3c948f4d605d)
Start importing Assets/FreePixelFood/Sprite/Food/Sardines.png using Guid(5bfdfc5f038e34446b5a50dde5817f9a) Importer(2089858483,b0f066a214c2f5e87bad3c948f4d605d) (ScriptedImporter) -> (artifact id: '507f58ca86ae7d489a2cedeab94c5707') in 0.0717826 seconds
Number of updated asset objects reloaded before import = 0Number of asset objects unloaded after import = 3

========================================================================
Received Import Request.
  Time since last request: 0.000021 seconds.
  path: Assets/FreePixelFood/Sprite/Food/FishSteak.png
  artifactKey: Guid(e340efa915ac807489393b116994f002) Importer(2089858483,b0f066a214c2f5e87bad3c948f4d605d)
Start importing Assets/FreePixelFood/Sprite/Food/FishSteak.png using Guid(e340efa915ac807489393b116994f002) Importer(2089858483,b0f066a214c2f5e87bad3c948f4d605d) (ScriptedImporter) -> (artifact id: 'a58fc125ab53090fd5261a94fee985f5') in 0.2624484 seconds
Number of updated asset objects reloaded before import = 0Number of asset objects unloaded after import = 3

========================================================================
Received Import Request.
  Time since last request: 0.000023 seconds.
  path: Assets/karsiori/Sprites/Pixel Art Rock Pile Pack/Pixel Art Rock Pile Pack - Read Me.txt
  artifactKey: Guid(2157d185cb6aa5743a2fe7818b2f0fbb) Importer(2089858483,b0f066a214c2f5e87bad3c948f4d605d)
Start importing Assets/karsiori/Sprites/Pixel Art Rock Pile Pack/Pixel Art Rock Pile Pack - Read Me.txt using Guid(2157d185cb6aa5743a2fe7818b2f0fbb) Importer(2089858483,b0f066a214c2f5e87bad3c948f4d605d) (ScriptedImporter) -> (artifact id: 'bba136a81f714492857341beb125fa31') in 0.0923456 seconds
Number of updated asset objects reloaded before import = 0Number of asset objects unloaded after import = 1

========================================================================
Received Import Request.
  Time since last request: 0.000017 seconds.
  path: Assets/TextMesh Pro/Shaders/TMP_SDF Overlay.shader
  artifactKey: Guid(dd89cf5b9246416f84610a006f916af7) Importer(2089858483,b0f066a214c2f5e87bad3c948f4d605d)
Start importing Assets/TextMesh Pro/Shaders/TMP_SDF Overlay.shader using Guid(dd89cf5b9246416f84610a006f916af7) Importer(2089858483,b0f066a214c2f5e87bad3c948f4d605d) (ScriptedImporter) -> (artifact id: '1c726cd509e600d9c67f184b587d76e3') in 0.0119715 seconds
Number of updated asset objects reloaded before import = 0Number of asset objects unloaded after import = 1

========================================================================
Received Import Request.
  Time since last request: 0.000016 seconds.
  path: Assets/_Recovery/0 (1).unity
  artifactKey: Guid(84e12c3244d3fbd4d9480d643948108f) Importer(2089858483,b0f066a214c2f5e87bad3c948f4d605d)
Start importing Assets/_Recovery/0 (1).unity using Guid(84e12c3244d3fbd4d9480d643948108f) Importer(2089858483,b0f066a214c2f5e87bad3c948f4d605d) (ScriptedImporter) -> (artifact id: 'a38be46aec00ec27c749690c6de4a467') in 0.0527935 seconds
Number of updated asset objects reloaded before import = 0Number of asset objects unloaded after import = 1

========================================================================
Received Import Request.
  Time since last request: 0.000020 seconds.
  path: Assets/Materials/New Physics Material 2D.physicsMaterial2D
  artifactKey: Guid(9c7a66f7ae8cbc346aaa5eb0c6d489b0) Importer(2089858483,b0f066a214c2f5e87bad3c948f4d605d)
Start importing Assets/Materials/New Physics Material 2D.physicsMaterial2D using Guid(9c7a66f7ae8cbc346aaa5eb0c6d489b0) Importer(2089858483,b0f066a214c2f5e87bad3c948f4d605d) (ScriptedImporter) -> (artifact id: '7458403436706d3b56a2e97ffe7e7df7') in 0.1163434 seconds
Number of updated asset objects reloaded before import = 0Number of asset objects unloaded after import = 1

========================================================================
Received Import Request.
  Time since last request: 0.000027 seconds.
  path: Assets/BayatGames/Free Platform Game Assets/Demo/DemoSettings.lighting
  artifactKey: Guid(54a7cb4a9b9c0d246af261492f3662bf) Importer(2089858483,b0f066a214c2f5e87bad3c948f4d605d)
Start importing Assets/BayatGames/Free Platform Game Assets/Demo/DemoSettings.lighting using Guid(54a7cb4a9b9c0d246af261492f3662bf) Importer(2089858483,b0f066a214c2f5e87bad3c948f4d605d) (ScriptedImporter) -> (artifact id: 'b51dca6c444a9ef3211b6152f2870d57') in 0.2361489 seconds
Number of updated asset objects reloaded before import = 0Number of asset objects unloaded after import = 1

========================================================================
Received Import Request.
  Time since last request: 0.000019 seconds.
  path: Assets/TextMesh Pro/Examples & Extras/Scenes/12 - Link Example.unity
  artifactKey: Guid(9747140c28254be2adc582210dfb89b8) Importer(2089858483,b0f066a214c2f5e87bad3c948f4d605d)
Start importing Assets/TextMesh Pro/Examples & Extras/Scenes/12 - Link Example.unity using Guid(9747140c28254be2adc582210dfb89b8) Importer(2089858483,b0f066a214c2f5e87bad3c948f4d605d) (ScriptedImporter) -> (artifact id: '85bc57db2d861eadec5f25bdcddd211f') in 0.1512075 seconds
Number of updated asset objects reloaded before import = 0Number of asset objects unloaded after import = 1

========================================================================
Received Import Request.
  Time since last request: 0.000027 seconds.
  path: Assets/Nine Pines Animation/2D Character Sprite Animation - Penguin/sprites/penguin_idle_04.png
  artifactKey: Guid(443d79d7afdb77c4fa37bedd87b49eda) Importer(2089858483,b0f066a214c2f5e87bad3c948f4d605d)
Start importing Assets/Nine Pines Animation/2D Character Sprite Animation - Penguin/sprites/penguin_idle_04.png using Guid(443d79d7afdb77c4fa37bedd87b49eda) Importer(2089858483,b0f066a214c2f5e87bad3c948f4d605d) (ScriptedImporter) -> (artifact id: '7c2009446b0e02f86c3c61fa92d45d03') in 0.2216338 seconds
Number of updated asset objects reloaded before import = 0Number of asset objects unloaded after import = 3

========================================================================
Received Import Request.
  Time since last request: 0.000022 seconds.
  path: Assets/TextMesh Pro/Examples & Extras/Scenes/14 - Multi Font & Sprites.unity
  artifactKey: Guid(22a2fba786ad4c40ac0ba09f0b933100) Importer(2089858483,b0f066a214c2f5e87bad3c948f4d605d)
Start importing Assets/TextMesh Pro/Examples & Extras/Scenes/14 - Multi Font & Sprites.unity using Guid(22a2fba786ad4c40ac0ba09f0b933100) Importer(2089858483,b0f066a214c2f5e87bad3c948f4d605d) (ScriptedImporter) -> (artifact id: 'db549ff2bc7381bf580c01b65d27ff8e') in 0.0376494 seconds
Number of updated asset objects reloaded before import = 0Number of asset objects unloaded after import = 1

========================================================================
Received Import Request.
  Time since last request: 0.000027 seconds.
  path: Assets/TextMesh Pro/Examples & Extras/Materials/Ground - Logo Scene.mat
  artifactKey: Guid(c719e38f25a9480abd2480ab621a2949) Importer(2089858483,b0f066a214c2f5e87bad3c948f4d605d)
Start importing Assets/TextMesh Pro/Examples & Extras/Materials/Ground - Logo Scene.mat using Guid(c719e38f25a9480abd2480ab621a2949) Importer(2089858483,b0f066a214c2f5e87bad3c948f4d605d) (ScriptedImporter) -> (artifact id: '62bc02d5867a1e10fbb335e0aaed8208') in 0.2360179 seconds
Number of updated asset objects reloaded before import = 0Number of asset objects unloaded after import = 2

========================================================================
Received Import Request.
  Time since last request: 0.000019 seconds.
  path: Assets/TextMesh Pro/Examples & Extras/Fonts/Unity - OFL.txt
  artifactKey: Guid(0251f66ebc602a944b35bccd13be2738) Importer(2089858483,b0f066a214c2f5e87bad3c948f4d605d)
Start importing Assets/TextMesh Pro/Examples & Extras/Fonts/Unity - OFL.txt using Guid(0251f66ebc602a944b35bccd13be2738) Importer(2089858483,b0f066a214c2f5e87bad3c948f4d605d) (ScriptedImporter) -> (artifact id: '977997ac0ba31c714311aab83d449ac5') in 0.128938 seconds
Number of updated asset objects reloaded before import = 0Number of asset objects unloaded after import = 1

========================================================================
Received Import Request.
  Time since last request: 0.000029 seconds.
  path: Assets/Nine Pines Animation/2D Character Sprite Animation - Penguin/sprites/penguin_walk_03.png
  artifactKey: Guid(0da402cd4c165004fbce7ae0fe1e8368) Importer(2089858483,b0f066a214c2f5e87bad3c948f4d605d)
Start importing Assets/Nine Pines Animation/2D Character Sprite Animation - Penguin/sprites/penguin_walk_03.png using Guid(0da402cd4c165004fbce7ae0fe1e8368) Importer(2089858483,b0f066a214c2f5e87bad3c948f4d605d) (ScriptedImporter) -> (artifact id: '68c38f6fc70767aaf2f0c80e87474cb1') in 0.0862298 seconds
Number of updated asset objects reloaded before import = 0Number of asset objects unloaded after import = 3

========================================================================
Received Import Request.
  Time since last request: 0.000017 seconds.
  path: Assets/Nine Pines Animation/2D Character Sprite Animation - Penguin/Animations/penguin_idle_01.controller
  artifactKey: Guid(ba9e8b2f4d5d07f4e84e9f05710f122c) Importer(2089858483,b0f066a214c2f5e87bad3c948f4d605d)
Start importing Assets/Nine Pines Animation/2D Character Sprite Animation - Penguin/Animations/penguin_idle_01.controller using Guid(ba9e8b2f4d5d07f4e84e9f05710f122c) Importer(2089858483,b0f066a214c2f5e87bad3c948f4d605d) (ScriptedImporter) -> (artifact id: 'ac6ece82409c17d529b8de2db8b05847') in 0.0330512 seconds
Number of updated asset objects reloaded before import = 0Number of asset objects unloaded after import = 4

========================================================================
Received Import Request.
  Time since last request: 0.000018 seconds.
  path: Assets/Nine Pines Animation/2D Character Sprite Animation - Penguin/Animations/penguin_idle.anim
  artifactKey: Guid(f316920cffe3d504882f519f757a5efe) Importer(2089858483,b0f066a214c2f5e87bad3c948f4d605d)
Start importing Assets/Nine Pines Animation/2D Character Sprite Animation - Penguin/Animations/penguin_idle.anim using Guid(f316920cffe3d504882f519f757a5efe) Importer(2089858483,b0f066a214c2f5e87bad3c948f4d605d) (ScriptedImporter) -> (artifact id: '5df2e46f9ef9d496d595bda56ce7486c') in 0.0270193 seconds
Number of updated asset objects reloaded before import = 0Number of asset objects unloaded after import = 1

========================================================================
Received Import Request.
  Time since last request: 0.000018 seconds.
  path: Assets/TextMesh Pro/Examples & Extras/Fonts/Bangers.ttf
  artifactKey: Guid(5dd49b3eacc540408c98eee0de38e0f1) Importer(2089858483,b0f066a214c2f5e87bad3c948f4d605d)
Start importing Assets/TextMesh Pro/Examples & Extras/Fonts/Bangers.ttf using Guid(5dd49b3eacc540408c98eee0de38e0f1) Importer(2089858483,b0f066a214c2f5e87bad3c948f4d605d) (ScriptedImporter) -> (artifact id: 'f0b5936ef9ecfd02c1dc37b8e5017c51') in 0.0649634 seconds
Number of updated asset objects reloaded before import = 0Number of asset objects unloaded after import = 3

========================================================================
Received Import Request.
  Time since last request: 0.000027 seconds.
  path: Assets/TextMesh Pro/Examples & Extras/Scenes/24 - Surface Shader Example URP.unity
  artifactKey: Guid(57694ed9d1cd1e340a4924c0f2eac8e3) Importer(2089858483,b0f066a214c2f5e87bad3c948f4d605d)
Start importing Assets/TextMesh Pro/Examples & Extras/Scenes/24 - Surface Shader Example URP.unity using Guid(57694ed9d1cd1e340a4924c0f2eac8e3) Importer(2089858483,b0f066a214c2f5e87bad3c948f4d605d) (ScriptedImporter) -> (artifact id: '08e3319ba7f2dea7b2dcea423cc9ba20') in 0.1324449 seconds
Number of updated asset objects reloaded before import = 0Number of asset objects unloaded after import = 1

========================================================================
Received Import Request.
  Time since last request: 0.000017 seconds.
  path: Assets/TextMesh Pro/Examples & Extras/Prefabs/TextMeshPro - Prefab 2.prefab
  artifactKey: Guid(fdad9d952ae84cafb74c63f2e694d042) Importer(2089858483,b0f066a214c2f5e87bad3c948f4d605d)
Start importing Assets/TextMesh Pro/Examples & Extras/Prefabs/TextMeshPro - Prefab 2.prefab using Guid(fdad9d952ae84cafb74c63f2e694d042) Importer(2089858483,b0f066a214c2f5e87bad3c948f4d605d) (ScriptedImporter) -> (artifact id: '70071f7662695a83484e741d51812aa7') in 0.1786334 seconds
Number of updated asset objects reloaded before import = 0Number of asset objects unloaded after import = 16

========================================================================
Received Import Request.
  Time since last request: 0.000021 seconds.
  path: Assets/Nine Pines Animation/2D Character Sprite Animation - Penguin/sprites/penguin_atack_03.png
  artifactKey: Guid(3aa8bb72e976c5c4bbe8f41513c4df8f) Importer(2089858483,b0f066a214c2f5e87bad3c948f4d605d)
Start importing Assets/Nine Pines Animation/2D Character Sprite Animation - Penguin/sprites/penguin_atack_03.png using Guid(3aa8bb72e976c5c4bbe8f41513c4df8f) Importer(2089858483,b0f066a214c2f5e87bad3c948f4d605d) (ScriptedImporter) -> (artifact id: '9762dff80925eb2b38f5035f0b7182a2') in 0.072611 seconds
Number of updated asset objects reloaded before import = 0Number of asset objects unloaded after import = 3

========================================================================
Received Import Request.
  Time since last request: 0.000027 seconds.
  path: Assets/Nine Pines Animation/2D Character Sprite Animation - Penguin/sprites/penguin_walk_08.png
  artifactKey: Guid(b8cde0148568e5c46991e889cfc06f50) Importer(2089858483,b0f066a214c2f5e87bad3c948f4d605d)
Start importing Assets/Nine Pines Animation/2D Character Sprite Animation - Penguin/sprites/penguin_walk_08.png using Guid(b8cde0148568e5c46991e889cfc06f50) Importer(2089858483,b0f066a214c2f5e87bad3c948f4d605d) (ScriptedImporter) -> (artifact id: '92fb56712b8fd3e36aea93ea823d9177') in 0.0646057 seconds
Number of updated asset objects reloaded before import = 0Number of asset objects unloaded after import = 3

========================================================================
Received Import Request.
  Time since last request: 0.000021 seconds.
  path: Assets/Nine Pines Animation/2D Character Sprite Animation - Penguin/sprites/penguin_idle_01.png
  artifactKey: Guid(901639f1dddd7b04aa3c943786d274d5) Importer(2089858483,b0f066a214c2f5e87bad3c948f4d605d)
Start importing Assets/Nine Pines Animation/2D Character Sprite Animation - Penguin/sprites/penguin_idle_01.png using Guid(901639f1dddd7b04aa3c943786d274d5) Importer(2089858483,b0f066a214c2f5e87bad3c948f4d605d) (ScriptedImporter) -> (artifact id: 'f8bebd4823054ec384faff2135e4a83b') in 0.1283781 seconds
Number of updated asset objects reloaded before import = 0Number of asset objects unloaded after import = 3

========================================================================
Received Import Request.
  Time since last request: 0.000028 seconds.
  path: Assets/TextMesh Pro/Examples & Extras/Scenes/05 - Style Tags.unity
  artifactKey: Guid(70615243e2be4a81afaab9bf5d273d65) Importer(2089858483,b0f066a214c2f5e87bad3c948f4d605d)
Start importing Assets/TextMesh Pro/Examples & Extras/Scenes/05 - Style Tags.unity using Guid(70615243e2be4a81afaab9bf5d273d65) Importer(2089858483,b0f066a214c2f5e87bad3c948f4d605d) (ScriptedImporter) -> (artifact id: '5d774c94db8470f62afa18da669fefc2') in 0.1100474 seconds
Number of updated asset objects reloaded before import = 0Number of asset objects unloaded after import = 1

========================================================================
Received Import Request.
  Time since last request: 0.000026 seconds.
  path: Assets/TextMesh Pro/Examples & Extras/Materials/Ground - URP.mat
  artifactKey: Guid(71529b88994c1a341b22bc57c038674a) Importer(2089858483,b0f066a214c2f5e87bad3c948f4d605d)
Start importing Assets/TextMesh Pro/Examples & Extras/Materials/Ground - URP.mat using Guid(71529b88994c1a341b22bc57c038674a) Importer(2089858483,b0f066a214c2f5e87bad3c948f4d605d) (ScriptedImporter) -> (artifact id: '4679e3da284868aa86fa6c03fed574ca') in 0.1839867 seconds
Number of updated asset objects reloaded before import = 0Number of asset objects unloaded after import = 2

========================================================================
Received Import Request.
  Time since last request: 0.000019 seconds.
  path: Assets/Nine Pines Animation/2D Character Sprite Animation - Penguin/Animations/penguin_preslide.anim
  artifactKey: Guid(373bcc92838897b44a68d62102af5dfc) Importer(2089858483,b0f066a214c2f5e87bad3c948f4d605d)
Start importing Assets/Nine Pines Animation/2D Character Sprite Animation - Penguin/Animations/penguin_preslide.anim using Guid(373bcc92838897b44a68d62102af5dfc) Importer(2089858483,b0f066a214c2f5e87bad3c948f4d605d) (ScriptedImporter) -> (artifact id: 'eb315c3de61e33395c865782521622b8') in 0.1940104 seconds
Number of updated asset objects reloaded before import = 0Number of asset objects unloaded after import = 1

========================================================================
Received Import Request.
  Time since last request: 0.000027 seconds.
  path: Assets/TextMesh Pro/Examples & Extras/Scripts/VertexShakeA.cs
  artifactKey: Guid(f7cfa58e417a46ea8889989684c2522e) Importer(2089858483,b0f066a214c2f5e87bad3c948f4d605d)
Start importing Assets/TextMesh Pro/Examples & Extras/Scripts/VertexShakeA.cs using Guid(f7cfa58e417a46ea8889989684c2522e) Importer(2089858483,b0f066a214c2f5e87bad3c948f4d605d) (ScriptedImporter) -> (artifact id: '632ff93e381144b20c6a4fee1dce4c11') in 0.0123479 seconds
Number of updated asset objects reloaded before import = 0Number of asset objects unloaded after import = 0

========================================================================
Received Import Request.
  Time since last request: 0.000016 seconds.
  path: Assets/TextMesh Pro/Examples & Extras/Scripts/DropdownSample.cs
  artifactKey: Guid(ac1eb05af6d391b4eb0f4c070a99f1d0) Importer(2089858483,b0f066a214c2f5e87bad3c948f4d605d)
Start importing Assets/TextMesh Pro/Examples & Extras/Scripts/DropdownSample.cs using Guid(ac1eb05af6d391b4eb0f4c070a99f1d0) Importer(2089858483,b0f066a214c2f5e87bad3c948f4d605d) (ScriptedImporter) -> (artifact id: '1f0db2b8a7f50dd7982b89f2b3390afc') in 0.0129574 seconds
Number of updated asset objects reloaded before import = 0Number of asset objects unloaded after import = 0

========================================================================
Received Import Request.
  Time since last request: 0.000021 seconds.
  path: Assets/TextMesh Pro/Examples & Extras/Scripts/TextMeshProFloatingText.cs
  artifactKey: Guid(a4d4c76e63944cba8c7d00f56334b98c) Importer(2089858483,b0f066a214c2f5e87bad3c948f4d605d)
Start importing Assets/TextMesh Pro/Examples & Extras/Scripts/TextMeshProFloatingText.cs using Guid(a4d4c76e63944cba8c7d00f56334b98c) Importer(2089858483,b0f066a214c2f5e87bad3c948f4d605d) (ScriptedImporter) -> (artifact id: 'ede83f19ad2988f8dfd49df9986c329a') in 0.0156304 seconds
Number of updated asset objects reloaded before import = 0Number of asset objects unloaded after import = 0

========================================================================
Received Import Request.
  Time since last request: 0.000015 seconds.
  path: Assets/TextMesh Pro/Examples & Extras/Scripts/TextMeshSpawner.cs
  artifactKey: Guid(76c11bbcfddf44e0ba17d6c2751c8d84) Importer(2089858483,b0f066a214c2f5e87bad3c948f4d605d)
Start importing Assets/TextMesh Pro/Examples & Extras/Scripts/TextMeshSpawner.cs using Guid(76c11bbcfddf44e0ba17d6c2751c8d84) Importer(2089858483,b0f066a214c2f5e87bad3c948f4d605d) (ScriptedImporter) -> (artifact id: '1853fc7a7baa708b4a1572d3d0be2522') in 0.0107183 seconds
Number of updated asset objects reloaded before import = 0Number of asset objects unloaded after import = 0

========================================================================
Received Import Request.
  Time since last request: 0.000022 seconds.
  path: Assets/TextMesh Pro/Examples & Extras/Scripts/SimpleScript.cs
  artifactKey: Guid(9eff140b25d64601aabc6ba32245d099) Importer(2089858483,b0f066a214c2f5e87bad3c948f4d605d)
Start importing Assets/TextMesh Pro/Examples & Extras/Scripts/SimpleScript.cs using Guid(9eff140b25d64601aabc6ba32245d099) Importer(2089858483,b0f066a214c2f5e87bad3c948f4d605d) (ScriptedImporter) -> (artifact id: '7fac2c79cfc4f287cb4241b1c21590dc') in 0.0218882 seconds
Number of updated asset objects reloaded before import = 0Number of asset objects unloaded after import = 0

========================================================================
Received Import Request.
  Time since last request: 0.000025 seconds.
  path: Assets/TextMesh Pro/Examples & Extras/Scripts/VertexShakeB.cs
  artifactKey: Guid(e4e0d9ccee5f4950be8979268c9014e0) Importer(2089858483,b0f066a214c2f5e87bad3c948f4d605d)
Start importing Assets/TextMesh Pro/Examples & Extras/Scripts/VertexShakeB.cs using Guid(e4e0d9ccee5f4950be8979268c9014e0) Importer(2089858483,b0f066a214c2f5e87bad3c948f4d605d) (ScriptedImporter) -> (artifact id: '623340398e052e259686f7113ffcfd1a') in 0.0132495 seconds
Number of updated asset objects reloaded before import = 0Number of asset objects unloaded after import = 0

========================================================================
Received Import Request.
  Time since last request: 0.000023 seconds.
  path: Assets/TextMesh Pro/Examples & Extras/Scripts/TMP_TextSelector_B.cs
  artifactKey: Guid(a05dcd8be7ec4ccbb35c26219884aa37) Importer(2089858483,b0f066a214c2f5e87bad3c948f4d605d)
Start importing Assets/TextMesh Pro/Examples & Extras/Scripts/TMP_TextSelector_B.cs using Guid(a05dcd8be7ec4ccbb35c26219884aa37) Importer(2089858483,b0f066a214c2f5e87bad3c948f4d605d) (ScriptedImporter) -> (artifact id: '2b1d91585f51f474a73906b45e75619e') in 0.0304988 seconds
Number of updated asset objects reloaded before import = 0Number of asset objects unloaded after import = 0

========================================================================
Received Import Request.
  Time since last request: 0.000016 seconds.
  path: Assets/TextMesh Pro/Examples & Extras/Scenes/09 - Margin Tag Example.unity
  artifactKey: Guid(349f38d3606449708c7340d26740e1e2) Importer(2089858483,b0f066a214c2f5e87bad3c948f4d605d)
Start importing Assets/TextMesh Pro/Examples & Extras/Scenes/09 - Margin Tag Example.unity using Guid(349f38d3606449708c7340d26740e1e2) Importer(2089858483,b0f066a214c2f5e87bad3c948f4d605d) (ScriptedImporter) -> (artifact id: 'fcf0281f080caf0a07a91422dd205bac') in 0.0242734 seconds
Number of updated asset objects reloaded before import = 0Number of asset objects unloaded after import = 1

========================================================================
Received Import Request.
  Time since last request: 0.000019 seconds.
  path: Assets/TextMesh Pro/Examples & Extras/Scenes/10 - Bullets & Numbered List Example.unity
  artifactKey: Guid(c3f814e1d12c45568daf3dd9a86a0e61) Importer(2089858483,b0f066a214c2f5e87bad3c948f4d605d)
Start importing Assets/TextMesh Pro/Examples & Extras/Scenes/10 - Bullets & Numbered List Example.unity using Guid(c3f814e1d12c45568daf3dd9a86a0e61) Importer(2089858483,b0f066a214c2f5e87bad3c948f4d605d) (ScriptedImporter) -> (artifact id: 'e61d7e911755fe4e6c6f38ff5b4da06f') in 0.0222051 seconds
Number of updated asset objects reloaded before import = 0Number of asset objects unloaded after import = 1

========================================================================
Received Import Request.
  Time since last request: 0.000019 seconds.
  path: Assets/TextMesh Pro/Examples & Extras/Scenes/17 - Old Computer Terminal.unity
  artifactKey: Guid(3e2e4d7b0bed4cf9ab827e9f32448f69) Importer(2089858483,b0f066a214c2f5e87bad3c948f4d605d)
Start importing Assets/TextMesh Pro/Examples & Extras/Scenes/17 - Old Computer Terminal.unity using Guid(3e2e4d7b0bed4cf9ab827e9f32448f69) Importer(2089858483,b0f066a214c2f5e87bad3c948f4d605d) (ScriptedImporter) -> (artifact id: '6db5a5c98849726a773af577d372fca2') in 0.0659228 seconds
Number of updated asset objects reloaded before import = 0Number of asset objects unloaded after import = 1

========================================================================
Received Import Request.
  Time since last request: 0.000026 seconds.
  path: Assets/Nine Pines Animation/2D Character Sprite Animation - Penguin/Animations/penguin_jump.anim
  artifactKey: Guid(aa96c6ddc55f84c43870123e1123538f) Importer(2089858483,b0f066a214c2f5e87bad3c948f4d605d)
Start importing Assets/Nine Pines Animation/2D Character Sprite Animation - Penguin/Animations/penguin_jump.anim using Guid(aa96c6ddc55f84c43870123e1123538f) Importer(2089858483,b0f066a214c2f5e87bad3c948f4d605d) (ScriptedImporter) -> (artifact id: '86d8ae12d1f50815bf46d337afad850c') in 0.0109817 seconds
Number of updated asset objects reloaded before import = 0Number of asset objects unloaded after import = 1

========================================================================
Received Import Request.
  Time since last request: 0.000026 seconds.
  path: Assets/TextMesh Pro/Examples & Extras/Scripts/TextConsoleSimulator.cs
  artifactKey: Guid(43bcd35a1c0c40ccb6d472893fe2093f) Importer(2089858483,b0f066a214c2f5e87bad3c948f4d605d)
Start importing Assets/TextMesh Pro/Examples & Extras/Scripts/TextConsoleSimulator.cs using Guid(43bcd35a1c0c40ccb6d472893fe2093f) Importer(2089858483,b0f066a214c2f5e87bad3c948f4d605d) (ScriptedImporter) -> (artifact id: '9d5fb2813e71d845395db501a00fe84a') in 0.011971 seconds
Number of updated asset objects reloaded before import = 0Number of asset objects unloaded after import = 0

========================================================================
Received Import Request.
  Time since last request: 0.000017 seconds.
  path: Assets/TextMesh Pro/Examples & Extras/Scripts/Benchmark04.cs
  artifactKey: Guid(dc20866c0d5e413ab7559440e15333ae) Importer(2089858483,b0f066a214c2f5e87bad3c948f4d605d)
Start importing Assets/TextMesh Pro/Examples & Extras/Scripts/Benchmark04.cs using Guid(dc20866c0d5e413ab7559440e15333ae) Importer(2089858483,b0f066a214c2f5e87bad3c948f4d605d) (ScriptedImporter) -> (artifact id: 'df564bae38628d804fb8691411957039') in 0.0096345 seconds
Number of updated asset objects reloaded before import = 0Number of asset objects unloaded after import = 0

========================================================================
Received Import Request.
  Time since last request: 0.000017 seconds.
  path: Assets/LSL/LSL4Unity/Editor/LSLEditorWindow.cs
  artifactKey: Guid(4aad5d6d1330577488c1ea0566032d3e) Importer(2089858483,b0f066a214c2f5e87bad3c948f4d605d)
Start importing Assets/LSL/LSL4Unity/Editor/LSLEditorWindow.cs using Guid(4aad5d6d1330577488c1ea0566032d3e) Importer(2089858483,b0f066a214c2f5e87bad3c948f4d605d) (ScriptedImporter) -> (artifact id: '729f21b192953316459b72832048576f') in 0.0107318 seconds
Number of updated asset objects reloaded before import = 0Number of asset objects unloaded after import = 0

========================================================================
Received Import Request.
  Time since last request: 0.000024 seconds.
  path: Assets/FreePixelFood/Sprite/Food/Beer.png
  artifactKey: Guid(e0a7fb47c7111464f866363e7a3f47da) Importer(2089858483,b0f066a214c2f5e87bad3c948f4d605d)
Start importing Assets/FreePixelFood/Sprite/Food/Beer.png using Guid(e0a7fb47c7111464f866363e7a3f47da) Importer(2089858483,b0f066a214c2f5e87bad3c948f4d605d) (ScriptedImporter) -> (artifact id: 'ab5f17dea41d26b4f1ed540e8385797b') in 0.0780035 seconds
Number of updated asset objects reloaded before import = 0Number of asset objects unloaded after import = 3

========================================================================
Received Import Request.
  Time since last request: 0.000025 seconds.
  path: Assets/FreePixelFood/Sprite/Food/Cookie.png
  artifactKey: Guid(ecfc905a2597f014695bcc25207a2010) Importer(2089858483,b0f066a214c2f5e87bad3c948f4d605d)
Start importing Assets/FreePixelFood/Sprite/Food/Cookie.png using Guid(ecfc905a2597f014695bcc25207a2010) Importer(2089858483,b0f066a214c2f5e87bad3c948f4d605d) (ScriptedImporter) -> (artifact id: 'd47f0c17aff6b1c40e79ea4d4947ba89') in 0.0767992 seconds
Number of updated asset objects reloaded before import = 0Number of asset objects unloaded after import = 3

========================================================================
Received Import Request.
  Time since last request: 0.000017 seconds.
  path: Assets/Nine Pines Animation/2D Character Sprite Animation - Penguin/sprites/penguin_idle_02.png
  artifactKey: Guid(bc773256dd1a7474a86a67f0fe38f4b4) Importer(2089858483,b0f066a214c2f5e87bad3c948f4d605d)
Start importing Assets/Nine Pines Animation/2D Character Sprite Animation - Penguin/sprites/penguin_idle_02.png using Guid(bc773256dd1a7474a86a67f0fe38f4b4) Importer(2089858483,b0f066a214c2f5e87bad3c948f4d605d) (ScriptedImporter) -> (artifact id: 'c852bc2aa729547edc4de0cb427853fa') in 0.1183103 seconds
Number of updated asset objects reloaded before import = 0Number of asset objects unloaded after import = 3

========================================================================
Received Import Request.
  Time since last request: 0.000021 seconds.
  path: Assets/TextMesh Pro/Examples & Extras/Scenes/28 - HDRP Shader Example.unity
  artifactKey: Guid(eea2b7206368b444e84fbec4ec32b64a) Importer(2089858483,b0f066a214c2f5e87bad3c948f4d605d)
Start importing Assets/TextMesh Pro/Examples & Extras/Scenes/28 - HDRP Shader Example.unity using Guid(eea2b7206368b444e84fbec4ec32b64a) Importer(2089858483,b0f066a214c2f5e87bad3c948f4d605d) (ScriptedImporter) -> (artifact id: '35ab03ef84f0e5467271dff884ab44fa') in 0.084857 seconds
Number of updated asset objects reloaded before import = 0Number of asset objects unloaded after import = 1

========================================================================
Received Import Request.
  Time since last request: 0.000029 seconds.
  path: Assets/TextMesh Pro/Examples & Extras/Scenes/21 - Script Example.unity
  artifactKey: Guid(50f52f9274434ecfb34dd87f0836f323) Importer(2089858483,b0f066a214c2f5e87bad3c948f4d605d)
Start importing Assets/TextMesh Pro/Examples & Extras/Scenes/21 - Script Example.unity using Guid(50f52f9274434ecfb34dd87f0836f323) Importer(2089858483,b0f066a214c2f5e87bad3c948f4d605d) (ScriptedImporter) -> (artifact id: '0bcec6c15e492296269207bf3fed46a1') in 0.1006777 seconds
Number of updated asset objects reloaded before import = 0Number of asset objects unloaded after import = 1

========================================================================
Received Import Request.
  Time since last request: 0.000019 seconds.
  path: Assets/BayatGames/Free Platform Game Assets/Readme.txt
  artifactKey: Guid(05c90c2f277e2fb4cae68fc4b19be67f) Importer(2089858483,b0f066a214c2f5e87bad3c948f4d605d)
Start importing Assets/BayatGames/Free Platform Game Assets/Readme.txt using Guid(05c90c2f277e2fb4cae68fc4b19be67f) Importer(2089858483,b0f066a214c2f5e87bad3c948f4d605d) (ScriptedImporter) -> (artifact id: 'ed1f8f99ede6b42fb36f03d406066f22') in 0.089007 seconds
Number of updated asset objects reloaded before import = 0Number of asset objects unloaded after import = 1

========================================================================
Received Import Request.
  Time since last request: 0.000018 seconds.
  path: Assets/TextMesh Pro/Examples & Extras/Scripts/CameraController.cs
  artifactKey: Guid(2d687537154440a3913a9a3c7977978c) Importer(2089858483,b0f066a214c2f5e87bad3c948f4d605d)
Start importing Assets/TextMesh Pro/Examples & Extras/Scripts/CameraController.cs using Guid(2d687537154440a3913a9a3c7977978c) Importer(2089858483,b0f066a214c2f5e87bad3c948f4d605d) (ScriptedImporter) -> (artifact id: '8e43adcc5b803cd45631d250c9e91c67') in 0.5967466 seconds
Number of updated asset objects reloaded before import = 0Number of asset objects unloaded after import = 0

========================================================================
Received Import Request.
  Time since last request: 0.000031 seconds.
  path: Assets/TextMesh Pro/Examples & Extras/Scripts/TMP_UiFrameRateCounter.cs
  artifactKey: Guid(24b0dc2d1d494adbbec1f4db26b4cf83) Importer(2089858483,b0f066a214c2f5e87bad3c948f4d605d)
Start importing Assets/TextMesh Pro/Examples & Extras/Scripts/TMP_UiFrameRateCounter.cs using Guid(24b0dc2d1d494adbbec1f4db26b4cf83) Importer(2089858483,b0f066a214c2f5e87bad3c948f4d605d) (ScriptedImporter) -> (artifact id: 'ed54cd228380c817e18ef21230043d39') in 0.0101595 seconds
Number of updated asset objects reloaded before import = 0Number of asset objects unloaded after import = 0

========================================================================
Received Import Request.
  Time since last request: 0.000017 seconds.
  path: Assets/Nine Pines Animation/2D Character Sprite Animation - Penguin/sprites/penguin_walk_04.png
  artifactKey: Guid(36ff8417f47c0564dac83ad12f13f3ae) Importer(2089858483,b0f066a214c2f5e87bad3c948f4d605d)
Start importing Assets/Nine Pines Animation/2D Character Sprite Animation - Penguin/sprites/penguin_walk_04.png using Guid(36ff8417f47c0564dac83ad12f13f3ae) Importer(2089858483,b0f066a214c2f5e87bad3c948f4d605d) (ScriptedImporter) -> (artifact id: '809efe3e3c638ab4c92af03f9c9b1c0c') in 0.1073473 seconds
Number of updated asset objects reloaded before import = 0Number of asset objects unloaded after import = 3

========================================================================
Received Import Request.
  Time since last request: 0.000017 seconds.
  path: Assets/TextMesh Pro/Examples & Extras/Prefabs/TextMeshPro - Prefab 1.prefab
  artifactKey: Guid(a6e39ced0ea046bcb636c3f0b2e2a745) Importer(2089858483,b0f066a214c2f5e87bad3c948f4d605d)
Start importing Assets/TextMesh Pro/Examples & Extras/Prefabs/TextMeshPro - Prefab 1.prefab using Guid(a6e39ced0ea046bcb636c3f0b2e2a745) Importer(2089858483,b0f066a214c2f5e87bad3c948f4d605d) (ScriptedImporter) -> (artifact id: 'f4f39c1d6abe0f2fcd67069fffc87500') in 0.1152105 seconds
Number of updated asset objects reloaded before import = 0Number of asset objects unloaded after import = 16

========================================================================
Received Import Request.
  Time since last request: 0.000020 seconds.
  path: Assets/TextMesh Pro/Examples & Extras/Textures/Wipe Pattern - Circle.psd
  artifactKey: Guid(10c49fcd9c64421db7c0133e61e55f97) Importer(2089858483,b0f066a214c2f5e87bad3c948f4d605d)
Start importing Assets/TextMesh Pro/Examples & Extras/Textures/Wipe Pattern - Circle.psd using Guid(10c49fcd9c64421db7c0133e61e55f97) Importer(2089858483,b0f066a214c2f5e87bad3c948f4d605d) (ScriptedImporter) -> (artifact id: '909770d0383857f9a347994bf3f1ca5b') in 0.3219658 seconds
Number of updated asset objects reloaded before import = 0Number of asset objects unloaded after import = 1

========================================================================
Received Import Request.
  Time since last request: 0.000026 seconds.
  path: Assets/BayatGames/Free Platform Game Assets/GUI ( Update 1.7 )/ai/Level Select Sample.ai
  artifactKey: Guid(2959953bb883a0541981f044a071da32) Importer(2089858483,b0f066a214c2f5e87bad3c948f4d605d)
Start importing Assets/BayatGames/Free Platform Game Assets/GUI ( Update 1.7 )/ai/Level Select Sample.ai using Guid(2959953bb883a0541981f044a071da32) Importer(2089858483,b0f066a214c2f5e87bad3c948f4d605d) (ScriptedImporter) -> (artifact id: '69bc498722a76eafec74d5dc8e6fa1ff') in 0.02343 seconds
Number of updated asset objects reloaded before import = 0Number of asset objects unloaded after import = 1

========================================================================
Received Import Request.
  Time since last request: 0.000016 seconds.
  path: Assets/TextMesh Pro/Examples & Extras/Textures/Small Crate_normal.jpg
  artifactKey: Guid(8878a782f4334ecbbcf683b3ac780966) Importer(2089858483,b0f066a214c2f5e87bad3c948f4d605d)
Start importing Assets/TextMesh Pro/Examples & Extras/Textures/Small Crate_normal.jpg using Guid(8878a782f4334ecbbcf683b3ac780966) Importer(2089858483,b0f066a214c2f5e87bad3c948f4d605d) (ScriptedImporter) -> (artifact id: 'edc7b776f6f8d7c2a97f81dc3fe028db') in 0.2628756 seconds
Number of updated asset objects reloaded before import = 0Number of asset objects unloaded after import = 1

========================================================================
Received Import Request.
  Time since last request: 0.000020 seconds.
  path: Assets/BayatGames/Free Platform Game Assets/GUI ( Update 1.7 )/png/Elements512x256.png
  artifactKey: Guid(0a1addae9aac34447b1e890a7ae76292) Importer(2089858483,b0f066a214c2f5e87bad3c948f4d605d)
Start importing Assets/BayatGames/Free Platform Game Assets/GUI ( Update 1.7 )/png/Elements512x256.png using Guid(0a1addae9aac34447b1e890a7ae76292) Importer(2089858483,b0f066a214c2f5e87bad3c948f4d605d) (ScriptedImporter) -> (artifact id: 'c5df774c875269ca72bd780a3b077fcf') in 0.1507871 seconds
Number of updated asset objects reloaded before import = 0Number of asset objects unloaded after import = 3

========================================================================
Received Import Request.
  Time since last request: 0.000029 seconds.
  path: Assets/TextMesh Pro/Examples & Extras/Scripts/WarpTextExample.cs
  artifactKey: Guid(790744c462254b7ba8038e6ed28b3db2) Importer(2089858483,b0f066a214c2f5e87bad3c948f4d605d)
Start importing Assets/TextMesh Pro/Examples & Extras/Scripts/WarpTextExample.cs using Guid(790744c462254b7ba8038e6ed28b3db2) Importer(2089858483,b0f066a214c2f5e87bad3c948f4d605d) (ScriptedImporter) -> (artifact id: 'b57bbc21ac7de130015eb86d1e180b20') in 0.018517 seconds
Number of updated asset objects reloaded before import = 0Number of asset objects unloaded after import = 0

========================================================================
Received Import Request.
  Time since last request: 0.000017 seconds.
  path: Assets/BayatGames/Free Platform Game Assets/GUI ( Update 1.7 )/ai/Iconic Buttons.ai
  artifactKey: Guid(c7cdc2ace2fdc0b4a850d982e5b22d76) Importer(2089858483,b0f066a214c2f5e87bad3c948f4d605d)
Start importing Assets/BayatGames/Free Platform Game Assets/GUI ( Update 1.7 )/ai/Iconic Buttons.ai using Guid(c7cdc2ace2fdc0b4a850d982e5b22d76) Importer(2089858483,b0f066a214c2f5e87bad3c948f4d605d) (ScriptedImporter) -> (artifact id: 'c701d533ccb079081158e2b4aa4e7931') in 0.0093655 seconds
Number of updated asset objects reloaded before import = 0Number of asset objects unloaded after import = 1

========================================================================
Received Import Request.
  Time since last request: 0.000014 seconds.
  path: Assets/TextMesh Pro/Examples & Extras/Textures/Floor Cement.jpg
  artifactKey: Guid(283f897e4925411ebbaa758b4cb13fc2) Importer(2089858483,b0f066a214c2f5e87bad3c948f4d605d)
Start importing Assets/TextMesh Pro/Examples & Extras/Textures/Floor Cement.jpg using Guid(283f897e4925411ebbaa758b4cb13fc2) Importer(2089858483,b0f066a214c2f5e87bad3c948f4d605d) (ScriptedImporter) -> (artifact id: '4a09340c15fef04a4d364e6007e0192c') in 0.1554038 seconds
Number of updated asset objects reloaded before import = 0Number of asset objects unloaded after import = 1

========================================================================
Received Import Request.
  Time since last request: 0.000020 seconds.
  path: Assets/TextMesh Pro/Resources/Fonts & Materials/LiberationSans SDF.asset
  artifactKey: Guid(8f586378b4e144a9851e7b34d9b748ee) Importer(2089858483,b0f066a214c2f5e87bad3c948f4d605d)
Start importing Assets/TextMesh Pro/Resources/Fonts & Materials/LiberationSans SDF.asset using Guid(8f586378b4e144a9851e7b34d9b748ee) Importer(2089858483,b0f066a214c2f5e87bad3c948f4d605d) (ScriptedImporter) -> (artifact id: 'ebb676a309410ce74859246ac68f3bc7') in 0.0428867 seconds
Number of updated asset objects reloaded before import = 0Number of asset objects unloaded after import = 8

========================================================================
Received Import Request.
  Time since last request: 0.000029 seconds.
  path: Assets/BayatGames/Free Platform Game Assets/Coin Animation/png/2048x256.png
  artifactKey: Guid(9ccd8d5de8d5bbd4b827fb2881e498f1) Importer(2089858483,b0f066a214c2f5e87bad3c948f4d605d)
Start importing Assets/BayatGames/Free Platform Game Assets/Coin Animation/png/2048x256.png using Guid(9ccd8d5de8d5bbd4b827fb2881e498f1) Importer(2089858483,b0f066a214c2f5e87bad3c948f4d605d) (ScriptedImporter) -> (artifact id: '79f11d1e368769eba43e6b4ae5e8c619') in 0.2230287 seconds
Number of updated asset objects reloaded before import = 0Number of asset objects unloaded after import = 3

========================================================================
Received Import Request.
  Time since last request: 0.000019 seconds.
  path: Assets/TextMesh Pro/Examples & Extras/Sprites/Default Sprites.png
  artifactKey: Guid(a0fc465d6cf04254a2938578735e2383) Importer(2089858483,b0f066a214c2f5e87bad3c948f4d605d)
Start importing Assets/TextMesh Pro/Examples & Extras/Sprites/Default Sprites.png using Guid(a0fc465d6cf04254a2938578735e2383) Importer(2089858483,b0f066a214c2f5e87bad3c948f4d605d) (ScriptedImporter) -> (artifact id: '4fe4215448d0121703fd422b502c8af1') in 0.3117787 seconds
Number of updated asset objects reloaded before import = 0Number of asset objects unloaded after import = 1

========================================================================
Received Import Request.
  Time since last request: 0.000025 seconds.
  path: Assets/BayatGames/Free Platform Game Assets/GUI ( Update 1.7 )/png/Iconic2048x2048.png
  artifactKey: Guid(2676ff5c94fc9f1489d59bf570d079e3) Importer(2089858483,b0f066a214c2f5e87bad3c948f4d605d)
Start importing Assets/BayatGames/Free Platform Game Assets/GUI ( Update 1.7 )/png/Iconic2048x2048.png using Guid(2676ff5c94fc9f1489d59bf570d079e3) Importer(2089858483,b0f066a214c2f5e87bad3c948f4d605d) (ScriptedImporter) -> (artifact id: 'be849163d54748c9ee5c57a9628e8dda') in 0.4253209 seconds
Number of updated asset objects reloaded before import = 0Number of asset objects unloaded after import = 3

========================================================================
Received Import Request.
  Time since last request: 0.000019 seconds.
  path: Assets/TextMesh Pro/Examples & Extras/Textures/Text Overflow - Linked Text UI Screenshot.png
  artifactKey: Guid(c76d18757a194d618355f05f815cb0a1) Importer(2089858483,b0f066a214c2f5e87bad3c948f4d605d)
Start importing Assets/TextMesh Pro/Examples & Extras/Textures/Text Overflow - Linked Text UI Screenshot.png using Guid(c76d18757a194d618355f05f815cb0a1) Importer(2089858483,b0f066a214c2f5e87bad3c948f4d605d) (ScriptedImporter) -> (artifact id: '3d66ce52144a094493eb48b35a955db2') in 0.4949506 seconds
Number of updated asset objects reloaded before import = 0Number of asset objects unloaded after import = 1

========================================================================
Received Import Request.
  Time since last request: 0.000026 seconds.
  path: Assets/TextMesh Pro/Resources/Style Sheets/Default Style Sheet.asset
  artifactKey: Guid(f952c082cb03451daed3ee968ac6c63e) Importer(2089858483,b0f066a214c2f5e87bad3c948f4d605d)
Start importing Assets/TextMesh Pro/Resources/Style Sheets/Default Style Sheet.asset using Guid(f952c082cb03451daed3ee968ac6c63e) Importer(2089858483,b0f066a214c2f5e87bad3c948f4d605d) (ScriptedImporter) -> (artifact id: '5d9fe3160ec6aac91ac7bdf51c1f95f1') in 0.1296345 seconds
Number of updated asset objects reloaded before import = 0Number of asset objects unloaded after import = 1

========================================================================
Received Import Request.
  Time since last request: 0.000017 seconds.
  path: Assets/TextMesh Pro/Examples & Extras/Textures/Text Overflow - Linked Text Image 1.png
  artifactKey: Guid(4ccf43d26c4748c792174516f4a8fcef) Importer(2089858483,b0f066a214c2f5e87bad3c948f4d605d)
Start importing Assets/TextMesh Pro/Examples & Extras/Textures/Text Overflow - Linked Text Image 1.png using Guid(4ccf43d26c4748c792174516f4a8fcef) Importer(2089858483,b0f066a214c2f5e87bad3c948f4d605d) (ScriptedImporter) -> (artifact id: '2b4bd0ba2b5e2bcd1de315a8b4fc5fa9') in 0.2040865 seconds
Number of updated asset objects reloaded before import = 0Number of asset objects unloaded after import = 1

========================================================================
Received Import Request.
  Time since last request: 0.000019 seconds.
  path: Assets/karsiori/Sprites/Pixel Art Rock Pile Pack/Rock Pile - AZURE -/Rock Pile 12 - AZURE - small.PNG
  artifactKey: Guid(6e0592d572525e64da50734ecf1b63ee) Importer(2089858483,b0f066a214c2f5e87bad3c948f4d605d)
Start importing Assets/karsiori/Sprites/Pixel Art Rock Pile Pack/Rock Pile - AZURE -/Rock Pile 12 - AZURE - small.PNG using Guid(6e0592d572525e64da50734ecf1b63ee) Importer(2089858483,b0f066a214c2f5e87bad3c948f4d605d) (ScriptedImporter) -> (artifact id: 'fab2413c08289d021917b48a9507ffe0') in 0.1354075 seconds
Number of updated asset objects reloaded before import = 0Number of asset objects unloaded after import = 3

========================================================================
Received Import Request.
  Time since last request: 0.000025 seconds.
  path: Assets/karsiori/Sprites/Pixel Art Rock Pile Pack/Rock Pile - AZURE -/Rock Pile 5 - AZURE - BIG.PNG
  artifactKey: Guid(b6c430186c5ebbd4a9f8d2ea7fbe915f) Importer(2089858483,b0f066a214c2f5e87bad3c948f4d605d)
Start importing Assets/karsiori/Sprites/Pixel Art Rock Pile Pack/Rock Pile - AZURE -/Rock Pile 5 - AZURE - BIG.PNG using Guid(b6c430186c5ebbd4a9f8d2ea7fbe915f) Importer(2089858483,b0f066a214c2f5e87bad3c948f4d605d) (ScriptedImporter) -> (artifact id: 'f39c0ab8186b4cd249f208c31f5d767b') in 0.0642841 seconds
Number of updated asset objects reloaded before import = 0Number of asset objects unloaded after import = 3

========================================================================
Received Import Request.
  Time since last request: 0.000017 seconds.
  path: Assets/karsiori/Sprites/Pixel Art Rock Pile Pack/Rock Pile - AZURE -/Rock Pile 15 - AZURE - small.PNG
  artifactKey: Guid(857ab152e8b5cb74081f8ce4161aa003) Importer(2089858483,b0f066a214c2f5e87bad3c948f4d605d)
Start importing Assets/karsiori/Sprites/Pixel Art Rock Pile Pack/Rock Pile - AZURE -/Rock Pile 15 - AZURE - small.PNG using Guid(857ab152e8b5cb74081f8ce4161aa003) Importer(2089858483,b0f066a214c2f5e87bad3c948f4d605d) (ScriptedImporter) -> (artifact id: '8e3c20d7d4870032dffe2e88eb24dbbc') in 0.0892786 seconds
Number of updated asset objects reloaded before import = 0Number of asset objects unloaded after import = 3

========================================================================
Received Import Request.
  Time since last request: 0.000020 seconds.
  path: Assets/karsiori/Sprites/Pixel Art Rock Pile Pack/Rock Pile - AZURE -/Rock Pile 12 - AZURE - BIG.PNG
  artifactKey: Guid(152ae1b9765dbf541815f8f0ca6ffc68) Importer(2089858483,b0f066a214c2f5e87bad3c948f4d605d)
Start importing Assets/karsiori/Sprites/Pixel Art Rock Pile Pack/Rock Pile - AZURE -/Rock Pile 12 - AZURE - BIG.PNG using Guid(152ae1b9765dbf541815f8f0ca6ffc68) Importer(2089858483,b0f066a214c2f5e87bad3c948f4d605d) (ScriptedImporter) -> (artifact id: 'eda73da0d0824400d90d8626673b1265') in 0.1852628 seconds
Number of updated asset objects reloaded before import = 0Number of asset objects unloaded after import = 3

========================================================================
Received Import Request.
  Time since last request: 0.000027 seconds.
  path: Assets/karsiori/Sprites/Pixel Art Rock Pile Pack/Rock Pile - BEIGE -/Rock Pile 1 - BEIGE - BIG.PNG
  artifactKey: Guid(9662d84b445a4a143bf4195f495dca4d) Importer(2089858483,b0f066a214c2f5e87bad3c948f4d605d)
Start importing Assets/karsiori/Sprites/Pixel Art Rock Pile Pack/Rock Pile - BEIGE -/Rock Pile 1 - BEIGE - BIG.PNG using Guid(9662d84b445a4a143bf4195f495dca4d) Importer(2089858483,b0f066a214c2f5e87bad3c948f4d605d) (ScriptedImporter) -> (artifact id: 'e7f145a17c13faf27ce1d2e1a4b87583') in 0.1287691 seconds
Number of updated asset objects reloaded before import = 0Number of asset objects unloaded after import = 3

========================================================================
Received Import Request.
  Time since last request: 0.000017 seconds.
  path: Assets/karsiori/Sprites/Pixel Art Rock Pile Pack/Rock Pile - AZURE -/Rock Pile 7 - AZURE - BIG.PNG
  artifactKey: Guid(4745acbeb2ab205478b10e59ea53f3d8) Importer(2089858483,b0f066a214c2f5e87bad3c948f4d605d)
Start importing Assets/karsiori/Sprites/Pixel Art Rock Pile Pack/Rock Pile - AZURE -/Rock Pile 7 - AZURE - BIG.PNG using Guid(4745acbeb2ab205478b10e59ea53f3d8) Importer(2089858483,b0f066a214c2f5e87bad3c948f4d605d) (ScriptedImporter) -> (artifact id: 'b7e294d62b6ad0d49ac568630d91609b') in 0.1961389 seconds
Number of updated asset objects reloaded before import = 0Number of asset objects unloaded after import = 3

========================================================================
Received Import Request.
  Time since last request: 0.000021 seconds.
  path: Assets/karsiori/Sprites/Pixel Art Rock Pile Pack/Rock Pile - AZURE -/Rock Pile 6 - AZURE - small.PNG
  artifactKey: Guid(6dc050319b181ba49b8779862b2be747) Importer(2089858483,b0f066a214c2f5e87bad3c948f4d605d)
Start importing Assets/karsiori/Sprites/Pixel Art Rock Pile Pack/Rock Pile - AZURE -/Rock Pile 6 - AZURE - small.PNG using Guid(6dc050319b181ba49b8779862b2be747) Importer(2089858483,b0f066a214c2f5e87bad3c948f4d605d) (ScriptedImporter) -> (artifact id: '7dceac4c2913634d6e0230b120f2a497') in 0.0963983 seconds
Number of updated asset objects reloaded before import = 0Number of asset objects unloaded after import = 3

========================================================================
Received Import Request.
  Time since last request: 0.000027 seconds.
  path: Assets/karsiori/Sprites/Pixel Art Rock Pile Pack/Rock Pile - AZURE -/Rock Pile 13 - AZURE - BIG.PNG
  artifactKey: Guid(5792047994578ae4c9201bc7b6d31788) Importer(2089858483,b0f066a214c2f5e87bad3c948f4d605d)
Start importing Assets/karsiori/Sprites/Pixel Art Rock Pile Pack/Rock Pile - AZURE -/Rock Pile 13 - AZURE - BIG.PNG using Guid(5792047994578ae4c9201bc7b6d31788) Importer(2089858483,b0f066a214c2f5e87bad3c948f4d605d) (ScriptedImporter) -> (artifact id: '6b09b9259290223208ac120d6f235698') in 0.1171877 seconds
Number of updated asset objects reloaded before import = 0Number of asset objects unloaded after import = 3

========================================================================
Received Import Request.
  Time since last request: 0.000016 seconds.
  path: Assets/karsiori/Sprites/Pixel Art Rock Pile Pack/Rock Pile - AZURE -/Rock Pile 14 - AZURE - small.PNG
  artifactKey: Guid(87423621a984e0a42b42b06fd459fb0d) Importer(2089858483,b0f066a214c2f5e87bad3c948f4d605d)
Start importing Assets/karsiori/Sprites/Pixel Art Rock Pile Pack/Rock Pile - AZURE -/Rock Pile 14 - AZURE - small.PNG using Guid(87423621a984e0a42b42b06fd459fb0d) Importer(2089858483,b0f066a214c2f5e87bad3c948f4d605d) (ScriptedImporter) -> (artifact id: 'edfd5f8527505bf6c3117914904e470a') in 0.0798882 seconds
Number of updated asset objects reloaded before import = 0Number of asset objects unloaded after import = 3

========================================================================
Received Import Request.
  Time since last request: 0.000020 seconds.
  path: Assets/BayatGames/Free Platform Game Assets/GUI ( Update 1.7 )/ai/Empty Buttons.ai
  artifactKey: Guid(230ac05b54326a24e8c6d4da8d069b2e) Importer(2089858483,b0f066a214c2f5e87bad3c948f4d605d)
Start importing Assets/BayatGames/Free Platform Game Assets/GUI ( Update 1.7 )/ai/Empty Buttons.ai using Guid(230ac05b54326a24e8c6d4da8d069b2e) Importer(2089858483,b0f066a214c2f5e87bad3c948f4d605d) (ScriptedImporter) -> (artifact id: 'fe74073ebc8ca90468d8bd4eaec28a53') in 0.0110364 seconds
Number of updated asset objects reloaded before import = 0Number of asset objects unloaded after import = 1

========================================================================
Received Import Request.
  Time since last request: 0.000031 seconds.
  path: Assets/Nine Pines Animation/2D Character Sprite Animation - Penguin/sprites/penguin_atack_02.png
  artifactKey: Guid(0dda9efeece02c3488735399dbffb0cd) Importer(2089858483,b0f066a214c2f5e87bad3c948f4d605d)
Start importing Assets/Nine Pines Animation/2D Character Sprite Animation - Penguin/sprites/penguin_atack_02.png using Guid(0dda9efeece02c3488735399dbffb0cd) Importer(2089858483,b0f066a214c2f5e87bad3c948f4d605d) (ScriptedImporter) -> (artifact id: 'da96a45a634acd7e056ad61b2f4a1df5') in 0.1981844 seconds
Number of updated asset objects reloaded before import = 0Number of asset objects unloaded after import = 3

========================================================================
Received Import Request.
  Time since last request: 0.000020 seconds.
  path: Assets/TextMesh Pro/Examples & Extras/Scenes/19 - Masking Texture & Soft Mask.unity
  artifactKey: Guid(9abcd5bd764646568a6ea70d00f9264c) Importer(2089858483,b0f066a214c2f5e87bad3c948f4d605d)
Start importing Assets/TextMesh Pro/Examples & Extras/Scenes/19 - Masking Texture & Soft Mask.unity using Guid(9abcd5bd764646568a6ea70d00f9264c) Importer(2089858483,b0f066a214c2f5e87bad3c948f4d605d) (ScriptedImporter) -> (artifact id: '64bfae37afb75aa63750e0c10139817e') in 0.1403451 seconds
Number of updated asset objects reloaded before import = 0Number of asset objects unloaded after import = 1

========================================================================
Received Import Request.
  Time since last request: 0.000026 seconds.
  path: Assets/TextMesh Pro/Examples & Extras/Scenes/03 - Line Justification.unity
  artifactKey: Guid(21a509e1d3cd49978623fa564adb6f02) Importer(2089858483,b0f066a214c2f5e87bad3c948f4d605d)
Start importing Assets/TextMesh Pro/Examples & Extras/Scenes/03 - Line Justification.unity using Guid(21a509e1d3cd49978623fa564adb6f02) Importer(2089858483,b0f066a214c2f5e87bad3c948f4d605d) (ScriptedImporter) -> (artifact id: '9289b2c2c9e1064eb0f5e6c5c053460f') in 0.0672353 seconds
Number of updated asset objects reloaded before import = 0Number of asset objects unloaded after import = 1

========================================================================
Received Import Request.
  Time since last request: 0.000017 seconds.
  path: Assets/BayatGames/Free Platform Game Assets/GUI ( Update 1.7 )/eps/Level Select Sample.eps
  artifactKey: Guid(db38f2aa326c84d40b749a73ca45aaec) Importer(2089858483,b0f066a214c2f5e87bad3c948f4d605d)
Start importing Assets/BayatGames/Free Platform Game Assets/GUI ( Update 1.7 )/eps/Level Select Sample.eps using Guid(db38f2aa326c84d40b749a73ca45aaec) Importer(2089858483,b0f066a214c2f5e87bad3c948f4d605d) (ScriptedImporter) -> (artifact id: '43f36dd25f97b8c38bb092e887eabbc9') in 0.0101431 seconds
Number of updated asset objects reloaded before import = 0Number of asset objects unloaded after import = 1

========================================================================
Received Import Request.
  Time since last request: 0.000016 seconds.
  path: Assets/TextMesh Pro/Examples & Extras/Scripts/EnvMapAnimator.cs
  artifactKey: Guid(a4b6f99e8bc54541bbd149b014ff441c) Importer(2089858483,b0f066a214c2f5e87bad3c948f4d605d)
Start importing Assets/TextMesh Pro/Examples & Extras/Scripts/EnvMapAnimator.cs using Guid(a4b6f99e8bc54541bbd149b014ff441c) Importer(2089858483,b0f066a214c2f5e87bad3c948f4d605d) (ScriptedImporter) -> (artifact id: '694ac3fbbb0050f541c5dc38590f095d') in 0.1391678 seconds
Number of updated asset objects reloaded before import = 0Number of asset objects unloaded after import = 0

========================================================================
Received Import Request.
  Time since last request: 0.000017 seconds.
  path: Assets/Nine Pines Animation/2D Character Sprite Animation - Penguin/sprites/penguin_preslide_01.png
  artifactKey: Guid(1b5f6e65e18ef0849bc5f9aa181467c1) Importer(2089858483,b0f066a214c2f5e87bad3c948f4d605d)
Start importing Assets/Nine Pines Animation/2D Character Sprite Animation - Penguin/sprites/penguin_preslide_01.png using Guid(1b5f6e65e18ef0849bc5f9aa181467c1) Importer(2089858483,b0f066a214c2f5e87bad3c948f4d605d) (ScriptedImporter) -> (artifact id: '0edd0093b0082f2357169df459631c32') in 0.0651733 seconds
Number of updated asset objects reloaded before import = 0Number of asset objects unloaded after import = 3

========================================================================
Received Import Request.
  Time since last request: 0.000028 seconds.
  path: Assets/TextMesh Pro/Examples & Extras/Scripts/Benchmark02.cs
  artifactKey: Guid(e8538afcddc14efbb5d9e94b7ae50197) Importer(2089858483,b0f066a214c2f5e87bad3c948f4d605d)
Start importing Assets/TextMesh Pro/Examples & Extras/Scripts/Benchmark02.cs using Guid(e8538afcddc14efbb5d9e94b7ae50197) Importer(2089858483,b0f066a214c2f5e87bad3c948f4d605d) (ScriptedImporter) -> (artifact id: 'a137dfa7e1928319e1e19c484eea3cab') in 0.0189035 seconds
Number of updated asset objects reloaded before import = 0Number of asset objects unloaded after import = 0

========================================================================
Received Import Request.
  Time since last request: 0.000018 seconds.
  path: Assets/karsiori/Sprites/Pixel Art Rock Pile Pack/Rock Pile - AZURE -/Rock Pile 4 - AZURE - small.PNG
  artifactKey: Guid(42c5c8e92f018474da99da034aa27f6c) Importer(2089858483,b0f066a214c2f5e87bad3c948f4d605d)
Start importing Assets/karsiori/Sprites/Pixel Art Rock Pile Pack/Rock Pile - AZURE -/Rock Pile 4 - AZURE - small.PNG using Guid(42c5c8e92f018474da99da034aa27f6c) Importer(2089858483,b0f066a214c2f5e87bad3c948f4d605d) (ScriptedImporter) -> (artifact id: 'af03dbf8fdf856bea17f0c0935e486b9') in 0.0903804 seconds
Number of updated asset objects reloaded before import = 0Number of asset objects unloaded after import = 3

========================================================================
Received Import Request.
  Time since last request: 0.000018 seconds.
  path: Assets/Nine Pines Animation/2D Character Sprite Animation - Penguin/sprites/penguin_atack_01.png
  artifactKey: Guid(6059ad9a67fda844aa2d256b0f868934) Importer(2089858483,b0f066a214c2f5e87bad3c948f4d605d)
Start importing Assets/Nine Pines Animation/2D Character Sprite Animation - Penguin/sprites/penguin_atack_01.png using Guid(6059ad9a67fda844aa2d256b0f868934) Importer(2089858483,b0f066a214c2f5e87bad3c948f4d605d) (ScriptedImporter) -> (artifact id: '66fc213d5bb2e0ae012448cb0ea5b4a9') in 0.1196198 seconds
Number of updated asset objects reloaded before import = 0Number of asset objects unloaded after import = 3

========================================================================
Received Import Request.
  Time since last request: 0.000034 seconds.
  path: Assets/TextMesh Pro/Examples & Extras/Fonts/Anton OFL.txt
  artifactKey: Guid(73a79399807f4e8388c2cbb5494681ca) Importer(2089858483,b0f066a214c2f5e87bad3c948f4d605d)
Start importing Assets/TextMesh Pro/Examples & Extras/Fonts/Anton OFL.txt using Guid(73a79399807f4e8388c2cbb5494681ca) Importer(2089858483,b0f066a214c2f5e87bad3c948f4d605d) (ScriptedImporter) -> (artifact id: '8e6c25656b2e348463c26cfed7bbc1d3') in 0.0695359 seconds
Number of updated asset objects reloaded before import = 0Number of asset objects unloaded after import = 1

========================================================================
Received Import Request.
  Time since last request: 0.000028 seconds.
  path: Assets/karsiori/Sprites/Pixel Art Rock Pile Pack/Rock Pile - AZURE -/Rock Pile 10 - AZURE - small.PNG
  artifactKey: Guid(40e1cd55b6c0415478f0641f083efc37) Importer(2089858483,b0f066a214c2f5e87bad3c948f4d605d)
Start importing Assets/karsiori/Sprites/Pixel Art Rock Pile Pack/Rock Pile - AZURE -/Rock Pile 10 - AZURE - small.PNG using Guid(40e1cd55b6c0415478f0641f083efc37) Importer(2089858483,b0f066a214c2f5e87bad3c948f4d605d) (ScriptedImporter) -> (artifact id: '274057ac569be802b2188c020a94efe4') in 0.0498353 seconds
Number of updated asset objects reloaded before import = 0Number of asset objects unloaded after import = 3

========================================================================
Received Import Request.
  Time since last request: 0.000017 seconds.
  path: Assets/karsiori/Sprites/Pixel Art Rock Pile Pack/Rock Pile - BEIGE -/Rock Pile 7 - BEIGE - BIG.PNG
  artifactKey: Guid(50f6782dd5111a347a6a0558f95f06b8) Importer(2089858483,b0f066a214c2f5e87bad3c948f4d605d)
Start importing Assets/karsiori/Sprites/Pixel Art Rock Pile Pack/Rock Pile - BEIGE -/Rock Pile 7 - BEIGE - BIG.PNG using Guid(50f6782dd5111a347a6a0558f95f06b8) Importer(2089858483,b0f066a214c2f5e87bad3c948f4d605d) (ScriptedImporter) -> (artifact id: '34056683d0fa76502234696fe71455bf') in 0.0671612 seconds
Number of updated asset objects reloaded before import = 0Number of asset objects unloaded after import = 3

========================================================================
Received Import Request.
  Time since last request: 0.000018 seconds.
  path: Assets/karsiori/Sprites/Pixel Art Rock Pile Pack/Rock Pile - BEIGE -/Rock Pile 8 - BEIGE - small.PNG
  artifactKey: Guid(a4f27e6489ad5af4b95c87e3de87c511) Importer(2089858483,b0f066a214c2f5e87bad3c948f4d605d)
Start importing Assets/karsiori/Sprites/Pixel Art Rock Pile Pack/Rock Pile - BEIGE -/Rock Pile 8 - BEIGE - small.PNG using Guid(a4f27e6489ad5af4b95c87e3de87c511) Importer(2089858483,b0f066a214c2f5e87bad3c948f4d605d) (ScriptedImporter) -> (artifact id: '1e8bc223b72cfcf27e0b3ab0abaca43d') in 0.0771747 seconds
Number of updated asset objects reloaded before import = 0Number of asset objects unloaded after import = 3

========================================================================
Received Import Request.
  Time since last request: 0.000020 seconds.
  path: Assets/karsiori/Sprites/Pixel Art Rock Pile Pack/Rock Pile - BEIGE -/Rock Pile 11 - BEIGE - BIG.PNG
  artifactKey: Guid(e96a5c7f3e8a31646aa5132a0b697c7a) Importer(2089858483,b0f066a214c2f5e87bad3c948f4d605d)
Start importing Assets/karsiori/Sprites/Pixel Art Rock Pile Pack/Rock Pile - BEIGE -/Rock Pile 11 - BEIGE - BIG.PNG using Guid(e96a5c7f3e8a31646aa5132a0b697c7a) Importer(2089858483,b0f066a214c2f5e87bad3c948f4d605d) (ScriptedImporter) -> (artifact id: 'f2c2809c00b7c12d8878a6330e7e2c0c') in 0.0459255 seconds
Number of updated asset objects reloaded before import = 0Number of asset objects unloaded after import = 3

========================================================================
Received Import Request.
  Time since last request: 0.000025 seconds.
  path: Assets/karsiori/Sprites/Pixel Art Rock Pile Pack/Rock Pile - BEIGE -/Rock Pile 7 - BEIGE - small.PNG
  artifactKey: Guid(70f3fa366eb5dae409be964f385cd708) Importer(2089858483,b0f066a214c2f5e87bad3c948f4d605d)
Start importing Assets/karsiori/Sprites/Pixel Art Rock Pile Pack/Rock Pile - BEIGE -/Rock Pile 7 - BEIGE - small.PNG using Guid(70f3fa366eb5dae409be964f385cd708) Importer(2089858483,b0f066a214c2f5e87bad3c948f4d605d) (ScriptedImporter) -> (artifact id: 'a08b1967ef68b8feaaf6eb82106ac7ba') in 0.0623936 seconds
Number of updated asset objects reloaded before import = 0Number of asset objects unloaded after import = 3

========================================================================
Received Import Request.
  Time since last request: 0.000014 seconds.
  path: Assets/karsiori/Sprites/Pixel Art Rock Pile Pack/Rock Pile - BEIGE -/Rock Pile 6 - BEIGE - BIG.PNG
  artifactKey: Guid(7dd0444ed88e1e844afb3324df8ca406) Importer(2089858483,b0f066a214c2f5e87bad3c948f4d605d)
Start importing Assets/karsiori/Sprites/Pixel Art Rock Pile Pack/Rock Pile - BEIGE -/Rock Pile 6 - BEIGE - BIG.PNG using Guid(7dd0444ed88e1e844afb3324df8ca406) Importer(2089858483,b0f066a214c2f5e87bad3c948f4d605d) (ScriptedImporter) -> (artifact id: '293ef7ee72ce73d53f80953180a8f1fe') in 0.084714 seconds
Number of updated asset objects reloaded before import = 0Number of asset objects unloaded after import = 3

========================================================================
Received Import Request.
  Time since last request: 0.000019 seconds.
  path: Assets/karsiori/Sprites/Pixel Art Rock Pile Pack/Rock Pile - MOSSY -/Rock Pile 12 - MOSSY - small.PNG
  artifactKey: Guid(46c205b4dfca76d45866fd882b236607) Importer(2089858483,b0f066a214c2f5e87bad3c948f4d605d)
Start importing Assets/karsiori/Sprites/Pixel Art Rock Pile Pack/Rock Pile - MOSSY -/Rock Pile 12 - MOSSY - small.PNG using Guid(46c205b4dfca76d45866fd882b236607) Importer(2089858483,b0f066a214c2f5e87bad3c948f4d605d) (ScriptedImporter) -> (artifact id: 'a65bf164e071a3c2f46551a7efc594d3') in 0.0796464 seconds
Number of updated asset objects reloaded before import = 0Number of asset objects unloaded after import = 3

========================================================================
Received Import Request.
  Time since last request: 0.000029 seconds.
  path: Assets/karsiori/Sprites/Pixel Art Rock Pile Pack/Rock Pile - MOSSY -/Rock Pile 11 - MOSSY - BIG.PNG
  artifactKey: Guid(f97e24b2a1e35da459140924e50471f8) Importer(2089858483,b0f066a214c2f5e87bad3c948f4d605d)
Start importing Assets/karsiori/Sprites/Pixel Art Rock Pile Pack/Rock Pile - MOSSY -/Rock Pile 11 - MOSSY - BIG.PNG using Guid(f97e24b2a1e35da459140924e50471f8) Importer(2089858483,b0f066a214c2f5e87bad3c948f4d605d) (ScriptedImporter) -> (artifact id: '2efa78dc60bad36dbeff0699bad1339c') in 0.1872557 seconds
Number of updated asset objects reloaded before import = 0Number of asset objects unloaded after import = 3

========================================================================
Received Import Request.
  Time since last request: 0.000021 seconds.
  path: Assets/karsiori/Sprites/Pixel Art Rock Pile Pack/Rock Pile - BEIGE -/Rock Pile 12 - BEIGE - small.PNG
  artifactKey: Guid(871a2849723cfcd4390c3c48f103597e) Importer(2089858483,b0f066a214c2f5e87bad3c948f4d605d)
Start importing Assets/karsiori/Sprites/Pixel Art Rock Pile Pack/Rock Pile - BEIGE -/Rock Pile 12 - BEIGE - small.PNG using Guid(871a2849723cfcd4390c3c48f103597e) Importer(2089858483,b0f066a214c2f5e87bad3c948f4d605d) (ScriptedImporter) -> (artifact id: '5b27a145e0e872b26e595298636ca2c2') in 0.0924124 seconds
Number of updated asset objects reloaded before import = 0Number of asset objects unloaded after import = 3

========================================================================
Received Import Request.
  Time since last request: 0.000023 seconds.
  path: Assets/karsiori/Sprites/Pixel Art Rock Pile Pack/Rock Pile - BEIGE -/Rock Pile 12 - BEIGE - BIG.PNG
  artifactKey: Guid(eec7efd6e0989d44ba2e4e3d7d8a18e7) Importer(2089858483,b0f066a214c2f5e87bad3c948f4d605d)
Start importing Assets/karsiori/Sprites/Pixel Art Rock Pile Pack/Rock Pile - BEIGE -/Rock Pile 12 - BEIGE - BIG.PNG using Guid(eec7efd6e0989d44ba2e4e3d7d8a18e7) Importer(2089858483,b0f066a214c2f5e87bad3c948f4d605d) (ScriptedImporter) -> (artifact id: '090bef7ff2787135691e16d540b4bef7') in 0.171437 seconds
Number of updated asset objects reloaded before import = 0Number of asset objects unloaded after import = 3

========================================================================
Received Import Request.
  Time since last request: 0.000016 seconds.
  path: Assets/karsiori/Sprites/Pixel Art Rock Pile Pack/Rock Pile - BEIGE -/Rock Pile 15 - BEIGE - BIG.PNG
  artifactKey: Guid(f980b189a7eec114ab29f0d41ab36707) Importer(2089858483,b0f066a214c2f5e87bad3c948f4d605d)
Start importing Assets/karsiori/Sprites/Pixel Art Rock Pile Pack/Rock Pile - BEIGE -/Rock Pile 15 - BEIGE - BIG.PNG using Guid(f980b189a7eec114ab29f0d41ab36707) Importer(2089858483,b0f066a214c2f5e87bad3c948f4d605d) (ScriptedImporter) -> (artifact id: '7624e352a911fbc673d57921dec08b92') in 0.063393 seconds
Number of updated asset objects reloaded before import = 0Number of asset objects unloaded after import = 3

========================================================================
Received Import Request.
  Time since last request: 0.000020 seconds.
  path: Assets/karsiori/Sprites/Pixel Art Rock Pile Pack/Rock Pile - MOSSY -/Rock Pile 15 - MOSSY - small.PNG
  artifactKey: Guid(4b781e8edafd9a443a49dbfae94e9ec7) Importer(2089858483,b0f066a214c2f5e87bad3c948f4d605d)
Start importing Assets/karsiori/Sprites/Pixel Art Rock Pile Pack/Rock Pile - MOSSY -/Rock Pile 15 - MOSSY - small.PNG using Guid(4b781e8edafd9a443a49dbfae94e9ec7) Importer(2089858483,b0f066a214c2f5e87bad3c948f4d605d) (ScriptedImporter) -> (artifact id: '2ea306a21b5f6a6c0508adf38f8e0ed0') in 0.0810984 seconds
Number of updated asset objects reloaded before import = 0Number of asset objects unloaded after import = 3

========================================================================
Received Import Request.
  Time since last request: 0.000027 seconds.
  path: Assets/karsiori/Sprites/Pixel Art Rock Pile Pack/Rock Pile - BEIGE -/Rock Pile 2 - BEIGE - BIG.PNG
  artifactKey: Guid(01477668c6563b84c9f0fc82b33ddb00) Importer(2089858483,b0f066a214c2f5e87bad3c948f4d605d)
Start importing Assets/karsiori/Sprites/Pixel Art Rock Pile Pack/Rock Pile - BEIGE -/Rock Pile 2 - BEIGE - BIG.PNG using Guid(01477668c6563b84c9f0fc82b33ddb00) Importer(2089858483,b0f066a214c2f5e87bad3c948f4d605d) (ScriptedImporter) -> (artifact id: 'e442a17e8139f8e0d6838aa9ba84a4b4') in 0.103276 seconds
Number of updated asset objects reloaded before import = 0Number of asset objects unloaded after import = 3

========================================================================
Received Import Request.
  Time since last request: 0.000019 seconds.
  path: Assets/karsiori/Sprites/Pixel Art Rock Pile Pack/Rock Pile - BEIGE -/Rock Pile 6 - BEIGE - small.PNG
  artifactKey: Guid(38d40a8ef40e9054e8c34b53affe2dbf) Importer(2089858483,b0f066a214c2f5e87bad3c948f4d605d)
Start importing Assets/karsiori/Sprites/Pixel Art Rock Pile Pack/Rock Pile - BEIGE -/Rock Pile 6 - BEIGE - small.PNG using Guid(38d40a8ef40e9054e8c34b53affe2dbf) Importer(2089858483,b0f066a214c2f5e87bad3c948f4d605d) (ScriptedImporter) -> (artifact id: '79ffc9ea492ca0aa90be75f632bbd8ea') in 0.2104575 seconds
Number of updated asset objects reloaded before import = 0Number of asset objects unloaded after import = 3

========================================================================
Received Import Request.
  Time since last request: 0.000019 seconds.
  path: Assets/karsiori/Sprites/Pixel Art Rock Pile Pack/Rock Pile - BEIGE -/Rock Pile 9 - BEIGE - BIG.PNG
  artifactKey: Guid(a55834acb76cbfe4d8d91a714a3c2586) Importer(2089858483,b0f066a214c2f5e87bad3c948f4d605d)
Start importing Assets/karsiori/Sprites/Pixel Art Rock Pile Pack/Rock Pile - BEIGE -/Rock Pile 9 - BEIGE - BIG.PNG using Guid(a55834acb76cbfe4d8d91a714a3c2586) Importer(2089858483,b0f066a214c2f5e87bad3c948f4d605d) (ScriptedImporter) -> (artifact id: '90785be494a7a2279fdb9a693cc24e35') in 0.1024369 seconds
Number of updated asset objects reloaded before import = 0Number of asset objects unloaded after import = 3

========================================================================
Received Import Request.
  Time since last request: 0.000027 seconds.
  path: Assets/karsiori/Sprites/Pixel Art Rock Pile Pack/Rock Pile - BEIGE -/Rock Pile 9 - BEIGE - small.PNG
  artifactKey: Guid(4a14e7cb80cca09459f560e7e13d0f3a) Importer(2089858483,b0f066a214c2f5e87bad3c948f4d605d)
Start importing Assets/karsiori/Sprites/Pixel Art Rock Pile Pack/Rock Pile - BEIGE -/Rock Pile 9 - BEIGE - small.PNG using Guid(4a14e7cb80cca09459f560e7e13d0f3a) Importer(2089858483,b0f066a214c2f5e87bad3c948f4d605d) (ScriptedImporter) -> (artifact id: '373eb63e6dec3df2e6b9517275c1c4d8') in 0.0411298 seconds
Number of updated asset objects reloaded before import = 0Number of asset objects unloaded after import = 3

========================================================================
Received Import Request.
  Time since last request: 0.000017 seconds.
  path: Assets/karsiori/Sprites/Pixel Art Rock Pile Pack/Rock Pile - MOSSY -/Rock Pile 14 - MOSSY - small.PNG
  artifactKey: Guid(c70c10ff7790ed541b79b9f07c032321) Importer(2089858483,b0f066a214c2f5e87bad3c948f4d605d)
Start importing Assets/karsiori/Sprites/Pixel Art Rock Pile Pack/Rock Pile - MOSSY -/Rock Pile 14 - MOSSY - small.PNG using Guid(c70c10ff7790ed541b79b9f07c032321) Importer(2089858483,b0f066a214c2f5e87bad3c948f4d605d) (ScriptedImporter) -> (artifact id: 'b1df9e42b3e051cd10d2b6187b5b167d') in 0.0500522 seconds
Number of updated asset objects reloaded before import = 0Number of asset objects unloaded after import = 3

========================================================================
Received Import Request.
  Time since last request: 0.000014 seconds.
  path: Assets/TextMesh Pro/Examples & Extras/Scenes/27 - Double Pass Shader Example.unity
  artifactKey: Guid(3b38a6ba32b869f48812e595baf39746) Importer(2089858483,b0f066a214c2f5e87bad3c948f4d605d)
Start importing Assets/TextMesh Pro/Examples & Extras/Scenes/27 - Double Pass Shader Example.unity using Guid(3b38a6ba32b869f48812e595baf39746) Importer(2089858483,b0f066a214c2f5e87bad3c948f4d605d) (ScriptedImporter) -> (artifact id: 'd3a2ed6d52c437f7cfa55730a08fe865') in 0.1055878 seconds
Number of updated asset objects reloaded before import = 0Number of asset objects unloaded after import = 1

========================================================================
Received Import Request.
  Time since last request: 0.000020 seconds.
  path: Assets/TextMesh Pro/Examples & Extras/Textures/Wipe Pattern - Radial Quad.psd
  artifactKey: Guid(2b5e9ae96c5644d8bae932f8b4ca68a2) Importer(2089858483,b0f066a214c2f5e87bad3c948f4d605d)
Start importing Assets/TextMesh Pro/Examples & Extras/Textures/Wipe Pattern - Radial Quad.psd using Guid(2b5e9ae96c5644d8bae932f8b4ca68a2) Importer(2089858483,b0f066a214c2f5e87bad3c948f4d605d) (ScriptedImporter) -> (artifact id: 'f327c588ce7665b7e95820a3ded2a64a') in 0.0950095 seconds
Number of updated asset objects reloaded before import = 0Number of asset objects unloaded after import = 1

========================================================================
Received Import Request.
  Time since last request: 0.000026 seconds.
  path: Assets/BayatGames/Free Platform Game Assets/Water Animation/2.5D View/Water Animation.swf
  artifactKey: Guid(b44d36fe2b4f0e147b3a6ec03548ba59) Importer(2089858483,b0f066a214c2f5e87bad3c948f4d605d)
Start importing Assets/BayatGames/Free Platform Game Assets/Water Animation/2.5D View/Water Animation.swf using Guid(b44d36fe2b4f0e147b3a6ec03548ba59) Importer(2089858483,b0f066a214c2f5e87bad3c948f4d605d) (ScriptedImporter) -> (artifact id: 'a653c513cef630a54d9f306de11df632') in 0.0130447 seconds
Number of updated asset objects reloaded before import = 0Number of asset objects unloaded after import = 1

========================================================================
Received Import Request.
  Time since last request: 0.000018 seconds.
  path: Assets/karsiori/Sprites/Pixel Art Rock Pile Pack/Rock Pile - AZURE -/Rock Pile 3 - AZURE - BIG.PNG
  artifactKey: Guid(ad24cccbfb9eaaa458b7b18b17a6e83f) Importer(2089858483,b0f066a214c2f5e87bad3c948f4d605d)
Start importing Assets/karsiori/Sprites/Pixel Art Rock Pile Pack/Rock Pile - AZURE -/Rock Pile 3 - AZURE - BIG.PNG using Guid(ad24cccbfb9eaaa458b7b18b17a6e83f) Importer(2089858483,b0f066a214c2f5e87bad3c948f4d605d) (ScriptedImporter) -> (artifact id: '15ea64368711baeaa711d020a43a93fd') in 0.0955557 seconds
Number of updated asset objects reloaded before import = 0Number of asset objects unloaded after import = 3

========================================================================
Received Import Request.
  Time since last request: 0.000021 seconds.
  path: Assets/Nine Pines Animation/2D Character Sprite Animation - Penguin/sprites/penguin_walk_07.png
  artifactKey: Guid(3dd30c99317697941ac6db1399c84432) Importer(2089858483,b0f066a214c2f5e87bad3c948f4d605d)
Start importing Assets/Nine Pines Animation/2D Character Sprite Animation - Penguin/sprites/penguin_walk_07.png using Guid(3dd30c99317697941ac6db1399c84432) Importer(2089858483,b0f066a214c2f5e87bad3c948f4d605d) (ScriptedImporter) -> (artifact id: 'bb2f76b25c5aace81974861a992cb75b') in 0.1565898 seconds
Number of updated asset objects reloaded before import = 0Number of asset objects unloaded after import = 3

========================================================================
Received Import Request.
  Time since last request: 0.000042 seconds.
  path: Assets/karsiori/Sprites/Pixel Art Rock Pile Pack/Rock Pile - MOSSY -/Rock Pile 1 - MOSSY - small.PNG
  artifactKey: Guid(d2fc9565b42af6a43b95f51565c668db) Importer(2089858483,b0f066a214c2f5e87bad3c948f4d605d)
Start importing Assets/karsiori/Sprites/Pixel Art Rock Pile Pack/Rock Pile - MOSSY -/Rock Pile 1 - MOSSY - small.PNG using Guid(d2fc9565b42af6a43b95f51565c668db) Importer(2089858483,b0f066a214c2f5e87bad3c948f4d605d) (ScriptedImporter) -> (artifact id: '01983b35bc283274c228b7eae7fd5066') in 0.1098963 seconds
Number of updated asset objects reloaded before import = 0Number of asset objects unloaded after import = 3

========================================================================
Received Import Request.
  Time since last request: 0.000020 seconds.
  path: Assets/karsiori/Sprites/Pixel Art Rock Pile Pack/Rock Pile - BEIGE -/Rock Pile 13 - BEIGE - BIG.PNG
  artifactKey: Guid(018b55e3e8f663d4abf9a9a7b6872527) Importer(2089858483,b0f066a214c2f5e87bad3c948f4d605d)
Start importing Assets/karsiori/Sprites/Pixel Art Rock Pile Pack/Rock Pile - BEIGE -/Rock Pile 13 - BEIGE - BIG.PNG using Guid(018b55e3e8f663d4abf9a9a7b6872527) Importer(2089858483,b0f066a214c2f5e87bad3c948f4d605d) (ScriptedImporter) -> (artifact id: '1cd1999b6689878bf7fb4d1c915c4b77') in 0.0734836 seconds
Number of updated asset objects reloaded before import = 0Number of asset objects unloaded after import = 3

========================================================================
Received Import Request.
  Time since last request: 0.000019 seconds.
  path: Assets/karsiori/Sprites/Pixel Art Rock Pile Pack/Rock Pile - ORANGE -/Rock Pile 2 - ORANGE - BIG.PNG
  artifactKey: Guid(adf161862f85b5a40850a5cf724c258d) Importer(2089858483,b0f066a214c2f5e87bad3c948f4d605d)
Start importing Assets/karsiori/Sprites/Pixel Art Rock Pile Pack/Rock Pile - ORANGE -/Rock Pile 2 - ORANGE - BIG.PNG using Guid(adf161862f85b5a40850a5cf724c258d) Importer(2089858483,b0f066a214c2f5e87bad3c948f4d605d) (ScriptedImporter) -> (artifact id: 'e0f80132e18c5fbc502b9778c9e13008') in 0.0717021 seconds
Number of updated asset objects reloaded before import = 0Number of asset objects unloaded after import = 3

========================================================================
Received Import Request.
  Time since last request: 0.000026 seconds.
  path: Assets/karsiori/Sprites/Pixel Art Rock Pile Pack/Rock Pile - ORANGE -/Rock Pile 14 - ORANGE - small.PNG
  artifactKey: Guid(391bb933f18348b499a790ad24a186e9) Importer(2089858483,b0f066a214c2f5e87bad3c948f4d605d)
Start importing Assets/karsiori/Sprites/Pixel Art Rock Pile Pack/Rock Pile - ORANGE -/Rock Pile 14 - ORANGE - small.PNG using Guid(391bb933f18348b499a790ad24a186e9) Importer(2089858483,b0f066a214c2f5e87bad3c948f4d605d) (ScriptedImporter) -> (artifact id: 'b4863229e68ab2ba8f9e8651394d4565') in 0.1138309 seconds
Number of updated asset objects reloaded before import = 0Number of asset objects unloaded after import = 3

========================================================================
Received Import Request.
  Time since last request: 0.000017 seconds.
  path: Assets/karsiori/Sprites/Pixel Art Rock Pile Pack/Rock Pile - MOSSY -/Rock Pile 4 - MOSSY - small.PNG
  artifactKey: Guid(99fdc94eef4ea7d449fa1ddbf9fc01bc) Importer(2089858483,b0f066a214c2f5e87bad3c948f4d605d)
Start importing Assets/karsiori/Sprites/Pixel Art Rock Pile Pack/Rock Pile - MOSSY -/Rock Pile 4 - MOSSY - small.PNG using Guid(99fdc94eef4ea7d449fa1ddbf9fc01bc) Importer(2089858483,b0f066a214c2f5e87bad3c948f4d605d) (ScriptedImporter) -> (artifact id: '1389da868e8515d19a40fedd3daf9e15') in 0.050243 seconds
Number of updated asset objects reloaded before import = 0Number of asset objects unloaded after import = 3

========================================================================
Received Import Request.
  Time since last request: 0.000020 seconds.
  path: Assets/karsiori/Sprites/Pixel Art Rock Pile Pack/Rock Pile - ORANGE -/Rock Pile 13 - ORANGE - BIG.PNG
  artifactKey: Guid(9b5515f13d4b02845acbfff859647789) Importer(2089858483,b0f066a214c2f5e87bad3c948f4d605d)
Start importing Assets/karsiori/Sprites/Pixel Art Rock Pile Pack/Rock Pile - ORANGE -/Rock Pile 13 - ORANGE - BIG.PNG using Guid(9b5515f13d4b02845acbfff859647789) Importer(2089858483,b0f066a214c2f5e87bad3c948f4d605d) (ScriptedImporter) -> (artifact id: '11ca790e9751b013f8692c03071c3e65') in 0.0726788 seconds
Number of updated asset objects reloaded before import = 0Number of asset objects unloaded after import = 3

========================================================================
Received Import Request.
  Time since last request: 0.000031 seconds.
  path: Assets/karsiori/Sprites/Pixel Art Rock Pile Pack/Rock Pile - ORANGE -/Rock Pile 10 - ORANGE - small.PNG
  artifactKey: Guid(af0cc36aa6740734e9495d5aeca3cdaa) Importer(2089858483,b0f066a214c2f5e87bad3c948f4d605d)
Start importing Assets/karsiori/Sprites/Pixel Art Rock Pile Pack/Rock Pile - ORANGE -/Rock Pile 10 - ORANGE - small.PNG using Guid(af0cc36aa6740734e9495d5aeca3cdaa) Importer(2089858483,b0f066a214c2f5e87bad3c948f4d605d) (ScriptedImporter) -> (artifact id: '1dbf371ce9f6275e6259e8afd71e56fb') in 0.0280752 seconds
Number of updated asset objects reloaded before import = 0Number of asset objects unloaded after import = 3

========================================================================
Received Import Request.
  Time since last request: 0.000021 seconds.
  path: Assets/karsiori/Sprites/Pixel Art Rock Pile Pack/Rock Pile - ORANGE -/Rock Pile 1 - ORANGE - small.PNG
  artifactKey: Guid(07d5371a35088f64c9f6c07d8cf3d648) Importer(2089858483,b0f066a214c2f5e87bad3c948f4d605d)
Start importing Assets/karsiori/Sprites/Pixel Art Rock Pile Pack/Rock Pile - ORANGE -/Rock Pile 1 - ORANGE - small.PNG using Guid(07d5371a35088f64c9f6c07d8cf3d648) Importer(2089858483,b0f066a214c2f5e87bad3c948f4d605d) (ScriptedImporter) -> (artifact id: '0de913512c719f17a81302e20781acc8') in 0.1191039 seconds
Number of updated asset objects reloaded before import = 0Number of asset objects unloaded after import = 3

========================================================================
Received Import Request.
  Time since last request: 0.000020 seconds.
  path: Assets/karsiori/Sprites/Pixel Art Rock Pile Pack/Rock Pile - MOSSY -/Rock Pile 8 - MOSSY - BIG.PNG
  artifactKey: Guid(82e827754e9386d498c6b310fb658aa2) Importer(2089858483,b0f066a214c2f5e87bad3c948f4d605d)
Start importing Assets/karsiori/Sprites/Pixel Art Rock Pile Pack/Rock Pile - MOSSY -/Rock Pile 8 - MOSSY - BIG.PNG using Guid(82e827754e9386d498c6b310fb658aa2) Importer(2089858483,b0f066a214c2f5e87bad3c948f4d605d) (ScriptedImporter) -> (artifact id: '446bb67b777c6cb4ea141ea404267980') in 0.1078592 seconds
Number of updated asset objects reloaded before import = 0Number of asset objects unloaded after import = 3

========================================================================
Received Import Request.
  Time since last request: 0.000031 seconds.
  path: Assets/karsiori/Sprites/Pixel Art Rock Pile Pack/Rock Pile - ORANGE -/Rock Pile 1 - ORANGE - BIG.PNG
  artifactKey: Guid(42979bfa55571ea4c8190787a7d63dc7) Importer(2089858483,b0f066a214c2f5e87bad3c948f4d605d)
Start importing Assets/karsiori/Sprites/Pixel Art Rock Pile Pack/Rock Pile - ORANGE -/Rock Pile 1 - ORANGE - BIG.PNG using Guid(42979bfa55571ea4c8190787a7d63dc7) Importer(2089858483,b0f066a214c2f5e87bad3c948f4d605d) (ScriptedImporter) -> (artifact id: '712eb93be179712572153ab797e2a1bb') in 0.05917 seconds
Number of updated asset objects reloaded before import = 0Number of asset objects unloaded after import = 3

========================================================================
Received Import Request.
  Time since last request: 0.000019 seconds.
  path: Assets/karsiori/Sprites/Pixel Art Rock Pile Pack/Rock Pile - MOSSY -/Rock Pile 7 - MOSSY - small.PNG
  artifactKey: Guid(fc7e81b1fb158de4eb6acf070ad56815) Importer(2089858483,b0f066a214c2f5e87bad3c948f4d605d)
Start importing Assets/karsiori/Sprites/Pixel Art Rock Pile Pack/Rock Pile - MOSSY -/Rock Pile 7 - MOSSY - small.PNG using Guid(fc7e81b1fb158de4eb6acf070ad56815) Importer(2089858483,b0f066a214c2f5e87bad3c948f4d605d) (ScriptedImporter) -> (artifact id: '73c9b42f52baf2fe035ac5cf5c909e7d') in 0.1022234 seconds
Number of updated asset objects reloaded before import = 0Number of asset objects unloaded after import = 3

========================================================================
Received Import Request.
  Time since last request: 0.000019 seconds.
  path: Assets/karsiori/Sprites/Pixel Art Rock Pile Pack/Rock Pile - MOSSY -/Rock Pile 8 - MOSSY - small.PNG
  artifactKey: Guid(d6846b703640641439a4f2c4fa797eca) Importer(2089858483,b0f066a214c2f5e87bad3c948f4d605d)
Start importing Assets/karsiori/Sprites/Pixel Art Rock Pile Pack/Rock Pile - MOSSY -/Rock Pile 8 - MOSSY - small.PNG using Guid(d6846b703640641439a4f2c4fa797eca) Importer(2089858483,b0f066a214c2f5e87bad3c948f4d605d) (ScriptedImporter) -> (artifact id: 'c9e3f41d3100af9b2ad519982706b85d') in 0.0680414 seconds
Number of updated asset objects reloaded before import = 0Number of asset objects unloaded after import = 3

========================================================================
Received Import Request.
  Time since last request: 0.000039 seconds.
  path: Assets/karsiori/Sprites/Pixel Art Rock Pile Pack/Rock Pile - MOSSY -/Rock Pile 5 - MOSSY - BIG.PNG
  artifactKey: Guid(250d9fb645a73344da8c0fef0ccf945a) Importer(2089858483,b0f066a214c2f5e87bad3c948f4d605d)
Start importing Assets/karsiori/Sprites/Pixel Art Rock Pile Pack/Rock Pile - MOSSY -/Rock Pile 5 - MOSSY - BIG.PNG using Guid(250d9fb645a73344da8c0fef0ccf945a) Importer(2089858483,b0f066a214c2f5e87bad3c948f4d605d) (ScriptedImporter) -> (artifact id: '04264db2bcd76c10f78dd4b24269499c') in 0.1565967 seconds
Number of updated asset objects reloaded before import = 0Number of asset objects unloaded after import = 3

========================================================================
Received Import Request.
  Time since last request: 0.000019 seconds.
  path: Assets/karsiori/Sprites/Pixel Art Rock Pile Pack/Rock Pile - MOSSY -/Rock Pile 5 - MOSSY - small.PNG
  artifactKey: Guid(c34dc36a61cb5bd4c9171bb313a8dab2) Importer(2089858483,b0f066a214c2f5e87bad3c948f4d605d)
Start importing Assets/karsiori/Sprites/Pixel Art Rock Pile Pack/Rock Pile - MOSSY -/Rock Pile 5 - MOSSY - small.PNG using Guid(c34dc36a61cb5bd4c9171bb313a8dab2) Importer(2089858483,b0f066a214c2f5e87bad3c948f4d605d) (ScriptedImporter) -> (artifact id: '6a81bafcb10c91c548869c933a8119f0') in 0.0398834 seconds
Number of updated asset objects reloaded before import = 0Number of asset objects unloaded after import = 3

========================================================================
Received Import Request.
  Time since last request: 0.000017 seconds.
  path: Assets/karsiori/Sprites/Pixel Art Rock Pile Pack/Rock Pile - ORANGE -/Rock Pile 5 - ORANGE - BIG.PNG
  artifactKey: Guid(7b026b5fabaf6d64a8829315dc03a200) Importer(2089858483,b0f066a214c2f5e87bad3c948f4d605d)
Start importing Assets/karsiori/Sprites/Pixel Art Rock Pile Pack/Rock Pile - ORANGE -/Rock Pile 5 - ORANGE - BIG.PNG using Guid(7b026b5fabaf6d64a8829315dc03a200) Importer(2089858483,b0f066a214c2f5e87bad3c948f4d605d) (ScriptedImporter) -> (artifact id: 'a5b0c83ec7f145f66ab82e632b2a2f4d') in 0.0734 seconds
Number of updated asset objects reloaded before import = 0Number of asset objects unloaded after import = 3

========================================================================
Received Import Request.
  Time since last request: 0.000034 seconds.
  path: Assets/karsiori/Sprites/Pixel Art Rock Pile Pack/Rock Pile - ORANGE -/Rock Pile 14 - ORANGE - BIG.PNG
  artifactKey: Guid(3a619240a036297499e069562d6b6231) Importer(2089858483,b0f066a214c2f5e87bad3c948f4d605d)
Start importing Assets/karsiori/Sprites/Pixel Art Rock Pile Pack/Rock Pile - ORANGE -/Rock Pile 14 - ORANGE - BIG.PNG using Guid(3a619240a036297499e069562d6b6231) Importer(2089858483,b0f066a214c2f5e87bad3c948f4d605d) (ScriptedImporter) -> (artifact id: '53caed4c17a8fa5df3b647860cff5445') in 0.0565365 seconds
Number of updated asset objects reloaded before import = 0Number of asset objects unloaded after import = 3

========================================================================
Received Import Request.
  Time since last request: 0.000021 seconds.
  path: Assets/karsiori/Sprites/Pixel Art Rock Pile Pack/Rock Pile - ORANGE -/Rock Pile 13 - ORANGE - small.PNG
  artifactKey: Guid(0f89f09e3376c874ca27bbb6730d7ba6) Importer(2089858483,b0f066a214c2f5e87bad3c948f4d605d)
Start importing Assets/karsiori/Sprites/Pixel Art Rock Pile Pack/Rock Pile - ORANGE -/Rock Pile 13 - ORANGE - small.PNG using Guid(0f89f09e3376c874ca27bbb6730d7ba6) Importer(2089858483,b0f066a214c2f5e87bad3c948f4d605d) (ScriptedImporter) -> (artifact id: 'a8867fefeb6937428a3f653ef2246a66') in 0.0527115 seconds
Number of updated asset objects reloaded before import = 0Number of asset objects unloaded after import = 3

========================================================================
Received Import Request.
  Time since last request: 0.000017 seconds.
  path: Assets/karsiori/Sprites/Pixel Art Rock Pile Pack/Rock Pile - MOSSY -/Rock Pile 9 - MOSSY - small.PNG
  artifactKey: Guid(b8673ef36b847834a91f05af5c60da5f) Importer(2089858483,b0f066a214c2f5e87bad3c948f4d605d)
Start importing Assets/karsiori/Sprites/Pixel Art Rock Pile Pack/Rock Pile - MOSSY -/Rock Pile 9 - MOSSY - small.PNG using Guid(b8673ef36b847834a91f05af5c60da5f) Importer(2089858483,b0f066a214c2f5e87bad3c948f4d605d) (ScriptedImporter) -> (artifact id: '6d416b910214ab407378fb072a84de7b') in 0.0519716 seconds
Number of updated asset objects reloaded before import = 0Number of asset objects unloaded after import = 3

========================================================================
Received Import Request.
  Time since last request: 0.000021 seconds.
  path: Assets/karsiori/Sprites/Pixel Art Rock Pile Pack/Rock Pile - MOSSY -/Rock Pile 3 - MOSSY - BIG.PNG
  artifactKey: Guid(6f3e788eba47b3a42a69c4fa1b8e2025) Importer(2089858483,b0f066a214c2f5e87bad3c948f4d605d)
Start importing Assets/karsiori/Sprites/Pixel Art Rock Pile Pack/Rock Pile - MOSSY -/Rock Pile 3 - MOSSY - BIG.PNG using Guid(6f3e788eba47b3a42a69c4fa1b8e2025) Importer(2089858483,b0f066a214c2f5e87bad3c948f4d605d) (ScriptedImporter) -> (artifact id: 'a25dbac319ebbaa3f6463c356da4f96c') in 0.0596478 seconds
Number of updated asset objects reloaded before import = 0Number of asset objects unloaded after import = 3

========================================================================
Received Import Request.
  Time since last request: 0.000029 seconds.
  path: Assets/Nine Pines Animation/2D Character Sprite Animation - Penguin/Animations/penguin_walk_01.controller
  artifactKey: Guid(2b5b01426e20ee84197526db300bd97f) Importer(2089858483,b0f066a214c2f5e87bad3c948f4d605d)
Start importing Assets/Nine Pines Animation/2D Character Sprite Animation - Penguin/Animations/penguin_walk_01.controller using Guid(2b5b01426e20ee84197526db300bd97f) Importer(2089858483,b0f066a214c2f5e87bad3c948f4d605d) (ScriptedImporter) -> (artifact id: 'b0df7e5beafa84f625ff583b212e7d3a') in 0.0371727 seconds
Number of updated asset objects reloaded before import = 0Number of asset objects unloaded after import = 4

========================================================================
Received Import Request.
  Time since last request: 0.000019 seconds.
  path: Assets/TextMesh Pro/Examples & Extras/Scripts/Benchmark03.cs
  artifactKey: Guid(a73109742c8d47ac822895a473300c29) Importer(2089858483,b0f066a214c2f5e87bad3c948f4d605d)
Start importing Assets/TextMesh Pro/Examples & Extras/Scripts/Benchmark03.cs using Guid(a73109742c8d47ac822895a473300c29) Importer(2089858483,b0f066a214c2f5e87bad3c948f4d605d) (ScriptedImporter) -> (artifact id: '391fa48ddce4068c733c9ebea048fbc9') in 0.0113515 seconds
Number of updated asset objects reloaded before import = 0Number of asset objects unloaded after import = 0

========================================================================
Received Import Request.
  Time since last request: 0.000019 seconds.
  path: Assets/TextMesh Pro/Examples & Extras/Textures/Fruit Jelly (B&W).jpg
  artifactKey: Guid(1cdc5b506b1a4a33a53c30669ced1f51) Importer(2089858483,b0f066a214c2f5e87bad3c948f4d605d)
Start importing Assets/TextMesh Pro/Examples & Extras/Textures/Fruit Jelly (B&W).jpg using Guid(1cdc5b506b1a4a33a53c30669ced1f51) Importer(2089858483,b0f066a214c2f5e87bad3c948f4d605d) (ScriptedImporter) -> (artifact id: '76da92e19811ac4650ea4e48e3ee18f7') in 0.0361946 seconds
Number of updated asset objects reloaded before import = 0Number of asset objects unloaded after import = 1

========================================================================
Received Import Request.
  Time since last request: 0.000031 seconds.
  path: Assets/TextMesh Pro/Examples & Extras/Scripts/ChatController.cs
  artifactKey: Guid(53d91f98a2664f5cb9af11de72ac54ec) Importer(2089858483,b0f066a214c2f5e87bad3c948f4d605d)
Start importing Assets/TextMesh Pro/Examples & Extras/Scripts/ChatController.cs using Guid(53d91f98a2664f5cb9af11de72ac54ec) Importer(2089858483,b0f066a214c2f5e87bad3c948f4d605d) (ScriptedImporter) -> (artifact id: 'df65e53f4f49b8aa4e929b27544018d0') in 0.0121086 seconds
Number of updated asset objects reloaded before import = 0Number of asset objects unloaded after import = 0

========================================================================
Received Import Request.
  Time since last request: 0.000022 seconds.
  path: Assets/Nine Pines Animation/2D Character Sprite Animation - Penguin/sprites/penguin_jumpl_03.png
  artifactKey: Guid(ee1a12069c8273149801819a62088d65) Importer(2089858483,b0f066a214c2f5e87bad3c948f4d605d)
Start importing Assets/Nine Pines Animation/2D Character Sprite Animation - Penguin/sprites/penguin_jumpl_03.png using Guid(ee1a12069c8273149801819a62088d65) Importer(2089858483,b0f066a214c2f5e87bad3c948f4d605d) (ScriptedImporter) -> (artifact id: '5267effeb7e344dce75f25f239ef6567') in 0.1482932 seconds
Number of updated asset objects reloaded before import = 0Number of asset objects unloaded after import = 3

========================================================================
Received Import Request.
  Time since last request: 0.000023 seconds.
  path: Assets/Nine Pines Animation/2D Character Sprite Animation - Penguin/sprites/penguin_jump_02.png
  artifactKey: Guid(371145ea5533f274aa6550d168f1bf4c) Importer(2089858483,b0f066a214c2f5e87bad3c948f4d605d)
Start importing Assets/Nine Pines Animation/2D Character Sprite Animation - Penguin/sprites/penguin_jump_02.png using Guid(371145ea5533f274aa6550d168f1bf4c) Importer(2089858483,b0f066a214c2f5e87bad3c948f4d605d) (ScriptedImporter) -> (artifact id: 'f168edfc7cec854c63dfceb4bd1a197f') in 0.1747104 seconds
Number of updated asset objects reloaded before import = 0Number of asset objects unloaded after import = 3

========================================================================
Received Import Request.
  Time since last request: 0.000020 seconds.
  path: Assets/karsiori/Sprites/Pixel Art Rock Pile Pack/Rock Pile - ORANGE -/Rock Pile 15 - ORANGE - BIG.PNG
  artifactKey: Guid(6b979f3f35c555c44b36ce0fe6302549) Importer(2089858483,b0f066a214c2f5e87bad3c948f4d605d)
Start importing Assets/karsiori/Sprites/Pixel Art Rock Pile Pack/Rock Pile - ORANGE -/Rock Pile 15 - ORANGE - BIG.PNG using Guid(6b979f3f35c555c44b36ce0fe6302549) Importer(2089858483,b0f066a214c2f5e87bad3c948f4d605d) (ScriptedImporter) -> (artifact id: '0600a94095ac183e6b926780f4657c23') in 0.0802401 seconds
Number of updated asset objects reloaded before import = 0Number of asset objects unloaded after import = 3

========================================================================
Received Import Request.
  Time since last request: 0.000026 seconds.
  path: Assets/BayatGames/Free Platform Game Assets/Enemies/New Enemy ( Update 1.9 )/Mace Preview.png
  artifactKey: Guid(fd2bcdf3e54ea53458d24db0284940c2) Importer(2089858483,b0f066a214c2f5e87bad3c948f4d605d)
Start importing Assets/BayatGames/Free Platform Game Assets/Enemies/New Enemy ( Update 1.9 )/Mace Preview.png using Guid(fd2bcdf3e54ea53458d24db0284940c2) Importer(2089858483,b0f066a214c2f5e87bad3c948f4d605d) (ScriptedImporter) -> (artifact id: 'f2ed26951b1e63558a8b593c07f0063f') in 0.103825 seconds
Number of updated asset objects reloaded before import = 0Number of asset objects unloaded after import = 3

========================================================================
Received Import Request.
  Time since last request: 0.000020 seconds.
  path: Assets/karsiori/Sprites/Pixel Art Rock Pile Pack/Rock Pile - WHITE -/Rock Pile 12 - WHITE - small.PNG
  artifactKey: Guid(b5cdeffbe1815cb498d01b4ae7cb56d7) Importer(2089858483,b0f066a214c2f5e87bad3c948f4d605d)
Start importing Assets/karsiori/Sprites/Pixel Art Rock Pile Pack/Rock Pile - WHITE -/Rock Pile 12 - WHITE - small.PNG using Guid(b5cdeffbe1815cb498d01b4ae7cb56d7) Importer(2089858483,b0f066a214c2f5e87bad3c948f4d605d) (ScriptedImporter) -> (artifact id: 'a7d85ac0a1e061cfb697a6fb7561d8de') in 0.0706051 seconds
Number of updated asset objects reloaded before import = 0Number of asset objects unloaded after import = 3

========================================================================
Received Import Request.
  Time since last request: 0.000018 seconds.
  path: Assets/karsiori/Sprites/Pixel Art Rock Pile Pack/Rock Pile - SILVER -/Rock Pile 9 - SILVER - BIG.PNG
  artifactKey: Guid(7504dc3825bafd248993777ee8326aa9) Importer(2089858483,b0f066a214c2f5e87bad3c948f4d605d)
Start importing Assets/karsiori/Sprites/Pixel Art Rock Pile Pack/Rock Pile - SILVER -/Rock Pile 9 - SILVER - BIG.PNG using Guid(7504dc3825bafd248993777ee8326aa9) Importer(2089858483,b0f066a214c2f5e87bad3c948f4d605d) (ScriptedImporter) -> (artifact id: '4f911b732a795666d430970ff0a14050') in 0.0953727 seconds
Number of updated asset objects reloaded before import = 0Number of asset objects unloaded after import = 3

========================================================================
Received Import Request.
  Time since last request: 0.000030 seconds.
  path: Assets/karsiori/Sprites/Pixel Art Rock Pile Pack/Rock Pile - SILVER -/Rock Pile 3 - SILVER - small.PNG
  artifactKey: Guid(28c3f44b28677fd4c85178f0e94f444d) Importer(2089858483,b0f066a214c2f5e87bad3c948f4d605d)
Start importing Assets/karsiori/Sprites/Pixel Art Rock Pile Pack/Rock Pile - SILVER -/Rock Pile 3 - SILVER - small.PNG using Guid(28c3f44b28677fd4c85178f0e94f444d) Importer(2089858483,b0f066a214c2f5e87bad3c948f4d605d) (ScriptedImporter) -> (artifact id: '2047f1215e4d23c47156583713e6cc60') in 0.0470342 seconds
Number of updated asset objects reloaded before import = 0Number of asset objects unloaded after import = 3

========================================================================
Received Import Request.
  Time since last request: 0.000017 seconds.
  path: Assets/karsiori/Sprites/Pixel Art Rock Pile Pack/Rock Pile - SILVER -/Rock Pile 2 - SILVER - BIG.PNG
  artifactKey: Guid(8c2862558c8eeb44eb2bb022b0dd5de7) Importer(2089858483,b0f066a214c2f5e87bad3c948f4d605d)
Start importing Assets/karsiori/Sprites/Pixel Art Rock Pile Pack/Rock Pile - SILVER -/Rock Pile 2 - SILVER - BIG.PNG using Guid(8c2862558c8eeb44eb2bb022b0dd5de7) Importer(2089858483,b0f066a214c2f5e87bad3c948f4d605d) (ScriptedImporter) -> (artifact id: 'fb83d54299fda7d1923d0d032fb28a25') in 0.0489739 seconds
Number of updated asset objects reloaded before import = 0Number of asset objects unloaded after import = 3

========================================================================
Received Import Request.
  Time since last request: 0.000018 seconds.
  path: Assets/karsiori/Sprites/Pixel Art Rock Pile Pack/Rock Pile - SILVER -/Rock Pile 13 - SILVER - BIG.PNG
  artifactKey: Guid(cf51353c572dbd941be819861dcc6650) Importer(2089858483,b0f066a214c2f5e87bad3c948f4d605d)
Start importing Assets/karsiori/Sprites/Pixel Art Rock Pile Pack/Rock Pile - SILVER -/Rock Pile 13 - SILVER - BIG.PNG using Guid(cf51353c572dbd941be819861dcc6650) Importer(2089858483,b0f066a214c2f5e87bad3c948f4d605d) (ScriptedImporter) -> (artifact id: '412082724f8d7157dac1c2ccf31c21fc') in 0.0422596 seconds
Number of updated asset objects reloaded before import = 0Number of asset objects unloaded after import = 3

========================================================================
Received Import Request.
  Time since last request: 0.000018 seconds.
  path: Assets/karsiori/Sprites/Pixel Art Rock Pile Pack/Rock Pile - SILVER -/Rock Pile 13 - SILVER - small.PNG
  artifactKey: Guid(5f1ac6cfe20679d45afa9be9bfc7463d) Importer(2089858483,b0f066a214c2f5e87bad3c948f4d605d)
Start importing Assets/karsiori/Sprites/Pixel Art Rock Pile Pack/Rock Pile - SILVER -/Rock Pile 13 - SILVER - small.PNG using Guid(5f1ac6cfe20679d45afa9be9bfc7463d) Importer(2089858483,b0f066a214c2f5e87bad3c948f4d605d) (ScriptedImporter) -> (artifact id: '4f91a95c428dfca1192a423ebfa831cf') in 0.0412993 seconds
Number of updated asset objects reloaded before import = 0Number of asset objects unloaded after import = 3

========================================================================
Received Import Request.
  Time since last request: 0.000029 seconds.
  path: Assets/karsiori/Sprites/Pixel Art Rock Pile Pack/Rock Pile - ORANGE -/Rock Pile 9 - ORANGE - BIG.PNG
  artifactKey: Guid(227d36ce855ae5143aba237f74210f3b) Importer(2089858483,b0f066a214c2f5e87bad3c948f4d605d)
Start importing Assets/karsiori/Sprites/Pixel Art Rock Pile Pack/Rock Pile - ORANGE -/Rock Pile 9 - ORANGE - BIG.PNG using Guid(227d36ce855ae5143aba237f74210f3b) Importer(2089858483,b0f066a214c2f5e87bad3c948f4d605d) (ScriptedImporter) -> (artifact id: '7b4caa5eb523b2cbfd42e639d6e530f8') in 0.0562417 seconds
Number of updated asset objects reloaded before import = 0Number of asset objects unloaded after import = 3

========================================================================
Received Import Request.
  Time since last request: 0.000016 seconds.
  path: Assets/karsiori/Sprites/Pixel Art Rock Pile Pack/Rock Pile - WHITE -/Rock Pile 1 - WHITE - small.PNG
  artifactKey: Guid(01ef063a1fd699740b80fd9f0ff3f962) Importer(2089858483,b0f066a214c2f5e87bad3c948f4d605d)
Start importing Assets/karsiori/Sprites/Pixel Art Rock Pile Pack/Rock Pile - WHITE -/Rock Pile 1 - WHITE - small.PNG using Guid(01ef063a1fd699740b80fd9f0ff3f962) Importer(2089858483,b0f066a214c2f5e87bad3c948f4d605d) (ScriptedImporter) -> (artifact id: '6ea93efd4c4af887e42317caedc98b71') in 0.0697372 seconds
Number of updated asset objects reloaded before import = 0Number of asset objects unloaded after import = 3

========================================================================
Received Import Request.
  Time since last request: 0.000019 seconds.
  path: Assets/karsiori/Sprites/Pixel Art Rock Pile Pack/Rock Pile - WHITE -/Rock Pile 13 - WHITE - small.PNG
  artifactKey: Guid(b06aef5a1486abe4f8d04356e5ef3284) Importer(2089858483,b0f066a214c2f5e87bad3c948f4d605d)
Start importing Assets/karsiori/Sprites/Pixel Art Rock Pile Pack/Rock Pile - WHITE -/Rock Pile 13 - WHITE - small.PNG using Guid(b06aef5a1486abe4f8d04356e5ef3284) Importer(2089858483,b0f066a214c2f5e87bad3c948f4d605d) (ScriptedImporter) -> (artifact id: '3e224bd60091c14909b4b058eeaa7e30') in 0.0992042 seconds
Number of updated asset objects reloaded before import = 0Number of asset objects unloaded after import = 3

========================================================================
Received Import Request.
  Time since last request: 0.000027 seconds.
  path: Assets/karsiori/Sprites/Pixel Art Rock Pile Pack/Rock Pile - SILVER -/Rock Pile 7 - SILVER - small.PNG
  artifactKey: Guid(5294deb6588cf1740b9a18c73f6a3355) Importer(2089858483,b0f066a214c2f5e87bad3c948f4d605d)
Start importing Assets/karsiori/Sprites/Pixel Art Rock Pile Pack/Rock Pile - SILVER -/Rock Pile 7 - SILVER - small.PNG using Guid(5294deb6588cf1740b9a18c73f6a3355) Importer(2089858483,b0f066a214c2f5e87bad3c948f4d605d) (ScriptedImporter) -> (artifact id: 'dc8238c01b4e7b8debc55610c7dc0729') in 0.1491443 seconds
Number of updated asset objects reloaded before import = 0Number of asset objects unloaded after import = 3

========================================================================
Received Import Request.
  Time since last request: 0.000015 seconds.
  path: Assets/karsiori/Sprites/Pixel Art Rock Pile Pack/Rock Pile - WHITE -/Rock Pile 15 - WHITE - small.PNG
  artifactKey: Guid(6ed062ab5287a344793e2ea16cff7e8f) Importer(2089858483,b0f066a214c2f5e87bad3c948f4d605d)
Start importing Assets/karsiori/Sprites/Pixel Art Rock Pile Pack/Rock Pile - WHITE -/Rock Pile 15 - WHITE - small.PNG using Guid(6ed062ab5287a344793e2ea16cff7e8f) Importer(2089858483,b0f066a214c2f5e87bad3c948f4d605d) (ScriptedImporter) -> (artifact id: '39202ae9936f03fc9b4f509761de326e') in 0.1982615 seconds
Number of updated asset objects reloaded before import = 0Number of asset objects unloaded after import = 3

========================================================================
Received Import Request.
  Time since last request: 0.000017 seconds.
  path: Assets/karsiori/Sprites/Pixel Art Rock Pile Pack/Rock Pile - WHITE -/Rock Pile 11 - WHITE - BIG.PNG
  artifactKey: Guid(0a57ba8850e799c4d8f7f1eca7dc5b7f) Importer(2089858483,b0f066a214c2f5e87bad3c948f4d605d)
Start importing Assets/karsiori/Sprites/Pixel Art Rock Pile Pack/Rock Pile - WHITE -/Rock Pile 11 - WHITE - BIG.PNG using Guid(0a57ba8850e799c4d8f7f1eca7dc5b7f) Importer(2089858483,b0f066a214c2f5e87bad3c948f4d605d) (ScriptedImporter) -> (artifact id: 'eb26f60525802eccefb1c43b24232d0d') in 0.1486611 seconds
Number of updated asset objects reloaded before import = 0Number of asset objects unloaded after import = 3

========================================================================
Received Import Request.
  Time since last request: 0.000025 seconds.
  path: Assets/karsiori/Sprites/Pixel Art Rock Pile Pack/Rock Pile - ORANGE -/Rock Pile 9 - ORANGE - small.PNG
  artifactKey: Guid(0dcac49c83ab4c84b915fc9405f2ae76) Importer(2089858483,b0f066a214c2f5e87bad3c948f4d605d)
Start importing Assets/karsiori/Sprites/Pixel Art Rock Pile Pack/Rock Pile - ORANGE -/Rock Pile 9 - ORANGE - small.PNG using Guid(0dcac49c83ab4c84b915fc9405f2ae76) Importer(2089858483,b0f066a214c2f5e87bad3c948f4d605d) (ScriptedImporter) -> (artifact id: 'acd4e6fd81eb75e31c546476e066f94d') in 0.0661882 seconds
Number of updated asset objects reloaded before import = 0Number of asset objects unloaded after import = 3

========================================================================
Received Import Request.
  Time since last request: 0.000017 seconds.
  path: Assets/karsiori/Sprites/Pixel Art Rock Pile Pack/Rock Pile - SILVER -/Rock Pile 10 - SILVER - BIG.PNG
  artifactKey: Guid(ca6bea46b2872734596775c66f545f1f) Importer(2089858483,b0f066a214c2f5e87bad3c948f4d605d)
Start importing Assets/karsiori/Sprites/Pixel Art Rock Pile Pack/Rock Pile - SILVER -/Rock Pile 10 - SILVER - BIG.PNG using Guid(ca6bea46b2872734596775c66f545f1f) Importer(2089858483,b0f066a214c2f5e87bad3c948f4d605d) (ScriptedImporter) -> (artifact id: 'f55808adee0ac3006794f67bf48c1018') in 0.0851562 seconds
Number of updated asset objects reloaded before import = 0Number of asset objects unloaded after import = 3

========================================================================
Received Import Request.
  Time since last request: 0.000019 seconds.
  path: Assets/karsiori/Sprites/Pixel Art Rock Pile Pack/Rock Pile - SILVER -/Rock Pile 12 - SILVER - small.PNG
  artifactKey: Guid(4c23a9e314507834f94b50c0a7b81277) Importer(2089858483,b0f066a214c2f5e87bad3c948f4d605d)
Start importing Assets/karsiori/Sprites/Pixel Art Rock Pile Pack/Rock Pile - SILVER -/Rock Pile 12 - SILVER - small.PNG using Guid(4c23a9e314507834f94b50c0a7b81277) Importer(2089858483,b0f066a214c2f5e87bad3c948f4d605d) (ScriptedImporter) -> (artifact id: '1e13a38c3e40c9836c5b20495c54a5f1') in 0.0717855 seconds
Number of updated asset objects reloaded before import = 0Number of asset objects unloaded after import = 3

========================================================================
Received Import Request.
  Time since last request: 0.000028 seconds.
  path: Assets/karsiori/Sprites/Pixel Art Rock Pile Pack/Rock Pile - SILVER -/Rock Pile 8 - SILVER - BIG.PNG
  artifactKey: Guid(fd31e44c84c071f45954edd7339c64e2) Importer(2089858483,b0f066a214c2f5e87bad3c948f4d605d)
Start importing Assets/karsiori/Sprites/Pixel Art Rock Pile Pack/Rock Pile - SILVER -/Rock Pile 8 - SILVER - BIG.PNG using Guid(fd31e44c84c071f45954edd7339c64e2) Importer(2089858483,b0f066a214c2f5e87bad3c948f4d605d) (ScriptedImporter) -> (artifact id: 'c4bec96c4976d188db1ef53af9b5a417') in 0.0309545 seconds
Number of updated asset objects reloaded before import = 0Number of asset objects unloaded after import = 3

========================================================================
Received Import Request.
  Time since last request: 0.000016 seconds.
  path: Assets/karsiori/Sprites/Pixel Art Rock Pile Pack/Rock Pile - WHITE -/Rock Pile 14 - WHITE - small.PNG
  artifactKey: Guid(e3599af5a3fe9df4ba07fdd6d154de38) Importer(2089858483,b0f066a214c2f5e87bad3c948f4d605d)
Start importing Assets/karsiori/Sprites/Pixel Art Rock Pile Pack/Rock Pile - WHITE -/Rock Pile 14 - WHITE - small.PNG using Guid(e3599af5a3fe9df4ba07fdd6d154de38) Importer(2089858483,b0f066a214c2f5e87bad3c948f4d605d) (ScriptedImporter) -> (artifact id: '07d29f81e1d3f73b13c18dc98a9c3deb') in 0.0655534 seconds
Number of updated asset objects reloaded before import = 0Number of asset objects unloaded after import = 3

========================================================================
Received Import Request.
  Time since last request: 0.000018 seconds.
  path: Assets/karsiori/Sprites/Pixel Art Rock Pile Pack/Rock Pile - WHITE -/Rock Pile 10 - WHITE - small.PNG
  artifactKey: Guid(5611bd223a6f27d4698eaa18532e4a8f) Importer(2089858483,b0f066a214c2f5e87bad3c948f4d605d)
Start importing Assets/karsiori/Sprites/Pixel Art Rock Pile Pack/Rock Pile - WHITE -/Rock Pile 10 - WHITE - small.PNG using Guid(5611bd223a6f27d4698eaa18532e4a8f) Importer(2089858483,b0f066a214c2f5e87bad3c948f4d605d) (ScriptedImporter) -> (artifact id: '11cdec22fd0ec899c5893b6d409693c8') in 0.1812068 seconds
Number of updated asset objects reloaded before import = 0Number of asset objects unloaded after import = 3

========================================================================
Received Import Request.
  Time since last request: 0.000028 seconds.
  path: Assets/karsiori/Sprites/Pixel Art Rock Pile Pack/Rock Pile - SILVER -/Rock Pile 11 - SILVER - BIG.PNG
  artifactKey: Guid(41886a4facb2d4944a3f94767b8cef39) Importer(2089858483,b0f066a214c2f5e87bad3c948f4d605d)
Start importing Assets/karsiori/Sprites/Pixel Art Rock Pile Pack/Rock Pile - SILVER -/Rock Pile 11 - SILVER - BIG.PNG using Guid(41886a4facb2d4944a3f94767b8cef39) Importer(2089858483,b0f066a214c2f5e87bad3c948f4d605d) (ScriptedImporter) -> (artifact id: '8f5b3d1ee74520441bcb5ba1dc7a36ca') in 0.1301292 seconds
Number of updated asset objects reloaded before import = 0Number of asset objects unloaded after import = 3

========================================================================
Received Import Request.
  Time since last request: 0.000015 seconds.
  path: Assets/TextMesh Pro/Examples & Extras/Scenes/13 - Soft Hyphenation.unity
  artifactKey: Guid(875684baf40f4d008ce806d03e2a81b2) Importer(2089858483,b0f066a214c2f5e87bad3c948f4d605d)
Start importing Assets/TextMesh Pro/Examples & Extras/Scenes/13 - Soft Hyphenation.unity using Guid(875684baf40f4d008ce806d03e2a81b2) Importer(2089858483,b0f066a214c2f5e87bad3c948f4d605d) (ScriptedImporter) -> (artifact id: '697bc14c913dc46a1a9073f2dca9aeaa') in 0.0665302 seconds
Number of updated asset objects reloaded before import = 0Number of asset objects unloaded after import = 1

========================================================================
Received Import Request.
  Time since last request: 0.000019 seconds.
  path: Assets/BayatGames/Free Platform Game Assets/Coin Animation/ai/Coin Animation.ai
  artifactKey: Guid(798c51dbb8e25474181a5d7bbb025341) Importer(2089858483,b0f066a214c2f5e87bad3c948f4d605d)
Start importing Assets/BayatGames/Free Platform Game Assets/Coin Animation/ai/Coin Animation.ai using Guid(798c51dbb8e25474181a5d7bbb025341) Importer(2089858483,b0f066a214c2f5e87bad3c948f4d605d) (ScriptedImporter) -> (artifact id: 'a9f86c0fbc4b786c3ae1f7f2c76fe137') in 0.0308009 seconds
Number of updated asset objects reloaded before import = 0Number of asset objects unloaded after import = 1

========================================================================
Received Import Request.
  Time since last request: 0.000026 seconds.
  path: Assets/karsiori/Sprites/Pixel Art Rock Pile Pack/Rock Pile - ORANGE -/Rock Pile 12 - ORANGE - BIG.PNG
  artifactKey: Guid(ed6a98addcb60594f8a263b4d6413147) Importer(2089858483,b0f066a214c2f5e87bad3c948f4d605d)
Start importing Assets/karsiori/Sprites/Pixel Art Rock Pile Pack/Rock Pile - ORANGE -/Rock Pile 12 - ORANGE - BIG.PNG using Guid(ed6a98addcb60594f8a263b4d6413147) Importer(2089858483,b0f066a214c2f5e87bad3c948f4d605d) (ScriptedImporter) -> (artifact id: 'ea5c86c549d872607e99f90423687f35') in 0.0586426 seconds
Number of updated asset objects reloaded before import = 0Number of asset objects unloaded after import = 3

========================================================================
Received Import Request.
  Time since last request: 0.000018 seconds.
  path: Assets/BayatGames/Free Platform Game Assets/GUI ( Update 1.7 )/eps/Empty Buttons.eps
  artifactKey: Guid(ea55d3e41a14d244e82dc6daef0ce25d) Importer(2089858483,b0f066a214c2f5e87bad3c948f4d605d)
Start importing Assets/BayatGames/Free Platform Game Assets/GUI ( Update 1.7 )/eps/Empty Buttons.eps using Guid(ea55d3e41a14d244e82dc6daef0ce25d) Importer(2089858483,b0f066a214c2f5e87bad3c948f4d605d) (ScriptedImporter) -> (artifact id: 'b9975a769b9cbd6a04f2a68e93fc616c') in 0.0112312 seconds
Number of updated asset objects reloaded before import = 0Number of asset objects unloaded after import = 1

========================================================================
Received Import Request.
  Time since last request: 0.000023 seconds.
  path: Assets/karsiori/Sprites/Pixel Art Rock Pile Pack/Rock Pile - ORANGE -/Rock Pile 4 - ORANGE - BIG.PNG
  artifactKey: Guid(cde9aecaee896b64a9a8d29a2b6800a2) Importer(2089858483,b0f066a214c2f5e87bad3c948f4d605d)
Start importing Assets/karsiori/Sprites/Pixel Art Rock Pile Pack/Rock Pile - ORANGE -/Rock Pile 4 - ORANGE - BIG.PNG using Guid(cde9aecaee896b64a9a8d29a2b6800a2) Importer(2089858483,b0f066a214c2f5e87bad3c948f4d605d) (ScriptedImporter) -> (artifact id: 'c87940a9ca149c8fa46c7825d33f2d2e') in 0.1027252 seconds
Number of updated asset objects reloaded before import = 0Number of asset objects unloaded after import = 3

========================================================================
Received Import Request.
  Time since last request: 0.000026 seconds.
  path: Assets/TextMesh Pro/Examples & Extras/Resources/Fonts & Materials/Bangers SDF Glow.mat
  artifactKey: Guid(d75b8f41e959450c84ac6e967084d3e1) Importer(2089858483,b0f066a214c2f5e87bad3c948f4d605d)
Start importing Assets/TextMesh Pro/Examples & Extras/Resources/Fonts & Materials/Bangers SDF Glow.mat using Guid(d75b8f41e959450c84ac6e967084d3e1) Importer(2089858483,b0f066a214c2f5e87bad3c948f4d605d) (ScriptedImporter) -> (artifact id: 'f05347c8ae46ee97c5ed260337365b92') in 0.1305917 seconds
Number of updated asset objects reloaded before import = 0Number of asset objects unloaded after import = 3

========================================================================
Received Import Request.
  Time since last request: 0.000018 seconds.
  path: Assets/TextMesh Pro/Examples & Extras/Resources/Fonts & Materials/Bangers SDF - Drop Shadow - 2 Pass.mat
  artifactKey: Guid(947a44964e53bf0448ff698b2a2219c0) Importer(2089858483,b0f066a214c2f5e87bad3c948f4d605d)
Start importing Assets/TextMesh Pro/Examples & Extras/Resources/Fonts & Materials/Bangers SDF - Drop Shadow - 2 Pass.mat using Guid(947a44964e53bf0448ff698b2a2219c0) Importer(2089858483,b0f066a214c2f5e87bad3c948f4d605d) (ScriptedImporter) -> (artifact id: 'd333ee1ace734505feddd5db6ac9580e') in 0.0128244 seconds
Number of updated asset objects reloaded before import = 0Number of asset objects unloaded after import = 2

========================================================================
Received Import Request.
  Time since last request: 0.000019 seconds.
  path: Assets/TextMesh Pro/Examples & Extras/Resources/Color Gradient Presets/Dark to Light Green - Vertical.asset
  artifactKey: Guid(4c86a3366cd840348ebe8dc438570ee4) Importer(2089858483,b0f066a214c2f5e87bad3c948f4d605d)
Start importing Assets/TextMesh Pro/Examples & Extras/Resources/Color Gradient Presets/Dark to Light Green - Vertical.asset using Guid(4c86a3366cd840348ebe8dc438570ee4) Importer(2089858483,b0f066a214c2f5e87bad3c948f4d605d) (ScriptedImporter) -> (artifact id: '4e15a3bcfe49c3e598af47886f6ea3b1') in 0.0150415 seconds
Number of updated asset objects reloaded before import = 0Number of asset objects unloaded after import = 1

========================================================================
Received Import Request.
  Time since last request: 0.000027 seconds.
  path: Assets/LSL/LSL4Unity/Runtime/Prefabs/LabStreamingLayer.prefab
  artifactKey: Guid(341f3d812511a334eb88d59274891c3a) Importer(2089858483,b0f066a214c2f5e87bad3c948f4d605d)
Start importing Assets/LSL/LSL4Unity/Runtime/Prefabs/LabStreamingLayer.prefab using Guid(341f3d812511a334eb88d59274891c3a) Importer(2089858483,b0f066a214c2f5e87bad3c948f4d605d) (ScriptedImporter) -> (artifact id: '42c85f729a096f3e6b04b60394cfb9c7') in 0.0803666 seconds
Number of updated asset objects reloaded before import = 0Number of asset objects unloaded after import = 5

========================================================================
Received Import Request.
  Time since last request: 0.000017 seconds.
  path: Assets/TextMesh Pro/Examples & Extras/Resources/Fonts & Materials/Roboto-Bold SDF - HDRP Unlit.mat
  artifactKey: Guid(2ddca8f46aa0838419d568affb0ca6b4) Importer(2089858483,b0f066a214c2f5e87bad3c948f4d605d)
Start importing Assets/TextMesh Pro/Examples & Extras/Resources/Fonts & Materials/Roboto-Bold SDF - HDRP Unlit.mat using Guid(2ddca8f46aa0838419d568affb0ca6b4) Importer(2089858483,b0f066a214c2f5e87bad3c948f4d605d) (ScriptedImporter) -> (artifact id: '785bbdffabf19ea05cd14fc78c4979ed') in 0.0651996 seconds
Number of updated asset objects reloaded before import = 0Number of asset objects unloaded after import = 4

========================================================================
Received Import Request.
  Time since last request: 0.000016 seconds.
  path: Assets/karsiori/Sprites/Pixel Art Rock Pile Pack/Rock Pile - WHITE -/Rock Pile 4 - WHITE - BIG.PNG
  artifactKey: Guid(db2b34c3e6de4b04997c5a784bf08a50) Importer(2089858483,b0f066a214c2f5e87bad3c948f4d605d)
Start importing Assets/karsiori/Sprites/Pixel Art Rock Pile Pack/Rock Pile - WHITE -/Rock Pile 4 - WHITE - BIG.PNG using Guid(db2b34c3e6de4b04997c5a784bf08a50) Importer(2089858483,b0f066a214c2f5e87bad3c948f4d605d) (ScriptedImporter) -> (artifact id: '51cd5d8aeb1b665d360afc9cb4225de4') in 0.2214622 seconds
Number of updated asset objects reloaded before import = 0Number of asset objects unloaded after import = 3

========================================================================
Received Import Request.
  Time since last request: 0.000031 seconds.
  path: Assets/karsiori/Sprites/Pixel Art Rock Pile Pack/Rock Pile - WHITE -/Rock Pile 7 - WHITE - small.PNG
  artifactKey: Guid(14b650ea6ffd2404bba30675038546ca) Importer(2089858483,b0f066a214c2f5e87bad3c948f4d605d)
Start importing Assets/karsiori/Sprites/Pixel Art Rock Pile Pack/Rock Pile - WHITE -/Rock Pile 7 - WHITE - small.PNG using Guid(14b650ea6ffd2404bba30675038546ca) Importer(2089858483,b0f066a214c2f5e87bad3c948f4d605d) (ScriptedImporter) -> (artifact id: 'fe8419c170937fe533f51598524ac63e') in 0.3355462 seconds
Number of updated asset objects reloaded before import = 0Number of asset objects unloaded after import = 3

========================================================================
Received Import Request.
  Time since last request: 0.000020 seconds.
  path: Assets/karsiori/Sprites/Pixel Art Rock Pile Pack/Rock Pile - WHITE -/Rock Pile 7 - WHITE - BIG.PNG
  artifactKey: Guid(e85a0a0918a3c144fb852086799e5a78) Importer(2089858483,b0f066a214c2f5e87bad3c948f4d605d)
Start importing Assets/karsiori/Sprites/Pixel Art Rock Pile Pack/Rock Pile - WHITE -/Rock Pile 7 - WHITE - BIG.PNG using Guid(e85a0a0918a3c144fb852086799e5a78) Importer(2089858483,b0f066a214c2f5e87bad3c948f4d605d) (ScriptedImporter) -> (artifact id: 'b90961a8d62aecc2d205dec6f8a9bbb0') in 0.2158604 seconds
Number of updated asset objects reloaded before import = 0Number of asset objects unloaded after import = 3

========================================================================
Received Import Request.
  Time since last request: 0.000028 seconds.
  path: Assets/karsiori/Sprites/Pixel Art Rock Pile Pack/Rock Pile - WHITE -/Rock Pile 2 - WHITE - small.PNG
  artifactKey: Guid(57d9c0cf45c3b62409d998bf34451ad0) Importer(2089858483,b0f066a214c2f5e87bad3c948f4d605d)
Start importing Assets/karsiori/Sprites/Pixel Art Rock Pile Pack/Rock Pile - WHITE -/Rock Pile 2 - WHITE - small.PNG using Guid(57d9c0cf45c3b62409d998bf34451ad0) Importer(2089858483,b0f066a214c2f5e87bad3c948f4d605d) (ScriptedImporter) -> (artifact id: '6d49043c010148a27665e86552a56c83') in 0.0786821 seconds
Number of updated asset objects reloaded before import = 0Number of asset objects unloaded after import = 3

========================================================================
Received Import Request.
  Time since last request: 0.000017 seconds.
  path: Assets/TextMesh Pro/Examples & Extras/Resources/Fonts & Materials/Anton SDF - Outline.mat
  artifactKey: Guid(a00013af81304728b2be1f4309ee2433) Importer(2089858483,b0f066a214c2f5e87bad3c948f4d605d)
Start importing Assets/TextMesh Pro/Examples & Extras/Resources/Fonts & Materials/Anton SDF - Outline.mat using Guid(a00013af81304728b2be1f4309ee2433) Importer(2089858483,b0f066a214c2f5e87bad3c948f4d605d) (ScriptedImporter) -> (artifact id: 'ab52cbd74cc5bd33bb27c6d36f53eeb3') in 0.0596393 seconds
Number of updated asset objects reloaded before import = 0Number of asset objects unloaded after import = 2

========================================================================
Received Import Request.
  Time since last request: 0.000017 seconds.
  path: Assets/TextMesh Pro/Examples & Extras/Resources/Fonts & Materials/LiberationSans SDF - Soft Mask.mat
  artifactKey: Guid(42df1c7856584b6b8db9a509b6b10074) Importer(2089858483,b0f066a214c2f5e87bad3c948f4d605d)
Start importing Assets/TextMesh Pro/Examples & Extras/Resources/Fonts & Materials/LiberationSans SDF - Soft Mask.mat using Guid(42df1c7856584b6b8db9a509b6b10074) Importer(2089858483,b0f066a214c2f5e87bad3c948f4d605d) (ScriptedImporter) -> (artifact id: 'f005561a3730cb7519cb27addd137c15') in 0.0412173 seconds
Number of updated asset objects reloaded before import = 0Number of asset objects unloaded after import = 3

========================================================================
Received Import Request.
  Time since last request: 0.000022 seconds.
  path: Assets/karsiori/Sprites/Pixel Art Rock Pile Pack/Rock Pile - WHITE -/Rock Pile 3 - WHITE - BIG.PNG
  artifactKey: Guid(8cc950f8c4c839149b412912e0a41682) Importer(2089858483,b0f066a214c2f5e87bad3c948f4d605d)
Start importing Assets/karsiori/Sprites/Pixel Art Rock Pile Pack/Rock Pile - WHITE -/Rock Pile 3 - WHITE - BIG.PNG using Guid(8cc950f8c4c839149b412912e0a41682) Importer(2089858483,b0f066a214c2f5e87bad3c948f4d605d) (ScriptedImporter) -> (artifact id: '599a2766a7c6596d90ba2e14b1ef1e2f') in 0.0586903 seconds
Number of updated asset objects reloaded before import = 0Number of asset objects unloaded after import = 3

========================================================================
Received Import Request.
  Time since last request: 0.000027 seconds.
  path: Assets/TextMesh Pro/Examples & Extras/Resources/Fonts & Materials/Bangers SDF - Outline.mat
  artifactKey: Guid(f629c6e43dba4bf38cb74d8860150664) Importer(2089858483,b0f066a214c2f5e87bad3c948f4d605d)
Start importing Assets/TextMesh Pro/Examples & Extras/Resources/Fonts & Materials/Bangers SDF - Outline.mat using Guid(f629c6e43dba4bf38cb74d8860150664) Importer(2089858483,b0f066a214c2f5e87bad3c948f4d605d) (ScriptedImporter) -> (artifact id: '66b2a86dbbb189c6cf4e47d91c4cd8f8') in 0.0132092 seconds
Number of updated asset objects reloaded before import = 0Number of asset objects unloaded after import = 2

========================================================================
Received Import Request.
  Time since last request: 0.000018 seconds.
  path: Assets/TextMesh Pro/Examples & Extras/Resources/Fonts & Materials/Anton SDF - Sunny Days.mat
  artifactKey: Guid(6522f30e342599e4e9dd4cc2cc03c830) Importer(2089858483,b0f066a214c2f5e87bad3c948f4d605d)
Start importing Assets/TextMesh Pro/Examples & Extras/Resources/Fonts & Materials/Anton SDF - Sunny Days.mat using Guid(6522f30e342599e4e9dd4cc2cc03c830) Importer(2089858483,b0f066a214c2f5e87bad3c948f4d605d) (ScriptedImporter) -> (artifact id: 'f0725ceafc59d9f85d240ac39685efbc') in 0.0686854 seconds
Number of updated asset objects reloaded before import = 0Number of asset objects unloaded after import = 4

========================================================================
Received Import Request.
  Time since last request: 0.000019 seconds.
  path: Assets/TextMesh Pro/Examples & Extras/Resources/Color Gradient Presets/Blue to Purple - Vertical.asset
  artifactKey: Guid(479a66fa4b094512a62b0a8e553ad95a) Importer(2089858483,b0f066a214c2f5e87bad3c948f4d605d)
Start importing Assets/TextMesh Pro/Examples & Extras/Resources/Color Gradient Presets/Blue to Purple - Vertical.asset using Guid(479a66fa4b094512a62b0a8e553ad95a) Importer(2089858483,b0f066a214c2f5e87bad3c948f4d605d) (ScriptedImporter) -> (artifact id: 'c4b5c106b64f80ce09f32c6d9a1094b4') in 0.0138173 seconds
Number of updated asset objects reloaded before import = 0Number of asset objects unloaded after import = 1

========================================================================
Received Import Request.
  Time since last request: 0.000022 seconds.
  path: Assets/TextMesh Pro/Examples & Extras/Resources/Fonts & Materials/Roboto-Bold SDF - Surface.mat
  artifactKey: Guid(e6b276ec991f467aa14ef1f3cc665993) Importer(2089858483,b0f066a214c2f5e87bad3c948f4d605d)
Start importing Assets/TextMesh Pro/Examples & Extras/Resources/Fonts & Materials/Roboto-Bold SDF - Surface.mat using Guid(e6b276ec991f467aa14ef1f3cc665993) Importer(2089858483,b0f066a214c2f5e87bad3c948f4d605d) (ScriptedImporter) -> (artifact id: 'a72727de6287a262587cf1ceffb06630') in 0.0357486 seconds
Number of updated asset objects reloaded before import = 0Number of asset objects unloaded after import = 2

========================================================================
Received Import Request.
  Time since last request: 0.000028 seconds.
  path: Assets/TextMesh Pro/Examples & Extras/Resources/Fonts & Materials/Bangers SDF Logo.mat
  artifactKey: Guid(f4e195ac1e204eff960149d1cb34e18c) Importer(2089858483,b0f066a214c2f5e87bad3c948f4d605d)
Start importing Assets/TextMesh Pro/Examples & Extras/Resources/Fonts & Materials/Bangers SDF Logo.mat using Guid(f4e195ac1e204eff960149d1cb34e18c) Importer(2089858483,b0f066a214c2f5e87bad3c948f4d605d) (ScriptedImporter) -> (artifact id: '9dc059e9da5b2e4270d11ea87531254a') in 0.0289152 seconds
Number of updated asset objects reloaded before import = 0Number of asset objects unloaded after import = 4

========================================================================
Received Import Request.
  Time since last request: 0.000019 seconds.
  path: Assets/karsiori/Sprites/Pixel Art Rock Pile Pack/Rock Pile - WHITE -/Rock Pile 6 - WHITE - small.PNG
  artifactKey: Guid(2e30322df1d94014e81b75e4c4ff2dbd) Importer(2089858483,b0f066a214c2f5e87bad3c948f4d605d)
Start importing Assets/karsiori/Sprites/Pixel Art Rock Pile Pack/Rock Pile - WHITE -/Rock Pile 6 - WHITE - small.PNG using Guid(2e30322df1d94014e81b75e4c4ff2dbd) Importer(2089858483,b0f066a214c2f5e87bad3c948f4d605d) (ScriptedImporter) -> (artifact id: '9e30e6187670e59cc7fbeba98b49109d') in 0.1145677 seconds
Number of updated asset objects reloaded before import = 0Number of asset objects unloaded after import = 3

========================================================================
Received Import Request.
  Time since last request: 0.000017 seconds.
  path: Assets/TextMesh Pro/Examples & Extras/Scenes/24 - Surface Shader Example.unity
  artifactKey: Guid(8c4969fd8ba94a68b07cf11f3e7a5137) Importer(2089858483,b0f066a214c2f5e87bad3c948f4d605d)
Start importing Assets/TextMesh Pro/Examples & Extras/Scenes/24 - Surface Shader Example.unity using Guid(8c4969fd8ba94a68b07cf11f3e7a5137) Importer(2089858483,b0f066a214c2f5e87bad3c948f4d605d) (ScriptedImporter) -> (artifact id: '2ca66c8dac2dca87908e224b28dfd717') in 0.0872436 seconds
Number of updated asset objects reloaded before import = 0Number of asset objects unloaded after import = 1

========================================================================
Received Import Request.
  Time since last request: 0.000018 seconds.
  path: Assets/TextMesh Pro/Examples & Extras/Scenes/15 - Inline Graphics & Sprites.unity
  artifactKey: Guid(e76e6c0f81964cbda3fe0b7d26ed8060) Importer(2089858483,b0f066a214c2f5e87bad3c948f4d605d)
Start importing Assets/TextMesh Pro/Examples & Extras/Scenes/15 - Inline Graphics & Sprites.unity using Guid(e76e6c0f81964cbda3fe0b7d26ed8060) Importer(2089858483,b0f066a214c2f5e87bad3c948f4d605d) (ScriptedImporter) -> (artifact id: '95421f100a9b56c9ac2ee0a03fca11d4') in 0.0367087 seconds
Number of updated asset objects reloaded before import = 0Number of asset objects unloaded after import = 1

========================================================================
Received Import Request.
  Time since last request: 0.000026 seconds.
  path: Assets/karsiori/Sprites/Pixel Art Rock Pile Pack/Rock Pile - ORANGE -/Rock Pile 12 - ORANGE - small.PNG
  artifactKey: Guid(8e42c69bbddf69041adbc7ae83dcf96d) Importer(2089858483,b0f066a214c2f5e87bad3c948f4d605d)
Start importing Assets/karsiori/Sprites/Pixel Art Rock Pile Pack/Rock Pile - ORANGE -/Rock Pile 12 - ORANGE - small.PNG using Guid(8e42c69bbddf69041adbc7ae83dcf96d) Importer(2089858483,b0f066a214c2f5e87bad3c948f4d605d) (ScriptedImporter) -> (artifact id: '6ae1eff999b6d4027bc30778dbc0fbd9') in 0.0505706 seconds
Number of updated asset objects reloaded before import = 0Number of asset objects unloaded after import = 3

========================================================================
Received Import Request.
  Time since last request: 0.000017 seconds.
  path: Assets/TextMesh Pro/Examples & Extras/Textures/Sunny Days - Seamless.jpg
  artifactKey: Guid(17c350171f7a3ca479f830547c66d187) Importer(2089858483,b0f066a214c2f5e87bad3c948f4d605d)
Start importing Assets/TextMesh Pro/Examples & Extras/Textures/Sunny Days - Seamless.jpg using Guid(17c350171f7a3ca479f830547c66d187) Importer(2089858483,b0f066a214c2f5e87bad3c948f4d605d) (ScriptedImporter) -> (artifact id: '90a128558d8d6bf34e92b40c959014a9') in 0.0142015 seconds
Number of updated asset objects reloaded before import = 0Number of asset objects unloaded after import = 1

========================================================================
Received Import Request.
  Time since last request: 0.000016 seconds.
  path: Assets/karsiori/Sprites/Pixel Art Rock Pile Pack/Rock Pile - WHITE -/Rock Pile 11 - WHITE - small.PNG
  artifactKey: Guid(e16a7ae95ba23ba4fb77cd8ae367e8d9) Importer(2089858483,b0f066a214c2f5e87bad3c948f4d605d)
Start importing Assets/karsiori/Sprites/Pixel Art Rock Pile Pack/Rock Pile - WHITE -/Rock Pile 11 - WHITE - small.PNG using Guid(e16a7ae95ba23ba4fb77cd8ae367e8d9) Importer(2089858483,b0f066a214c2f5e87bad3c948f4d605d) (ScriptedImporter) -> (artifact id: '06b53faca6ce27f74c7ac50e8c1d595d') in 0.0816268 seconds
Number of updated asset objects reloaded before import = 0Number of asset objects unloaded after import = 3

========================================================================
Received Import Request.
  Time since last request: 0.000019 seconds.
  path: Assets/TextMesh Pro/Examples & Extras/Fonts/Roboto-Bold - AFL.txt
  artifactKey: Guid(f28c334d44214474d9702d3ad79ecb0a) Importer(2089858483,b0f066a214c2f5e87bad3c948f4d605d)
Start importing Assets/TextMesh Pro/Examples & Extras/Fonts/Roboto-Bold - AFL.txt using Guid(f28c334d44214474d9702d3ad79ecb0a) Importer(2089858483,b0f066a214c2f5e87bad3c948f4d605d) (ScriptedImporter) -> (artifact id: '9f4d257fdcd91007d3cdf6c74aad784c') in 0.114907 seconds
Number of updated asset objects reloaded before import = 0Number of asset objects unloaded after import = 1

========================================================================
Received Import Request.
  Time since last request: 0.000037 seconds.
  path: Assets/BayatGames/Free Platform Game Assets/Coin Animation/png/4x/image 16.png
  artifactKey: Guid(f63c5baf04d0c3442b43bf7e708a8647) Importer(2089858483,b0f066a214c2f5e87bad3c948f4d605d)
Start importing Assets/BayatGames/Free Platform Game Assets/Coin Animation/png/4x/image 16.png using Guid(f63c5baf04d0c3442b43bf7e708a8647) Importer(2089858483,b0f066a214c2f5e87bad3c948f4d605d) (ScriptedImporter) -> (artifact id: '8d547f6d2d6b9234798e2223fb9d234b') in 0.0584441 seconds
Number of updated asset objects reloaded before import = 0Number of asset objects unloaded after import = 3

========================================================================
Received Import Request.
  Time since last request: 0.000018 seconds.
  path: Assets/BayatGames/Free Platform Game Assets/Coin Animation/png/2x/image 15.png
  artifactKey: Guid(27f6b32c91a50ae4088361bfd738dd14) Importer(2089858483,b0f066a214c2f5e87bad3c948f4d605d)
Start importing Assets/BayatGames/Free Platform Game Assets/Coin Animation/png/2x/image 15.png using Guid(27f6b32c91a50ae4088361bfd738dd14) Importer(2089858483,b0f066a214c2f5e87bad3c948f4d605d) (ScriptedImporter) -> (artifact id: '1140a8189565faaef828565a02a00bef') in 0.1091767 seconds
Number of updated asset objects reloaded before import = 0Number of asset objects unloaded after import = 3

========================================================================
Received Import Request.
  Time since last request: 0.000018 seconds.
  path: Assets/BayatGames/Free Platform Game Assets/Backgrounds/Background/eps/Clouds.eps
  artifactKey: Guid(9e269eac19d3a1f408bed25a0d6620c7) Importer(2089858483,b0f066a214c2f5e87bad3c948f4d605d)
Start importing Assets/BayatGames/Free Platform Game Assets/Backgrounds/Background/eps/Clouds.eps using Guid(9e269eac19d3a1f408bed25a0d6620c7) Importer(2089858483,b0f066a214c2f5e87bad3c948f4d605d) (ScriptedImporter) -> (artifact id: 'aa2c44e642d57b5d1727f47cad9bf56d') in 0.0203937 seconds
Number of updated asset objects reloaded before import = 0Number of asset objects unloaded after import = 1

========================================================================
Received Import Request.
  Time since last request: 0.000027 seconds.
  path: Assets/BayatGames/Free Platform Game Assets/Character/Character Animation ( Update 1.8 )/Idle/2x.png
  artifactKey: Guid(6bd1c00f5f6ecc746b6e2277f8a7d292) Importer(2089858483,b0f066a214c2f5e87bad3c948f4d605d)
Start importing Assets/BayatGames/Free Platform Game Assets/Character/Character Animation ( Update 1.8 )/Idle/2x.png using Guid(6bd1c00f5f6ecc746b6e2277f8a7d292) Importer(2089858483,b0f066a214c2f5e87bad3c948f4d605d) (ScriptedImporter) -> (artifact id: '933c5c86cc27baacef7f6770c958a045') in 0.1228644 seconds
Number of updated asset objects reloaded before import = 0Number of asset objects unloaded after import = 3

========================================================================
Received Import Request.
  Time since last request: 0.000022 seconds.
  path: Assets/BayatGames/Free Platform Game Assets/Coin Animation/png/4x/image 14.png
  artifactKey: Guid(ec167f594ff339f49b8dc3e2c78a7d7d) Importer(2089858483,b0f066a214c2f5e87bad3c948f4d605d)
Start importing Assets/BayatGames/Free Platform Game Assets/Coin Animation/png/4x/image 14.png using Guid(ec167f594ff339f49b8dc3e2c78a7d7d) Importer(2089858483,b0f066a214c2f5e87bad3c948f4d605d) (ScriptedImporter) -> (artifact id: 'd34ebd464b84207efaef9b9508f24b43') in 0.0553965 seconds
Number of updated asset objects reloaded before import = 0Number of asset objects unloaded after import = 3

========================================================================
Received Import Request.
  Time since last request: 0.000019 seconds.
  path: Assets/BayatGames/Free Platform Game Assets/Coin Animation/png/2x/image 1.png
  artifactKey: Guid(284a590648cd2624cbd085c4f1627465) Importer(2089858483,b0f066a214c2f5e87bad3c948f4d605d)
Start importing Assets/BayatGames/Free Platform Game Assets/Coin Animation/png/2x/image 1.png using Guid(284a590648cd2624cbd085c4f1627465) Importer(2089858483,b0f066a214c2f5e87bad3c948f4d605d) (ScriptedImporter) -> (artifact id: '72d8d7b8b755d113be4883ca6758222e') in 0.067366 seconds
Number of updated asset objects reloaded before import = 0Number of asset objects unloaded after import = 3

========================================================================
Received Import Request.
  Time since last request: 0.000029 seconds.
  path: Assets/TextMesh Pro/Examples & Extras/Scenes/28 - HDRP Shader Example/Sky and Fog Volume Profile.asset
  artifactKey: Guid(83ba2e375bed45f48bce43e5a5f7c88a) Importer(2089858483,b0f066a214c2f5e87bad3c948f4d605d)
Start importing Assets/TextMesh Pro/Examples & Extras/Scenes/28 - HDRP Shader Example/Sky and Fog Volume Profile.asset using Guid(83ba2e375bed45f48bce43e5a5f7c88a) Importer(2089858483,b0f066a214c2f5e87bad3c948f4d605d) (ScriptedImporter) -> (artifact id: '537e74546c1a4463ffdebfc6340ab3b6') in 0.0436337 seconds
Number of updated asset objects reloaded before import = 0Number of asset objects unloaded after import = 2

========================================================================
Received Import Request.
  Time since last request: 0.000019 seconds.
  path: Assets/BayatGames/Free Platform Game Assets/Character/Character Animation ( Update 1.8 )/Idle/1x.png
  artifactKey: Guid(c483493eb3ec0f143b5d78ad823ac661) Importer(2089858483,b0f066a214c2f5e87bad3c948f4d605d)
Start importing Assets/BayatGames/Free Platform Game Assets/Character/Character Animation ( Update 1.8 )/Idle/1x.png using Guid(c483493eb3ec0f143b5d78ad823ac661) Importer(2089858483,b0f066a214c2f5e87bad3c948f4d605d) (ScriptedImporter) -> (artifact id: 'c54d5ad75177b4a573f4d657fe8f9931') in 0.0776765 seconds
Number of updated asset objects reloaded before import = 0Number of asset objects unloaded after import = 3

========================================================================
Received Import Request.
  Time since last request: 0.000026 seconds.
  path: Assets/BayatGames/Free Platform Game Assets/Backgrounds/Background/ai/Background1920x1080.ai
  artifactKey: Guid(7cd3b215038f90247ba8289dcb963fc9) Importer(2089858483,b0f066a214c2f5e87bad3c948f4d605d)
Start importing Assets/BayatGames/Free Platform Game Assets/Backgrounds/Background/ai/Background1920x1080.ai using Guid(7cd3b215038f90247ba8289dcb963fc9) Importer(2089858483,b0f066a214c2f5e87bad3c948f4d605d) (ScriptedImporter) -> (artifact id: 'c38147df1cda94ec3a09d36091328111') in 0.0097007 seconds
Number of updated asset objects reloaded before import = 0Number of asset objects unloaded after import = 1

========================================================================
Received Import Request.
  Time since last request: 0.000018 seconds.
  path: Assets/BayatGames/Free Platform Game Assets/Backgrounds/New Background ( Update 1.7 )/eps/NewBackground2048x1536.eps
  artifactKey: Guid(3727504555d92f749a119049cf0f03bd) Importer(2089858483,b0f066a214c2f5e87bad3c948f4d605d)
Start importing Assets/BayatGames/Free Platform Game Assets/Backgrounds/New Background ( Update 1.7 )/eps/NewBackground2048x1536.eps using Guid(3727504555d92f749a119049cf0f03bd) Importer(2089858483,b0f066a214c2f5e87bad3c948f4d605d) (ScriptedImporter) -> (artifact id: '806b6f152fc7077d6bf949a38bbf0de8') in 0.0098213 seconds
Number of updated asset objects reloaded before import = 0Number of asset objects unloaded after import = 1

========================================================================
Received Import Request.
  Time since last request: 0.000024 seconds.
  path: Assets/BayatGames/Free Platform Game Assets/Character/Character Animation ( Update 1.8 )/Run/2x.png
  artifactKey: Guid(2b22e58cf7fbd7946b874f61d6cbbebc) Importer(2089858483,b0f066a214c2f5e87bad3c948f4d605d)
Start importing Assets/BayatGames/Free Platform Game Assets/Character/Character Animation ( Update 1.8 )/Run/2x.png using Guid(2b22e58cf7fbd7946b874f61d6cbbebc) Importer(2089858483,b0f066a214c2f5e87bad3c948f4d605d) (ScriptedImporter) -> (artifact id: '77b59aa3615f835ee12f809231aaa8e4') in 0.1676035 seconds
Number of updated asset objects reloaded before import = 0Number of asset objects unloaded after import = 3

========================================================================
Received Import Request.
  Time since last request: 0.000019 seconds.
  path: Assets/BayatGames/Free Platform Game Assets/Coin Animation/png/4x/image 1.png
  artifactKey: Guid(0ca730ce7de6c6a44a736e6d5fb08ecc) Importer(2089858483,b0f066a214c2f5e87bad3c948f4d605d)
Start importing Assets/BayatGames/Free Platform Game Assets/Coin Animation/png/4x/image 1.png using Guid(0ca730ce7de6c6a44a736e6d5fb08ecc) Importer(2089858483,b0f066a214c2f5e87bad3c948f4d605d) (ScriptedImporter) -> (artifact id: 'f12056c2a210176e117204e5f15b425f') in 0.1490504 seconds
Number of updated asset objects reloaded before import = 0Number of asset objects unloaded after import = 3

========================================================================
Received Import Request.
  Time since last request: 0.000025 seconds.
  path: Assets/BayatGames/Free Platform Game Assets/Coin Animation/png/2x/image 2.png
  artifactKey: Guid(49b76ee0d3655ee4c8402582c1c02c93) Importer(2089858483,b0f066a214c2f5e87bad3c948f4d605d)
Start importing Assets/BayatGames/Free Platform Game Assets/Coin Animation/png/2x/image 2.png using Guid(49b76ee0d3655ee4c8402582c1c02c93) Importer(2089858483,b0f066a214c2f5e87bad3c948f4d605d) (ScriptedImporter) -> (artifact id: '05e96b902fd4c737d9bdbbcefc289220') in 0.0775036 seconds
Number of updated asset objects reloaded before import = 0Number of asset objects unloaded after import = 3

========================================================================
Received Import Request.
  Time since last request: 0.000016 seconds.
  path: Assets/BayatGames/Free Platform Game Assets/Coin Animation/png/2x/image 8.png
  artifactKey: Guid(39bf764a4d5181d4ea6477506162098e) Importer(2089858483,b0f066a214c2f5e87bad3c948f4d605d)
Start importing Assets/BayatGames/Free Platform Game Assets/Coin Animation/png/2x/image 8.png using Guid(39bf764a4d5181d4ea6477506162098e) Importer(2089858483,b0f066a214c2f5e87bad3c948f4d605d) (ScriptedImporter) -> (artifact id: '1f3b5d54d846f12d7c33b2f8380a5a82') in 0.0925805 seconds
Number of updated asset objects reloaded before import = 0Number of asset objects unloaded after import = 3

========================================================================
Received Import Request.
  Time since last request: 0.000021 seconds.
  path: Assets/BayatGames/Free Platform Game Assets/Coin Animation/png/4x/image 13.png
  artifactKey: Guid(91340853b350e9146973723344eb39fb) Importer(2089858483,b0f066a214c2f5e87bad3c948f4d605d)
Start importing Assets/BayatGames/Free Platform Game Assets/Coin Animation/png/4x/image 13.png using Guid(91340853b350e9146973723344eb39fb) Importer(2089858483,b0f066a214c2f5e87bad3c948f4d605d) (ScriptedImporter) -> (artifact id: '91152e47c6837a49d565d3f576e4b1a2') in 0.1051612 seconds
Number of updated asset objects reloaded before import = 0Number of asset objects unloaded after import = 3

========================================================================
Received Import Request.
  Time since last request: 0.000025 seconds.
  path: Assets/BayatGames/Free Platform Game Assets/Coin Animation/png/2x/image 14.png
  artifactKey: Guid(7471dc94b1670e54b8f926859686caa1) Importer(2089858483,b0f066a214c2f5e87bad3c948f4d605d)
Start importing Assets/BayatGames/Free Platform Game Assets/Coin Animation/png/2x/image 14.png using Guid(7471dc94b1670e54b8f926859686caa1) Importer(2089858483,b0f066a214c2f5e87bad3c948f4d605d) (ScriptedImporter) -> (artifact id: '31c6526ac071a80c8397bcd9c571d2d0') in 0.0738825 seconds
Number of updated asset objects reloaded before import = 0Number of asset objects unloaded after import = 3

========================================================================
Received Import Request.
  Time since last request: 0.000018 seconds.
  path: Assets/BayatGames/Free Platform Game Assets/Chests/Chest/ai/Chest.ai
  artifactKey: Guid(7b0b82e5728defb47974a7c8fb1b58e0) Importer(2089858483,b0f066a214c2f5e87bad3c948f4d605d)
Start importing Assets/BayatGames/Free Platform Game Assets/Chests/Chest/ai/Chest.ai using Guid(7b0b82e5728defb47974a7c8fb1b58e0) Importer(2089858483,b0f066a214c2f5e87bad3c948f4d605d) (ScriptedImporter) -> (artifact id: '87fd29b2a077909f089ff43ba45f9d82') in 0.0094095 seconds
Number of updated asset objects reloaded before import = 0Number of asset objects unloaded after import = 1

========================================================================
Received Import Request.
  Time since last request: 0.000016 seconds.
  path: Assets/BayatGames/Free Platform Game Assets/Backgrounds/New Background ( Update 1.7 )/ai/NewBackground2048x1536.ai
  artifactKey: Guid(3229f214f31ca0343a63e0b0bc8996f9) Importer(2089858483,b0f066a214c2f5e87bad3c948f4d605d)
Start importing Assets/BayatGames/Free Platform Game Assets/Backgrounds/New Background ( Update 1.7 )/ai/NewBackground2048x1536.ai using Guid(3229f214f31ca0343a63e0b0bc8996f9) Importer(2089858483,b0f066a214c2f5e87bad3c948f4d605d) (ScriptedImporter) -> (artifact id: 'd9c150a5f214f4d3bc01fcafa5d22c60') in 0.0153563 seconds
Number of updated asset objects reloaded before import = 0Number of asset objects unloaded after import = 1

========================================================================
Received Import Request.
  Time since last request: 0.000020 seconds.
  path: Assets/BayatGames/Free Platform Game Assets/Coin Animation/png/2x/image 10.png
  artifactKey: Guid(bfdb508608e20c14a84a06ee5d00795b) Importer(2089858483,b0f066a214c2f5e87bad3c948f4d605d)
Start importing Assets/BayatGames/Free Platform Game Assets/Coin Animation/png/2x/image 10.png using Guid(bfdb508608e20c14a84a06ee5d00795b) Importer(2089858483,b0f066a214c2f5e87bad3c948f4d605d) (ScriptedImporter) -> (artifact id: 'a70a238e18e74c2f77fb20b3c384e7d7') in 0.1305094 seconds
Number of updated asset objects reloaded before import = 0Number of asset objects unloaded after import = 3

========================================================================
Received Import Request.
  Time since last request: 0.000045 seconds.
  path: Assets/BayatGames/Free Platform Game Assets/Character/Character Source/eps/Character.eps
  artifactKey: Guid(2470a02fdfb11d04e9bca27634e43084) Importer(2089858483,b0f066a214c2f5e87bad3c948f4d605d)
Start importing Assets/BayatGames/Free Platform Game Assets/Character/Character Source/eps/Character.eps using Guid(2470a02fdfb11d04e9bca27634e43084) Importer(2089858483,b0f066a214c2f5e87bad3c948f4d605d) (ScriptedImporter) -> (artifact id: '50303e2fc1d48198f8a3c1c8520daf77') in 0.0097978 seconds
Number of updated asset objects reloaded before import = 0Number of asset objects unloaded after import = 1

========================================================================
Received Import Request.
  Time since last request: 0.000017 seconds.
  path: Assets/TextMesh Pro/Examples & Extras/Resources/Fonts & Materials/Unity SDF.asset
  artifactKey: Guid(c9adb1f542a93ae489bacfeae21e8394) Importer(2089858483,b0f066a214c2f5e87bad3c948f4d605d)
Start importing Assets/TextMesh Pro/Examples & Extras/Resources/Fonts & Materials/Unity SDF.asset using Guid(c9adb1f542a93ae489bacfeae21e8394) Importer(2089858483,b0f066a214c2f5e87bad3c948f4d605d) (ScriptedImporter) -> (artifact id: '67cbe473621190a2a00af505b2eadd55') in 0.0381729 seconds
Number of updated asset objects reloaded before import = 0Number of asset objects unloaded after import = 4

========================================================================
Received Import Request.
  Time since last request: 0.000019 seconds.
  path: Assets/TextMesh Pro/Examples & Extras/Resources/Fonts & Materials/Unity SDF - HDRP LIT - Bloom.mat
  artifactKey: Guid(8d176c01131de8f46ad61094e29d79b2) Importer(2089858483,b0f066a214c2f5e87bad3c948f4d605d)
Start importing Assets/TextMesh Pro/Examples & Extras/Resources/Fonts & Materials/Unity SDF - HDRP LIT - Bloom.mat using Guid(8d176c01131de8f46ad61094e29d79b2) Importer(2089858483,b0f066a214c2f5e87bad3c948f4d605d) (ScriptedImporter) -> (artifact id: 'c16a3869b9a9826d518ae10f9cf23bcd') in 0.0550566 seconds
Number of updated asset objects reloaded before import = 0Number of asset objects unloaded after import = 3

========================================================================
Received Import Request.
  Time since last request: 0.000016 seconds.
  path: Assets/BayatGames/Free Platform Game Assets/Coin Animation/png/2x/image 5.png
  artifactKey: Guid(93932efaf072000449ce4c111911cfe3) Importer(2089858483,b0f066a214c2f5e87bad3c948f4d605d)
Start importing Assets/BayatGames/Free Platform Game Assets/Coin Animation/png/2x/image 5.png using Guid(93932efaf072000449ce4c111911cfe3) Importer(2089858483,b0f066a214c2f5e87bad3c948f4d605d) (ScriptedImporter) -> (artifact id: '4bdb48d404c18116366eb593b6cb26c3') in 0.1016502 seconds
Number of updated asset objects reloaded before import = 0Number of asset objects unloaded after import = 3

========================================================================
Received Import Request.
  Time since last request: 0.000022 seconds.
  path: Assets/BayatGames/Free Platform Game Assets/Coin Animation/png/2x/image 9.png
  artifactKey: Guid(3071611f52f355941ae108e3822562d3) Importer(2089858483,b0f066a214c2f5e87bad3c948f4d605d)
Start importing Assets/BayatGames/Free Platform Game Assets/Coin Animation/png/2x/image 9.png using Guid(3071611f52f355941ae108e3822562d3) Importer(2089858483,b0f066a214c2f5e87bad3c948f4d605d) (ScriptedImporter) -> (artifact id: '417b0b4590a7f961a15b35cbf9c5cee8') in 0.0631274 seconds
Number of updated asset objects reloaded before import = 0Number of asset objects unloaded after import = 3

========================================================================
Received Import Request.
  Time since last request: 0.000028 seconds.
  path: Assets/BayatGames/Free Platform Game Assets/Character/Character Animation ( Update 1.8 )/Jump/2x.png
  artifactKey: Guid(5d2d7f4ab1e201048be99e1dc5fc3488) Importer(2089858483,b0f066a214c2f5e87bad3c948f4d605d)
Start importing Assets/BayatGames/Free Platform Game Assets/Character/Character Animation ( Update 1.8 )/Jump/2x.png using Guid(5d2d7f4ab1e201048be99e1dc5fc3488) Importer(2089858483,b0f066a214c2f5e87bad3c948f4d605d) (ScriptedImporter) -> (artifact id: '9ba5fe544a9bea72a81c60a823256045') in 0.0717716 seconds
Number of updated asset objects reloaded before import = 0Number of asset objects unloaded after import = 3

========================================================================
Received Import Request.
  Time since last request: 0.000018 seconds.
  path: Assets/TextMesh Pro/Examples & Extras/Textures/Gradient Horizontal (Color).jpg
  artifactKey: Guid(6eb184de103d4b3f812b38561065192f) Importer(2089858483,b0f066a214c2f5e87bad3c948f4d605d)
Start importing Assets/TextMesh Pro/Examples & Extras/Textures/Gradient Horizontal (Color).jpg using Guid(6eb184de103d4b3f812b38561065192f) Importer(2089858483,b0f066a214c2f5e87bad3c948f4d605d) (ScriptedImporter) -> (artifact id: 'addac043c2538dae5c4b1259323c4b03') in 0.0164994 seconds
Number of updated asset objects reloaded before import = 0Number of asset objects unloaded after import = 1

========================================================================
Received Import Request.
  Time since last request: 0.000019 seconds.
  path: Assets/BayatGames/Free Platform Game Assets/Character/Character Animation ( Update 1.8 )/Jump/1x.png
  artifactKey: Guid(f98aa3d998533f2479a54460b4d5a2d0) Importer(2089858483,b0f066a214c2f5e87bad3c948f4d605d)
Start importing Assets/BayatGames/Free Platform Game Assets/Character/Character Animation ( Update 1.8 )/Jump/1x.png using Guid(f98aa3d998533f2479a54460b4d5a2d0) Importer(2089858483,b0f066a214c2f5e87bad3c948f4d605d) (ScriptedImporter) -> (artifact id: 'c5c99739f1760830d5307b1b9340f6b2') in 0.0363804 seconds
Number of updated asset objects reloaded before import = 0Number of asset objects unloaded after import = 3

========================================================================
Received Import Request.
  Time since last request: 0.000019 seconds.
  path: Assets/BayatGames/Free Platform Game Assets/Chests/New Chests ( Update 1.8.5 )/ai/New Chest.ai
  artifactKey: Guid(c600cf1e8dc006a48a6bd7b5d31b6c68) Importer(2089858483,b0f066a214c2f5e87bad3c948f4d605d)
Start importing Assets/BayatGames/Free Platform Game Assets/Chests/New Chests ( Update 1.8.5 )/ai/New Chest.ai using Guid(c600cf1e8dc006a48a6bd7b5d31b6c68) Importer(2089858483,b0f066a214c2f5e87bad3c948f4d605d) (ScriptedImporter) -> (artifact id: 'acbcc10a6c80cad2881fa9f869ea9a69') in 0.0107026 seconds
Number of updated asset objects reloaded before import = 0Number of asset objects unloaded after import = 1

========================================================================
Received Import Request.
  Time since last request: 0.000028 seconds.
  path: Assets/BayatGames/Free Platform Game Assets/Coin Animation/png/2x/image 7.png
  artifactKey: Guid(01139edbf108bde4aa26ebc3d05c3025) Importer(2089858483,b0f066a214c2f5e87bad3c948f4d605d)
Start importing Assets/BayatGames/Free Platform Game Assets/Coin Animation/png/2x/image 7.png using Guid(01139edbf108bde4aa26ebc3d05c3025) Importer(2089858483,b0f066a214c2f5e87bad3c948f4d605d) (ScriptedImporter) -> (artifact id: '62acb0dc2552cc1389052899f2a6ea53') in 0.0505804 seconds
Number of updated asset objects reloaded before import = 0Number of asset objects unloaded after import = 3

========================================================================
Received Import Request.
  Time since last request: 0.000017 seconds.
  path: Assets/FreePixelFood/Sprite/Food/PotatoRed.png
  artifactKey: Guid(787f4dc687e529f43bf6a16504053d48) Importer(2089858483,b0f066a214c2f5e87bad3c948f4d605d)
Start importing Assets/FreePixelFood/Sprite/Food/PotatoRed.png using Guid(787f4dc687e529f43bf6a16504053d48) Importer(2089858483,b0f066a214c2f5e87bad3c948f4d605d) (ScriptedImporter) -> (artifact id: '9ea0025feef0f7ee06679814b0bc8ae4') in 0.1200545 seconds
Number of updated asset objects reloaded before import = 0Number of asset objects unloaded after import = 3

========================================================================
Received Import Request.
  Time since last request: 0.000019 seconds.
  path: Assets/BayatGames/Free Platform Game Assets/Environments/New Details ( Update 1.9 )/2x/Tree.png
  artifactKey: Guid(ccf2af7e5774cf84592daa40d84c1b60) Importer(2089858483,b0f066a214c2f5e87bad3c948f4d605d)
Start importing Assets/BayatGames/Free Platform Game Assets/Environments/New Details ( Update 1.9 )/2x/Tree.png using Guid(ccf2af7e5774cf84592daa40d84c1b60) Importer(2089858483,b0f066a214c2f5e87bad3c948f4d605d) (ScriptedImporter) -> (artifact id: '1b6d2fca986950a856e7bec6bdae821a') in 0.2192833 seconds
Number of updated asset objects reloaded before import = 0Number of asset objects unloaded after import = 3

========================================================================
Received Import Request.
  Time since last request: 0.000028 seconds.
  path: Assets/BayatGames/Free Platform Game Assets/Enemies/New Enemy ( Update 1.9 )/4x/Chain-3.png
  artifactKey: Guid(23dee1bb5d9558b4092f3e9a045db37a) Importer(2089858483,b0f066a214c2f5e87bad3c948f4d605d)
Start importing Assets/BayatGames/Free Platform Game Assets/Enemies/New Enemy ( Update 1.9 )/4x/Chain-3.png using Guid(23dee1bb5d9558b4092f3e9a045db37a) Importer(2089858483,b0f066a214c2f5e87bad3c948f4d605d) (ScriptedImporter) -> (artifact id: '8e676832e927353b0fe01fe7704908d0') in 0.0794313 seconds
Number of updated asset objects reloaded before import = 0Number of asset objects unloaded after import = 3

========================================================================
Received Import Request.
  Time since last request: 0.000016 seconds.
  path: Assets/BayatGames/Free Platform Game Assets/Enemies/Enemies/eps/Saw.eps
  artifactKey: Guid(6deaf245f623f0b478a4795b3c338c31) Importer(2089858483,b0f066a214c2f5e87bad3c948f4d605d)
Start importing Assets/BayatGames/Free Platform Game Assets/Enemies/Enemies/eps/Saw.eps using Guid(6deaf245f623f0b478a4795b3c338c31) Importer(2089858483,b0f066a214c2f5e87bad3c948f4d605d) (ScriptedImporter) -> (artifact id: 'bb893adf5a2cb9ad921f6cce22de3636') in 0.0101309 seconds
Number of updated asset objects reloaded before import = 0Number of asset objects unloaded after import = 1

========================================================================
Received Import Request.
  Time since last request: 0.000017 seconds.
  path: Assets/BayatGames/Free Platform Game Assets/Enemies/New Enemy ( Update 1.9 )/4x/Mace-Chain.png
  artifactKey: Guid(7e289d9f616900247ab3bc0d3e11d35b) Importer(2089858483,b0f066a214c2f5e87bad3c948f4d605d)
Start importing Assets/BayatGames/Free Platform Game Assets/Enemies/New Enemy ( Update 1.9 )/4x/Mace-Chain.png using Guid(7e289d9f616900247ab3bc0d3e11d35b) Importer(2089858483,b0f066a214c2f5e87bad3c948f4d605d) (ScriptedImporter) -> (artifact id: '1790a792f82682536c46a3e93b1f07e6') in 0.0954441 seconds
Number of updated asset objects reloaded before import = 0Number of asset objects unloaded after import = 3

========================================================================
Received Import Request.
  Time since last request: 0.000021 seconds.
  path: Assets/BayatGames/Free Platform Game Assets/Enemies/New Enemy ( Update 1.9 )/4x/Circle.png
  artifactKey: Guid(fee750d985061a749ac85f5e5bcd989e) Importer(2089858483,b0f066a214c2f5e87bad3c948f4d605d)
Start importing Assets/BayatGames/Free Platform Game Assets/Enemies/New Enemy ( Update 1.9 )/4x/Circle.png using Guid(fee750d985061a749ac85f5e5bcd989e) Importer(2089858483,b0f066a214c2f5e87bad3c948f4d605d) (ScriptedImporter) -> (artifact id: '868d95ec1ed9e8beff1add49632204d2') in 0.0829888 seconds
Number of updated asset objects reloaded before import = 0Number of asset objects unloaded after import = 3

========================================================================
Received Import Request.
  Time since last request: 0.000034 seconds.
  path: Assets/BayatGames/Free Platform Game Assets/Environments/New Details ( Update 1.9 )/4x/Flower-2.png
  artifactKey: Guid(f7fdc40cd7c40be49ad2c51a649ac126) Importer(2089858483,b0f066a214c2f5e87bad3c948f4d605d)
Start importing Assets/BayatGames/Free Platform Game Assets/Environments/New Details ( Update 1.9 )/4x/Flower-2.png using Guid(f7fdc40cd7c40be49ad2c51a649ac126) Importer(2089858483,b0f066a214c2f5e87bad3c948f4d605d) (ScriptedImporter) -> (artifact id: '58ba336988d77f92e83ac90fbbe55bda') in 0.077173 seconds
Number of updated asset objects reloaded before import = 0Number of asset objects unloaded after import = 3

========================================================================
Received Import Request.
  Time since last request: 0.000016 seconds.
  path: Assets/BayatGames/Free Platform Game Assets/Enemies/New Enemy ( Update 1.9 )/2x/Circle.png
  artifactKey: Guid(2acb556981f73e14680b42ae742f93cf) Importer(2089858483,b0f066a214c2f5e87bad3c948f4d605d)
Start importing Assets/BayatGames/Free Platform Game Assets/Enemies/New Enemy ( Update 1.9 )/2x/Circle.png using Guid(2acb556981f73e14680b42ae742f93cf) Importer(2089858483,b0f066a214c2f5e87bad3c948f4d605d) (ScriptedImporter) -> (artifact id: '176122a339defb604e9fc20dc5cd9ae4') in 0.0746583 seconds
Number of updated asset objects reloaded before import = 0Number of asset objects unloaded after import = 3

========================================================================
Received Import Request.
  Time since last request: 0.000018 seconds.
  path: Assets/BayatGames/Free Platform Game Assets/Environments/New Details ( Update 1.9 )/4x/Autumn Tree.png
  artifactKey: Guid(194a1025db96a044d8bddd0a902d59c3) Importer(2089858483,b0f066a214c2f5e87bad3c948f4d605d)
Start importing Assets/BayatGames/Free Platform Game Assets/Environments/New Details ( Update 1.9 )/4x/Autumn Tree.png using Guid(194a1025db96a044d8bddd0a902d59c3) Importer(2089858483,b0f066a214c2f5e87bad3c948f4d605d) (ScriptedImporter) -> (artifact id: '38238e5d84e7f89c4b5a9f628f58c21e') in 0.2097754 seconds
Number of updated asset objects reloaded before import = 0Number of asset objects unloaded after import = 3

========================================================================
Received Import Request.
  Time since last request: 0.000035 seconds.
  path: Assets/BayatGames/Free Platform Game Assets/Environments/New Details ( Update 1.9 )/2x/Flower-3.png
  artifactKey: Guid(41cccea4cdff96e46b4643d6b38e07b2) Importer(2089858483,b0f066a214c2f5e87bad3c948f4d605d)
Start importing Assets/BayatGames/Free Platform Game Assets/Environments/New Details ( Update 1.9 )/2x/Flower-3.png using Guid(41cccea4cdff96e46b4643d6b38e07b2) Importer(2089858483,b0f066a214c2f5e87bad3c948f4d605d) (ScriptedImporter) -> (artifact id: '6bfc4d7557adb135c7c7877aa62dea30') in 0.1470648 seconds
Number of updated asset objects reloaded before import = 0Number of asset objects unloaded after import = 3

========================================================================
Received Import Request.
  Time since last request: 0.000016 seconds.
  path: Assets/BayatGames/Free Platform Game Assets/Environments/New Details ( Update 1.9 )/4x/Autumn Bush.png
  artifactKey: Guid(af71c8780fb28df498ad5c870ae48b79) Importer(2089858483,b0f066a214c2f5e87bad3c948f4d605d)
Start importing Assets/BayatGames/Free Platform Game Assets/Environments/New Details ( Update 1.9 )/4x/Autumn Bush.png using Guid(af71c8780fb28df498ad5c870ae48b79) Importer(2089858483,b0f066a214c2f5e87bad3c948f4d605d) (ScriptedImporter) -> (artifact id: '91bb8cb2d58235cde00b5e8bb2530b92') in 0.0646423 seconds
Number of updated asset objects reloaded before import = 0Number of asset objects unloaded after import = 3

========================================================================
Received Import Request.
  Time since last request: 0.000022 seconds.
  path: Assets/BayatGames/Free Platform Game Assets/Enemies/New Enemy ( Update 1.9 )/8x/Chain-3.png
  artifactKey: Guid(52b14921307165146bdfebb9c31cbdde) Importer(2089858483,b0f066a214c2f5e87bad3c948f4d605d)
Start importing Assets/BayatGames/Free Platform Game Assets/Enemies/New Enemy ( Update 1.9 )/8x/Chain-3.png using Guid(52b14921307165146bdfebb9c31cbdde) Importer(2089858483,b0f066a214c2f5e87bad3c948f4d605d) (ScriptedImporter) -> (artifact id: 'ac5f0311954a15314f406bde8874c831') in 0.1086532 seconds
Number of updated asset objects reloaded before import = 0Number of asset objects unloaded after import = 3

========================================================================
Received Import Request.
  Time since last request: 0.000045 seconds.
  path: Assets/BayatGames/Free Platform Game Assets/Enemies/New Enemy ( Update 1.9 )/8x/Mace.png
  artifactKey: Guid(fc97ccf59fb092546ba0bebe3e9e0142) Importer(2089858483,b0f066a214c2f5e87bad3c948f4d605d)
Start importing Assets/BayatGames/Free Platform Game Assets/Enemies/New Enemy ( Update 1.9 )/8x/Mace.png using Guid(fc97ccf59fb092546ba0bebe3e9e0142) Importer(2089858483,b0f066a214c2f5e87bad3c948f4d605d) (ScriptedImporter) -> (artifact id: '1c15b6931f16671b493fe1d847ccc260') in 0.162324 seconds
Number of updated asset objects reloaded before import = 0Number of asset objects unloaded after import = 3

========================================================================
Received Import Request.
  Time since last request: 0.000019 seconds.
  path: Assets/BayatGames/Free Platform Game Assets/Environments/Environments/ai/Environment.ai
  artifactKey: Guid(96d837e71006c574c903575e14c28e1d) Importer(2089858483,b0f066a214c2f5e87bad3c948f4d605d)
Start importing Assets/BayatGames/Free Platform Game Assets/Environments/Environments/ai/Environment.ai using Guid(96d837e71006c574c903575e14c28e1d) Importer(2089858483,b0f066a214c2f5e87bad3c948f4d605d) (ScriptedImporter) -> (artifact id: 'd9e9565f82364658c85e49767ff0740e') in 0.0095995 seconds
Number of updated asset objects reloaded before import = 0Number of asset objects unloaded after import = 1

========================================================================
Received Import Request.
  Time since last request: 0.000019 seconds.
  path: Assets/BayatGames/Free Platform Game Assets/Environments/New Details ( Update 1.9 )/4x/Tree.png
  artifactKey: Guid(a29e536a6beb98749aeac4557317506e) Importer(2089858483,b0f066a214c2f5e87bad3c948f4d605d)
Start importing Assets/BayatGames/Free Platform Game Assets/Environments/New Details ( Update 1.9 )/4x/Tree.png using Guid(a29e536a6beb98749aeac4557317506e) Importer(2089858483,b0f066a214c2f5e87bad3c948f4d605d) (ScriptedImporter) -> (artifact id: 'b73ac723979767673833e75b6a01c2bc') in 0.3674334 seconds
Number of updated asset objects reloaded before import = 0Number of asset objects unloaded after import = 3

========================================================================
Received Import Request.
  Time since last request: 0.000029 seconds.
  path: Assets/BayatGames/Free Platform Game Assets/Enemies/Enemies/eps/Mace.eps
  artifactKey: Guid(76ad29bea13f9fc438c7ca244f88039f) Importer(2089858483,b0f066a214c2f5e87bad3c948f4d605d)
Start importing Assets/BayatGames/Free Platform Game Assets/Enemies/Enemies/eps/Mace.eps using Guid(76ad29bea13f9fc438c7ca244f88039f) Importer(2089858483,b0f066a214c2f5e87bad3c948f4d605d) (ScriptedImporter) -> (artifact id: '094ca4ba7027cf676e9d6607ae8f6bcb') in 0.009997 seconds
Number of updated asset objects reloaded before import = 0Number of asset objects unloaded after import = 1

========================================================================
Received Import Request.
  Time since last request: 0.000016 seconds.
  path: Assets/BayatGames/Free Platform Game Assets/Enemies/New Enemy ( Update 1.9 )/2x/Chain-1.png
  artifactKey: Guid(5d7a1774f79833a40843a636e4578560) Importer(2089858483,b0f066a214c2f5e87bad3c948f4d605d)
Start importing Assets/BayatGames/Free Platform Game Assets/Enemies/New Enemy ( Update 1.9 )/2x/Chain-1.png using Guid(5d7a1774f79833a40843a636e4578560) Importer(2089858483,b0f066a214c2f5e87bad3c948f4d605d) (ScriptedImporter) -> (artifact id: '5e8a0f6cc76087b934e674521d5362ff') in 0.102945 seconds
Number of updated asset objects reloaded before import = 0Number of asset objects unloaded after import = 3

========================================================================
Received Import Request.
  Time since last request: 0.000018 seconds.
  path: Assets/BayatGames/Free Platform Game Assets/Environments/New Details ( Update 1.9 )/4x/Flower-1.png
  artifactKey: Guid(956281b640272d24fa71800b89c62738) Importer(2089858483,b0f066a214c2f5e87bad3c948f4d605d)
Start importing Assets/BayatGames/Free Platform Game Assets/Environments/New Details ( Update 1.9 )/4x/Flower-1.png using Guid(956281b640272d24fa71800b89c62738) Importer(2089858483,b0f066a214c2f5e87bad3c948f4d605d) (ScriptedImporter) -> (artifact id: '3050ec05529f59f19771cc05ed1e0272') in 0.0649344 seconds
Number of updated asset objects reloaded before import = 0Number of asset objects unloaded after import = 3

========================================================================
Received Import Request.
  Time since last request: 0.000020 seconds.
  path: Assets/BayatGames/Free Platform Game Assets/Enemies/Enemies/ai/Spike.ai
  artifactKey: Guid(12fb42902df13ae4f8fddbf94dad1e25) Importer(2089858483,b0f066a214c2f5e87bad3c948f4d605d)
Start importing Assets/BayatGames/Free Platform Game Assets/Enemies/Enemies/ai/Spike.ai using Guid(12fb42902df13ae4f8fddbf94dad1e25) Importer(2089858483,b0f066a214c2f5e87bad3c948f4d605d) (ScriptedImporter) -> (artifact id: 'f3d969feca44bd15eb0257f723d57e99') in 0.0227337 seconds
Number of updated asset objects reloaded before import = 0Number of asset objects unloaded after import = 1

========================================================================
Received Import Request.
  Time since last request: 0.000027 seconds.
  path: Assets/BayatGames/Free Platform Game Assets/Enemies/New Enemy ( Update 1.9 )/2x/Chain-3.png
  artifactKey: Guid(fd99831ddb26a1844a2588a3b03a9152) Importer(2089858483,b0f066a214c2f5e87bad3c948f4d605d)
Start importing Assets/BayatGames/Free Platform Game Assets/Enemies/New Enemy ( Update 1.9 )/2x/Chain-3.png using Guid(fd99831ddb26a1844a2588a3b03a9152) Importer(2089858483,b0f066a214c2f5e87bad3c948f4d605d) (ScriptedImporter) -> (artifact id: 'b1fd5df7cbec305aedcba9dd648ad808') in 0.2012188 seconds
Number of updated asset objects reloaded before import = 0Number of asset objects unloaded after import = 3

========================================================================
Received Import Request.
  Time since last request: 0.000018 seconds.
  path: Assets/BayatGames/Free Platform Game Assets/Enemies/New Enemy ( Update 1.9 )/2x/Chain-2.png
  artifactKey: Guid(7015a74864f2f2347ba7b26e57402c51) Importer(2089858483,b0f066a214c2f5e87bad3c948f4d605d)
Start importing Assets/BayatGames/Free Platform Game Assets/Enemies/New Enemy ( Update 1.9 )/2x/Chain-2.png using Guid(7015a74864f2f2347ba7b26e57402c51) Importer(2089858483,b0f066a214c2f5e87bad3c948f4d605d) (ScriptedImporter) -> (artifact id: '0024148ac6af5e2afa205f70f4b84357') in 0.1351208 seconds
Number of updated asset objects reloaded before import = 0Number of asset objects unloaded after import = 3

========================================================================
Received Import Request.
  Time since last request: 0.000026 seconds.
  path: Assets/BayatGames/Free Platform Game Assets/Water Animation/2.5D View/ai/Water Animation.ai
  artifactKey: Guid(708c016154259874f929b8a49bfe8ba9) Importer(2089858483,b0f066a214c2f5e87bad3c948f4d605d)
Start importing Assets/BayatGames/Free Platform Game Assets/Water Animation/2.5D View/ai/Water Animation.ai using Guid(708c016154259874f929b8a49bfe8ba9) Importer(2089858483,b0f066a214c2f5e87bad3c948f4d605d) (ScriptedImporter) -> (artifact id: '9ea8fc5581c1931eecb9b8cd839796b1') in 0.0223736 seconds
Number of updated asset objects reloaded before import = 0Number of asset objects unloaded after import = 1

========================================================================
Received Import Request.
  Time since last request: 0.000021 seconds.
  path: Assets/BayatGames/Free Platform Game Assets/Water Animation/2D view ( Update 1.9 )/128x128/8-1x.png
  artifactKey: Guid(e97fac510976a104ca32fd2bd632ff91) Importer(2089858483,b0f066a214c2f5e87bad3c948f4d605d)
Start importing Assets/BayatGames/Free Platform Game Assets/Water Animation/2D view ( Update 1.9 )/128x128/8-1x.png using Guid(e97fac510976a104ca32fd2bd632ff91) Importer(2089858483,b0f066a214c2f5e87bad3c948f4d605d) (ScriptedImporter) -> (artifact id: '6d38af8bdb15a8c78a4a3b112ac598d8') in 0.0940679 seconds
Number of updated asset objects reloaded before import = 0Number of asset objects unloaded after import = 3

========================================================================
Received Import Request.
  Time since last request: 0.000018 seconds.
  path: Assets/BayatGames/Free Platform Game Assets/Water Animation/2D view ( Update 1.9 )/256x256/12-2x.png
  artifactKey: Guid(785d74e266956cc46a81814c6e7745bd) Importer(2089858483,b0f066a214c2f5e87bad3c948f4d605d)
Start importing Assets/BayatGames/Free Platform Game Assets/Water Animation/2D view ( Update 1.9 )/256x256/12-2x.png using Guid(785d74e266956cc46a81814c6e7745bd) Importer(2089858483,b0f066a214c2f5e87bad3c948f4d605d) (ScriptedImporter) -> (artifact id: '8b980afef593c1ef66e38adebcb4d007') in 0.0783742 seconds
Number of updated asset objects reloaded before import = 0Number of asset objects unloaded after import = 3

========================================================================
Received Import Request.
  Time since last request: 0.000019 seconds.
  path: Assets/BayatGames/Free Platform Game Assets/Water Animation/2D view ( Update 1.9 )/256x256/15-2x.png
  artifactKey: Guid(5d173c2a58834e04fa336ade37796f14) Importer(2089858483,b0f066a214c2f5e87bad3c948f4d605d)
Start importing Assets/BayatGames/Free Platform Game Assets/Water Animation/2D view ( Update 1.9 )/256x256/15-2x.png using Guid(5d173c2a58834e04fa336ade37796f14) Importer(2089858483,b0f066a214c2f5e87bad3c948f4d605d) (ScriptedImporter) -> (artifact id: '427d1eed6fbf0af8e882a8c361785557') in 0.0787709 seconds
Number of updated asset objects reloaded before import = 0Number of asset objects unloaded after import = 3

========================================================================
Received Import Request.
  Time since last request: 0.000025 seconds.
  path: Assets/BayatGames/Free Platform Game Assets/Water Animation/2D view ( Update 1.9 )/512x512/12-4x.png
  artifactKey: Guid(cb29eeb5cb30c5d4e9162a06f6ffc1ef) Importer(2089858483,b0f066a214c2f5e87bad3c948f4d605d)
Start importing Assets/BayatGames/Free Platform Game Assets/Water Animation/2D view ( Update 1.9 )/512x512/12-4x.png using Guid(cb29eeb5cb30c5d4e9162a06f6ffc1ef) Importer(2089858483,b0f066a214c2f5e87bad3c948f4d605d) (ScriptedImporter) -> (artifact id: '498af62b0dfce7312c9ae266bb5b7112') in 0.1640137 seconds
Number of updated asset objects reloaded before import = 0Number of asset objects unloaded after import = 3

========================================================================
Received Import Request.
  Time since last request: 0.000017 seconds.
  path: Assets/BayatGames/Free Platform Game Assets/Water Animation/2D view ( Update 1.9 )/128x128/6-1x.png
  artifactKey: Guid(1e802b47bfea50a47acf5f3b7ba3b16f) Importer(2089858483,b0f066a214c2f5e87bad3c948f4d605d)
Start importing Assets/BayatGames/Free Platform Game Assets/Water Animation/2D view ( Update 1.9 )/128x128/6-1x.png using Guid(1e802b47bfea50a47acf5f3b7ba3b16f) Importer(2089858483,b0f066a214c2f5e87bad3c948f4d605d) (ScriptedImporter) -> (artifact id: '12e7b9153e8b01da0067e98d8f6d9c5b') in 0.1032196 seconds
Number of updated asset objects reloaded before import = 0Number of asset objects unloaded after import = 3

========================================================================
Received Import Request.
  Time since last request: 0.000015 seconds.
  path: Assets/BayatGames/Free Platform Game Assets/Water Animation/2.5D View/eps/Water Animation.eps
  artifactKey: Guid(acee07f31669cde4597fcac991d930f5) Importer(2089858483,b0f066a214c2f5e87bad3c948f4d605d)
Start importing Assets/BayatGames/Free Platform Game Assets/Water Animation/2.5D View/eps/Water Animation.eps using Guid(acee07f31669cde4597fcac991d930f5) Importer(2089858483,b0f066a214c2f5e87bad3c948f4d605d) (ScriptedImporter) -> (artifact id: 'e650598d42eac5f12deebd188881aadd') in 0.0094768 seconds
Number of updated asset objects reloaded before import = 0Number of asset objects unloaded after import = 1

========================================================================
Received Import Request.
  Time since last request: 0.000027 seconds.
  path: Assets/BayatGames/Free Platform Game Assets/Water Animation/2D view ( Update 1.9 )/128x128/1-1x.png
  artifactKey: Guid(f79882f6d0651fe4ea92b2a889f628bb) Importer(2089858483,b0f066a214c2f5e87bad3c948f4d605d)
Start importing Assets/BayatGames/Free Platform Game Assets/Water Animation/2D view ( Update 1.9 )/128x128/1-1x.png using Guid(f79882f6d0651fe4ea92b2a889f628bb) Importer(2089858483,b0f066a214c2f5e87bad3c948f4d605d) (ScriptedImporter) -> (artifact id: '6426ca39e0f8ea2518aa447e34ab9e36') in 0.1481835 seconds
Number of updated asset objects reloaded before import = 0Number of asset objects unloaded after import = 3

========================================================================
Received Import Request.
  Time since last request: 0.000017 seconds.
  path: Assets/BayatGames/Free Platform Game Assets/Water Animation/2D view ( Update 1.9 )/256x256/6-2x.png
  artifactKey: Guid(64a3bf2dc75fe354caf7c29faff635d3) Importer(2089858483,b0f066a214c2f5e87bad3c948f4d605d)
Start importing Assets/BayatGames/Free Platform Game Assets/Water Animation/2D view ( Update 1.9 )/256x256/6-2x.png using Guid(64a3bf2dc75fe354caf7c29faff635d3) Importer(2089858483,b0f066a214c2f5e87bad3c948f4d605d) (ScriptedImporter) -> (artifact id: '80da113703b324972f816bc581f89aa0') in 0.1001338 seconds
Number of updated asset objects reloaded before import = 0Number of asset objects unloaded after import = 3

========================================================================
Received Import Request.
  Time since last request: 0.000018 seconds.
  path: Assets/BayatGames/Free Platform Game Assets/Environments/New Details ( Update 1.9 )/8x/Winter Tree.png
  artifactKey: Guid(81720abf9497de840a457ce9a9d82e2f) Importer(2089858483,b0f066a214c2f5e87bad3c948f4d605d)
Start importing Assets/BayatGames/Free Platform Game Assets/Environments/New Details ( Update 1.9 )/8x/Winter Tree.png using Guid(81720abf9497de840a457ce9a9d82e2f) Importer(2089858483,b0f066a214c2f5e87bad3c948f4d605d) (ScriptedImporter) -> (artifact id: '6c3cc1ce729325c626823f450e0a2472') in 0.3064444 seconds
Number of updated asset objects reloaded before import = 0Number of asset objects unloaded after import = 3

========================================================================
Received Import Request.
  Time since last request: 0.000028 seconds.
  path: Assets/BayatGames/Free Platform Game Assets/Water Animation/2D view ( Update 1.9 )/128x128/10-1x.png
  artifactKey: Guid(8850c8a40338c844ca8c39077744bd1c) Importer(2089858483,b0f066a214c2f5e87bad3c948f4d605d)
Start importing Assets/BayatGames/Free Platform Game Assets/Water Animation/2D view ( Update 1.9 )/128x128/10-1x.png using Guid(8850c8a40338c844ca8c39077744bd1c) Importer(2089858483,b0f066a214c2f5e87bad3c948f4d605d) (ScriptedImporter) -> (artifact id: '50a91e15515aa0ebd1b8509d48f562d2') in 0.0637201 seconds
Number of updated asset objects reloaded before import = 0Number of asset objects unloaded after import = 3

========================================================================
Received Import Request.
  Time since last request: 0.000021 seconds.
  path: Assets/BayatGames/Free Platform Game Assets/Water Animation/2D view ( Update 1.9 )/512x512/1-4x.png
  artifactKey: Guid(91860808ac3774d4f8da7b5a81a3769a) Importer(2089858483,b0f066a214c2f5e87bad3c948f4d605d)
Start importing Assets/BayatGames/Free Platform Game Assets/Water Animation/2D view ( Update 1.9 )/512x512/1-4x.png using Guid(91860808ac3774d4f8da7b5a81a3769a) Importer(2089858483,b0f066a214c2f5e87bad3c948f4d605d) (ScriptedImporter) -> (artifact id: '632c6f1eef1ab914d0a1747d55f990c3') in 0.1350348 seconds
Number of updated asset objects reloaded before import = 0Number of asset objects unloaded after import = 3

========================================================================
Received Import Request.
  Time since last request: 0.000021 seconds.
  path: Assets/BayatGames/Free Platform Game Assets/Water Animation/2D view ( Update 1.9 )/128x128/11-1x.png
  artifactKey: Guid(d13bb2383d774344f8586871dde5811f) Importer(2089858483,b0f066a214c2f5e87bad3c948f4d605d)
Start importing Assets/BayatGames/Free Platform Game Assets/Water Animation/2D view ( Update 1.9 )/128x128/11-1x.png using Guid(d13bb2383d774344f8586871dde5811f) Importer(2089858483,b0f066a214c2f5e87bad3c948f4d605d) (ScriptedImporter) -> (artifact id: '2d57b01452a09998c38b5a0d45a2e231') in 0.0706845 seconds
Number of updated asset objects reloaded before import = 0Number of asset objects unloaded after import = 3

========================================================================
Received Import Request.
  Time since last request: 0.000035 seconds.
  path: Assets/BayatGames/Free Platform Game Assets/Water Animation/2D view ( Update 1.9 )/256x256/14-2x.png
  artifactKey: Guid(fc0e215a7832de44dada7c2dd63ed1c1) Importer(2089858483,b0f066a214c2f5e87bad3c948f4d605d)
Start importing Assets/BayatGames/Free Platform Game Assets/Water Animation/2D view ( Update 1.9 )/256x256/14-2x.png using Guid(fc0e215a7832de44dada7c2dd63ed1c1) Importer(2089858483,b0f066a214c2f5e87bad3c948f4d605d) (ScriptedImporter) -> (artifact id: 'daee9d06ed1004fa5a7b82d67e403d9b') in 0.0467385 seconds
Number of updated asset objects reloaded before import = 0Number of asset objects unloaded after import = 3

========================================================================
Received Import Request.
  Time since last request: 0.000016 seconds.
  path: Assets/BayatGames/Free Platform Game Assets/Water Animation/2D view ( Update 1.9 )/256x256/5-2x.png
  artifactKey: Guid(10201e518beefa8449bfd75c72ab7302) Importer(2089858483,b0f066a214c2f5e87bad3c948f4d605d)
Start importing Assets/BayatGames/Free Platform Game Assets/Water Animation/2D view ( Update 1.9 )/256x256/5-2x.png using Guid(10201e518beefa8449bfd75c72ab7302) Importer(2089858483,b0f066a214c2f5e87bad3c948f4d605d) (ScriptedImporter) -> (artifact id: '045318b0e14c698d975bc4d6c1b2e42c') in 0.0981018 seconds
Number of updated asset objects reloaded before import = 0Number of asset objects unloaded after import = 3

========================================================================
Received Import Request.
  Time since last request: 0.000018 seconds.
  path: Assets/BayatGames/Free Platform Game Assets/Water Animation/2D view ( Update 1.9 )/128x128/12-1x.png
  artifactKey: Guid(680ee6c7813178c4ab779c801a23c814) Importer(2089858483,b0f066a214c2f5e87bad3c948f4d605d)
Start importing Assets/BayatGames/Free Platform Game Assets/Water Animation/2D view ( Update 1.9 )/128x128/12-1x.png using Guid(680ee6c7813178c4ab779c801a23c814) Importer(2089858483,b0f066a214c2f5e87bad3c948f4d605d) (ScriptedImporter) -> (artifact id: '79ac4228f0961f50781ef450b2506074') in 0.0890549 seconds
Number of updated asset objects reloaded before import = 0Number of asset objects unloaded after import = 3

========================================================================
Received Import Request.
  Time since last request: 0.000025 seconds.
  path: Assets/BayatGames/Free Platform Game Assets/Water Animation/2D view ( Update 1.9 )/128x128/16-1x.png
  artifactKey: Guid(cf8a41b3b2873ce40b14669e46079cae) Importer(2089858483,b0f066a214c2f5e87bad3c948f4d605d)
Start importing Assets/BayatGames/Free Platform Game Assets/Water Animation/2D view ( Update 1.9 )/128x128/16-1x.png using Guid(cf8a41b3b2873ce40b14669e46079cae) Importer(2089858483,b0f066a214c2f5e87bad3c948f4d605d) (ScriptedImporter) -> (artifact id: '1c72f4a0b336b4e825d896d7c4dcc066') in 0.0460929 seconds
Number of updated asset objects reloaded before import = 0Number of asset objects unloaded after import = 3

========================================================================
Received Import Request.
  Time since last request: 0.000016 seconds.
  path: Assets/BayatGames/Free Platform Game Assets/Environments/New Details ( Update 1.9 )/8x/Tree.png
  artifactKey: Guid(0e141e3371de4a745962f5fa234ae937) Importer(2089858483,b0f066a214c2f5e87bad3c948f4d605d)
Start importing Assets/BayatGames/Free Platform Game Assets/Environments/New Details ( Update 1.9 )/8x/Tree.png using Guid(0e141e3371de4a745962f5fa234ae937) Importer(2089858483,b0f066a214c2f5e87bad3c948f4d605d) (ScriptedImporter) -> (artifact id: '3961dd1b3fb18c3e908246df64baaf90') in 0.2875275 seconds
Number of updated asset objects reloaded before import = 0Number of asset objects unloaded after import = 3

========================================================================
Received Import Request.
  Time since last request: 0.000021 seconds.
  path: Assets/BayatGames/Free Platform Game Assets/Water Animation/2D view ( Update 1.9 )/256x256/1-2x.png
  artifactKey: Guid(cb1e2fe69911bb14995196d879e91b46) Importer(2089858483,b0f066a214c2f5e87bad3c948f4d605d)
Start importing Assets/BayatGames/Free Platform Game Assets/Water Animation/2D view ( Update 1.9 )/256x256/1-2x.png using Guid(cb1e2fe69911bb14995196d879e91b46) Importer(2089858483,b0f066a214c2f5e87bad3c948f4d605d) (ScriptedImporter) -> (artifact id: '3502812be56070d3d6c0d24ab76d3e85') in 0.0395147 seconds
Number of updated asset objects reloaded before import = 0Number of asset objects unloaded after import = 3

========================================================================
Received Import Request.
  Time since last request: 0.000026 seconds.
  path: Assets/BayatGames/Free Platform Game Assets/Water Animation/2D view ( Update 1.9 )/128x128/4-1x.png
  artifactKey: Guid(3bcc6fb68bf9d0949bea65a2e5663f96) Importer(2089858483,b0f066a214c2f5e87bad3c948f4d605d)
Start importing Assets/BayatGames/Free Platform Game Assets/Water Animation/2D view ( Update 1.9 )/128x128/4-1x.png using Guid(3bcc6fb68bf9d0949bea65a2e5663f96) Importer(2089858483,b0f066a214c2f5e87bad3c948f4d605d) (ScriptedImporter) -> (artifact id: 'ed4778b2795658e1461b8108014a83c1') in 0.0517468 seconds
Number of updated asset objects reloaded before import = 0Number of asset objects unloaded after import = 3

========================================================================
Received Import Request.
  Time since last request: 0.000018 seconds.
  path: Assets/BayatGames/Free Platform Game Assets/Water Animation/2D view ( Update 1.9 )/128x128/14-1x.png
  artifactKey: Guid(83c48acc044031b4586cd3a220adf2bc) Importer(2089858483,b0f066a214c2f5e87bad3c948f4d605d)
Start importing Assets/BayatGames/Free Platform Game Assets/Water Animation/2D view ( Update 1.9 )/128x128/14-1x.png using Guid(83c48acc044031b4586cd3a220adf2bc) Importer(2089858483,b0f066a214c2f5e87bad3c948f4d605d) (ScriptedImporter) -> (artifact id: '20d9198586298b10dd5ba690af2a5303') in 0.0688876 seconds
Number of updated asset objects reloaded before import = 0Number of asset objects unloaded after import = 3

========================================================================
Received Import Request.
  Time since last request: 0.000016 seconds.
  path: Assets/BayatGames/Free Platform Game Assets/Character/Character Animation ( Update 1.8 )/Idle/Blink/2x.png
  artifactKey: Guid(445f456e4b154514898d79d71b55c05f) Importer(2089858483,b0f066a214c2f5e87bad3c948f4d605d)
Start importing Assets/BayatGames/Free Platform Game Assets/Character/Character Animation ( Update 1.8 )/Idle/Blink/2x.png using Guid(445f456e4b154514898d79d71b55c05f) Importer(2089858483,b0f066a214c2f5e87bad3c948f4d605d) (ScriptedImporter) -> (artifact id: '5406196eeda527ec93469adb590ec436') in 0.0998534 seconds
Number of updated asset objects reloaded before import = 0Number of asset objects unloaded after import = 3

========================================================================
Received Import Request.
  Time since last request: 0.000020 seconds.
  path: Assets/BayatGames/Free Platform Game Assets/Water Animation/2D view ( Update 1.9 )/512x512/15-4x.png
  artifactKey: Guid(c2cd321f8fb067f40b5b0a5d836685b1) Importer(2089858483,b0f066a214c2f5e87bad3c948f4d605d)
Start importing Assets/BayatGames/Free Platform Game Assets/Water Animation/2D view ( Update 1.9 )/512x512/15-4x.png using Guid(c2cd321f8fb067f40b5b0a5d836685b1) Importer(2089858483,b0f066a214c2f5e87bad3c948f4d605d) (ScriptedImporter) -> (artifact id: '5c0ef09ed93bdabe71b70522af7856a3') in 0.1251762 seconds
Number of updated asset objects reloaded before import = 0Number of asset objects unloaded after import = 3

========================================================================
Received Import Request.
  Time since last request: 0.000021 seconds.
  path: Assets/BayatGames/Free Platform Game Assets/Water Animation/2D view ( Update 1.9 )/512x512/2-4x.png
  artifactKey: Guid(1fd3da4549cce5a4bac9d2820d0c4ab0) Importer(2089858483,b0f066a214c2f5e87bad3c948f4d605d)
Start importing Assets/BayatGames/Free Platform Game Assets/Water Animation/2D view ( Update 1.9 )/512x512/2-4x.png using Guid(1fd3da4549cce5a4bac9d2820d0c4ab0) Importer(2089858483,b0f066a214c2f5e87bad3c948f4d605d) (ScriptedImporter) -> (artifact id: 'dcf6ea68628aaf4f804c0a193922b761') in 0.1856267 seconds
Number of updated asset objects reloaded before import = 0Number of asset objects unloaded after import = 3

========================================================================
Received Import Request.
  Time since last request: 0.000030 seconds.
  path: Assets/BayatGames/Free Platform Game Assets/Character/Character Source/png/4x/LeftHand.png
  artifactKey: Guid(f74f79856fafd60499953268d6762796) Importer(2089858483,b0f066a214c2f5e87bad3c948f4d605d)
Start importing Assets/BayatGames/Free Platform Game Assets/Character/Character Source/png/4x/LeftHand.png using Guid(f74f79856fafd60499953268d6762796) Importer(2089858483,b0f066a214c2f5e87bad3c948f4d605d) (ScriptedImporter) -> (artifact id: 'aff75ea73996746f6c31e0e01172285e') in 0.108802 seconds
Number of updated asset objects reloaded before import = 0Number of asset objects unloaded after import = 3

========================================================================
Received Import Request.
  Time since last request: 0.000027 seconds.
  path: Assets/BayatGames/Free Platform Game Assets/Chests/Chest/png/Sheet/Chest 1024x256(1x).png
  artifactKey: Guid(93a8265f01d7cd94cbb50fb025d98ea7) Importer(2089858483,b0f066a214c2f5e87bad3c948f4d605d)
Start importing Assets/BayatGames/Free Platform Game Assets/Chests/Chest/png/Sheet/Chest 1024x256(1x).png using Guid(93a8265f01d7cd94cbb50fb025d98ea7) Importer(2089858483,b0f066a214c2f5e87bad3c948f4d605d) (ScriptedImporter) -> (artifact id: '047602b53dedd5a51c59c33d3616d8a0') in 0.0639372 seconds
Number of updated asset objects reloaded before import = 0Number of asset objects unloaded after import = 3

========================================================================
Received Import Request.
  Time since last request: 0.000017 seconds.
  path: Assets/BayatGames/Free Platform Game Assets/Character/Character Source/png/1x/LeftHand&Arm.png
  artifactKey: Guid(da0a680ffa7a35044b4b43dcd7beda07) Importer(2089858483,b0f066a214c2f5e87bad3c948f4d605d)
Start importing Assets/BayatGames/Free Platform Game Assets/Character/Character Source/png/1x/LeftHand&Arm.png using Guid(da0a680ffa7a35044b4b43dcd7beda07) Importer(2089858483,b0f066a214c2f5e87bad3c948f4d605d) (ScriptedImporter) -> (artifact id: 'cccd276891a6e850e63925dd233883b7') in 0.0601019 seconds
Number of updated asset objects reloaded before import = 0Number of asset objects unloaded after import = 3

========================================================================
Received Import Request.
  Time since last request: 0.000017 seconds.
  path: Assets/BayatGames/Free Platform Game Assets/Character/Character Source/png/2x/LeftHand&Arm.png
  artifactKey: Guid(06a078d21287a7940979bd11e1ad823f) Importer(2089858483,b0f066a214c2f5e87bad3c948f4d605d)
Start importing Assets/BayatGames/Free Platform Game Assets/Character/Character Source/png/2x/LeftHand&Arm.png using Guid(06a078d21287a7940979bd11e1ad823f) Importer(2089858483,b0f066a214c2f5e87bad3c948f4d605d) (ScriptedImporter) -> (artifact id: '8b6a32505e242ea9253059c85c9f90b3') in 0.0359318 seconds
Number of updated asset objects reloaded before import = 0Number of asset objects unloaded after import = 3

========================================================================
Received Import Request.
  Time since last request: 0.000018 seconds.
  path: Assets/BayatGames/Free Platform Game Assets/Character/Character Source/png/4x/RightArm.png
  artifactKey: Guid(d9186e1c6e7e7af42814ff3d20ff83a8) Importer(2089858483,b0f066a214c2f5e87bad3c948f4d605d)
Start importing Assets/BayatGames/Free Platform Game Assets/Character/Character Source/png/4x/RightArm.png using Guid(d9186e1c6e7e7af42814ff3d20ff83a8) Importer(2089858483,b0f066a214c2f5e87bad3c948f4d605d) (ScriptedImporter) -> (artifact id: 'c0e6948179d604830dd4e81f6600d437') in 0.0433933 seconds
Number of updated asset objects reloaded before import = 0Number of asset objects unloaded after import = 3

========================================================================
Received Import Request.
  Time since last request: 0.000024 seconds.
  path: Assets/BayatGames/Free Platform Game Assets/Character/Character Source/png/2x/Body.png
  artifactKey: Guid(0a6fbfb8eda4e574d9f147b94d2acc68) Importer(2089858483,b0f066a214c2f5e87bad3c948f4d605d)
Start importing Assets/BayatGames/Free Platform Game Assets/Character/Character Source/png/2x/Body.png using Guid(0a6fbfb8eda4e574d9f147b94d2acc68) Importer(2089858483,b0f066a214c2f5e87bad3c948f4d605d) (ScriptedImporter) -> (artifact id: 'c6ba7bf55b8d09559ac8940b48425989') in 0.1328866 seconds
Number of updated asset objects reloaded before import = 0Number of asset objects unloaded after import = 3

========================================================================
Received Import Request.
  Time since last request: 0.000019 seconds.
  path: Assets/BayatGames/Free Platform Game Assets/Water Animation/2D view ( Update 1.9 )/512x512/4-4x.png
  artifactKey: Guid(d8abbac2f66a11b42b8b8964555e8275) Importer(2089858483,b0f066a214c2f5e87bad3c948f4d605d)
Start importing Assets/BayatGames/Free Platform Game Assets/Water Animation/2D view ( Update 1.9 )/512x512/4-4x.png using Guid(d8abbac2f66a11b42b8b8964555e8275) Importer(2089858483,b0f066a214c2f5e87bad3c948f4d605d) (ScriptedImporter) -> (artifact id: '6ccef0b02d7d3028aa034ce1484d1bb8') in 0.0439754 seconds
Number of updated asset objects reloaded before import = 0Number of asset objects unloaded after import = 3

========================================================================
Received Import Request.
  Time since last request: 0.000028 seconds.
  path: Assets/LSL/LSL4Unity/Plugins/LSL/linux/liblsl.so.2
  artifactKey: Guid(7e3a1296118fd8548a93eb6d83181a88) Importer(2089858483,b0f066a214c2f5e87bad3c948f4d605d)
Start importing Assets/LSL/LSL4Unity/Plugins/LSL/linux/liblsl.so.2 using Guid(7e3a1296118fd8548a93eb6d83181a88) Importer(2089858483,b0f066a214c2f5e87bad3c948f4d605d) (ScriptedImporter) -> (artifact id: 'b3c22192b71579735075751cc0c3ba8a') in 0.012182 seconds
Number of updated asset objects reloaded before import = 0Number of asset objects unloaded after import = 0

========================================================================
Received Import Request.
  Time since last request: 0.000027 seconds.
  path: Assets/BayatGames/Free Platform Game Assets/Character/Character Animation ( Update 1.8 )/Idle/Blink/1x.png
  artifactKey: Guid(7271c00af7c561f4da251fcfe62912d4) Importer(2089858483,b0f066a214c2f5e87bad3c948f4d605d)
Start importing Assets/BayatGames/Free Platform Game Assets/Character/Character Animation ( Update 1.8 )/Idle/Blink/1x.png using Guid(7271c00af7c561f4da251fcfe62912d4) Importer(2089858483,b0f066a214c2f5e87bad3c948f4d605d) (ScriptedImporter) -> (artifact id: '2e34196c215cbeb36a0abf87a9bf8b88') in 0.1473308 seconds
Number of updated asset objects reloaded before import = 0Number of asset objects unloaded after import = 3

========================================================================
Received Import Request.
  Time since last request: 0.000026 seconds.
  path: Assets/BayatGames/Free Platform Game Assets/Chests/Chest/png/Sheet/Chest 2048x512(2x).png
  artifactKey: Guid(1685ff528d5846041ab0a8a01abb369b) Importer(2089858483,b0f066a214c2f5e87bad3c948f4d605d)
Start importing Assets/BayatGames/Free Platform Game Assets/Chests/Chest/png/Sheet/Chest 2048x512(2x).png using Guid(1685ff528d5846041ab0a8a01abb369b) Importer(2089858483,b0f066a214c2f5e87bad3c948f4d605d) (ScriptedImporter) -> (artifact id: '155fcbdc4c2a363f72891888027d1f25') in 0.103786 seconds
Number of updated asset objects reloaded before import = 0Number of asset objects unloaded after import = 3

========================================================================
Received Import Request.
  Time since last request: 0.000018 seconds.
  path: Assets/BayatGames/Free Platform Game Assets/Water Animation/2D view ( Update 1.9 )/512x512/5-4x.png
  artifactKey: Guid(3c4676c7ec40a1640a27d388e170741b) Importer(2089858483,b0f066a214c2f5e87bad3c948f4d605d)
Start importing Assets/BayatGames/Free Platform Game Assets/Water Animation/2D view ( Update 1.9 )/512x512/5-4x.png using Guid(3c4676c7ec40a1640a27d388e170741b) Importer(2089858483,b0f066a214c2f5e87bad3c948f4d605d) (ScriptedImporter) -> (artifact id: '12e22d40206391df7b6ef89e8e59f006') in 0.0952969 seconds
Number of updated asset objects reloaded before import = 0Number of asset objects unloaded after import = 3

========================================================================
Received Import Request.
  Time since last request: 0.000032 seconds.
  path: Assets/TextMesh Pro/Examples & Extras/Textures/Mask Zig-n-Zag.psd
  artifactKey: Guid(bb8dfcd263ad4eb383a33d74a720be6f) Importer(2089858483,b0f066a214c2f5e87bad3c948f4d605d)
Start importing Assets/TextMesh Pro/Examples & Extras/Textures/Mask Zig-n-Zag.psd using Guid(bb8dfcd263ad4eb383a33d74a720be6f) Importer(2089858483,b0f066a214c2f5e87bad3c948f4d605d) (ScriptedImporter) -> (artifact id: '52fbf47f6215c674b0887cfaf08a718f') in 0.0373038 seconds
Number of updated asset objects reloaded before import = 0Number of asset objects unloaded after import = 1

========================================================================
Received Import Request.
  Time since last request: 0.000017 seconds.
  path: Assets/TextMesh Pro/Examples & Extras/Resources/Fonts & Materials/Roboto-Bold SDF.asset
  artifactKey: Guid(5302535af1044152a457ed104f1f4b91) Importer(2089858483,b0f066a214c2f5e87bad3c948f4d605d)
Start importing Assets/TextMesh Pro/Examples & Extras/Resources/Fonts & Materials/Roboto-Bold SDF.asset using Guid(5302535af1044152a457ed104f1f4b91) Importer(2089858483,b0f066a214c2f5e87bad3c948f4d605d) (ScriptedImporter) -> (artifact id: 'e89924828386a90031999c7e62b7cb2b') in 0.0177867 seconds
Number of updated asset objects reloaded before import = 0Number of asset objects unloaded after import = 5

========================================================================
Received Import Request.
  Time since last request: 0.000016 seconds.
  path: Assets/BayatGames/Free Platform Game Assets/Water Animation/2D view ( Update 1.9 )/128x128/15-1x.png
  artifactKey: Guid(18bc0a66b0a09fb42b5f2526223fd314) Importer(2089858483,b0f066a214c2f5e87bad3c948f4d605d)
Start importing Assets/BayatGames/Free Platform Game Assets/Water Animation/2D view ( Update 1.9 )/128x128/15-1x.png using Guid(18bc0a66b0a09fb42b5f2526223fd314) Importer(2089858483,b0f066a214c2f5e87bad3c948f4d605d) (ScriptedImporter) -> (artifact id: '578775d7bad954dde130b1873da64bb2') in 0.0382943 seconds
Number of updated asset objects reloaded before import = 0Number of asset objects unloaded after import = 3

========================================================================
Received Import Request.
  Time since last request: 0.000017 seconds.
  path: Assets/BayatGames/Free Platform Game Assets/Water Animation/2D view ( Update 1.9 )/256x256/16-2x.png
  artifactKey: Guid(1920a7ac6a10be744adec6d6bce2208f) Importer(2089858483,b0f066a214c2f5e87bad3c948f4d605d)
Start importing Assets/BayatGames/Free Platform Game Assets/Water Animation/2D view ( Update 1.9 )/256x256/16-2x.png using Guid(1920a7ac6a10be744adec6d6bce2208f) Importer(2089858483,b0f066a214c2f5e87bad3c948f4d605d) (ScriptedImporter) -> (artifact id: '04bd9ff729ec03b017e8f9183e18221d') in 0.0991961 seconds
Number of updated asset objects reloaded before import = 0Number of asset objects unloaded after import = 3

========================================================================
Received Import Request.
  Time since last request: 0.000020 seconds.
  path: Assets/BayatGames/Free Platform Game Assets/Water Animation/2D view ( Update 1.9 )/512x512/6-4x.png
  artifactKey: Guid(7df63910e97f4d249a4392cc0648b481) Importer(2089858483,b0f066a214c2f5e87bad3c948f4d605d)
Start importing Assets/BayatGames/Free Platform Game Assets/Water Animation/2D view ( Update 1.9 )/512x512/6-4x.png using Guid(7df63910e97f4d249a4392cc0648b481) Importer(2089858483,b0f066a214c2f5e87bad3c948f4d605d) (ScriptedImporter) -> (artifact id: '73274d1ff94fbe0ed3830ea296640350') in 0.0588267 seconds
Number of updated asset objects reloaded before import = 0Number of asset objects unloaded after import = 3

========================================================================
Received Import Request.
  Time since last request: 0.000029 seconds.
  path: Assets/karsiori/Sprites/Pixel Art Rock Pile Pack/Rock Pile - AZURE -/Rock Pile 15 - AZURE - BIG.PNG
  artifactKey: Guid(de097ffe7bd146348b6636f84e38b77c) Importer(2089858483,b0f066a214c2f5e87bad3c948f4d605d)
Start importing Assets/karsiori/Sprites/Pixel Art Rock Pile Pack/Rock Pile - AZURE -/Rock Pile 15 - AZURE - BIG.PNG using Guid(de097ffe7bd146348b6636f84e38b77c) Importer(2089858483,b0f066a214c2f5e87bad3c948f4d605d) (ScriptedImporter) -> (artifact id: '709ab68a7e5a6560d5a907b94a0fd42f') in 0.0639706 seconds
Number of updated asset objects reloaded before import = 0Number of asset objects unloaded after import = 3

========================================================================
Received Import Request.
  Time since last request: 0.000018 seconds.
  path: Assets/karsiori/Sprites/Pixel Art Rock Pile Pack/Rock Pile - SILVER -/Rock Pile 3 - SILVER - BIG.PNG
  artifactKey: Guid(e565f0c2a1f09cd4c88249b56c6bae63) Importer(2089858483,b0f066a214c2f5e87bad3c948f4d605d)
Start importing Assets/karsiori/Sprites/Pixel Art Rock Pile Pack/Rock Pile - SILVER -/Rock Pile 3 - SILVER - BIG.PNG using Guid(e565f0c2a1f09cd4c88249b56c6bae63) Importer(2089858483,b0f066a214c2f5e87bad3c948f4d605d) (ScriptedImporter) -> (artifact id: 'a4011be8317b302aadb4d4ba39a88af5') in 0.0523495 seconds
Number of updated asset objects reloaded before import = 0Number of asset objects unloaded after import = 3

========================================================================
Received Import Request.
  Time since last request: 0.000023 seconds.
  path: Assets/karsiori/Sprites/Pixel Art Rock Pile Pack/Rock Pile - MOSSY -/Rock Pile 7 - MOSSY - BIG.PNG
  artifactKey: Guid(2150c6f223c8e3944bbe2e50c3857b2f) Importer(2089858483,b0f066a214c2f5e87bad3c948f4d605d)
Start importing Assets/karsiori/Sprites/Pixel Art Rock Pile Pack/Rock Pile - MOSSY -/Rock Pile 7 - MOSSY - BIG.PNG using Guid(2150c6f223c8e3944bbe2e50c3857b2f) Importer(2089858483,b0f066a214c2f5e87bad3c948f4d605d) (ScriptedImporter) -> (artifact id: 'b48b26a061dd885a1ca9843086b280f7') in 0.0406326 seconds
Number of updated asset objects reloaded before import = 0Number of asset objects unloaded after import = 3

========================================================================
Received Import Request.
  Time since last request: 0.000033 seconds.
  path: Assets/TextMesh Pro/Examples & Extras/Textures/Wipe Pattern - Diagonal.psd
  artifactKey: Guid(ed5290d8df18488780e2996b9b882f01) Importer(2089858483,b0f066a214c2f5e87bad3c948f4d605d)
Start importing Assets/TextMesh Pro/Examples & Extras/Textures/Wipe Pattern - Diagonal.psd using Guid(ed5290d8df18488780e2996b9b882f01) Importer(2089858483,b0f066a214c2f5e87bad3c948f4d605d) (ScriptedImporter) -> (artifact id: '4521e1ff5876c4b7268da129807265f9') in 0.0246489 seconds
Number of updated asset objects reloaded before import = 0Number of asset objects unloaded after import = 1

========================================================================
Received Import Request.
  Time since last request: 0.000022 seconds.
  path: Assets/TextMesh Pro/Examples & Extras/Textures/Gradient Vertical (Color).jpg
  artifactKey: Guid(03d0538de6e24c0f819bfc9ce084dfa9) Importer(2089858483,b0f066a214c2f5e87bad3c948f4d605d)
Start importing Assets/TextMesh Pro/Examples & Extras/Textures/Gradient Vertical (Color).jpg using Guid(03d0538de6e24c0f819bfc9ce084dfa9) Importer(2089858483,b0f066a214c2f5e87bad3c948f4d605d) (ScriptedImporter) -> (artifact id: 'c2929ec8aaf7d8d64a14e49710c90d4c') in 0.0471442 seconds
Number of updated asset objects reloaded before import = 0Number of asset objects unloaded after import = 1

========================================================================
Received Import Request.
  Time since last request: 0.000017 seconds.
  path: Assets/karsiori/Sprites/Pixel Art Rock Pile Pack/Rock Pile - ORANGE -/Rock Pile 6 - ORANGE - BIG.PNG
  artifactKey: Guid(2894e673a47957140b800a0cf3a50dbe) Importer(2089858483,b0f066a214c2f5e87bad3c948f4d605d)
Start importing Assets/karsiori/Sprites/Pixel Art Rock Pile Pack/Rock Pile - ORANGE -/Rock Pile 6 - ORANGE - BIG.PNG using Guid(2894e673a47957140b800a0cf3a50dbe) Importer(2089858483,b0f066a214c2f5e87bad3c948f4d605d) (ScriptedImporter) -> (artifact id: '5ee7070cd63988c86bb1e0a06210db6d') in 0.0913606 seconds
Number of updated asset objects reloaded before import = 0Number of asset objects unloaded after import = 3

========================================================================
Received Import Request.
  Time since last request: 0.000024 seconds.
  path: Assets/TextMesh Pro/Examples & Extras/Resources/Fonts & Materials/Anton SDF.asset
  artifactKey: Guid(8a89fa14b10d46a99122fd4f73fca9a2) Importer(2089858483,b0f066a214c2f5e87bad3c948f4d605d)
Start importing Assets/TextMesh Pro/Examples & Extras/Resources/Fonts & Materials/Anton SDF.asset using Guid(8a89fa14b10d46a99122fd4f73fca9a2) Importer(2089858483,b0f066a214c2f5e87bad3c948f4d605d) (ScriptedImporter) -> (artifact id: '50c4caf844dae2fcc143c975f915a9e7') in 0.0190413 seconds
Number of updated asset objects reloaded before import = 0Number of asset objects unloaded after import = 5

========================================================================
Received Import Request.
  Time since last request: 0.000038 seconds.
  path: Assets/karsiori/Sprites/Pixel Art Rock Pile Pack/Rock Pile - MOSSY -/Rock Pile 13 - MOSSY - small.PNG
  artifactKey: Guid(9a5db8064a8f54e4189414b0f426bbca) Importer(2089858483,b0f066a214c2f5e87bad3c948f4d605d)
Start importing Assets/karsiori/Sprites/Pixel Art Rock Pile Pack/Rock Pile - MOSSY -/Rock Pile 13 - MOSSY - small.PNG using Guid(9a5db8064a8f54e4189414b0f426bbca) Importer(2089858483,b0f066a214c2f5e87bad3c948f4d605d) (ScriptedImporter) -> (artifact id: '3c7dfb45add1e0fbbd608b591b278778') in 0.1043527 seconds
Number of updated asset objects reloaded before import = 0Number of asset objects unloaded after import = 3

========================================================================
Received Import Request.
  Time since last request: 0.000018 seconds.
  path: Assets/BayatGames/Free Platform Game Assets/Enemies/Enemies/png/256x256/Saw.png
  artifactKey: Guid(c7751e43ec9b50745985372bf2b0177b) Importer(2089858483,b0f066a214c2f5e87bad3c948f4d605d)
Start importing Assets/BayatGames/Free Platform Game Assets/Enemies/Enemies/png/256x256/Saw.png using Guid(c7751e43ec9b50745985372bf2b0177b) Importer(2089858483,b0f066a214c2f5e87bad3c948f4d605d) (ScriptedImporter) -> (artifact id: '2b1649321fc48e77eb77bc12af4334d0') in 0.1054412 seconds
Number of updated asset objects reloaded before import = 0Number of asset objects unloaded after import = 3

========================================================================
Received Import Request.
  Time since last request: 0.000019 seconds.
  path: Assets/BayatGames/Free Platform Game Assets/Tiles/2.5D Tiles/Autumn ( Update 1.9 )/128x128/HillRight.png
  artifactKey: Guid(87cf39afd23202f4d9a176571e3d621c) Importer(2089858483,b0f066a214c2f5e87bad3c948f4d605d)
Start importing Assets/BayatGames/Free Platform Game Assets/Tiles/2.5D Tiles/Autumn ( Update 1.9 )/128x128/HillRight.png using Guid(87cf39afd23202f4d9a176571e3d621c) Importer(2089858483,b0f066a214c2f5e87bad3c948f4d605d) (ScriptedImporter) -> (artifact id: '4b44e39ad99dc7ecbb0e943480feb127') in 0.0832546 seconds
Number of updated asset objects reloaded before import = 0Number of asset objects unloaded after import = 3

========================================================================
Received Import Request.
  Time since last request: 0.000026 seconds.
  path: Assets/BayatGames/Free Platform Game Assets/Tiles/2.5D Tiles/Autumn ( Update 1.9 )/128x128/GrassJoinHillRight2.png
  artifactKey: Guid(0e0afb9416cf39147b3b6dca0c7328a1) Importer(2089858483,b0f066a214c2f5e87bad3c948f4d605d)
Start importing Assets/BayatGames/Free Platform Game Assets/Tiles/2.5D Tiles/Autumn ( Update 1.9 )/128x128/GrassJoinHillRight2.png using Guid(0e0afb9416cf39147b3b6dca0c7328a1) Importer(2089858483,b0f066a214c2f5e87bad3c948f4d605d) (ScriptedImporter) -> (artifact id: '8317b365819cdbdf4b835bfb6f17277b') in 0.0454446 seconds
Number of updated asset objects reloaded before import = 0Number of asset objects unloaded after import = 3

========================================================================
Received Import Request.
  Time since last request: 0.000015 seconds.
  path: Assets/BayatGames/Free Platform Game Assets/Tiles/2.5D Tiles/Autumn ( Update 1.9 )/128x128/GrassCliffRight.png
  artifactKey: Guid(b26bf0e48adcc094fa9647a0304c7c71) Importer(2089858483,b0f066a214c2f5e87bad3c948f4d605d)
Start importing Assets/BayatGames/Free Platform Game Assets/Tiles/2.5D Tiles/Autumn ( Update 1.9 )/128x128/GrassCliffRight.png using Guid(b26bf0e48adcc094fa9647a0304c7c71) Importer(2089858483,b0f066a214c2f5e87bad3c948f4d605d) (ScriptedImporter) -> (artifact id: '548643b0d5730c252e58f5654476c5cc') in 0.0477656 seconds
Number of updated asset objects reloaded before import = 0Number of asset objects unloaded after import = 3

========================================================================
Received Import Request.
  Time since last request: 0.000020 seconds.
  path: Assets/BayatGames/Free Platform Game Assets/Enemies/New Enemy ( Update 1.9 )/8x/2D Mace View/eye-3.png
  artifactKey: Guid(8c4e0af11a3072949bbab252536d6761) Importer(2089858483,b0f066a214c2f5e87bad3c948f4d605d)
Start importing Assets/BayatGames/Free Platform Game Assets/Enemies/New Enemy ( Update 1.9 )/8x/2D Mace View/eye-3.png using Guid(8c4e0af11a3072949bbab252536d6761) Importer(2089858483,b0f066a214c2f5e87bad3c948f4d605d) (ScriptedImporter) -> (artifact id: '11a0976db91791be96c927f99756831c') in 0.0989921 seconds
Number of updated asset objects reloaded before import = 0Number of asset objects unloaded after import = 3

========================================================================
Received Import Request.
  Time since last request: 0.000034 seconds.
  path: Assets/BayatGames/Free Platform Game Assets/Tiles/2.5D Tiles/Autumn ( Update 1.9 )/128x128/HillRight2 WithDropShadow.png
  artifactKey: Guid(7aec162d72801bd43bfbbf9e9c5b4d6f) Importer(2089858483,b0f066a214c2f5e87bad3c948f4d605d)
Start importing Assets/BayatGames/Free Platform Game Assets/Tiles/2.5D Tiles/Autumn ( Update 1.9 )/128x128/HillRight2 WithDropShadow.png using Guid(7aec162d72801bd43bfbbf9e9c5b4d6f) Importer(2089858483,b0f066a214c2f5e87bad3c948f4d605d) (ScriptedImporter) -> (artifact id: '0fa8f763538728d61ebadfd637305ddf') in 0.0454809 seconds
Number of updated asset objects reloaded before import = 0Number of asset objects unloaded after import = 3

========================================================================
Received Import Request.
  Time since last request: 0.000016 seconds.
  path: Assets/BayatGames/Free Platform Game Assets/Enemies/Enemies/png/64x64/Spike_Left&Right.png
  artifactKey: Guid(e4790c9a8fc350e4c9040f29229b6792) Importer(2089858483,b0f066a214c2f5e87bad3c948f4d605d)
Start importing Assets/BayatGames/Free Platform Game Assets/Enemies/Enemies/png/64x64/Spike_Left&Right.png using Guid(e4790c9a8fc350e4c9040f29229b6792) Importer(2089858483,b0f066a214c2f5e87bad3c948f4d605d) (ScriptedImporter) -> (artifact id: '2a6bb0f9054203895938151d92bb551a') in 0.0424316 seconds
Number of updated asset objects reloaded before import = 0Number of asset objects unloaded after import = 3

========================================================================
Received Import Request.
  Time since last request: 0.000017 seconds.
  path: Assets/BayatGames/Free Platform Game Assets/Tiles/2.5D Tiles/Autumn ( Update 1.9 )/128x128/GrassJoinHillLeft2 WithDropShadow.png
  artifactKey: Guid(4b940381d8552924582425258ad83f2c) Importer(2089858483,b0f066a214c2f5e87bad3c948f4d605d)
Start importing Assets/BayatGames/Free Platform Game Assets/Tiles/2.5D Tiles/Autumn ( Update 1.9 )/128x128/GrassJoinHillLeft2 WithDropShadow.png using Guid(4b940381d8552924582425258ad83f2c) Importer(2089858483,b0f066a214c2f5e87bad3c948f4d605d) (ScriptedImporter) -> (artifact id: 'd53354e7c66a22196aea507346a69f3c') in 0.1243188 seconds
Number of updated asset objects reloaded before import = 0Number of asset objects unloaded after import = 3

========================================================================
Received Import Request.
  Time since last request: 0.000021 seconds.
  path: Assets/BayatGames/Free Platform Game Assets/Enemies/New Enemy ( Update 1.9 )/4x/2D Mac View/eye-3.png
  artifactKey: Guid(f08eb9922bd41d446812f10742c4cb87) Importer(2089858483,b0f066a214c2f5e87bad3c948f4d605d)
Start importing Assets/BayatGames/Free Platform Game Assets/Enemies/New Enemy ( Update 1.9 )/4x/2D Mac View/eye-3.png using Guid(f08eb9922bd41d446812f10742c4cb87) Importer(2089858483,b0f066a214c2f5e87bad3c948f4d605d) (ScriptedImporter) -> (artifact id: '478420816daf92c36b401feb8afd6dc8') in 0.0883678 seconds
Number of updated asset objects reloaded before import = 0Number of asset objects unloaded after import = 3

========================================================================
Received Import Request.
  Time since last request: 0.000027 seconds.
  path: Assets/BayatGames/Free Platform Game Assets/Chests/New Chests ( Update 1.8.5 )/png/Sheets/Chest Sheet-4096x1024(2x).png
  artifactKey: Guid(7c06cf3384036714182059269bbce750) Importer(2089858483,b0f066a214c2f5e87bad3c948f4d605d)
Start importing Assets/BayatGames/Free Platform Game Assets/Chests/New Chests ( Update 1.8.5 )/png/Sheets/Chest Sheet-4096x1024(2x).png using Guid(7c06cf3384036714182059269bbce750) Importer(2089858483,b0f066a214c2f5e87bad3c948f4d605d) (ScriptedImporter) -> (artifact id: '1dc968afd3e5f99404767fc372faf4d6') in 0.1111426 seconds
Number of updated asset objects reloaded before import = 0Number of asset objects unloaded after import = 3

========================================================================
Received Import Request.
  Time since last request: 0.000023 seconds.
  path: Assets/BayatGames/Free Platform Game Assets/Tiles/2.5D Tiles/Autumn ( Update 1.9 )/128x128/HillLeft2.png
  artifactKey: Guid(e03abad0b6bc3264a810150e26c835b0) Importer(2089858483,b0f066a214c2f5e87bad3c948f4d605d)
Start importing Assets/BayatGames/Free Platform Game Assets/Tiles/2.5D Tiles/Autumn ( Update 1.9 )/128x128/HillLeft2.png using Guid(e03abad0b6bc3264a810150e26c835b0) Importer(2089858483,b0f066a214c2f5e87bad3c948f4d605d) (ScriptedImporter) -> (artifact id: 'ce3600f66528c51ba4dbea2adfb5a36e') in 0.0474944 seconds
Number of updated asset objects reloaded before import = 0Number of asset objects unloaded after import = 3

========================================================================
Received Import Request.
  Time since last request: 0.000018 seconds.
  path: Assets/BayatGames/Free Platform Game Assets/Enemies/New Enemy ( Update 1.9 )/2x/2D Mac View/eye-4.png
  artifactKey: Guid(ea1208ff98e8e6340b8d2fdfbdb6a0c9) Importer(2089858483,b0f066a214c2f5e87bad3c948f4d605d)
Start importing Assets/BayatGames/Free Platform Game Assets/Enemies/New Enemy ( Update 1.9 )/2x/2D Mac View/eye-4.png using Guid(ea1208ff98e8e6340b8d2fdfbdb6a0c9) Importer(2089858483,b0f066a214c2f5e87bad3c948f4d605d) (ScriptedImporter) -> (artifact id: '1a9ce06c1cb6239193a08ece8f8d7292') in 0.0626931 seconds
Number of updated asset objects reloaded before import = 0Number of asset objects unloaded after import = 3

========================================================================
Received Import Request.
  Time since last request: 0.000032 seconds.
  path: Assets/BayatGames/Free Platform Game Assets/Enemies/Enemies/png/256x256/eye 256.png
  artifactKey: Guid(6cccbf5e59c94fd49ba53ffa48c6fc60) Importer(2089858483,b0f066a214c2f5e87bad3c948f4d605d)
Start importing Assets/BayatGames/Free Platform Game Assets/Enemies/Enemies/png/256x256/eye 256.png using Guid(6cccbf5e59c94fd49ba53ffa48c6fc60) Importer(2089858483,b0f066a214c2f5e87bad3c948f4d605d) (ScriptedImporter) -> (artifact id: '5cac53984ed1abc4f2cc4ddd1907cb2d') in 0.0556006 seconds
Number of updated asset objects reloaded before import = 0Number of asset objects unloaded after import = 3

========================================================================
Received Import Request.
  Time since last request: 0.000016 seconds.
  path: Assets/BayatGames/Free Platform Game Assets/Enemies/New Enemy ( Update 1.9 )/8x/2D Mace View/eye-5.png
  artifactKey: Guid(22577a154792b594a9015ea89ec20c51) Importer(2089858483,b0f066a214c2f5e87bad3c948f4d605d)
Start importing Assets/BayatGames/Free Platform Game Assets/Enemies/New Enemy ( Update 1.9 )/8x/2D Mace View/eye-5.png using Guid(22577a154792b594a9015ea89ec20c51) Importer(2089858483,b0f066a214c2f5e87bad3c948f4d605d) (ScriptedImporter) -> (artifact id: '2c50b640a25b99f1771782b9fa3c8833') in 0.2031344 seconds
Number of updated asset objects reloaded before import = 0Number of asset objects unloaded after import = 3

========================================================================
Received Import Request.
  Time since last request: 0.000031 seconds.
  path: Assets/BayatGames/Free Platform Game Assets/Enemies/New Enemy ( Update 1.9 )/4x/2D Mac View/2D Mace View Body.png
  artifactKey: Guid(898c36d1feb1ee14faee2a8a8d8fc106) Importer(2089858483,b0f066a214c2f5e87bad3c948f4d605d)
Start importing Assets/BayatGames/Free Platform Game Assets/Enemies/New Enemy ( Update 1.9 )/4x/2D Mac View/2D Mace View Body.png using Guid(898c36d1feb1ee14faee2a8a8d8fc106) Importer(2089858483,b0f066a214c2f5e87bad3c948f4d605d) (ScriptedImporter) -> (artifact id: '55814e96eadb6686f3963c44a59ce7c6') in 1.2360778 seconds
Number of updated asset objects reloaded before import = 0Number of asset objects unloaded after import = 3

========================================================================
Received Import Request.
  Time since last request: 0.000030 seconds.
  path: Assets/BayatGames/Free Platform Game Assets/Tiles/2.5D Tiles/Spring/ai/New Tiles ( Update 1.8.5 ).ai
  artifactKey: Guid(9f3ffa1fd37bd1f469b56921f9bc35fe) Importer(2089858483,b0f066a214c2f5e87bad3c948f4d605d)
Start importing Assets/BayatGames/Free Platform Game Assets/Tiles/2.5D Tiles/Spring/ai/New Tiles ( Update 1.8.5 ).ai using Guid(9f3ffa1fd37bd1f469b56921f9bc35fe) Importer(2089858483,b0f066a214c2f5e87bad3c948f4d605d) (ScriptedImporter) -> (artifact id: '826d205b6faabcfff53ad28f0623b06a') in 0.01001 seconds
Number of updated asset objects reloaded before import = 0Number of asset objects unloaded after import = 1

========================================================================
Received Import Request.
  Time since last request: 0.000013 seconds.
  path: Assets/BayatGames/Free Platform Game Assets/Tiles/2.5D Tiles/Autumn ( Update 1.9 )/256x256/GrassJoinHillRight WithDropShadow.png
  artifactKey: Guid(8760604b5ca9b0c4586139597be5ac4a) Importer(2089858483,b0f066a214c2f5e87bad3c948f4d605d)
Start importing Assets/BayatGames/Free Platform Game Assets/Tiles/2.5D Tiles/Autumn ( Update 1.9 )/256x256/GrassJoinHillRight WithDropShadow.png using Guid(8760604b5ca9b0c4586139597be5ac4a) Importer(2089858483,b0f066a214c2f5e87bad3c948f4d605d) (ScriptedImporter) -> (artifact id: '6159925e5a21b4b828554487b62a6228') in 0.1568582 seconds
Number of updated asset objects reloaded before import = 0Number of asset objects unloaded after import = 3

========================================================================
Received Import Request.
  Time since last request: 0.000019 seconds.
  path: Assets/BayatGames/Free Platform Game Assets/Tiles/2.5D Tiles/Autumn ( Update 1.9 )/256x256/GrassCliffRight.png
  artifactKey: Guid(e447bd421c619e24b8a2b98f699f46aa) Importer(2089858483,b0f066a214c2f5e87bad3c948f4d605d)
Start importing Assets/BayatGames/Free Platform Game Assets/Tiles/2.5D Tiles/Autumn ( Update 1.9 )/256x256/GrassCliffRight.png using Guid(e447bd421c619e24b8a2b98f699f46aa) Importer(2089858483,b0f066a214c2f5e87bad3c948f4d605d) (ScriptedImporter) -> (artifact id: '43184620888c3e8d6106a06224053dac') in 0.2351818 seconds
Number of updated asset objects reloaded before import = 0Number of asset objects unloaded after import = 3

========================================================================
Received Import Request.
  Time since last request: 0.000027 seconds.
  path: Assets/BayatGames/Free Platform Game Assets/Tiles/2.5D Tiles/Autumn ( Update 1.9 )/256x256/GrassJoinHillLeft2&Right2 WithDropShadow.png
  artifactKey: Guid(32e25a06c05bb404ba3fdb0ced1ae553) Importer(2089858483,b0f066a214c2f5e87bad3c948f4d605d)
Start importing Assets/BayatGames/Free Platform Game Assets/Tiles/2.5D Tiles/Autumn ( Update 1.9 )/256x256/GrassJoinHillLeft2&Right2 WithDropShadow.png using Guid(32e25a06c05bb404ba3fdb0ced1ae553) Importer(2089858483,b0f066a214c2f5e87bad3c948f4d605d) (ScriptedImporter) -> (artifact id: 'c5cd68841d8fb09c5575fb835d9b6fb1') in 0.3555817 seconds
Number of updated asset objects reloaded before import = 0Number of asset objects unloaded after import = 3

========================================================================
Received Import Request.
  Time since last request: 0.000019 seconds.
  path: Assets/BayatGames/Free Platform Game Assets/Tiles/2.5D Tiles/Autumn ( Update 1.9 )/256x256/GrassJoinHillLeft.png
  artifactKey: Guid(4760b6de9d3d8834daeecfa60fa1bad4) Importer(2089858483,b0f066a214c2f5e87bad3c948f4d605d)
Start importing Assets/BayatGames/Free Platform Game Assets/Tiles/2.5D Tiles/Autumn ( Update 1.9 )/256x256/GrassJoinHillLeft.png using Guid(4760b6de9d3d8834daeecfa60fa1bad4) Importer(2089858483,b0f066a214c2f5e87bad3c948f4d605d) (ScriptedImporter) -> (artifact id: '9bae5503e52c30c4895375860a714a70') in 0.5921705 seconds
Number of updated asset objects reloaded before import = 0Number of asset objects unloaded after import = 3

========================================================================
Received Import Request.
  Time since last request: 0.000031 seconds.
  path: Assets/BayatGames/Free Platform Game Assets/Tiles/2.5D Tiles/Autumn ( Update 1.9 )/512x512/GrassJoinHillLeft2.png
  artifactKey: Guid(793121ce0e9b2f64f9c16e8025911ac4) Importer(2089858483,b0f066a214c2f5e87bad3c948f4d605d)
Start importing Assets/BayatGames/Free Platform Game Assets/Tiles/2.5D Tiles/Autumn ( Update 1.9 )/512x512/GrassJoinHillLeft2.png using Guid(793121ce0e9b2f64f9c16e8025911ac4) Importer(2089858483,b0f066a214c2f5e87bad3c948f4d605d) (ScriptedImporter) -> (artifact id: 'cebe355cd487fb551980a91c2b2cc233') in 0.4983336 seconds
Number of updated asset objects reloaded before import = 0Number of asset objects unloaded after import = 3

========================================================================
Received Import Request.
  Time since last request: 0.000024 seconds.
  path: Assets/BayatGames/Free Platform Game Assets/Tiles/2.5D Tiles/Autumn ( Update 1.9 )/512x512/GrassJoinHillLeft&Right.png
  artifactKey: Guid(58d999fb26cf1cd409167f24192c4dd7) Importer(2089858483,b0f066a214c2f5e87bad3c948f4d605d)
Start importing Assets/BayatGames/Free Platform Game Assets/Tiles/2.5D Tiles/Autumn ( Update 1.9 )/512x512/GrassJoinHillLeft&Right.png using Guid(58d999fb26cf1cd409167f24192c4dd7) Importer(2089858483,b0f066a214c2f5e87bad3c948f4d605d) (ScriptedImporter) -> (artifact id: '62a51c8103c899b94a4e2522c53929ae') in 0.1235534 seconds
Number of updated asset objects reloaded before import = 0Number of asset objects unloaded after import = 3

========================================================================
Received Import Request.
  Time since last request: 0.000030 seconds.
  path: Assets/BayatGames/Free Platform Game Assets/Tiles/2.5D Tiles/Autumn ( Update 1.9 )/512x512/GrassJoinHillRight2&Left2.png
  artifactKey: Guid(b1accef00a772f840bf3b9b09555abe8) Importer(2089858483,b0f066a214c2f5e87bad3c948f4d605d)
Start importing Assets/BayatGames/Free Platform Game Assets/Tiles/2.5D Tiles/Autumn ( Update 1.9 )/512x512/GrassJoinHillRight2&Left2.png using Guid(b1accef00a772f840bf3b9b09555abe8) Importer(2089858483,b0f066a214c2f5e87bad3c948f4d605d) (ScriptedImporter) -> (artifact id: '478e25910fb8beda14b19d2cda2db46e') in 0.5158213 seconds
Number of updated asset objects reloaded before import = 0Number of asset objects unloaded after import = 3

========================================================================
Received Import Request.
  Time since last request: 0.000025 seconds.
  path: Assets/BayatGames/Free Platform Game Assets/Tiles/2.5D Tiles/Autumn ( Update 1.9 )/256x256/GrassLeft.png
  artifactKey: Guid(740b59af5c5caff49b91ea3ff23ae473) Importer(2089858483,b0f066a214c2f5e87bad3c948f4d605d)
Start importing Assets/BayatGames/Free Platform Game Assets/Tiles/2.5D Tiles/Autumn ( Update 1.9 )/256x256/GrassLeft.png using Guid(740b59af5c5caff49b91ea3ff23ae473) Importer(2089858483,b0f066a214c2f5e87bad3c948f4d605d) (ScriptedImporter) -> (artifact id: '0562f83edbde45ad90b8a8067f598df5') in 0.0964421 seconds
Number of updated asset objects reloaded before import = 0Number of asset objects unloaded after import = 3

========================================================================
Received Import Request.
  Time since last request: 0.000031 seconds.
  path: Assets/BayatGames/Free Platform Game Assets/Tiles/2.5D Tiles/Winter ( Update 1.9 )/128x128/HillLeft2 WithDropShadow.png
  artifactKey: Guid(c9e1f31afb9c80441b8f7fff584843c5) Importer(2089858483,b0f066a214c2f5e87bad3c948f4d605d)
Start importing Assets/BayatGames/Free Platform Game Assets/Tiles/2.5D Tiles/Winter ( Update 1.9 )/128x128/HillLeft2 WithDropShadow.png using Guid(c9e1f31afb9c80441b8f7fff584843c5) Importer(2089858483,b0f066a214c2f5e87bad3c948f4d605d) (ScriptedImporter) -> (artifact id: '561b3ee5fd79bcf5f702ca87c6af709d') in 0.093496 seconds
Number of updated asset objects reloaded before import = 0Number of asset objects unloaded after import = 3

========================================================================
Received Import Request.
  Time since last request: 0.000018 seconds.
  path: Assets/BayatGames/Free Platform Game Assets/Tiles/2.5D Tiles/Winter ( Update 1.9 )/128x128/GrassMid.png
  artifactKey: Guid(e45ba45b7c0d73342b87665619ea142a) Importer(2089858483,b0f066a214c2f5e87bad3c948f4d605d)
Start importing Assets/BayatGames/Free Platform Game Assets/Tiles/2.5D Tiles/Winter ( Update 1.9 )/128x128/GrassMid.png using Guid(e45ba45b7c0d73342b87665619ea142a) Importer(2089858483,b0f066a214c2f5e87bad3c948f4d605d) (ScriptedImporter) -> (artifact id: 'eb3bf7de53b710c96c8d1b4ba41a3071') in 0.0726791 seconds
Number of updated asset objects reloaded before import = 0Number of asset objects unloaded after import = 3

========================================================================
Received Import Request.
  Time since last request: 0.000022 seconds.
  path: Assets/BayatGames/Free Platform Game Assets/Tiles/2.5D Tiles/Winter ( Update 1.9 )/128x128/GrassCliffLeft.png
  artifactKey: Guid(6d5d8ea282e15234d8ccd8570a0adf15) Importer(2089858483,b0f066a214c2f5e87bad3c948f4d605d)
Start importing Assets/BayatGames/Free Platform Game Assets/Tiles/2.5D Tiles/Winter ( Update 1.9 )/128x128/GrassCliffLeft.png using Guid(6d5d8ea282e15234d8ccd8570a0adf15) Importer(2089858483,b0f066a214c2f5e87bad3c948f4d605d) (ScriptedImporter) -> (artifact id: '86477586dee94f5d08323a6005a9ac91') in 0.0661431 seconds
Number of updated asset objects reloaded before import = 0Number of asset objects unloaded after import = 3

========================================================================
Received Import Request.
  Time since last request: 0.000028 seconds.
  path: Assets/BayatGames/Free Platform Game Assets/Tiles/2.5D Tiles/Winter ( Update 1.9 )/128x128/GrassJoinHillLeft2&Right2 WithDropShadow.png
  artifactKey: Guid(b8b7d3bd8bf3d6f4d90bb3e9bcc09586) Importer(2089858483,b0f066a214c2f5e87bad3c948f4d605d)
Start importing Assets/BayatGames/Free Platform Game Assets/Tiles/2.5D Tiles/Winter ( Update 1.9 )/128x128/GrassJoinHillLeft2&Right2 WithDropShadow.png using Guid(b8b7d3bd8bf3d6f4d90bb3e9bcc09586) Importer(2089858483,b0f066a214c2f5e87bad3c948f4d605d) (ScriptedImporter) -> (artifact id: 'dba9b9493f4ef753bf6ad878fffe3cfc') in 0.0560736 seconds
Number of updated asset objects reloaded before import = 0Number of asset objects unloaded after import = 3

========================================================================
Received Import Request.
  Time since last request: 0.000017 seconds.
  path: Assets/BayatGames/Free Platform Game Assets/Tiles/2.5D Tiles/Winter ( Update 1.9 )/128x128/GrassJoinHillLeft&Right.png
  artifactKey: Guid(0a4e7b9574ef55d4fb4fe4b71ea62e1c) Importer(2089858483,b0f066a214c2f5e87bad3c948f4d605d)
Start importing Assets/BayatGames/Free Platform Game Assets/Tiles/2.5D Tiles/Winter ( Update 1.9 )/128x128/GrassJoinHillLeft&Right.png using Guid(0a4e7b9574ef55d4fb4fe4b71ea62e1c) Importer(2089858483,b0f066a214c2f5e87bad3c948f4d605d) (ScriptedImporter) -> (artifact id: '9117bc31c624b1bbc9bc5c3aba55da42') in 0.0543751 seconds
Number of updated asset objects reloaded before import = 0Number of asset objects unloaded after import = 3

========================================================================
Received Import Request.
  Time since last request: 0.000018 seconds.
  path: Assets/BayatGames/Free Platform Game Assets/Tiles/2.5D Tiles/Winter ( Update 1.9 )/128x128/GrassJoinHillLeft2 WithDropShadow.png
  artifactKey: Guid(69c4e2e229b045b42bf93a036f1db9da) Importer(2089858483,b0f066a214c2f5e87bad3c948f4d605d)
Start importing Assets/BayatGames/Free Platform Game Assets/Tiles/2.5D Tiles/Winter ( Update 1.9 )/128x128/GrassJoinHillLeft2 WithDropShadow.png using Guid(69c4e2e229b045b42bf93a036f1db9da) Importer(2089858483,b0f066a214c2f5e87bad3c948f4d605d) (ScriptedImporter) -> (artifact id: '97d761424e780964d272db36d956003e') in 0.0507674 seconds
Number of updated asset objects reloaded before import = 0Number of asset objects unloaded after import = 3

========================================================================
Received Import Request.
  Time since last request: 0.000025 seconds.
  path: Assets/BayatGames/Free Platform Game Assets/Tiles/2.5D Tiles/Autumn ( Update 1.9 )/512x512/GrassCliffRight.png
  artifactKey: Guid(1eee12f79876a32408a8af4b6bb1d276) Importer(2089858483,b0f066a214c2f5e87bad3c948f4d605d)
Start importing Assets/BayatGames/Free Platform Game Assets/Tiles/2.5D Tiles/Autumn ( Update 1.9 )/512x512/GrassCliffRight.png using Guid(1eee12f79876a32408a8af4b6bb1d276) Importer(2089858483,b0f066a214c2f5e87bad3c948f4d605d) (ScriptedImporter) -> (artifact id: '2763a1e223806674069bf374affa4c0e') in 0.1288441 seconds
Number of updated asset objects reloaded before import = 0Number of asset objects unloaded after import = 3

========================================================================
Received Import Request.
  Time since last request: 0.000032 seconds.
  path: Assets/BayatGames/Free Platform Game Assets/Tiles/2.5D Tiles/Autumn ( Update 1.9 )/512x512/GrassJoinHillLeft.png
  artifactKey: Guid(9cd9bd30ca879b04f8ff9e4894ab45f7) Importer(2089858483,b0f066a214c2f5e87bad3c948f4d605d)
Start importing Assets/BayatGames/Free Platform Game Assets/Tiles/2.5D Tiles/Autumn ( Update 1.9 )/512x512/GrassJoinHillLeft.png using Guid(9cd9bd30ca879b04f8ff9e4894ab45f7) Importer(2089858483,b0f066a214c2f5e87bad3c948f4d605d) (ScriptedImporter) -> (artifact id: 'fa91ca1d4ffb14e8db046e35ab57e93d') in 0.0468698 seconds
Number of updated asset objects reloaded before import = 0Number of asset objects unloaded after import = 3

========================================================================
Received Import Request.
  Time since last request: 0.000019 seconds.
  path: Assets/BayatGames/Free Platform Game Assets/Tiles/2.5D Tiles/Winter ( Update 1.9 )/128x128/HillRight.png
  artifactKey: Guid(1bf53f8133945ae42afe35385c083ba7) Importer(2089858483,b0f066a214c2f5e87bad3c948f4d605d)
Start importing Assets/BayatGames/Free Platform Game Assets/Tiles/2.5D Tiles/Winter ( Update 1.9 )/128x128/HillRight.png using Guid(1bf53f8133945ae42afe35385c083ba7) Importer(2089858483,b0f066a214c2f5e87bad3c948f4d605d) (ScriptedImporter) -> (artifact id: '816fe7f883f35f69608ff36c25e34773') in 0.2903495 seconds
Number of updated asset objects reloaded before import = 0Number of asset objects unloaded after import = 3

========================================================================
Received Import Request.
  Time since last request: 0.000017 seconds.
  path: Assets/BayatGames/Free Platform Game Assets/Enemies/Enemies/png/64x64/Spike_Up.png
  artifactKey: Guid(9809c99ad563f144089e38062b03db98) Importer(2089858483,b0f066a214c2f5e87bad3c948f4d605d)
Start importing Assets/BayatGames/Free Platform Game Assets/Enemies/Enemies/png/64x64/Spike_Up.png using Guid(9809c99ad563f144089e38062b03db98) Importer(2089858483,b0f066a214c2f5e87bad3c948f4d605d) (ScriptedImporter) -> (artifact id: 'a08a58aee1dac965efe104079790b32b') in 0.0501909 seconds
Number of updated asset objects reloaded before import = 0Number of asset objects unloaded after import = 3

========================================================================
Received Import Request.
  Time since last request: 0.000027 seconds.
  path: Assets/BayatGames/Free Platform Game Assets/Enemies/Enemies/png/32x32/Spike_Down.png
  artifactKey: Guid(4e7df43df38ac754f81eba8fc09b1931) Importer(2089858483,b0f066a214c2f5e87bad3c948f4d605d)
Start importing Assets/BayatGames/Free Platform Game Assets/Enemies/Enemies/png/32x32/Spike_Down.png using Guid(4e7df43df38ac754f81eba8fc09b1931) Importer(2089858483,b0f066a214c2f5e87bad3c948f4d605d) (ScriptedImporter) -> (artifact id: '876b5919d97b4c6080afd6b3a355cd78') in 0.2145123 seconds
Number of updated asset objects reloaded before import = 0Number of asset objects unloaded after import = 3

========================================================================
Received Import Request.
  Time since last request: 0.000021 seconds.
  path: Assets/BayatGames/Free Platform Game Assets/Tiles/2.5D Tiles/Autumn ( Update 1.9 )/256x256/GrassJoinHillLeft2 WithDropShadow.png
  artifactKey: Guid(b7be19f1f6a280b468b8c78cc115581d) Importer(2089858483,b0f066a214c2f5e87bad3c948f4d605d)
Start importing Assets/BayatGames/Free Platform Game Assets/Tiles/2.5D Tiles/Autumn ( Update 1.9 )/256x256/GrassJoinHillLeft2 WithDropShadow.png using Guid(b7be19f1f6a280b468b8c78cc115581d) Importer(2089858483,b0f066a214c2f5e87bad3c948f4d605d) (ScriptedImporter) -> (artifact id: 'f140c1c09529a7976e39e01718c0e513') in 0.0660681 seconds
Number of updated asset objects reloaded before import = 0Number of asset objects unloaded after import = 3

========================================================================
Received Import Request.
  Time since last request: 0.000029 seconds.
  path: Assets/BayatGames/Free Platform Game Assets/Enemies/Enemies/png/128x128/Mace.png
  artifactKey: Guid(e9b8e1622b3cc314396f4721ffd35a66) Importer(2089858483,b0f066a214c2f5e87bad3c948f4d605d)
Start importing Assets/BayatGames/Free Platform Game Assets/Enemies/Enemies/png/128x128/Mace.png using Guid(e9b8e1622b3cc314396f4721ffd35a66) Importer(2089858483,b0f066a214c2f5e87bad3c948f4d605d) (ScriptedImporter) -> (artifact id: '8a39dd20dc462d8004f51982519a8eac') in 0.0764149 seconds
Number of updated asset objects reloaded before import = 0Number of asset objects unloaded after import = 3

========================================================================
Received Import Request.
  Time since last request: 0.000024 seconds.
  path: Assets/BayatGames/Free Platform Game Assets/Environments/Environments/png/2048x2048/Environment.png
  artifactKey: Guid(cc009caf6646ca843afc761c4afd76f1) Importer(2089858483,b0f066a214c2f5e87bad3c948f4d605d)
Start importing Assets/BayatGames/Free Platform Game Assets/Environments/Environments/png/2048x2048/Environment.png using Guid(cc009caf6646ca843afc761c4afd76f1) Importer(2089858483,b0f066a214c2f5e87bad3c948f4d605d) (ScriptedImporter) -> (artifact id: 'fe85849744490db140b6d4066efbfc27') in 0.1045859 seconds
Number of updated asset objects reloaded before import = 0Number of asset objects unloaded after import = 3

========================================================================
Received Import Request.
  Time since last request: 0.000023 seconds.
  path: Assets/BayatGames/Free Platform Game Assets/Tiles/2.5D Tiles/Autumn ( Update 1.9 )/256x256/GrassJoinHillLeft&Right.png
  artifactKey: Guid(b3d68cc7999cd8b4593f740c09b42c53) Importer(2089858483,b0f066a214c2f5e87bad3c948f4d605d)
Start importing Assets/BayatGames/Free Platform Game Assets/Tiles/2.5D Tiles/Autumn ( Update 1.9 )/256x256/GrassJoinHillLeft&Right.png using Guid(b3d68cc7999cd8b4593f740c09b42c53) Importer(2089858483,b0f066a214c2f5e87bad3c948f4d605d) (ScriptedImporter) -> (artifact id: 'd766d3cc4b5b23a8cb53c31a7185175d') in 0.0637243 seconds
Number of updated asset objects reloaded before import = 0Number of asset objects unloaded after import = 3

========================================================================
Received Import Request.
  Time since last request: 0.000027 seconds.
  path: Assets/BayatGames/Free Platform Game Assets/Tiles/2.5D Tiles/Winter ( Update 1.9 )/128x128/GrassRight.png
  artifactKey: Guid(2ab95e895b3b5b2478d970022e1a562e) Importer(2089858483,b0f066a214c2f5e87bad3c948f4d605d)
Start importing Assets/BayatGames/Free Platform Game Assets/Tiles/2.5D Tiles/Winter ( Update 1.9 )/128x128/GrassRight.png using Guid(2ab95e895b3b5b2478d970022e1a562e) Importer(2089858483,b0f066a214c2f5e87bad3c948f4d605d) (ScriptedImporter) -> (artifact id: '823432abf757ac0c16f5e14bf227b16f') in 0.0685566 seconds
Number of updated asset objects reloaded before import = 0Number of asset objects unloaded after import = 3

========================================================================
Received Import Request.
  Time since last request: 0.000018 seconds.
  path: Assets/BayatGames/Free Platform Game Assets/Tiles/2.5D Tiles/Autumn ( Update 1.9 )/512x512/HillRight.png
  artifactKey: Guid(038e1377966e00f4a86739fb5431c789) Importer(2089858483,b0f066a214c2f5e87bad3c948f4d605d)
Start importing Assets/BayatGames/Free Platform Game Assets/Tiles/2.5D Tiles/Autumn ( Update 1.9 )/512x512/HillRight.png using Guid(038e1377966e00f4a86739fb5431c789) Importer(2089858483,b0f066a214c2f5e87bad3c948f4d605d) (ScriptedImporter) -> (artifact id: '425a4643885eb75c5c2c1a0b57b09a17') in 0.1044314 seconds
Number of updated asset objects reloaded before import = 0Number of asset objects unloaded after import = 3

========================================================================
Received Import Request.
  Time since last request: 0.000031 seconds.
  path: Assets/BayatGames/Free Platform Game Assets/Enemies/New Enemy ( Update 1.9 )/8x/2D Mace View/eye-2.png
  artifactKey: Guid(65742dad6dd3a4f41896964fb82c391a) Importer(2089858483,b0f066a214c2f5e87bad3c948f4d605d)
Start importing Assets/BayatGames/Free Platform Game Assets/Enemies/New Enemy ( Update 1.9 )/8x/2D Mace View/eye-2.png using Guid(65742dad6dd3a4f41896964fb82c391a) Importer(2089858483,b0f066a214c2f5e87bad3c948f4d605d) (ScriptedImporter) -> (artifact id: 'd8c605ee3d540827e763e395fcf9c432') in 0.0969705 seconds
Number of updated asset objects reloaded before import = 0Number of asset objects unloaded after import = 3

========================================================================
Received Import Request.
  Time since last request: 0.000029 seconds.
  path: Assets/BayatGames/Free Platform Game Assets/Environments/New Details ( Update 1.9 )/4x/Winter Tree.png
  artifactKey: Guid(39f61973834fbdd4bae7bac5e81de9cb) Importer(2089858483,b0f066a214c2f5e87bad3c948f4d605d)
Start importing Assets/BayatGames/Free Platform Game Assets/Environments/New Details ( Update 1.9 )/4x/Winter Tree.png using Guid(39f61973834fbdd4bae7bac5e81de9cb) Importer(2089858483,b0f066a214c2f5e87bad3c948f4d605d) (ScriptedImporter) -> (artifact id: '0dd0e5f55e9c320c932ef52de78ecbec') in 0.1696154 seconds
Number of updated asset objects reloaded before import = 0Number of asset objects unloaded after import = 3

========================================================================
Received Import Request.
  Time since last request: 0.000020 seconds.
  path: Assets/BayatGames/Free Platform Game Assets/Tiles/2.5D Tiles/Autumn ( Update 1.9 )/256x256/HillRight2 WithDropShadow.png
  artifactKey: Guid(b5a6207a50fd25b489729a68a10fde7a) Importer(2089858483,b0f066a214c2f5e87bad3c948f4d605d)
Start importing Assets/BayatGames/Free Platform Game Assets/Tiles/2.5D Tiles/Autumn ( Update 1.9 )/256x256/HillRight2 WithDropShadow.png using Guid(b5a6207a50fd25b489729a68a10fde7a) Importer(2089858483,b0f066a214c2f5e87bad3c948f4d605d) (ScriptedImporter) -> (artifact id: 'a569b63dc656f1dbd07818691a21bbf6') in 0.0588845 seconds
Number of updated asset objects reloaded before import = 0Number of asset objects unloaded after import = 3

========================================================================
Received Import Request.
  Time since last request: 0.000036 seconds.
  path: Assets/BayatGames/Free Platform Game Assets/Enemies/Enemies/png/512x512/eye 512.png
  artifactKey: Guid(0427901dc915f874ebdc1a20db9fcd2a) Importer(2089858483,b0f066a214c2f5e87bad3c948f4d605d)
Start importing Assets/BayatGames/Free Platform Game Assets/Enemies/Enemies/png/512x512/eye 512.png using Guid(0427901dc915f874ebdc1a20db9fcd2a) Importer(2089858483,b0f066a214c2f5e87bad3c948f4d605d) (ScriptedImporter) -> (artifact id: '4cb388e56af019e96501b05995d158f0') in 0.0682256 seconds
Number of updated asset objects reloaded before import = 0Number of asset objects unloaded after import = 3

========================================================================
Received Import Request.
  Time since last request: 0.000017 seconds.
  path: Assets/BayatGames/Free Platform Game Assets/Chests/New Chests ( Update 1.8.5 )/png/Sheets/Chest Sheet-2048x512(1x).png
  artifactKey: Guid(7cb899fc6a4c5854bab6cbec149316b4) Importer(2089858483,b0f066a214c2f5e87bad3c948f4d605d)
Start importing Assets/BayatGames/Free Platform Game Assets/Chests/New Chests ( Update 1.8.5 )/png/Sheets/Chest Sheet-2048x512(1x).png using Guid(7cb899fc6a4c5854bab6cbec149316b4) Importer(2089858483,b0f066a214c2f5e87bad3c948f4d605d) (ScriptedImporter) -> (artifact id: '1b0b5553d0377483f743f5876273504f') in 0.0607367 seconds
Number of updated asset objects reloaded before import = 0Number of asset objects unloaded after import = 3

========================================================================
Received Import Request.
  Time since last request: 0.000017 seconds.
  path: Assets/BayatGames/Free Platform Game Assets/Enemies/New Enemy ( Update 1.9 )/2x/Square.png
  artifactKey: Guid(d5f2b47dad372334294dd5893b5e4ab1) Importer(2089858483,b0f066a214c2f5e87bad3c948f4d605d)
Start importing Assets/BayatGames/Free Platform Game Assets/Enemies/New Enemy ( Update 1.9 )/2x/Square.png using Guid(d5f2b47dad372334294dd5893b5e4ab1) Importer(2089858483,b0f066a214c2f5e87bad3c948f4d605d) (ScriptedImporter) -> (artifact id: 'ab5724298858307caa2ec1b97af09b31') in 0.0758415 seconds
Number of updated asset objects reloaded before import = 0Number of asset objects unloaded after import = 3

========================================================================
Received Import Request.
  Time since last request: 0.000020 seconds.
  path: Assets/BayatGames/Free Platform Game Assets/Enemies/New Enemy ( Update 1.9 )/2x/Mace.png
  artifactKey: Guid(2f893162463a6d84d998562113f9c138) Importer(2089858483,b0f066a214c2f5e87bad3c948f4d605d)
Start importing Assets/BayatGames/Free Platform Game Assets/Enemies/New Enemy ( Update 1.9 )/2x/Mace.png using Guid(2f893162463a6d84d998562113f9c138) Importer(2089858483,b0f066a214c2f5e87bad3c948f4d605d) (ScriptedImporter) -> (artifact id: '0143cdd818f0724c25fb1cf8f8622bbf') in 0.0530619 seconds
Number of updated asset objects reloaded before import = 0Number of asset objects unloaded after import = 3

========================================================================
Received Import Request.
  Time since last request: 0.000029 seconds.
  path: Assets/BayatGames/Free Platform Game Assets/Tiles/2D Tiles ( Update 1.9 )/Autumn/128x128/GrassColumn.png
  artifactKey: Guid(d171fb091351c454492d8c6c8b00da87) Importer(2089858483,b0f066a214c2f5e87bad3c948f4d605d)
Start importing Assets/BayatGames/Free Platform Game Assets/Tiles/2D Tiles ( Update 1.9 )/Autumn/128x128/GrassColumn.png using Guid(d171fb091351c454492d8c6c8b00da87) Importer(2089858483,b0f066a214c2f5e87bad3c948f4d605d) (ScriptedImporter) -> (artifact id: 'd4d16d59eecba94978cfccd71a4f124d') in 0.1472914 seconds
Number of updated asset objects reloaded before import = 0Number of asset objects unloaded after import = 3

========================================================================
Received Import Request.
  Time since last request: 0.000018 seconds.
  path: Assets/BayatGames/Free Platform Game Assets/Tiles/2D Tiles ( Update 1.9 )/Autumn/256x256/Grass.png
  artifactKey: Guid(d2e5333787caeaf4ebffc05559c3d256) Importer(2089858483,b0f066a214c2f5e87bad3c948f4d605d)
Start importing Assets/BayatGames/Free Platform Game Assets/Tiles/2D Tiles ( Update 1.9 )/Autumn/256x256/Grass.png using Guid(d2e5333787caeaf4ebffc05559c3d256) Importer(2089858483,b0f066a214c2f5e87bad3c948f4d605d) (ScriptedImporter) -> (artifact id: '7e82e96530e8b00c6599ef8e08a5c7f6') in 0.0683169 seconds
Number of updated asset objects reloaded before import = 0Number of asset objects unloaded after import = 3

========================================================================
Received Import Request.
  Time since last request: 0.000018 seconds.
  path: Assets/BayatGames/Free Platform Game Assets/Tiles/2D Tiles ( Update 1.9 )/Autumn/128x128/GrassRight.png
  artifactKey: Guid(d97a6e0d370b9934daa6588cf7c54c30) Importer(2089858483,b0f066a214c2f5e87bad3c948f4d605d)
Start importing Assets/BayatGames/Free Platform Game Assets/Tiles/2D Tiles ( Update 1.9 )/Autumn/128x128/GrassRight.png using Guid(d97a6e0d370b9934daa6588cf7c54c30) Importer(2089858483,b0f066a214c2f5e87bad3c948f4d605d) (ScriptedImporter) -> (artifact id: '4609e175cfe9ecc6b8b7c810b90bf702') in 0.0443104 seconds
Number of updated asset objects reloaded before import = 0Number of asset objects unloaded after import = 3

========================================================================
Received Import Request.
  Time since last request: 0.000027 seconds.
  path: Assets/BayatGames/Free Platform Game Assets/Tiles/2.5D Tiles/Winter ( Update 1.9 )/256x256/HillLeft2 WithDropShadow.png
  artifactKey: Guid(a72cebf8fb7df9b4993eb6f798c921c0) Importer(2089858483,b0f066a214c2f5e87bad3c948f4d605d)
Start importing Assets/BayatGames/Free Platform Game Assets/Tiles/2.5D Tiles/Winter ( Update 1.9 )/256x256/HillLeft2 WithDropShadow.png using Guid(a72cebf8fb7df9b4993eb6f798c921c0) Importer(2089858483,b0f066a214c2f5e87bad3c948f4d605d) (ScriptedImporter) -> (artifact id: 'd237c4b6f94acb46aef36900107eba64') in 0.3514214 seconds
Number of updated asset objects reloaded before import = 0Number of asset objects unloaded after import = 3

========================================================================
Received Import Request.
  Time since last request: 0.000021 seconds.
  path: Assets/BayatGames/Free Platform Game Assets/Tiles/2.5D Tiles/Winter ( Update 1.9 )/512x512/GrassJoinHillRight2 WithDropShadow.png
  artifactKey: Guid(b1cb3260f40201c4f970eb7c82bf7a44) Importer(2089858483,b0f066a214c2f5e87bad3c948f4d605d)
Start importing Assets/BayatGames/Free Platform Game Assets/Tiles/2.5D Tiles/Winter ( Update 1.9 )/512x512/GrassJoinHillRight2 WithDropShadow.png using Guid(b1cb3260f40201c4f970eb7c82bf7a44) Importer(2089858483,b0f066a214c2f5e87bad3c948f4d605d) (ScriptedImporter) -> (artifact id: '98ec515a21b29a5f93821f7f3c936deb') in 0.0898718 seconds
Number of updated asset objects reloaded before import = 0Number of asset objects unloaded after import = 3

========================================================================
Received Import Request.
  Time since last request: 0.000034 seconds.
  path: Assets/BayatGames/Free Platform Game Assets/Tiles/2.5D Tiles/Winter ( Update 1.9 )/256x256/GrassJoinHillRight2.png
  artifactKey: Guid(fc38a7e0175948e4584fe5dfc97ccf87) Importer(2089858483,b0f066a214c2f5e87bad3c948f4d605d)
Start importing Assets/BayatGames/Free Platform Game Assets/Tiles/2.5D Tiles/Winter ( Update 1.9 )/256x256/GrassJoinHillRight2.png using Guid(fc38a7e0175948e4584fe5dfc97ccf87) Importer(2089858483,b0f066a214c2f5e87bad3c948f4d605d) (ScriptedImporter) -> (artifact id: '9a8994f4bf953be198148db3032e891e') in 0.1240761 seconds
Number of updated asset objects reloaded before import = 0Number of asset objects unloaded after import = 3

========================================================================
Received Import Request.
  Time since last request: 0.000022 seconds.
  path: Assets/BayatGames/Free Platform Game Assets/Tiles/2.5D Tiles/Winter ( Update 1.9 )/512x512/GrassMid.png
  artifactKey: Guid(064573fdebe57db4fbac698f28dda1e4) Importer(2089858483,b0f066a214c2f5e87bad3c948f4d605d)
Start importing Assets/BayatGames/Free Platform Game Assets/Tiles/2.5D Tiles/Winter ( Update 1.9 )/512x512/GrassMid.png using Guid(064573fdebe57db4fbac698f28dda1e4) Importer(2089858483,b0f066a214c2f5e87bad3c948f4d605d) (ScriptedImporter) -> (artifact id: 'dcb71ddb27c8be185289ae3f45fd1fba') in 0.1364695 seconds
Number of updated asset objects reloaded before import = 0Number of asset objects unloaded after import = 3

========================================================================
Received Import Request.
  Time since last request: 0.000023 seconds.
  path: Assets/BayatGames/Free Platform Game Assets/Tiles/2D Tiles ( Update 1.9 )/Autumn/128x128/GrassMid.png
  artifactKey: Guid(81a811ecc61d9c14d93f7dbdeee253da) Importer(2089858483,b0f066a214c2f5e87bad3c948f4d605d)
Start importing Assets/BayatGames/Free Platform Game Assets/Tiles/2D Tiles ( Update 1.9 )/Autumn/128x128/GrassMid.png using Guid(81a811ecc61d9c14d93f7dbdeee253da) Importer(2089858483,b0f066a214c2f5e87bad3c948f4d605d) (ScriptedImporter) -> (artifact id: 'cd6dfb3da113c00da4768ebb3d587938') in 0.0632068 seconds
Number of updated asset objects reloaded before import = 0Number of asset objects unloaded after import = 3

========================================================================
Received Import Request.
  Time since last request: 0.000027 seconds.
  path: Assets/BayatGames/Free Platform Game Assets/Tiles/2.5D Tiles/Winter ( Update 1.9 )/512x512/GrassJoinHillLeft2&Right2 WithDropShadow.png
  artifactKey: Guid(15e7d8d5ad24f344c8989225017aedac) Importer(2089858483,b0f066a214c2f5e87bad3c948f4d605d)
Start importing Assets/BayatGames/Free Platform Game Assets/Tiles/2.5D Tiles/Winter ( Update 1.9 )/512x512/GrassJoinHillLeft2&Right2 WithDropShadow.png using Guid(15e7d8d5ad24f344c8989225017aedac) Importer(2089858483,b0f066a214c2f5e87bad3c948f4d605d) (ScriptedImporter) -> (artifact id: '5eb37cb0d3142602cea89b8239cee3e1') in 0.1139683 seconds
Number of updated asset objects reloaded before import = 0Number of asset objects unloaded after import = 3

========================================================================
Received Import Request.
  Time since last request: 0.000018 seconds.
  path: Assets/BayatGames/Free Platform Game Assets/Tiles/2.5D Tiles/Winter ( Update 1.9 )/512x512/GrassJoinHillLeft2 WithDropShadow.png
  artifactKey: Guid(ce49a1913c754da41b188be1a51a95b6) Importer(2089858483,b0f066a214c2f5e87bad3c948f4d605d)
Start importing Assets/BayatGames/Free Platform Game Assets/Tiles/2.5D Tiles/Winter ( Update 1.9 )/512x512/GrassJoinHillLeft2 WithDropShadow.png using Guid(ce49a1913c754da41b188be1a51a95b6) Importer(2089858483,b0f066a214c2f5e87bad3c948f4d605d) (ScriptedImporter) -> (artifact id: '5ba409888caad1bfd4ca51202a6214c1') in 0.2231045 seconds
Number of updated asset objects reloaded before import = 0Number of asset objects unloaded after import = 3

========================================================================
Received Import Request.
  Time since last request: 0.000024 seconds.
  path: Assets/BayatGames/Free Platform Game Assets/Tiles/2.5D Tiles/Winter ( Update 1.9 )/512x512/Grass.png
  artifactKey: Guid(142885eef2b3a4d43850947b7ad5b46b) Importer(2089858483,b0f066a214c2f5e87bad3c948f4d605d)
Start importing Assets/BayatGames/Free Platform Game Assets/Tiles/2.5D Tiles/Winter ( Update 1.9 )/512x512/Grass.png using Guid(142885eef2b3a4d43850947b7ad5b46b) Importer(2089858483,b0f066a214c2f5e87bad3c948f4d605d) (ScriptedImporter) -> (artifact id: '3c23cab15d74a7ca79a9ee0c9a87a3d8') in 0.2559911 seconds
Number of updated asset objects reloaded before import = 0Number of asset objects unloaded after import = 3

========================================================================
Received Import Request.
  Time since last request: 0.000027 seconds.
  path: Assets/BayatGames/Free Platform Game Assets/Tiles/2.5D Tiles/Winter ( Update 1.9 )/512x512/GrassLeft.png
  artifactKey: Guid(5b132f39f28a2dd4bbb9ea3f8be65205) Importer(2089858483,b0f066a214c2f5e87bad3c948f4d605d)
Start importing Assets/BayatGames/Free Platform Game Assets/Tiles/2.5D Tiles/Winter ( Update 1.9 )/512x512/GrassLeft.png using Guid(5b132f39f28a2dd4bbb9ea3f8be65205) Importer(2089858483,b0f066a214c2f5e87bad3c948f4d605d) (ScriptedImporter) -> (artifact id: '1fd7fe160fd688bac52604fc450722ca') in 0.1085416 seconds
Number of updated asset objects reloaded before import = 0Number of asset objects unloaded after import = 3

========================================================================
Received Import Request.
  Time since last request: 0.000019 seconds.
  path: Assets/BayatGames/Free Platform Game Assets/Tiles/2D Tiles ( Update 1.9 )/Autumn/128x128/GrassJoinHillRight.png
  artifactKey: Guid(ef6deb59c78310043951c1da01813add) Importer(2089858483,b0f066a214c2f5e87bad3c948f4d605d)
Start importing Assets/BayatGames/Free Platform Game Assets/Tiles/2D Tiles ( Update 1.9 )/Autumn/128x128/GrassJoinHillRight.png using Guid(ef6deb59c78310043951c1da01813add) Importer(2089858483,b0f066a214c2f5e87bad3c948f4d605d) (ScriptedImporter) -> (artifact id: '4ab9db731ef4925c12d71269274f3885') in 0.0501203 seconds
Number of updated asset objects reloaded before import = 0Number of asset objects unloaded after import = 3

========================================================================
Received Import Request.
  Time since last request: 0.000022 seconds.
  path: Assets/BayatGames/Free Platform Game Assets/Tiles/2.5D Tiles/Winter ( Update 1.9 )/256x256/GrassMid.png
  artifactKey: Guid(35c05fe296a98b14aafe5ca274768d9a) Importer(2089858483,b0f066a214c2f5e87bad3c948f4d605d)
Start importing Assets/BayatGames/Free Platform Game Assets/Tiles/2.5D Tiles/Winter ( Update 1.9 )/256x256/GrassMid.png using Guid(35c05fe296a98b14aafe5ca274768d9a) Importer(2089858483,b0f066a214c2f5e87bad3c948f4d605d) (ScriptedImporter) -> (artifact id: '0934ae2bd9c6130d8f71ba2ec5379f9e') in 0.1171752 seconds
Number of updated asset objects reloaded before import = 0Number of asset objects unloaded after import = 3

========================================================================
Received Import Request.
  Time since last request: 0.000027 seconds.
  path: Assets/BayatGames/Free Platform Game Assets/Tiles/2.5D Tiles/Winter ( Update 1.9 )/256x256/GrassRight.png
  artifactKey: Guid(afd5d06f679703843ae3c847c4c08dab) Importer(2089858483,b0f066a214c2f5e87bad3c948f4d605d)
Start importing Assets/BayatGames/Free Platform Game Assets/Tiles/2.5D Tiles/Winter ( Update 1.9 )/256x256/GrassRight.png using Guid(afd5d06f679703843ae3c847c4c08dab) Importer(2089858483,b0f066a214c2f5e87bad3c948f4d605d) (ScriptedImporter) -> (artifact id: '584b9f319b34630ff4de21f35cb793ca') in 0.1327127 seconds
Number of updated asset objects reloaded before import = 0Number of asset objects unloaded after import = 3

========================================================================
Received Import Request.
  Time since last request: 0.000019 seconds.
  path: Assets/BayatGames/Free Platform Game Assets/Tiles/2.5D Tiles/Winter ( Update 1.9 )/512x512/GrassJoinHillRight2&left2.png
  artifactKey: Guid(c6512a068d319034799884f0b297db74) Importer(2089858483,b0f066a214c2f5e87bad3c948f4d605d)
Start importing Assets/BayatGames/Free Platform Game Assets/Tiles/2.5D Tiles/Winter ( Update 1.9 )/512x512/GrassJoinHillRight2&left2.png using Guid(c6512a068d319034799884f0b297db74) Importer(2089858483,b0f066a214c2f5e87bad3c948f4d605d) (ScriptedImporter) -> (artifact id: '78af3abf438b4789972eeb8d175a249a') in 0.0509829 seconds
Number of updated asset objects reloaded before import = 0Number of asset objects unloaded after import = 3

========================================================================
Received Import Request.
  Time since last request: 0.000020 seconds.
  path: Assets/BayatGames/Free Platform Game Assets/Tiles/2.5D Tiles/Winter ( Update 1.9 )/512x512/HillRight2 WithDropShadow.png
  artifactKey: Guid(f04a7678219b5094f8c611bf4659a6eb) Importer(2089858483,b0f066a214c2f5e87bad3c948f4d605d)
Start importing Assets/BayatGames/Free Platform Game Assets/Tiles/2.5D Tiles/Winter ( Update 1.9 )/512x512/HillRight2 WithDropShadow.png using Guid(f04a7678219b5094f8c611bf4659a6eb) Importer(2089858483,b0f066a214c2f5e87bad3c948f4d605d) (ScriptedImporter) -> (artifact id: '1ea600dfd85925803205538a8b897602') in 0.1038567 seconds
Number of updated asset objects reloaded before import = 0Number of asset objects unloaded after import = 3

========================================================================
Received Import Request.
  Time since last request: 0.000029 seconds.
  path: Assets/BayatGames/Free Platform Game Assets/Tiles/2D Tiles ( Update 1.9 )/Autumn/256x256/GrassCliffLeft.png
  artifactKey: Guid(b0fabf9bb2d1c5c4ab33252072ce8919) Importer(2089858483,b0f066a214c2f5e87bad3c948f4d605d)
Start importing Assets/BayatGames/Free Platform Game Assets/Tiles/2D Tiles ( Update 1.9 )/Autumn/256x256/GrassCliffLeft.png using Guid(b0fabf9bb2d1c5c4ab33252072ce8919) Importer(2089858483,b0f066a214c2f5e87bad3c948f4d605d) (ScriptedImporter) -> (artifact id: '0ddb19a1299b3eb5379fdd28124b1ca9') in 0.0602659 seconds
Number of updated asset objects reloaded before import = 0Number of asset objects unloaded after import = 3

========================================================================
Received Import Request.
  Time since last request: 0.000022 seconds.
  path: Assets/BayatGames/Free Platform Game Assets/Tiles/2D Tiles ( Update 1.9 )/Autumn/256x256/GrassMid.png
  artifactKey: Guid(4e78236c1a8223e48862222a09aedd8d) Importer(2089858483,b0f066a214c2f5e87bad3c948f4d605d)
Start importing Assets/BayatGames/Free Platform Game Assets/Tiles/2D Tiles ( Update 1.9 )/Autumn/256x256/GrassMid.png using Guid(4e78236c1a8223e48862222a09aedd8d) Importer(2089858483,b0f066a214c2f5e87bad3c948f4d605d) (ScriptedImporter) -> (artifact id: '4ff7e14285c6f391f1dcaea9cbcd2374') in 0.0505091 seconds
Number of updated asset objects reloaded before import = 0Number of asset objects unloaded after import = 3

========================================================================
Received Import Request.
  Time since last request: 0.000020 seconds.
  path: Assets/BayatGames/Free Platform Game Assets/Tiles/2D Tiles ( Update 1.9 )/Autumn/512x512/GrassJoinHillRight2&Left2.png
  artifactKey: Guid(888faf73775c696409291a1627604737) Importer(2089858483,b0f066a214c2f5e87bad3c948f4d605d)
Start importing Assets/BayatGames/Free Platform Game Assets/Tiles/2D Tiles ( Update 1.9 )/Autumn/512x512/GrassJoinHillRight2&Left2.png using Guid(888faf73775c696409291a1627604737) Importer(2089858483,b0f066a214c2f5e87bad3c948f4d605d) (ScriptedImporter) -> (artifact id: '11f51e03016e54ca20dd20f89f097277') in 0.1610368 seconds
Number of updated asset objects reloaded before import = 0Number of asset objects unloaded after import = 3

========================================================================
Received Import Request.
  Time since last request: 0.000021 seconds.
  path: Assets/BayatGames/Free Platform Game Assets/Tiles/2D Tiles ( Update 1.9 )/Autumn/256x256/GrassCliffRight.png
  artifactKey: Guid(0e046149a23c8604189ebedb79436c9d) Importer(2089858483,b0f066a214c2f5e87bad3c948f4d605d)
Start importing Assets/BayatGames/Free Platform Game Assets/Tiles/2D Tiles ( Update 1.9 )/Autumn/256x256/GrassCliffRight.png using Guid(0e046149a23c8604189ebedb79436c9d) Importer(2089858483,b0f066a214c2f5e87bad3c948f4d605d) (ScriptedImporter) -> (artifact id: '34e3e7158ef5b590a7e74a7551328223') in 0.036426 seconds
Number of updated asset objects reloaded before import = 0Number of asset objects unloaded after import = 3

========================================================================
Received Import Request.
  Time since last request: 0.000118 seconds.
  path: Assets/BayatGames/Free Platform Game Assets/Tiles/2D Tiles ( Update 1.9 )/Spring/128x128/GrassCliffRight.png
  artifactKey: Guid(b661778ca4115214bbcd8d593f31fa1d) Importer(2089858483,b0f066a214c2f5e87bad3c948f4d605d)
Start importing Assets/BayatGames/Free Platform Game Assets/Tiles/2D Tiles ( Update 1.9 )/Spring/128x128/GrassCliffRight.png using Guid(b661778ca4115214bbcd8d593f31fa1d) Importer(2089858483,b0f066a214c2f5e87bad3c948f4d605d) (ScriptedImporter) -> (artifact id: 'e05a626497933c464df4d713bf02a5ee') in 0.1265207 seconds
Number of updated asset objects reloaded before import = 0Number of asset objects unloaded after import = 3

========================================================================
Received Import Request.
  Time since last request: 0.000021 seconds.
  path: Assets/BayatGames/Free Platform Game Assets/Tiles/2D Tiles ( Update 1.9 )/Autumn/512x512/GrassCliffRight.png
  artifactKey: Guid(265524f47bb91e844a279a73306cb424) Importer(2089858483,b0f066a214c2f5e87bad3c948f4d605d)
Start importing Assets/BayatGames/Free Platform Game Assets/Tiles/2D Tiles ( Update 1.9 )/Autumn/512x512/GrassCliffRight.png using Guid(265524f47bb91e844a279a73306cb424) Importer(2089858483,b0f066a214c2f5e87bad3c948f4d605d) (ScriptedImporter) -> (artifact id: '93d70480320513ae2f614144953e3773') in 0.1831356 seconds
Number of updated asset objects reloaded before import = 0Number of asset objects unloaded after import = 3

========================================================================
Received Import Request.
  Time since last request: 0.000021 seconds.
  path: Assets/BayatGames/Free Platform Game Assets/Tiles/2D Tiles ( Update 1.9 )/Autumn/512x512/GrassJoinHillLeft&Right.png
  artifactKey: Guid(2d4942dcddcf47b4bb00b7c9433c4a0c) Importer(2089858483,b0f066a214c2f5e87bad3c948f4d605d)
Start importing Assets/BayatGames/Free Platform Game Assets/Tiles/2D Tiles ( Update 1.9 )/Autumn/512x512/GrassJoinHillLeft&Right.png using Guid(2d4942dcddcf47b4bb00b7c9433c4a0c) Importer(2089858483,b0f066a214c2f5e87bad3c948f4d605d) (ScriptedImporter) -> (artifact id: '7d20ba2ee0a9cb07979c9beed8dceced') in 0.0873867 seconds
Number of updated asset objects reloaded before import = 0Number of asset objects unloaded after import = 3

========================================================================
Received Import Request.
  Time since last request: 0.000026 seconds.
  path: Assets/BayatGames/Free Platform Game Assets/Tiles/2D Tiles ( Update 1.9 )/Autumn/256x256/GrassHillRight2 DownShadow.png
  artifactKey: Guid(6c8758634bc2a704d91737a0480258bf) Importer(2089858483,b0f066a214c2f5e87bad3c948f4d605d)
Start importing Assets/BayatGames/Free Platform Game Assets/Tiles/2D Tiles ( Update 1.9 )/Autumn/256x256/GrassHillRight2 DownShadow.png using Guid(6c8758634bc2a704d91737a0480258bf) Importer(2089858483,b0f066a214c2f5e87bad3c948f4d605d) (ScriptedImporter) -> (artifact id: '57bc739050032e0dcb857e760b3d91fa') in 0.0463171 seconds
Number of updated asset objects reloaded before import = 0Number of asset objects unloaded after import = 3

========================================================================
Received Import Request.
  Time since last request: 0.000022 seconds.
  path: Assets/BayatGames/Free Platform Game Assets/Tiles/2D Tiles ( Update 1.9 )/Autumn/256x256/GrassJoinHillLeft.png
  artifactKey: Guid(2490eadba64dad743bbd12698078ed3e) Importer(2089858483,b0f066a214c2f5e87bad3c948f4d605d)
Start importing Assets/BayatGames/Free Platform Game Assets/Tiles/2D Tiles ( Update 1.9 )/Autumn/256x256/GrassJoinHillLeft.png using Guid(2490eadba64dad743bbd12698078ed3e) Importer(2089858483,b0f066a214c2f5e87bad3c948f4d605d) (ScriptedImporter) -> (artifact id: 'baa7d0714eb3cba5ff764c986b2587a4') in 0.0729326 seconds
Number of updated asset objects reloaded before import = 0Number of asset objects unloaded after import = 3

========================================================================
Received Import Request.
  Time since last request: 0.000015 seconds.
  path: Assets/BayatGames/Free Platform Game Assets/Tiles/2D Tiles ( Update 1.9 )/Autumn/512x512/GrassColumn.png
  artifactKey: Guid(e46ff5ffffbe5bc4f973b604b65fa03c) Importer(2089858483,b0f066a214c2f5e87bad3c948f4d605d)
Start importing Assets/BayatGames/Free Platform Game Assets/Tiles/2D Tiles ( Update 1.9 )/Autumn/512x512/GrassColumn.png using Guid(e46ff5ffffbe5bc4f973b604b65fa03c) Importer(2089858483,b0f066a214c2f5e87bad3c948f4d605d) (ScriptedImporter) -> (artifact id: '38c3dd5a8f09cb4c3fd3d538cd6b2db5') in 0.0413354 seconds
Number of updated asset objects reloaded before import = 0Number of asset objects unloaded after import = 3

========================================================================
Received Import Request.
  Time since last request: 0.000020 seconds.
  path: Assets/BayatGames/Free Platform Game Assets/Tiles/2D Tiles ( Update 1.9 )/Autumn/512x512/GrassHillLeft.png
  artifactKey: Guid(b3687254db1df804ca7adeadcea3efb7) Importer(2089858483,b0f066a214c2f5e87bad3c948f4d605d)
Start importing Assets/BayatGames/Free Platform Game Assets/Tiles/2D Tiles ( Update 1.9 )/Autumn/512x512/GrassHillLeft.png using Guid(b3687254db1df804ca7adeadcea3efb7) Importer(2089858483,b0f066a214c2f5e87bad3c948f4d605d) (ScriptedImporter) -> (artifact id: 'fbb78a8187645bcb848d219db03dfd5b') in 0.0597615 seconds
Number of updated asset objects reloaded before import = 0Number of asset objects unloaded after import = 3

========================================================================
Received Import Request.
  Time since last request: 0.000033 seconds.
  path: Assets/BayatGames/Free Platform Game Assets/Tiles/2D Tiles ( Update 1.9 )/Spring/128x128/GrassHillRight2.png
  artifactKey: Guid(46513890a36dfaf46a8979fae61f18ad) Importer(2089858483,b0f066a214c2f5e87bad3c948f4d605d)
Start importing Assets/BayatGames/Free Platform Game Assets/Tiles/2D Tiles ( Update 1.9 )/Spring/128x128/GrassHillRight2.png using Guid(46513890a36dfaf46a8979fae61f18ad) Importer(2089858483,b0f066a214c2f5e87bad3c948f4d605d) (ScriptedImporter) -> (artifact id: '10ac3159d64d0ca95da251ae41ef58e4') in 0.0678243 seconds
Number of updated asset objects reloaded before import = 0Number of asset objects unloaded after import = 3

========================================================================
Received Import Request.
  Time since last request: 0.000013 seconds.
  path: Assets/BayatGames/Free Platform Game Assets/Tiles/2D Tiles ( Update 1.9 )/Spring/128x128/GrassJoinHillLeft2 DownShadow.png
  artifactKey: Guid(793f003b3cdfcc54f9bf7010f8c14a14) Importer(2089858483,b0f066a214c2f5e87bad3c948f4d605d)
Start importing Assets/BayatGames/Free Platform Game Assets/Tiles/2D Tiles ( Update 1.9 )/Spring/128x128/GrassJoinHillLeft2 DownShadow.png using Guid(793f003b3cdfcc54f9bf7010f8c14a14) Importer(2089858483,b0f066a214c2f5e87bad3c948f4d605d) (ScriptedImporter) -> (artifact id: 'fb9e1488799ca93c1a6e5d7fd025b130') in 0.0611416 seconds
Number of updated asset objects reloaded before import = 0Number of asset objects unloaded after import = 3

========================================================================
Received Import Request.
  Time since last request: 0.000018 seconds.
  path: Assets/BayatGames/Free Platform Game Assets/Tiles/2D Tiles ( Update 1.9 )/Autumn/256x256/GrassJoinHillLeft2.png
  artifactKey: Guid(a38077da8ace4b8448295159bdbfa350) Importer(2089858483,b0f066a214c2f5e87bad3c948f4d605d)
Start importing Assets/BayatGames/Free Platform Game Assets/Tiles/2D Tiles ( Update 1.9 )/Autumn/256x256/GrassJoinHillLeft2.png using Guid(a38077da8ace4b8448295159bdbfa350) Importer(2089858483,b0f066a214c2f5e87bad3c948f4d605d) (ScriptedImporter) -> (artifact id: '3db862c6800b7bd53712f2d36adedf90') in 0.0502163 seconds
Number of updated asset objects reloaded before import = 0Number of asset objects unloaded after import = 3

========================================================================
Received Import Request.
  Time since last request: 0.000028 seconds.
  path: Assets/BayatGames/Free Platform Game Assets/Tiles/2D Tiles ( Update 1.9 )/Autumn/512x512/GrassLeft.png
  artifactKey: Guid(348d272722cb2d14db61ac6af4af22e6) Importer(2089858483,b0f066a214c2f5e87bad3c948f4d605d)
Start importing Assets/BayatGames/Free Platform Game Assets/Tiles/2D Tiles ( Update 1.9 )/Autumn/512x512/GrassLeft.png using Guid(348d272722cb2d14db61ac6af4af22e6) Importer(2089858483,b0f066a214c2f5e87bad3c948f4d605d) (ScriptedImporter) -> (artifact id: '7b441c82af6378c035a817fe468c03e8') in 0.1675337 seconds
Number of updated asset objects reloaded before import = 0Number of asset objects unloaded after import = 3

========================================================================
Received Import Request.
  Time since last request: 0.000030 seconds.
  path: Assets/BayatGames/Free Platform Game Assets/Tiles/2D Tiles ( Update 1.9 )/Spring/128x128/GrassCliffLeft.png
  artifactKey: Guid(a15e8cd8ea491c74fa2f14712fe0849b) Importer(2089858483,b0f066a214c2f5e87bad3c948f4d605d)
Start importing Assets/BayatGames/Free Platform Game Assets/Tiles/2D Tiles ( Update 1.9 )/Spring/128x128/GrassCliffLeft.png using Guid(a15e8cd8ea491c74fa2f14712fe0849b) Importer(2089858483,b0f066a214c2f5e87bad3c948f4d605d) (ScriptedImporter) -> (artifact id: '3ef21a762ab7f9e41a4a1fe5aa03888b') in 0.1073213 seconds
Number of updated asset objects reloaded before import = 0Number of asset objects unloaded after import = 3

========================================================================
Received Import Request.
  Time since last request: 0.000021 seconds.
  path: Assets/BayatGames/Free Platform Game Assets/Tiles/2D Tiles ( Update 1.9 )/Autumn/256x256/GrassJoinHillRight2&Left2 DownShadow.png
  artifactKey: Guid(78af1c8a65976ce47935d6b852c4f37b) Importer(2089858483,b0f066a214c2f5e87bad3c948f4d605d)
Start importing Assets/BayatGames/Free Platform Game Assets/Tiles/2D Tiles ( Update 1.9 )/Autumn/256x256/GrassJoinHillRight2&Left2 DownShadow.png using Guid(78af1c8a65976ce47935d6b852c4f37b) Importer(2089858483,b0f066a214c2f5e87bad3c948f4d605d) (ScriptedImporter) -> (artifact id: '5e763c46294a4c4bd6d6fc44252c00a9') in 0.0270464 seconds
Number of updated asset objects reloaded before import = 0Number of asset objects unloaded after import = 3

========================================================================
Received Import Request.
  Time since last request: 0.000028 seconds.
  path: Assets/BayatGames/Free Platform Game Assets/Tiles/2D Tiles ( Update 1.9 )/Autumn/512x512/Grass.png
  artifactKey: Guid(3c2530d80fa62ca469dc488438556969) Importer(2089858483,b0f066a214c2f5e87bad3c948f4d605d)
Start importing Assets/BayatGames/Free Platform Game Assets/Tiles/2D Tiles ( Update 1.9 )/Autumn/512x512/Grass.png using Guid(3c2530d80fa62ca469dc488438556969) Importer(2089858483,b0f066a214c2f5e87bad3c948f4d605d) (ScriptedImporter) -> (artifact id: 'ba09a4467ef5c64d17b6a8134cae28c9') in 0.1061678 seconds
Number of updated asset objects reloaded before import = 0Number of asset objects unloaded after import = 3

========================================================================
Received Import Request.
  Time since last request: 0.000022 seconds.
  path: Assets/BayatGames/Free Platform Game Assets/Tiles/2D Tiles ( Update 1.9 )/Autumn/512x512/GrassJoinHillRight.png
  artifactKey: Guid(7aaa849a0248fe54c90a3adc327f6958) Importer(2089858483,b0f066a214c2f5e87bad3c948f4d605d)
Start importing Assets/BayatGames/Free Platform Game Assets/Tiles/2D Tiles ( Update 1.9 )/Autumn/512x512/GrassJoinHillRight.png using Guid(7aaa849a0248fe54c90a3adc327f6958) Importer(2089858483,b0f066a214c2f5e87bad3c948f4d605d) (ScriptedImporter) -> (artifact id: 'f8aa6e16e6b87989ecf4f8ef023f71a1') in 0.1091494 seconds
Number of updated asset objects reloaded before import = 0Number of asset objects unloaded after import = 3

========================================================================
Received Import Request.
  Time since last request: 0.000019 seconds.
  path: Assets/BayatGames/Free Platform Game Assets/Tiles/2.5D Tiles/Winter ( Update 1.9 )/512x512/GrassCliffMid.png
  artifactKey: Guid(bfad3236e188e864ba4cdf29cd2adf1e) Importer(2089858483,b0f066a214c2f5e87bad3c948f4d605d)
Start importing Assets/BayatGames/Free Platform Game Assets/Tiles/2.5D Tiles/Winter ( Update 1.9 )/512x512/GrassCliffMid.png using Guid(bfad3236e188e864ba4cdf29cd2adf1e) Importer(2089858483,b0f066a214c2f5e87bad3c948f4d605d) (ScriptedImporter) -> (artifact id: 'bcb4ae08d1bd32dfd198f0fc104e264c') in 0.0546598 seconds
Number of updated asset objects reloaded before import = 0Number of asset objects unloaded after import = 3

========================================================================
Received Import Request.
  Time since last request: 0.000029 seconds.
  path: Assets/BayatGames/Free Platform Game Assets/Tiles/2.5D Tiles/Winter ( Update 1.9 )/512x512/HillRight2.png
  artifactKey: Guid(0cec38267b42f9b499cece454c27361e) Importer(2089858483,b0f066a214c2f5e87bad3c948f4d605d)
Start importing Assets/BayatGames/Free Platform Game Assets/Tiles/2.5D Tiles/Winter ( Update 1.9 )/512x512/HillRight2.png using Guid(0cec38267b42f9b499cece454c27361e) Importer(2089858483,b0f066a214c2f5e87bad3c948f4d605d) (ScriptedImporter) -> (artifact id: '544c2e7331d60f88464072834bd30ead') in 0.0698699 seconds
Number of updated asset objects reloaded before import = 0Number of asset objects unloaded after import = 3

========================================================================
Received Import Request.
  Time since last request: 0.000017 seconds.
  path: Assets/BayatGames/Free Platform Game Assets/Tiles/2D Tiles ( Update 1.9 )/Autumn/128x128/GrassHillLeft2 DownShadow.png
  artifactKey: Guid(6bc26ef4f80039146b0387478da839b1) Importer(2089858483,b0f066a214c2f5e87bad3c948f4d605d)
Start importing Assets/BayatGames/Free Platform Game Assets/Tiles/2D Tiles ( Update 1.9 )/Autumn/128x128/GrassHillLeft2 DownShadow.png using Guid(6bc26ef4f80039146b0387478da839b1) Importer(2089858483,b0f066a214c2f5e87bad3c948f4d605d) (ScriptedImporter) -> (artifact id: 'ac56b54ce822a03589f56cf6b94d718a') in 0.0606139 seconds
Number of updated asset objects reloaded before import = 0Number of asset objects unloaded after import = 3

========================================================================
Received Import Request.
  Time since last request: 0.000022 seconds.
  path: Assets/BayatGames/Free Platform Game Assets/Tiles/2D Tiles ( Update 1.9 )/Autumn/128x128/GrassHillRight2.png
  artifactKey: Guid(516340aee8fff1b4397ed02b07e107d6) Importer(2089858483,b0f066a214c2f5e87bad3c948f4d605d)
Start importing Assets/BayatGames/Free Platform Game Assets/Tiles/2D Tiles ( Update 1.9 )/Autumn/128x128/GrassHillRight2.png using Guid(516340aee8fff1b4397ed02b07e107d6) Importer(2089858483,b0f066a214c2f5e87bad3c948f4d605d) (ScriptedImporter) -> (artifact id: '43a0955ec641ab0a40951f2ae1329793') in 0.07092 seconds
Number of updated asset objects reloaded before import = 0Number of asset objects unloaded after import = 3

========================================================================
Received Import Request.
  Time since last request: 0.000035 seconds.
  path: Assets/BayatGames/Free Platform Game Assets/Water Animation/2D view ( Update 1.9 )/128x128/2-1x.png
  artifactKey: Guid(b69554fda46af624a8951f96e6f6c17c) Importer(2089858483,b0f066a214c2f5e87bad3c948f4d605d)
Start importing Assets/BayatGames/Free Platform Game Assets/Water Animation/2D view ( Update 1.9 )/128x128/2-1x.png using Guid(b69554fda46af624a8951f96e6f6c17c) Importer(2089858483,b0f066a214c2f5e87bad3c948f4d605d) (ScriptedImporter) -> (artifact id: '9be775353c339a402511e8e214484b8d') in 0.1022296 seconds
Number of updated asset objects reloaded before import = 0Number of asset objects unloaded after import = 3

========================================================================
Received Import Request.
  Time since last request: 0.000023 seconds.
  path: Assets/BayatGames/Free Platform Game Assets/Tiles/2.5D Tiles/Autumn ( Update 1.9 )/256x256/HillRight2.png
  artifactKey: Guid(ba203a7b13b8b4843879db5caba04826) Importer(2089858483,b0f066a214c2f5e87bad3c948f4d605d)
Start importing Assets/BayatGames/Free Platform Game Assets/Tiles/2.5D Tiles/Autumn ( Update 1.9 )/256x256/HillRight2.png using Guid(ba203a7b13b8b4843879db5caba04826) Importer(2089858483,b0f066a214c2f5e87bad3c948f4d605d) (ScriptedImporter) -> (artifact id: '12d0f5c2dc73031bf8405a0429caf1f5') in 0.0847615 seconds
Number of updated asset objects reloaded before import = 0Number of asset objects unloaded after import = 3

========================================================================
Received Import Request.
  Time since last request: 0.000019 seconds.
  path: Assets/BayatGames/Free Platform Game Assets/Tiles/2D Tiles ( Update 1.9 )/Winter/128x128/GrassHillRight2 DownShadow.png
  artifactKey: Guid(013df25da8c3a244f876e4a5ac199a74) Importer(2089858483,b0f066a214c2f5e87bad3c948f4d605d)
Start importing Assets/BayatGames/Free Platform Game Assets/Tiles/2D Tiles ( Update 1.9 )/Winter/128x128/GrassHillRight2 DownShadow.png using Guid(013df25da8c3a244f876e4a5ac199a74) Importer(2089858483,b0f066a214c2f5e87bad3c948f4d605d) (ScriptedImporter) -> (artifact id: '2144d72d7a23270ce61d17ce6027f7c1') in 0.0777076 seconds
Number of updated asset objects reloaded before import = 0Number of asset objects unloaded after import = 3

========================================================================
Received Import Request.
  Time since last request: 0.000028 seconds.
  path: Assets/BayatGames/Free Platform Game Assets/Tiles/2D Tiles ( Update 1.9 )/Spring/256x256/GrassJoinHillRight2&Left2 DownShadow.png
  artifactKey: Guid(e0889321147b6ef4b81402f1942265c6) Importer(2089858483,b0f066a214c2f5e87bad3c948f4d605d)
Start importing Assets/BayatGames/Free Platform Game Assets/Tiles/2D Tiles ( Update 1.9 )/Spring/256x256/GrassJoinHillRight2&Left2 DownShadow.png using Guid(e0889321147b6ef4b81402f1942265c6) Importer(2089858483,b0f066a214c2f5e87bad3c948f4d605d) (ScriptedImporter) -> (artifact id: '6bfcf37d86460dce00ca4a120650af80') in 0.1290031 seconds
Number of updated asset objects reloaded before import = 0Number of asset objects unloaded after import = 3

========================================================================
Received Import Request.
  Time since last request: 0.000016 seconds.
  path: Assets/BayatGames/Free Platform Game Assets/Tiles/2D Tiles ( Update 1.9 )/Winter/128x128/GrassJoinHillRight2&Left2.png
  artifactKey: Guid(f7fa516852944a14aabdaaa219c1bc39) Importer(2089858483,b0f066a214c2f5e87bad3c948f4d605d)
Start importing Assets/BayatGames/Free Platform Game Assets/Tiles/2D Tiles ( Update 1.9 )/Winter/128x128/GrassJoinHillRight2&Left2.png using Guid(f7fa516852944a14aabdaaa219c1bc39) Importer(2089858483,b0f066a214c2f5e87bad3c948f4d605d) (ScriptedImporter) -> (artifact id: '256f11a4bce1649d968e75f31c2b5bb0') in 0.0645302 seconds
Number of updated asset objects reloaded before import = 0Number of asset objects unloaded after import = 3

========================================================================
Received Import Request.
  Time since last request: 0.000021 seconds.
  path: Assets/BayatGames/Free Platform Game Assets/Tiles/2D Tiles ( Update 1.9 )/Spring/512x512/GrassHillRight2.png
  artifactKey: Guid(33e1c8f6c8dc7334ba153cf996998b74) Importer(2089858483,b0f066a214c2f5e87bad3c948f4d605d)
Start importing Assets/BayatGames/Free Platform Game Assets/Tiles/2D Tiles ( Update 1.9 )/Spring/512x512/GrassHillRight2.png using Guid(33e1c8f6c8dc7334ba153cf996998b74) Importer(2089858483,b0f066a214c2f5e87bad3c948f4d605d) (ScriptedImporter) -> (artifact id: '838ee93a1f76176aca5e018a6d952118') in 0.1150102 seconds
Number of updated asset objects reloaded before import = 0Number of asset objects unloaded after import = 3

========================================================================
Received Import Request.
  Time since last request: 0.000036 seconds.
  path: Assets/BayatGames/Free Platform Game Assets/Tiles/2D Tiles ( Update 1.9 )/Spring/512x512/GrassJoinHillLeft2 DownShadow.png
  artifactKey: Guid(41a0ef04fba499e40833b1a7f8cceff5) Importer(2089858483,b0f066a214c2f5e87bad3c948f4d605d)
Start importing Assets/BayatGames/Free Platform Game Assets/Tiles/2D Tiles ( Update 1.9 )/Spring/512x512/GrassJoinHillLeft2 DownShadow.png using Guid(41a0ef04fba499e40833b1a7f8cceff5) Importer(2089858483,b0f066a214c2f5e87bad3c948f4d605d) (ScriptedImporter) -> (artifact id: 'f3f4e6be02578ccfd9bb401006d547a0') in 0.0863131 seconds
Number of updated asset objects reloaded before import = 0Number of asset objects unloaded after import = 3

========================================================================
Received Import Request.
  Time since last request: 0.000022 seconds.
  path: Assets/BayatGames/Free Platform Game Assets/Tiles/2D Tiles ( Update 1.9 )/Winter/128x128/GrassJoinHillRight.png
  artifactKey: Guid(c903e3a777d18044ea06b07ee592fa33) Importer(2089858483,b0f066a214c2f5e87bad3c948f4d605d)
Start importing Assets/BayatGames/Free Platform Game Assets/Tiles/2D Tiles ( Update 1.9 )/Winter/128x128/GrassJoinHillRight.png using Guid(c903e3a777d18044ea06b07ee592fa33) Importer(2089858483,b0f066a214c2f5e87bad3c948f4d605d) (ScriptedImporter) -> (artifact id: '25a88915b821557bae233f704c99cea5') in 0.5088587 seconds
Number of updated asset objects reloaded before import = 0Number of asset objects unloaded after import = 3

========================================================================
Received Import Request.
  Time since last request: 0.000022 seconds.
  path: Assets/BayatGames/Free Platform Game Assets/Tiles/2D Tiles ( Update 1.9 )/Winter/128x128/GrassCliffMid.png
  artifactKey: Guid(45264ae7e399698499de2f85497835e2) Importer(2089858483,b0f066a214c2f5e87bad3c948f4d605d)
Start importing Assets/BayatGames/Free Platform Game Assets/Tiles/2D Tiles ( Update 1.9 )/Winter/128x128/GrassCliffMid.png using Guid(45264ae7e399698499de2f85497835e2) Importer(2089858483,b0f066a214c2f5e87bad3c948f4d605d) (ScriptedImporter) -> (artifact id: 'd553f9a8ff6691aab5e2cd5cdc081883') in 0.0819119 seconds
Number of updated asset objects reloaded before import = 0Number of asset objects unloaded after import = 3

========================================================================
Received Import Request.
  Time since last request: 0.000026 seconds.
  path: Assets/BayatGames/Free Platform Game Assets/Tiles/2D Tiles ( Update 1.9 )/Winter/128x128/GrassHillLeft2 DownShadow.png
  artifactKey: Guid(db89d8c5f7afe164abb5463f1199f29e) Importer(2089858483,b0f066a214c2f5e87bad3c948f4d605d)
Start importing Assets/BayatGames/Free Platform Game Assets/Tiles/2D Tiles ( Update 1.9 )/Winter/128x128/GrassHillLeft2 DownShadow.png using Guid(db89d8c5f7afe164abb5463f1199f29e) Importer(2089858483,b0f066a214c2f5e87bad3c948f4d605d) (ScriptedImporter) -> (artifact id: '0da9ad31179e7fac1d0d9a926bc4dfd9') in 0.1013354 seconds
Number of updated asset objects reloaded before import = 0Number of asset objects unloaded after import = 3

========================================================================
Received Import Request.
  Time since last request: 0.000019 seconds.
  path: Assets/BayatGames/Free Platform Game Assets/Tiles/2D Tiles ( Update 1.9 )/Spring/256x256/GrassJoinHillLeft.png
  artifactKey: Guid(cfe4e5f21bb46a441b5fe85fa649b7cd) Importer(2089858483,b0f066a214c2f5e87bad3c948f4d605d)
Start importing Assets/BayatGames/Free Platform Game Assets/Tiles/2D Tiles ( Update 1.9 )/Spring/256x256/GrassJoinHillLeft.png using Guid(cfe4e5f21bb46a441b5fe85fa649b7cd) Importer(2089858483,b0f066a214c2f5e87bad3c948f4d605d) (ScriptedImporter) -> (artifact id: '4acaec4f0d4ada4141980b0b327c6e63') in 0.093985 seconds
Number of updated asset objects reloaded before import = 0Number of asset objects unloaded after import = 3

========================================================================
Received Import Request.
  Time since last request: 0.000019 seconds.
  path: Assets/BayatGames/Free Platform Game Assets/Tiles/2D Tiles ( Update 1.9 )/Spring/512x512/GrassJoinHillLeft&Right.png
  artifactKey: Guid(2472304f5d64aa34c871ad70e2a3cc68) Importer(2089858483,b0f066a214c2f5e87bad3c948f4d605d)
Start importing Assets/BayatGames/Free Platform Game Assets/Tiles/2D Tiles ( Update 1.9 )/Spring/512x512/GrassJoinHillLeft&Right.png using Guid(2472304f5d64aa34c871ad70e2a3cc68) Importer(2089858483,b0f066a214c2f5e87bad3c948f4d605d) (ScriptedImporter) -> (artifact id: '7b99a20592940ae0b0e5c35f3738aa39') in 0.1817455 seconds
Number of updated asset objects reloaded before import = 0Number of asset objects unloaded after import = 3

========================================================================
Received Import Request.
  Time since last request: 0.000029 seconds.
  path: Assets/BayatGames/Free Platform Game Assets/Tiles/2D Tiles ( Update 1.9 )/Winter/128x128/GrassJoinHillLeft&Right.png
  artifactKey: Guid(b703ad5fec566d04d9f03a5589c654cf) Importer(2089858483,b0f066a214c2f5e87bad3c948f4d605d)
Start importing Assets/BayatGames/Free Platform Game Assets/Tiles/2D Tiles ( Update 1.9 )/Winter/128x128/GrassJoinHillLeft&Right.png using Guid(b703ad5fec566d04d9f03a5589c654cf) Importer(2089858483,b0f066a214c2f5e87bad3c948f4d605d) (ScriptedImporter) -> (artifact id: '4d214a4ec57179b9848483d6061060d6') in 0.0443245 seconds
Number of updated asset objects reloaded before import = 0Number of asset objects unloaded after import = 3

========================================================================
Received Import Request.
  Time since last request: 0.000016 seconds.
  path: Assets/BayatGames/Free Platform Game Assets/Tiles/2D Tiles ( Update 1.9 )/Spring/128x128/GrassRight.png
  artifactKey: Guid(6647a81827a514d4bb1e39c9bb566d9f) Importer(2089858483,b0f066a214c2f5e87bad3c948f4d605d)
Start importing Assets/BayatGames/Free Platform Game Assets/Tiles/2D Tiles ( Update 1.9 )/Spring/128x128/GrassRight.png using Guid(6647a81827a514d4bb1e39c9bb566d9f) Importer(2089858483,b0f066a214c2f5e87bad3c948f4d605d) (ScriptedImporter) -> (artifact id: '483d6eb3bb9c9cd232a8fedcda28a8fb') in 0.05636 seconds
Number of updated asset objects reloaded before import = 0Number of asset objects unloaded after import = 3

========================================================================
Received Import Request.
  Time since last request: 0.000016 seconds.
  path: Assets/BayatGames/Free Platform Game Assets/Tiles/2D Tiles ( Update 1.9 )/Spring/512x512/GrassHillRight2 DownShadow.png
  artifactKey: Guid(0a6568a3c44837a40aabdbb3d0d1d0be) Importer(2089858483,b0f066a214c2f5e87bad3c948f4d605d)
Start importing Assets/BayatGames/Free Platform Game Assets/Tiles/2D Tiles ( Update 1.9 )/Spring/512x512/GrassHillRight2 DownShadow.png using Guid(0a6568a3c44837a40aabdbb3d0d1d0be) Importer(2089858483,b0f066a214c2f5e87bad3c948f4d605d) (ScriptedImporter) -> (artifact id: 'a2dac065181a04f6b2ff692ed87c012a') in 0.122845 seconds
Number of updated asset objects reloaded before import = 0Number of asset objects unloaded after import = 3

========================================================================
Received Import Request.
  Time since last request: 0.000022 seconds.
  path: Assets/BayatGames/Free Platform Game Assets/Tiles/2D Tiles ( Update 1.9 )/Winter/128x128/GrassJoinHillLeft2 DownShadow.png
  artifactKey: Guid(d1bb4b2600d8a05449076b9562788c11) Importer(2089858483,b0f066a214c2f5e87bad3c948f4d605d)
Start importing Assets/BayatGames/Free Platform Game Assets/Tiles/2D Tiles ( Update 1.9 )/Winter/128x128/GrassJoinHillLeft2 DownShadow.png using Guid(d1bb4b2600d8a05449076b9562788c11) Importer(2089858483,b0f066a214c2f5e87bad3c948f4d605d) (ScriptedImporter) -> (artifact id: '18428d5aba2afb38102deb8c2344e93c') in 0.1339553 seconds
Number of updated asset objects reloaded before import = 0Number of asset objects unloaded after import = 3

========================================================================
Received Import Request.
  Time since last request: 0.000027 seconds.
  path: Assets/BayatGames/Free Platform Game Assets/Tiles/2D Tiles ( Update 1.9 )/Spring/512x512/Grass.png
  artifactKey: Guid(6c3fb653efa2ebd429742dc664f8b159) Importer(2089858483,b0f066a214c2f5e87bad3c948f4d605d)
Start importing Assets/BayatGames/Free Platform Game Assets/Tiles/2D Tiles ( Update 1.9 )/Spring/512x512/Grass.png using Guid(6c3fb653efa2ebd429742dc664f8b159) Importer(2089858483,b0f066a214c2f5e87bad3c948f4d605d) (ScriptedImporter) -> (artifact id: '5bd1fa933cdfa51b66e0ae9e940aab3f') in 0.0590016 seconds
Number of updated asset objects reloaded before import = 0Number of asset objects unloaded after import = 3

========================================================================
Received Import Request.
  Time since last request: 0.000019 seconds.
  path: Assets/BayatGames/Free Platform Game Assets/Tiles/2D Tiles ( Update 1.9 )/Spring/128x128/GrassLeft.png
  artifactKey: Guid(1c633c7894e36a34fbbb8ff9fbc63da9) Importer(2089858483,b0f066a214c2f5e87bad3c948f4d605d)
Start importing Assets/BayatGames/Free Platform Game Assets/Tiles/2D Tiles ( Update 1.9 )/Spring/128x128/GrassLeft.png using Guid(1c633c7894e36a34fbbb8ff9fbc63da9) Importer(2089858483,b0f066a214c2f5e87bad3c948f4d605d) (ScriptedImporter) -> (artifact id: '82626a15b23852995662413d5e0e1e0a') in 0.0492951 seconds
Number of updated asset objects reloaded before import = 0Number of asset objects unloaded after import = 3

========================================================================
Received Import Request.
  Time since last request: 0.000018 seconds.
  path: Assets/BayatGames/Free Platform Game Assets/Tiles/2D Tiles ( Update 1.9 )/Spring/256x256/GrassJoinHillRight2.png
  artifactKey: Guid(788a42c5674b6114ebaeb435f455bef7) Importer(2089858483,b0f066a214c2f5e87bad3c948f4d605d)
Start importing Assets/BayatGames/Free Platform Game Assets/Tiles/2D Tiles ( Update 1.9 )/Spring/256x256/GrassJoinHillRight2.png using Guid(788a42c5674b6114ebaeb435f455bef7) Importer(2089858483,b0f066a214c2f5e87bad3c948f4d605d) (ScriptedImporter) -> (artifact id: 'e818552ce5fd96af465e70c227f01181') in 0.071255 seconds
Number of updated asset objects reloaded before import = 0Number of asset objects unloaded after import = 3

========================================================================
Received Import Request.
  Time since last request: 0.000019 seconds.
  path: Assets/BayatGames/Free Platform Game Assets/Tiles/2D Tiles ( Update 1.9 )/Winter/128x128/GrassJoinHillRight2.png
  artifactKey: Guid(0175dd202aba8a9418fed5103ad30a4e) Importer(2089858483,b0f066a214c2f5e87bad3c948f4d605d)
Start importing Assets/BayatGames/Free Platform Game Assets/Tiles/2D Tiles ( Update 1.9 )/Winter/128x128/GrassJoinHillRight2.png using Guid(0175dd202aba8a9418fed5103ad30a4e) Importer(2089858483,b0f066a214c2f5e87bad3c948f4d605d) (ScriptedImporter) -> (artifact id: '69219fc8b8ccfdfc845ff510bd69fad9') in 0.0940526 seconds
Number of updated asset objects reloaded before import = 0Number of asset objects unloaded after import = 3

========================================================================
Received Import Request.
  Time since last request: 0.000026 seconds.
  path: Assets/BayatGames/Free Platform Game Assets/Tiles/2D Tiles ( Update 1.9 )/Spring/256x256/GrassHillLeft2 DownShadow.png
  artifactKey: Guid(5b1fdc387a8505c4eaf48dd0d9872643) Importer(2089858483,b0f066a214c2f5e87bad3c948f4d605d)
Start importing Assets/BayatGames/Free Platform Game Assets/Tiles/2D Tiles ( Update 1.9 )/Spring/256x256/GrassHillLeft2 DownShadow.png using Guid(5b1fdc387a8505c4eaf48dd0d9872643) Importer(2089858483,b0f066a214c2f5e87bad3c948f4d605d) (ScriptedImporter) -> (artifact id: 'eb485d2289df438370330db9b93ce424') in 0.0469159 seconds
Number of updated asset objects reloaded before import = 0Number of asset objects unloaded after import = 3

========================================================================
Received Import Request.
  Time since last request: 0.000021 seconds.
  path: Assets/BayatGames/Free Platform Game Assets/Tiles/2D Tiles ( Update 1.9 )/Spring/256x256/GrassJoinHillRight&Left.png
  artifactKey: Guid(8faf69609c8162843a842b489d7f1954) Importer(2089858483,b0f066a214c2f5e87bad3c948f4d605d)
Start importing Assets/BayatGames/Free Platform Game Assets/Tiles/2D Tiles ( Update 1.9 )/Spring/256x256/GrassJoinHillRight&Left.png using Guid(8faf69609c8162843a842b489d7f1954) Importer(2089858483,b0f066a214c2f5e87bad3c948f4d605d) (ScriptedImporter) -> (artifact id: '65857ecb2bc015d33d05bf05b748bc54') in 0.0543752 seconds
Number of updated asset objects reloaded before import = 0Number of asset objects unloaded after import = 3

========================================================================
Received Import Request.
  Time since last request: 0.000019 seconds.
  path: Assets/BayatGames/Free Platform Game Assets/Tiles/2D Tiles ( Update 1.9 )/Winter/256x256/GrassJoinHillRight.png
  artifactKey: Guid(009cd542a14af3543abf81508a222215) Importer(2089858483,b0f066a214c2f5e87bad3c948f4d605d)
Start importing Assets/BayatGames/Free Platform Game Assets/Tiles/2D Tiles ( Update 1.9 )/Winter/256x256/GrassJoinHillRight.png using Guid(009cd542a14af3543abf81508a222215) Importer(2089858483,b0f066a214c2f5e87bad3c948f4d605d) (ScriptedImporter) -> (artifact id: '29b291dedc8bdca6d1977cb3ebe8bda2') in 0.1037571 seconds
Number of updated asset objects reloaded before import = 0Number of asset objects unloaded after import = 3

========================================================================
Received Import Request.
  Time since last request: 0.000031 seconds.
  path: Assets/BayatGames/Free Platform Game Assets/Tiles/2D Tiles ( Update 1.9 )/Winter/512x512/GrassJoinHillRight2 DownShadow.png
  artifactKey: Guid(03f3d918dc318a7499f880d93427bbda) Importer(2089858483,b0f066a214c2f5e87bad3c948f4d605d)
Start importing Assets/BayatGames/Free Platform Game Assets/Tiles/2D Tiles ( Update 1.9 )/Winter/512x512/GrassJoinHillRight2 DownShadow.png using Guid(03f3d918dc318a7499f880d93427bbda) Importer(2089858483,b0f066a214c2f5e87bad3c948f4d605d) (ScriptedImporter) -> (artifact id: '162c9b6c1da462c46914e77f684d1b92') in 0.0900281 seconds
Number of updated asset objects reloaded before import = 0Number of asset objects unloaded after import = 3

========================================================================
Received Import Request.
  Time since last request: 0.000027 seconds.
  path: Assets/BayatGames/Free Platform Game Assets/Tiles/2D Tiles ( Update 1.9 )/Winter/512x512/GrassCliffMid.png
  artifactKey: Guid(6ad6326690afff74ebd1442826cd21d9) Importer(2089858483,b0f066a214c2f5e87bad3c948f4d605d)
Start importing Assets/BayatGames/Free Platform Game Assets/Tiles/2D Tiles ( Update 1.9 )/Winter/512x512/GrassCliffMid.png using Guid(6ad6326690afff74ebd1442826cd21d9) Importer(2089858483,b0f066a214c2f5e87bad3c948f4d605d) (ScriptedImporter) -> (artifact id: '0a7b7851a3dc648395fe0b8e35d6f51b') in 0.0681538 seconds
Number of updated asset objects reloaded before import = 0Number of asset objects unloaded after import = 3

========================================================================
Received Import Request.
  Time since last request: 0.000016 seconds.
  path: Assets/BayatGames/Free Platform Game Assets/Tiles/2D Tiles ( Update 1.9 )/Winter/512x512/GrassJoinHillLeft.png
  artifactKey: Guid(330a2a92fc777c5469a91cfd8d2d8518) Importer(2089858483,b0f066a214c2f5e87bad3c948f4d605d)
Start importing Assets/BayatGames/Free Platform Game Assets/Tiles/2D Tiles ( Update 1.9 )/Winter/512x512/GrassJoinHillLeft.png using Guid(330a2a92fc777c5469a91cfd8d2d8518) Importer(2089858483,b0f066a214c2f5e87bad3c948f4d605d) (ScriptedImporter) -> (artifact id: 'a60f803413e069cc880a0aa0c73b2d9a') in 0.1507734 seconds
Number of updated asset objects reloaded before import = 0Number of asset objects unloaded after import = 3

========================================================================
Received Import Request.
  Time since last request: 0.000019 seconds.
  path: Assets/BayatGames/Free Platform Game Assets/Water Animation/2.5D View/png/1x/image 10.png
  artifactKey: Guid(3c3d0a551bf0a7a459898a395f5dd21c) Importer(2089858483,b0f066a214c2f5e87bad3c948f4d605d)
Start importing Assets/BayatGames/Free Platform Game Assets/Water Animation/2.5D View/png/1x/image 10.png using Guid(3c3d0a551bf0a7a459898a395f5dd21c) Importer(2089858483,b0f066a214c2f5e87bad3c948f4d605d) (ScriptedImporter) -> (artifact id: 'ebbefbc44e48dfd0d2bd769d565720c1') in 0.0946302 seconds
Number of updated asset objects reloaded before import = 0Number of asset objects unloaded after import = 3

========================================================================
Received Import Request.
  Time since last request: 0.000030 seconds.
  path: Assets/BayatGames/Free Platform Game Assets/Tiles/2D Tiles ( Update 1.9 )/Winter/512x512/GrassRight.png
  artifactKey: Guid(3d9067b7e2c201c4e808a188babb47f2) Importer(2089858483,b0f066a214c2f5e87bad3c948f4d605d)
Start importing Assets/BayatGames/Free Platform Game Assets/Tiles/2D Tiles ( Update 1.9 )/Winter/512x512/GrassRight.png using Guid(3d9067b7e2c201c4e808a188babb47f2) Importer(2089858483,b0f066a214c2f5e87bad3c948f4d605d) (ScriptedImporter) -> (artifact id: '13da8ad30cbe5b017e0d6972b37a4340') in 0.0421621 seconds
Number of updated asset objects reloaded before import = 0Number of asset objects unloaded after import = 3

========================================================================
Received Import Request.
  Time since last request: 0.000018 seconds.
  path: Assets/BayatGames/Free Platform Game Assets/Tiles/2D Tiles ( Update 1.9 )/Winter/512x512/GrassHillRight.png
  artifactKey: Guid(cdc2a0deb21ef6e45905fa1709300512) Importer(2089858483,b0f066a214c2f5e87bad3c948f4d605d)
Start importing Assets/BayatGames/Free Platform Game Assets/Tiles/2D Tiles ( Update 1.9 )/Winter/512x512/GrassHillRight.png using Guid(cdc2a0deb21ef6e45905fa1709300512) Importer(2089858483,b0f066a214c2f5e87bad3c948f4d605d) (ScriptedImporter) -> (artifact id: '374e5ee99b3ed25474f0de7707850a4c') in 0.1598868 seconds
Number of updated asset objects reloaded before import = 0Number of asset objects unloaded after import = 3

========================================================================
Received Import Request.
  Time since last request: 0.000022 seconds.
  path: Assets/BayatGames/Free Platform Game Assets/Tiles/2D Tiles ( Update 1.9 )/Winter/256x256/GrassColumn.png
  artifactKey: Guid(f52e1bbca4740b14bbcf4e35fcd558de) Importer(2089858483,b0f066a214c2f5e87bad3c948f4d605d)
Start importing Assets/BayatGames/Free Platform Game Assets/Tiles/2D Tiles ( Update 1.9 )/Winter/256x256/GrassColumn.png using Guid(f52e1bbca4740b14bbcf4e35fcd558de) Importer(2089858483,b0f066a214c2f5e87bad3c948f4d605d) (ScriptedImporter) -> (artifact id: '3c87aa1736ca87901951d5748c25fd73') in 0.0646736 seconds
Number of updated asset objects reloaded before import = 0Number of asset objects unloaded after import = 3

========================================================================
Received Import Request.
  Time since last request: 0.000028 seconds.
  path: Assets/BayatGames/Free Platform Game Assets/Tiles/2D Tiles ( Update 1.9 )/Winter/512x512/GrassHillRight2.png
  artifactKey: Guid(879cf7757ee78bb4d80b42fdce0a0301) Importer(2089858483,b0f066a214c2f5e87bad3c948f4d605d)
Start importing Assets/BayatGames/Free Platform Game Assets/Tiles/2D Tiles ( Update 1.9 )/Winter/512x512/GrassHillRight2.png using Guid(879cf7757ee78bb4d80b42fdce0a0301) Importer(2089858483,b0f066a214c2f5e87bad3c948f4d605d) (ScriptedImporter) -> (artifact id: '5853651b0138c892bbc61ad98d62b4d3') in 0.2211108 seconds
Number of updated asset objects reloaded before import = 0Number of asset objects unloaded after import = 3

========================================================================
Received Import Request.
  Time since last request: 0.000022 seconds.
  path: Assets/BayatGames/Free Platform Game Assets/Tiles/2D Tiles ( Update 1.9 )/Winter/128x128/GrassLeft.png
  artifactKey: Guid(046fe8605027eb746a7712a2ccac8a42) Importer(2089858483,b0f066a214c2f5e87bad3c948f4d605d)
Start importing Assets/BayatGames/Free Platform Game Assets/Tiles/2D Tiles ( Update 1.9 )/Winter/128x128/GrassLeft.png using Guid(046fe8605027eb746a7712a2ccac8a42) Importer(2089858483,b0f066a214c2f5e87bad3c948f4d605d) (ScriptedImporter) -> (artifact id: '6cc04dad9ba91e48f187590e74b0034a') in 0.0747197 seconds
Number of updated asset objects reloaded before import = 0Number of asset objects unloaded after import = 3

========================================================================
Received Import Request.
  Time since last request: 0.000023 seconds.
  path: Assets/BayatGames/Free Platform Game Assets/Tiles/2D Tiles ( Update 1.9 )/Winter/512x512/GrassMid.png
  artifactKey: Guid(97f55587e72b8b449bc47bdb9cbd0e7b) Importer(2089858483,b0f066a214c2f5e87bad3c948f4d605d)
Start importing Assets/BayatGames/Free Platform Game Assets/Tiles/2D Tiles ( Update 1.9 )/Winter/512x512/GrassMid.png using Guid(97f55587e72b8b449bc47bdb9cbd0e7b) Importer(2089858483,b0f066a214c2f5e87bad3c948f4d605d) (ScriptedImporter) -> (artifact id: 'f455f765bb836534bab66b4b3308d3ca') in 0.1317333 seconds
Number of updated asset objects reloaded before import = 0Number of asset objects unloaded after import = 3

========================================================================
Received Import Request.
  Time since last request: 0.000016 seconds.
  path: Assets/BayatGames/Free Platform Game Assets/Tiles/2D Tiles ( Update 1.9 )/Winter/512x512/GrassColumn.png
  artifactKey: Guid(a6dbf81ffcb791447836dcaba1b1f603) Importer(2089858483,b0f066a214c2f5e87bad3c948f4d605d)
Start importing Assets/BayatGames/Free Platform Game Assets/Tiles/2D Tiles ( Update 1.9 )/Winter/512x512/GrassColumn.png using Guid(a6dbf81ffcb791447836dcaba1b1f603) Importer(2089858483,b0f066a214c2f5e87bad3c948f4d605d) (ScriptedImporter) -> (artifact id: '18a3c521e9a1d97a756979d287c6e623') in 0.2647333 seconds
Number of updated asset objects reloaded before import = 0Number of asset objects unloaded after import = 3

========================================================================
Received Import Request.
  Time since last request: 0.000025 seconds.
  path: Assets/BayatGames/Free Platform Game Assets/Tiles/2D Tiles ( Update 1.9 )/Winter/128x128/GrassRight.png
  artifactKey: Guid(cb04c576440da8048a313fe3e4a5bf82) Importer(2089858483,b0f066a214c2f5e87bad3c948f4d605d)
Start importing Assets/BayatGames/Free Platform Game Assets/Tiles/2D Tiles ( Update 1.9 )/Winter/128x128/GrassRight.png using Guid(cb04c576440da8048a313fe3e4a5bf82) Importer(2089858483,b0f066a214c2f5e87bad3c948f4d605d) (ScriptedImporter) -> (artifact id: '84bc99d7cf3519156482c8b5625b1f0d') in 0.1332683 seconds
Number of updated asset objects reloaded before import = 0Number of asset objects unloaded after import = 3

========================================================================
Received Import Request.
  Time since last request: 0.000026 seconds.
  path: Assets/BayatGames/Free Platform Game Assets/Tiles/2D Tiles ( Update 1.9 )/Spring/512x512/GrassHillLeft2 DownShadow.png
  artifactKey: Guid(b33019b6cf651cf4abfaec45ffe44de5) Importer(2089858483,b0f066a214c2f5e87bad3c948f4d605d)
Start importing Assets/BayatGames/Free Platform Game Assets/Tiles/2D Tiles ( Update 1.9 )/Spring/512x512/GrassHillLeft2 DownShadow.png using Guid(b33019b6cf651cf4abfaec45ffe44de5) Importer(2089858483,b0f066a214c2f5e87bad3c948f4d605d) (ScriptedImporter) -> (artifact id: 'ebcc2f4f3d89588d9a51626a7a6b8ba7') in 0.1419234 seconds
Number of updated asset objects reloaded before import = 0Number of asset objects unloaded after import = 3

========================================================================
Received Import Request.
  Time since last request: 0.000017 seconds.
  path: Assets/BayatGames/Free Platform Game Assets/Tiles/2D Tiles ( Update 1.9 )/Winter/256x256/GrassMid.png
  artifactKey: Guid(337900fe784002749aa2abb319ffae50) Importer(2089858483,b0f066a214c2f5e87bad3c948f4d605d)
Start importing Assets/BayatGames/Free Platform Game Assets/Tiles/2D Tiles ( Update 1.9 )/Winter/256x256/GrassMid.png using Guid(337900fe784002749aa2abb319ffae50) Importer(2089858483,b0f066a214c2f5e87bad3c948f4d605d) (ScriptedImporter) -> (artifact id: 'b9117f373a0494b64cf7c50a0b62d15a') in 0.092445 seconds
Number of updated asset objects reloaded before import = 0Number of asset objects unloaded after import = 3

========================================================================
Received Import Request.
  Time since last request: 0.000019 seconds.
  path: Assets/BayatGames/Free Platform Game Assets/Tiles/2D Tiles ( Update 1.9 )/Winter/128x128/GrassCliffRight.png
  artifactKey: Guid(e2a8735a67725e346a9574fc2f8285f8) Importer(2089858483,b0f066a214c2f5e87bad3c948f4d605d)
Start importing Assets/BayatGames/Free Platform Game Assets/Tiles/2D Tiles ( Update 1.9 )/Winter/128x128/GrassCliffRight.png using Guid(e2a8735a67725e346a9574fc2f8285f8) Importer(2089858483,b0f066a214c2f5e87bad3c948f4d605d) (ScriptedImporter) -> (artifact id: 'fd386d4ef1bf190fd958f57a9e7dfa70') in 0.0955772 seconds
Number of updated asset objects reloaded before import = 0Number of asset objects unloaded after import = 3

========================================================================
Received Import Request.
  Time since last request: 0.000034 seconds.
  path: Assets/BayatGames/Free Platform Game Assets/Tiles/2D Tiles ( Update 1.9 )/Winter/256x256/GrassJoinHillRight2&Left2.png
  artifactKey: Guid(213f59a264fd8e54594fb658513d8fd7) Importer(2089858483,b0f066a214c2f5e87bad3c948f4d605d)
Start importing Assets/BayatGames/Free Platform Game Assets/Tiles/2D Tiles ( Update 1.9 )/Winter/256x256/GrassJoinHillRight2&Left2.png using Guid(213f59a264fd8e54594fb658513d8fd7) Importer(2089858483,b0f066a214c2f5e87bad3c948f4d605d) (ScriptedImporter) -> (artifact id: '6208f6ae4e303e3759ae1c43cf1aec30') in 0.1125278 seconds
Number of updated asset objects reloaded before import = 0Number of asset objects unloaded after import = 3

========================================================================
Received Import Request.
  Time since last request: 0.000016 seconds.
  path: Assets/BayatGames/Free Platform Game Assets/Tiles/2D Tiles ( Update 1.9 )/Spring/512x512/GrassColumn.png
  artifactKey: Guid(902865741f3950e40b38146c23352bca) Importer(2089858483,b0f066a214c2f5e87bad3c948f4d605d)
Start importing Assets/BayatGames/Free Platform Game Assets/Tiles/2D Tiles ( Update 1.9 )/Spring/512x512/GrassColumn.png using Guid(902865741f3950e40b38146c23352bca) Importer(2089858483,b0f066a214c2f5e87bad3c948f4d605d) (ScriptedImporter) -> (artifact id: '782268eb880cdaca65281f73e85ff5e1') in 0.2263976 seconds
Number of updated asset objects reloaded before import = 0Number of asset objects unloaded after import = 3

========================================================================
Received Import Request.
  Time since last request: 0.000023 seconds.
  path: Assets/BayatGames/Free Platform Game Assets/Water Animation/2.5D View/png/2x/image 5.png
  artifactKey: Guid(684c3b24ef0bbfa49806f460def9b3bf) Importer(2089858483,b0f066a214c2f5e87bad3c948f4d605d)
Start importing Assets/BayatGames/Free Platform Game Assets/Water Animation/2.5D View/png/2x/image 5.png using Guid(684c3b24ef0bbfa49806f460def9b3bf) Importer(2089858483,b0f066a214c2f5e87bad3c948f4d605d) (ScriptedImporter) -> (artifact id: 'ab7e1f08f0fe7f69747ec4b2329115b5') in 0.2303514 seconds
Number of updated asset objects reloaded before import = 0Number of asset objects unloaded after import = 3

========================================================================
Received Import Request.
  Time since last request: 0.000030 seconds.
  path: Assets/BayatGames/Free Platform Game Assets/Water Animation/2.5D View/png/2x/image 6.png
  artifactKey: Guid(13ce44c3250865147909feddcb5245b5) Importer(2089858483,b0f066a214c2f5e87bad3c948f4d605d)
Start importing Assets/BayatGames/Free Platform Game Assets/Water Animation/2.5D View/png/2x/image 6.png using Guid(13ce44c3250865147909feddcb5245b5) Importer(2089858483,b0f066a214c2f5e87bad3c948f4d605d) (ScriptedImporter) -> (artifact id: 'daacb53b1b1703f03051945db186c109') in 0.0929574 seconds
Number of updated asset objects reloaded before import = 0Number of asset objects unloaded after import = 3

========================================================================
Received Import Request.
  Time since last request: 0.000019 seconds.
  path: Assets/BayatGames/Free Platform Game Assets/Water Animation/2.5D View/png/2x/image 17.png
  artifactKey: Guid(574eba55cee7d30418e65c66da2149c3) Importer(2089858483,b0f066a214c2f5e87bad3c948f4d605d)
Start importing Assets/BayatGames/Free Platform Game Assets/Water Animation/2.5D View/png/2x/image 17.png using Guid(574eba55cee7d30418e65c66da2149c3) Importer(2089858483,b0f066a214c2f5e87bad3c948f4d605d) (ScriptedImporter) -> (artifact id: '5b61872961ae294b6f5e92ccdd6293e6') in 0.0814039 seconds
Number of updated asset objects reloaded before import = 0Number of asset objects unloaded after import = 3

========================================================================
Received Import Request.
  Time since last request: 0.000019 seconds.
  path: Assets/BayatGames/Free Platform Game Assets/Water Animation/2.5D View/png/2x/image 16.png
  artifactKey: Guid(010f1c78dd9b71443b04f76c77f2691a) Importer(2089858483,b0f066a214c2f5e87bad3c948f4d605d)
Start importing Assets/BayatGames/Free Platform Game Assets/Water Animation/2.5D View/png/2x/image 16.png using Guid(010f1c78dd9b71443b04f76c77f2691a) Importer(2089858483,b0f066a214c2f5e87bad3c948f4d605d) (ScriptedImporter) -> (artifact id: '286b87ce0ee64b774f3bff6fd6f09bb5') in 0.0586466 seconds
Number of updated asset objects reloaded before import = 0Number of asset objects unloaded after import = 3

========================================================================
Received Import Request.
  Time since last request: 0.000028 seconds.
  path: Assets/LSL/LSL4Unity/Plugins/LSL/include/lsl/resolver.h
  artifactKey: Guid(1150bda128e3aa14695f6559cc49350f) Importer(2089858483,b0f066a214c2f5e87bad3c948f4d605d)
Start importing Assets/LSL/LSL4Unity/Plugins/LSL/include/lsl/resolver.h using Guid(1150bda128e3aa14695f6559cc49350f) Importer(2089858483,b0f066a214c2f5e87bad3c948f4d605d) (ScriptedImporter) -> (artifact id: 'c5975f4700978107edea23c11cd0967e') in 0.0164435 seconds
Number of updated asset objects reloaded before import = 0Number of asset objects unloaded after import = 0

========================================================================
Received Import Request.
  Time since last request: 0.000018 seconds.
  path: Assets/LSL/LSL4Unity/Plugins/LSL/Windows/x86/lsl.lib
  artifactKey: Guid(891f7a0df3849994792c2e6ece11ace8) Importer(2089858483,b0f066a214c2f5e87bad3c948f4d605d)
Start importing Assets/LSL/LSL4Unity/Plugins/LSL/Windows/x86/lsl.lib using Guid(891f7a0df3849994792c2e6ece11ace8) Importer(2089858483,b0f066a214c2f5e87bad3c948f4d605d) (ScriptedImporter) -> (artifact id: '3b4824993132e23c337623f45997b3dc') in 0.0127526 seconds
Number of updated asset objects reloaded before import = 0Number of asset objects unloaded after import = 0

========================================================================
Received Import Request.
  Time since last request: 0.000017 seconds.
  path: Assets/LSL/LSL4Unity/Plugins/LSL/include/lsl/streaminfo.h
  artifactKey: Guid(852b56ff673638c4388cdc82204e6564) Importer(2089858483,b0f066a214c2f5e87bad3c948f4d605d)
Start importing Assets/LSL/LSL4Unity/Plugins/LSL/include/lsl/streaminfo.h using Guid(852b56ff673638c4388cdc82204e6564) Importer(2089858483,b0f066a214c2f5e87bad3c948f4d605d) (ScriptedImporter) -> (artifact id: 'ebfa0437b356c5d602ba98c7efdf61c8') in 0.0108608 seconds
Number of updated asset objects reloaded before import = 0Number of asset objects unloaded after import = 0

========================================================================
Received Import Request.
  Time since last request: 0.000016 seconds.
  path: Assets/BayatGames/Free Platform Game Assets/Backgrounds/Background/png/1920x1080/All/Hills_2.png
  artifactKey: Guid(3cf48c8f262fbe04a9d13d8edaa34fee) Importer(2089858483,b0f066a214c2f5e87bad3c948f4d605d)
Start importing Assets/BayatGames/Free Platform Game Assets/Backgrounds/Background/png/1920x1080/All/Hills_2.png using Guid(3cf48c8f262fbe04a9d13d8edaa34fee) Importer(2089858483,b0f066a214c2f5e87bad3c948f4d605d) (ScriptedImporter) -> (artifact id: '2bab90a05cdd5403fe868a88eaae6814') in 0.0734223 seconds
Number of updated asset objects reloaded before import = 0Number of asset objects unloaded after import = 3

========================================================================
Received Import Request.
  Time since last request: 0.000020 seconds.
  path: Assets/LSL/LSL4Unity/Plugins/LSL/include/lsl/outlet.h
  artifactKey: Guid(b5a5da73169dcd745897d63bdd82ebd3) Importer(2089858483,b0f066a214c2f5e87bad3c948f4d605d)
Start importing Assets/LSL/LSL4Unity/Plugins/LSL/include/lsl/outlet.h using Guid(b5a5da73169dcd745897d63bdd82ebd3) Importer(2089858483,b0f066a214c2f5e87bad3c948f4d605d) (ScriptedImporter) -> (artifact id: '1b4084abf7db5112bd1e1df2c31e1ef7') in 0.0103809 seconds
Number of updated asset objects reloaded before import = 0Number of asset objects unloaded after import = 0

========================================================================
Received Import Request.
  Time since last request: 0.000029 seconds.
  path: Assets/BayatGames/Free Platform Game Assets/Water Animation/2.5D View/png/1x/image 3.png
  artifactKey: Guid(65c75183a6c8beb47bb0cc6ff20ee48c) Importer(2089858483,b0f066a214c2f5e87bad3c948f4d605d)
Start importing Assets/BayatGames/Free Platform Game Assets/Water Animation/2.5D View/png/1x/image 3.png using Guid(65c75183a6c8beb47bb0cc6ff20ee48c) Importer(2089858483,b0f066a214c2f5e87bad3c948f4d605d) (ScriptedImporter) -> (artifact id: '5e2a89226af435465678e6d8e25a5cdb') in 0.0501654 seconds
Number of updated asset objects reloaded before import = 0Number of asset objects unloaded after import = 3

========================================================================
Received Import Request.
  Time since last request: 0.000015 seconds.
  path: Assets/BayatGames/Free Platform Game Assets/Water Animation/2.5D View/png/1x/image 9.png
  artifactKey: Guid(b1e90afccf822704da75bdb6b381559a) Importer(2089858483,b0f066a214c2f5e87bad3c948f4d605d)
Start importing Assets/BayatGames/Free Platform Game Assets/Water Animation/2.5D View/png/1x/image 9.png using Guid(b1e90afccf822704da75bdb6b381559a) Importer(2089858483,b0f066a214c2f5e87bad3c948f4d605d) (ScriptedImporter) -> (artifact id: '8229bea21ae3af81391ed4ce403c6cb2') in 0.0887131 seconds
Number of updated asset objects reloaded before import = 0Number of asset objects unloaded after import = 3

========================================================================
Received Import Request.
  Time since last request: 0.000017 seconds.
  path: Assets/BayatGames/Free Platform Game Assets/Water Animation/2.5D View/png/2x/image 1.png
  artifactKey: Guid(9dafabb2810123c4594504b8abb11361) Importer(2089858483,b0f066a214c2f5e87bad3c948f4d605d)
Start importing Assets/BayatGames/Free Platform Game Assets/Water Animation/2.5D View/png/2x/image 1.png using Guid(9dafabb2810123c4594504b8abb11361) Importer(2089858483,b0f066a214c2f5e87bad3c948f4d605d) (ScriptedImporter) -> (artifact id: 'dc5944c3d4423f48e625c0dc7a89be42') in 0.071398 seconds
Number of updated asset objects reloaded before import = 0Number of asset objects unloaded after import = 3

========================================================================
Received Import Request.
  Time since last request: 0.000030 seconds.
  path: Assets/BayatGames/Free Platform Game Assets/Water Animation/2.5D View/png/2x/image 13.png
  artifactKey: Guid(566ae39fdea021945adfebcb2b282f91) Importer(2089858483,b0f066a214c2f5e87bad3c948f4d605d)
Start importing Assets/BayatGames/Free Platform Game Assets/Water Animation/2.5D View/png/2x/image 13.png using Guid(566ae39fdea021945adfebcb2b282f91) Importer(2089858483,b0f066a214c2f5e87bad3c948f4d605d) (ScriptedImporter) -> (artifact id: '35dbe3bb655bc0efe758448ed60120bd') in 0.1381002 seconds
Number of updated asset objects reloaded before import = 0Number of asset objects unloaded after import = 3

========================================================================
Received Import Request.
  Time since last request: 0.000020 seconds.
  path: Assets/BayatGames/Free Platform Game Assets/Backgrounds/Background/png/2048x1536/All/Hills_1.png
  artifactKey: Guid(2c91c76cdb5e9fc49a8aacde4e4392ec) Importer(2089858483,b0f066a214c2f5e87bad3c948f4d605d)
Start importing Assets/BayatGames/Free Platform Game Assets/Backgrounds/Background/png/2048x1536/All/Hills_1.png using Guid(2c91c76cdb5e9fc49a8aacde4e4392ec) Importer(2089858483,b0f066a214c2f5e87bad3c948f4d605d) (ScriptedImporter) -> (artifact id: 'a319c4bff6596069c58b2050fedeffb2') in 0.0994703 seconds
Number of updated asset objects reloaded before import = 0Number of asset objects unloaded after import = 3

========================================================================
Received Import Request.
  Time since last request: 0.000020 seconds.
  path: Assets/LSL/LSL4Unity/Plugins/LSL/macOS/arm64/liblsl.1.16.0.dylib
  artifactKey: Guid(7d4be8d21612e40558d57089fc8ae2c7) Importer(2089858483,b0f066a214c2f5e87bad3c948f4d605d)
Start importing Assets/LSL/LSL4Unity/Plugins/LSL/macOS/arm64/liblsl.1.16.0.dylib using Guid(7d4be8d21612e40558d57089fc8ae2c7) Importer(2089858483,b0f066a214c2f5e87bad3c948f4d605d) (ScriptedImporter) -> (artifact id: '979cd4ee83ccdcef0bef4a81a89ae97c') in 0.0121094 seconds
Number of updated asset objects reloaded before import = 0Number of asset objects unloaded after import = 0

========================================================================
Received Import Request.
  Time since last request: 0.000029 seconds.
  path: Assets/BayatGames/Free Platform Game Assets/Tiles/2D Tiles ( Update 1.9 )/Spring/512x512/GrassJoinHillRight.png
  artifactKey: Guid(4cfa5cc8e05c17f49b9925c6f6b03e52) Importer(2089858483,b0f066a214c2f5e87bad3c948f4d605d)
Start importing Assets/BayatGames/Free Platform Game Assets/Tiles/2D Tiles ( Update 1.9 )/Spring/512x512/GrassJoinHillRight.png using Guid(4cfa5cc8e05c17f49b9925c6f6b03e52) Importer(2089858483,b0f066a214c2f5e87bad3c948f4d605d) (ScriptedImporter) -> (artifact id: '948f370468bcf3e0f5c561e7cd6d5411') in 0.1242271 seconds
Number of updated asset objects reloaded before import = 0Number of asset objects unloaded after import = 3

========================================================================
Received Import Request.
  Time since last request: 0.000017 seconds.
  path: Assets/BayatGames/Free Platform Game Assets/Tiles/2D Tiles ( Update 1.9 )/Winter/256x256/Grass.png
  artifactKey: Guid(5a674df941b0a2b4893d670cbdf35145) Importer(2089858483,b0f066a214c2f5e87bad3c948f4d605d)
Start importing Assets/BayatGames/Free Platform Game Assets/Tiles/2D Tiles ( Update 1.9 )/Winter/256x256/Grass.png using Guid(5a674df941b0a2b4893d670cbdf35145) Importer(2089858483,b0f066a214c2f5e87bad3c948f4d605d) (ScriptedImporter) -> (artifact id: '84aa1bf8d99253d0565d0f928f77badd') in 0.0663341 seconds
Number of updated asset objects reloaded before import = 0Number of asset objects unloaded after import = 3

========================================================================
Received Import Request.
  Time since last request: 0.000020 seconds.
  path: Assets/BayatGames/Free Platform Game Assets/Tiles/2D Tiles ( Update 1.9 )/Winter/512x512/GrassHillLeft.png
  artifactKey: Guid(86b3d009a1616f3498322ddbb2f5a4e8) Importer(2089858483,b0f066a214c2f5e87bad3c948f4d605d)
Start importing Assets/BayatGames/Free Platform Game Assets/Tiles/2D Tiles ( Update 1.9 )/Winter/512x512/GrassHillLeft.png using Guid(86b3d009a1616f3498322ddbb2f5a4e8) Importer(2089858483,b0f066a214c2f5e87bad3c948f4d605d) (ScriptedImporter) -> (artifact id: 'cdd7705624424b038309c1f47f0a1a2e') in 0.1053784 seconds
Number of updated asset objects reloaded before import = 0Number of asset objects unloaded after import = 3

========================================================================
Received Import Request.
  Time since last request: 0.000034 seconds.
  path: Assets/BayatGames/Free Platform Game Assets/Tiles/2D Tiles ( Update 1.9 )/Spring/256x256/GrassCliffRight.png
  artifactKey: Guid(646453e4dbe45ed48b872a05d8eefbd6) Importer(2089858483,b0f066a214c2f5e87bad3c948f4d605d)
Start importing Assets/BayatGames/Free Platform Game Assets/Tiles/2D Tiles ( Update 1.9 )/Spring/256x256/GrassCliffRight.png using Guid(646453e4dbe45ed48b872a05d8eefbd6) Importer(2089858483,b0f066a214c2f5e87bad3c948f4d605d) (ScriptedImporter) -> (artifact id: 'dcd01146f0dcb9ee571b41a8b9582eed') in 0.0405574 seconds
Number of updated asset objects reloaded before import = 0Number of asset objects unloaded after import = 3

========================================================================
Received Import Request.
  Time since last request: 0.000015 seconds.
  path: Assets/BayatGames/Free Platform Game Assets/Tiles/2D Tiles ( Update 1.9 )/Spring/512x512/GrassCliffLeft.png
  artifactKey: Guid(b76c72f7cbd8c1e42a03ffb36f953d2a) Importer(2089858483,b0f066a214c2f5e87bad3c948f4d605d)
Start importing Assets/BayatGames/Free Platform Game Assets/Tiles/2D Tiles ( Update 1.9 )/Spring/512x512/GrassCliffLeft.png using Guid(b76c72f7cbd8c1e42a03ffb36f953d2a) Importer(2089858483,b0f066a214c2f5e87bad3c948f4d605d) (ScriptedImporter) -> (artifact id: '9e3e8015e59384221ceae18151fec9e3') in 0.0613945 seconds
Number of updated asset objects reloaded before import = 0Number of asset objects unloaded after import = 3

========================================================================
Received Import Request.
  Time since last request: 0.000017 seconds.
  path: Assets/BayatGames/Free Platform Game Assets/Water Animation/2.5D View/png/2x/image 15.png
  artifactKey: Guid(89087334282881b409ba180411276c28) Importer(2089858483,b0f066a214c2f5e87bad3c948f4d605d)
Start importing Assets/BayatGames/Free Platform Game Assets/Water Animation/2.5D View/png/2x/image 15.png using Guid(89087334282881b409ba180411276c28) Importer(2089858483,b0f066a214c2f5e87bad3c948f4d605d) (ScriptedImporter) -> (artifact id: '0ab363823c0331775d898d9de7433e6c') in 0.0491156 seconds
Number of updated asset objects reloaded before import = 0Number of asset objects unloaded after import = 3

========================================================================
Received Import Request.
  Time since last request: 0.000021 seconds.
  path: Assets/BayatGames/Free Platform Game Assets/Backgrounds/Background/png/1920x1080/All/Mountain_4.png
  artifactKey: Guid(2f90d947c4b71504e96a89f91a4a724f) Importer(2089858483,b0f066a214c2f5e87bad3c948f4d605d)
Start importing Assets/BayatGames/Free Platform Game Assets/Backgrounds/Background/png/1920x1080/All/Mountain_4.png using Guid(2f90d947c4b71504e96a89f91a4a724f) Importer(2089858483,b0f066a214c2f5e87bad3c948f4d605d) (ScriptedImporter) -> (artifact id: 'ae5f454d28986f793feb2cd9170fbb03') in 0.0664316 seconds
Number of updated asset objects reloaded before import = 0Number of asset objects unloaded after import = 3

========================================================================
Received Import Request.
  Time since last request: 0.000035 seconds.
  path: Assets/BayatGames/Free Platform Game Assets/Tiles/2.5D Tiles/Winter ( Update 1.9 )/128x128/GrassLeft.png
  artifactKey: Guid(7fe93ef8db9277740965c7af72855e9b) Importer(2089858483,b0f066a214c2f5e87bad3c948f4d605d)
Start importing Assets/BayatGames/Free Platform Game Assets/Tiles/2.5D Tiles/Winter ( Update 1.9 )/128x128/GrassLeft.png using Guid(7fe93ef8db9277740965c7af72855e9b) Importer(2089858483,b0f066a214c2f5e87bad3c948f4d605d) (ScriptedImporter) -> (artifact id: '888905ebad1c9f3d9828e3441adfa686') in 0.0260674 seconds
Number of updated asset objects reloaded before import = 0Number of asset objects unloaded after import = 3

========================================================================
Received Import Request.
  Time since last request: 0.000022 seconds.
  path: Assets/BayatGames/Free Platform Game Assets/Tiles/2D Tiles ( Update 1.9 )/Spring/256x256/GrassHillRight.png
  artifactKey: Guid(19dd3fac0d0a33f4f8b571941054e3f7) Importer(2089858483,b0f066a214c2f5e87bad3c948f4d605d)
Start importing Assets/BayatGames/Free Platform Game Assets/Tiles/2D Tiles ( Update 1.9 )/Spring/256x256/GrassHillRight.png using Guid(19dd3fac0d0a33f4f8b571941054e3f7) Importer(2089858483,b0f066a214c2f5e87bad3c948f4d605d) (ScriptedImporter) -> (artifact id: '414dfa2cac5befc48ddbd10bfda9a6fc') in 0.0310251 seconds
Number of updated asset objects reloaded before import = 0Number of asset objects unloaded after import = 3

========================================================================
Received Import Request.
  Time since last request: 0.000016 seconds.
  path: Assets/BayatGames/Free Platform Game Assets/Tiles/2.5D Tiles/Autumn ( Update 1.9 )/128x128/GrassJoinHillLeft2.png
  artifactKey: Guid(c5032b7340d3c4f41af206f2793ffdb9) Importer(2089858483,b0f066a214c2f5e87bad3c948f4d605d)
Start importing Assets/BayatGames/Free Platform Game Assets/Tiles/2.5D Tiles/Autumn ( Update 1.9 )/128x128/GrassJoinHillLeft2.png using Guid(c5032b7340d3c4f41af206f2793ffdb9) Importer(2089858483,b0f066a214c2f5e87bad3c948f4d605d) (ScriptedImporter) -> (artifact id: 'e2cea8f307dcb423290bba584a505b95') in 0.063161 seconds
Number of updated asset objects reloaded before import = 0Number of asset objects unloaded after import = 3

========================================================================
Received Import Request.
  Time since last request: 0.000023 seconds.
  path: Assets/BayatGames/Free Platform Game Assets/Tiles/2D Tiles ( Update 1.9 )/Spring/256x256/GrassRight.png
  artifactKey: Guid(cd0f98a1b9bcee44896e7f7bb37b6afe) Importer(2089858483,b0f066a214c2f5e87bad3c948f4d605d)
Start importing Assets/BayatGames/Free Platform Game Assets/Tiles/2D Tiles ( Update 1.9 )/Spring/256x256/GrassRight.png using Guid(cd0f98a1b9bcee44896e7f7bb37b6afe) Importer(2089858483,b0f066a214c2f5e87bad3c948f4d605d) (ScriptedImporter) -> (artifact id: 'c7a2bac4982367cc15cf51ab5a9700a6') in 0.0725271 seconds
Number of updated asset objects reloaded before import = 0Number of asset objects unloaded after import = 3

========================================================================
Received Import Request.
  Time since last request: 0.000034 seconds.
  path: Assets/karsiori/Sprites/Pixel Art Rock Pile Pack/Rock Pile - WHITE -/Rock Pile 10 - WHITE - BIG.PNG
  artifactKey: Guid(08440ceb8d56da242bf9123b31929c65) Importer(2089858483,b0f066a214c2f5e87bad3c948f4d605d)
Start importing Assets/karsiori/Sprites/Pixel Art Rock Pile Pack/Rock Pile - WHITE -/Rock Pile 10 - WHITE - BIG.PNG using Guid(08440ceb8d56da242bf9123b31929c65) Importer(2089858483,b0f066a214c2f5e87bad3c948f4d605d) (ScriptedImporter) -> (artifact id: 'b98d49e7a40d3f7b4535cea2ed01ac12') in 0.0560247 seconds
Number of updated asset objects reloaded before import = 0Number of asset objects unloaded after import = 3

========================================================================
Received Import Request.
  Time since last request: 0.000021 seconds.
  path: Assets/BayatGames/Free Platform Game Assets/Tiles/2.5D Tiles/Winter ( Update 1.9 )/256x256/HillLeft.png
  artifactKey: Guid(4fc583ab35e2dde4b99b965dbf548eb2) Importer(2089858483,b0f066a214c2f5e87bad3c948f4d605d)
Start importing Assets/BayatGames/Free Platform Game Assets/Tiles/2.5D Tiles/Winter ( Update 1.9 )/256x256/HillLeft.png using Guid(4fc583ab35e2dde4b99b965dbf548eb2) Importer(2089858483,b0f066a214c2f5e87bad3c948f4d605d) (ScriptedImporter) -> (artifact id: 'ef7357034f71b78afe91760145adef6a') in 0.0409534 seconds
Number of updated asset objects reloaded before import = 0Number of asset objects unloaded after import = 3

========================================================================
Received Import Request.
  Time since last request: 0.000017 seconds.
  path: Assets/FreePixelFood/Sprite/Food/Sashimi.png
  artifactKey: Guid(3e5397942317ff54bba8ac82572581ce) Importer(2089858483,b0f066a214c2f5e87bad3c948f4d605d)
Start importing Assets/FreePixelFood/Sprite/Food/Sashimi.png using Guid(3e5397942317ff54bba8ac82572581ce) Importer(2089858483,b0f066a214c2f5e87bad3c948f4d605d) (ScriptedImporter) -> (artifact id: '3875c869bbbcfc6b3fde9177604d09ad') in 0.0761243 seconds
Number of updated asset objects reloaded before import = 0Number of asset objects unloaded after import = 3

========================================================================
Received Import Request.
  Time since last request: 0.000018 seconds.
  path: Assets/BayatGames/Free Platform Game Assets/Backgrounds/New Background ( Update 1.9 )/png/1920x1080/all/Mid.png
  artifactKey: Guid(6b1b548d67ce21040b08e00d8bb97f62) Importer(2089858483,b0f066a214c2f5e87bad3c948f4d605d)
Start importing Assets/BayatGames/Free Platform Game Assets/Backgrounds/New Background ( Update 1.9 )/png/1920x1080/all/Mid.png using Guid(6b1b548d67ce21040b08e00d8bb97f62) Importer(2089858483,b0f066a214c2f5e87bad3c948f4d605d) (ScriptedImporter) -> (artifact id: '42bffdea6a6932e831154479de07338a') in 0.1366 seconds
Number of updated asset objects reloaded before import = 0Number of asset objects unloaded after import = 3

========================================================================
Received Import Request.
  Time since last request: 0.000029 seconds.
  path: Assets/BayatGames/Free Platform Game Assets/Environments/Environments/png/All/2x/Asset 2.png
  artifactKey: Guid(f9fe5cf468717be439bfd40a409758d8) Importer(2089858483,b0f066a214c2f5e87bad3c948f4d605d)
Start importing Assets/BayatGames/Free Platform Game Assets/Environments/Environments/png/All/2x/Asset 2.png using Guid(f9fe5cf468717be439bfd40a409758d8) Importer(2089858483,b0f066a214c2f5e87bad3c948f4d605d) (ScriptedImporter) -> (artifact id: 'e3d67d744e206c1d9f04bd8481316b42') in 0.1503996 seconds
Number of updated asset objects reloaded before import = 0Number of asset objects unloaded after import = 3

========================================================================
Received Import Request.
  Time since last request: 0.000025 seconds.
  path: Assets/BayatGames/Free Platform Game Assets/Backgrounds/New Background ( Update 1.7 )/png/1920x1080/All/Mountain.png
  artifactKey: Guid(2518a816821e5d74eb3022bdcab6270d) Importer(2089858483,b0f066a214c2f5e87bad3c948f4d605d)
Start importing Assets/BayatGames/Free Platform Game Assets/Backgrounds/New Background ( Update 1.7 )/png/1920x1080/All/Mountain.png using Guid(2518a816821e5d74eb3022bdcab6270d) Importer(2089858483,b0f066a214c2f5e87bad3c948f4d605d) (ScriptedImporter) -> (artifact id: 'e7c153ad3a8402cdcf8cfb4f0b0e7530') in 0.1883774 seconds
Number of updated asset objects reloaded before import = 0Number of asset objects unloaded after import = 3

========================================================================
Received Import Request.
  Time since last request: 0.000025 seconds.
  path: Assets/BayatGames/Free Platform Game Assets/Environments/Environments/png/All/1x/Asset 8.png
  artifactKey: Guid(30192de458e0b734f81d20091bea161e) Importer(2089858483,b0f066a214c2f5e87bad3c948f4d605d)
Start importing Assets/BayatGames/Free Platform Game Assets/Environments/Environments/png/All/1x/Asset 8.png using Guid(30192de458e0b734f81d20091bea161e) Importer(2089858483,b0f066a214c2f5e87bad3c948f4d605d) (ScriptedImporter) -> (artifact id: '8e5210bddb5e6329877d9000cfc1214c') in 0.0620113 seconds
Number of updated asset objects reloaded before import = 0Number of asset objects unloaded after import = 3

========================================================================
Received Import Request.
  Time since last request: 0.000027 seconds.
  path: Assets/BayatGames/Free Platform Game Assets/Chests/Chest/png/Separate/4x/5-4x.png
  artifactKey: Guid(3b8bc174ac7c4ab428ad53b8808a15aa) Importer(2089858483,b0f066a214c2f5e87bad3c948f4d605d)
Start importing Assets/BayatGames/Free Platform Game Assets/Chests/Chest/png/Separate/4x/5-4x.png using Guid(3b8bc174ac7c4ab428ad53b8808a15aa) Importer(2089858483,b0f066a214c2f5e87bad3c948f4d605d) (ScriptedImporter) -> (artifact id: '7ba3a852c9e660509b708dbbc57e21be') in 0.1702638 seconds
Number of updated asset objects reloaded before import = 0Number of asset objects unloaded after import = 3

========================================================================
Received Import Request.
  Time since last request: 0.000017 seconds.
  path: Assets/BayatGames/Free Platform Game Assets/Chests/Chest/png/Separate/1x/1-1x.png
  artifactKey: Guid(933891f03a7cd884d9aa2fb57544a342) Importer(2089858483,b0f066a214c2f5e87bad3c948f4d605d)
Start importing Assets/BayatGames/Free Platform Game Assets/Chests/Chest/png/Separate/1x/1-1x.png using Guid(933891f03a7cd884d9aa2fb57544a342) Importer(2089858483,b0f066a214c2f5e87bad3c948f4d605d) (ScriptedImporter) -> (artifact id: 'a493972b1587d480912106163fbce6a3') in 0.048558 seconds
Number of updated asset objects reloaded before import = 0Number of asset objects unloaded after import = 3

========================================================================
Received Import Request.
  Time since last request: 0.000020 seconds.
  path: Assets/BayatGames/Free Platform Game Assets/Chests/Chest/png/Separate/2x/5-2x.png
  artifactKey: Guid(cb3057f0bdcb38b43a015ef5e87b513d) Importer(2089858483,b0f066a214c2f5e87bad3c948f4d605d)
Start importing Assets/BayatGames/Free Platform Game Assets/Chests/Chest/png/Separate/2x/5-2x.png using Guid(cb3057f0bdcb38b43a015ef5e87b513d) Importer(2089858483,b0f066a214c2f5e87bad3c948f4d605d) (ScriptedImporter) -> (artifact id: '1b3fa2ddec6691ec35e8227dbf27f03b') in 0.0592193 seconds
Number of updated asset objects reloaded before import = 0Number of asset objects unloaded after import = 3

========================================================================
Received Import Request.
  Time since last request: 0.000037 seconds.
  path: Assets/BayatGames/Free Platform Game Assets/Backgrounds/New Background ( Update 1.9 )/png/1920x1080/all/Mid (2).png
  artifactKey: Guid(55674563b1ba79c4faabdc4cdbdbcf59) Importer(2089858483,b0f066a214c2f5e87bad3c948f4d605d)
Start importing Assets/BayatGames/Free Platform Game Assets/Backgrounds/New Background ( Update 1.9 )/png/1920x1080/all/Mid (2).png using Guid(55674563b1ba79c4faabdc4cdbdbcf59) Importer(2089858483,b0f066a214c2f5e87bad3c948f4d605d) (ScriptedImporter) -> (artifact id: 'bd931d6cd19c2589c41e63d4846195e4') in 0.1723424 seconds
Number of updated asset objects reloaded before import = 0Number of asset objects unloaded after import = 3

========================================================================
Received Import Request.
  Time since last request: 0.000021 seconds.
  path: Assets/BayatGames/Free Platform Game Assets/Chests/Chest/png/Separate/4x/4-4x.png
  artifactKey: Guid(410b7cda5318374499646855426338c3) Importer(2089858483,b0f066a214c2f5e87bad3c948f4d605d)
Start importing Assets/BayatGames/Free Platform Game Assets/Chests/Chest/png/Separate/4x/4-4x.png using Guid(410b7cda5318374499646855426338c3) Importer(2089858483,b0f066a214c2f5e87bad3c948f4d605d) (ScriptedImporter) -> (artifact id: 'f2b3f91e824ced69c5d23cdffa663c55') in 0.0362995 seconds
Number of updated asset objects reloaded before import = 0Number of asset objects unloaded after import = 3

========================================================================
Received Import Request.
  Time since last request: 0.000028 seconds.
  path: Assets/BayatGames/Free Platform Game Assets/Environments/Environments/png/All/1x/Asset 11.png
  artifactKey: Guid(2dbf16468d8cb334684da868d46654af) Importer(2089858483,b0f066a214c2f5e87bad3c948f4d605d)
Start importing Assets/BayatGames/Free Platform Game Assets/Environments/Environments/png/All/1x/Asset 11.png using Guid(2dbf16468d8cb334684da868d46654af) Importer(2089858483,b0f066a214c2f5e87bad3c948f4d605d) (ScriptedImporter) -> (artifact id: '6ed64fdadf62dc8a7c7f33db98c597f1') in 0.0583821 seconds
Number of updated asset objects reloaded before import = 0Number of asset objects unloaded after import = 3

========================================================================
Received Import Request.
  Time since last request: 0.000015 seconds.
  path: Assets/BayatGames/Free Platform Game Assets/Character/Character Source/png/4x/Sprite Mesh/LeftFoot.asset
  artifactKey: Guid(a2cc7935042f38f4cb3af7a6559502c9) Importer(2089858483,b0f066a214c2f5e87bad3c948f4d605d)
Start importing Assets/BayatGames/Free Platform Game Assets/Character/Character Source/png/4x/Sprite Mesh/LeftFoot.asset using Guid(a2cc7935042f38f4cb3af7a6559502c9) Importer(2089858483,b0f066a214c2f5e87bad3c948f4d605d) (ScriptedImporter) -> (artifact id: '85a6f809baf5360d1678bc0a47d048e0') in 0.027761 seconds
Number of updated asset objects reloaded before import = 0Number of asset objects unloaded after import = 1

========================================================================
Received Import Request.
  Time since last request: 0.000019 seconds.
  path: Assets/BayatGames/Free Platform Game Assets/Environments/Environments/png/All/1x/Asset 2.png
  artifactKey: Guid(362ffd440e40a10488d1e62f9ce65444) Importer(2089858483,b0f066a214c2f5e87bad3c948f4d605d)
Start importing Assets/BayatGames/Free Platform Game Assets/Environments/Environments/png/All/1x/Asset 2.png using Guid(362ffd440e40a10488d1e62f9ce65444) Importer(2089858483,b0f066a214c2f5e87bad3c948f4d605d) (ScriptedImporter) -> (artifact id: '592de053ea5ef40c740e6af47d301bb2') in 0.0629516 seconds
Number of updated asset objects reloaded before import = 0Number of asset objects unloaded after import = 3

========================================================================
Received Import Request.
  Time since last request: 0.000019 seconds.
  path: Assets/BayatGames/Free Platform Game Assets/Chests/Chest/png/Separate/2x/3-2x.png
  artifactKey: Guid(345dab3358ccdfe4aaeedb617b690f9e) Importer(2089858483,b0f066a214c2f5e87bad3c948f4d605d)
Start importing Assets/BayatGames/Free Platform Game Assets/Chests/Chest/png/Separate/2x/3-2x.png using Guid(345dab3358ccdfe4aaeedb617b690f9e) Importer(2089858483,b0f066a214c2f5e87bad3c948f4d605d) (ScriptedImporter) -> (artifact id: '671e8541422a9da76a5a7360c3ab1c55') in 0.1712987 seconds
Number of updated asset objects reloaded before import = 0Number of asset objects unloaded after import = 3

========================================================================
Received Import Request.
  Time since last request: 0.000030 seconds.
  path: Assets/BayatGames/Free Platform Game Assets/Backgrounds/Background/png/2048x1536/All/Mountain_4.png
  artifactKey: Guid(86a6fc94b9794ce45a7171d2e8b05570) Importer(2089858483,b0f066a214c2f5e87bad3c948f4d605d)
Start importing Assets/BayatGames/Free Platform Game Assets/Backgrounds/Background/png/2048x1536/All/Mountain_4.png using Guid(86a6fc94b9794ce45a7171d2e8b05570) Importer(2089858483,b0f066a214c2f5e87bad3c948f4d605d) (ScriptedImporter) -> (artifact id: '1ac519428979dc9c31d64ec1c70f7ed1') in 0.2344405 seconds
Number of updated asset objects reloaded before import = 0Number of asset objects unloaded after import = 3

========================================================================
Received Import Request.
  Time since last request: 0.000029 seconds.
  path: Assets/BayatGames/Free Platform Game Assets/Environments/Environments/png/All/2x/Asset 15.png
  artifactKey: Guid(3067d59ec56470449adc96cfafdabc04) Importer(2089858483,b0f066a214c2f5e87bad3c948f4d605d)
Start importing Assets/BayatGames/Free Platform Game Assets/Environments/Environments/png/All/2x/Asset 15.png using Guid(3067d59ec56470449adc96cfafdabc04) Importer(2089858483,b0f066a214c2f5e87bad3c948f4d605d) (ScriptedImporter) -> (artifact id: '8a4d312450b5f8e9c55cb926605505b8') in 0.1024207 seconds
Number of updated asset objects reloaded before import = 0Number of asset objects unloaded after import = 3

========================================================================
Received Import Request.
  Time since last request: 0.000036 seconds.
  path: Assets/BayatGames/Free Platform Game Assets/Character/Character Source/png/4x/Sprite Mesh/RightArm.asset
  artifactKey: Guid(16a9e1c44e64817489286dc78e4df8c3) Importer(2089858483,b0f066a214c2f5e87bad3c948f4d605d)
Start importing Assets/BayatGames/Free Platform Game Assets/Character/Character Source/png/4x/Sprite Mesh/RightArm.asset using Guid(16a9e1c44e64817489286dc78e4df8c3) Importer(2089858483,b0f066a214c2f5e87bad3c948f4d605d) (ScriptedImporter) -> (artifact id: '3c700d0048990bbb2c3f831436d6141e') in 0.0322272 seconds
Number of updated asset objects reloaded before import = 0Number of asset objects unloaded after import = 1

========================================================================
Received Import Request.
  Time since last request: 0.000018 seconds.
  path: Assets/BayatGames/Free Platform Game Assets/Backgrounds/New Background ( Update 1.7 )/png/1920x1080/All/Hills_1.png
  artifactKey: Guid(6a8b51cdd8e120344944f6b024231653) Importer(2089858483,b0f066a214c2f5e87bad3c948f4d605d)
Start importing Assets/BayatGames/Free Platform Game Assets/Backgrounds/New Background ( Update 1.7 )/png/1920x1080/All/Hills_1.png using Guid(6a8b51cdd8e120344944f6b024231653) Importer(2089858483,b0f066a214c2f5e87bad3c948f4d605d) (ScriptedImporter) -> (artifact id: '0cf5a7d6dedf463e15b9dfeb654d51eb') in 0.3808974 seconds
Number of updated asset objects reloaded before import = 0Number of asset objects unloaded after import = 3

========================================================================
Received Import Request.
  Time since last request: 0.000020 seconds.
  path: Assets/BayatGames/Free Platform Game Assets/Chests/Chest/png/Separate/2x/6-2x.png
  artifactKey: Guid(40d4702c12443f446af47e384d2dba3d) Importer(2089858483,b0f066a214c2f5e87bad3c948f4d605d)
Start importing Assets/BayatGames/Free Platform Game Assets/Chests/Chest/png/Separate/2x/6-2x.png using Guid(40d4702c12443f446af47e384d2dba3d) Importer(2089858483,b0f066a214c2f5e87bad3c948f4d605d) (ScriptedImporter) -> (artifact id: '2590920c65d1b0002e3897b037910368') in 0.1203535 seconds
Number of updated asset objects reloaded before import = 0Number of asset objects unloaded after import = 3

========================================================================
Received Import Request.
  Time since last request: 0.000032 seconds.
  path: Assets/BayatGames/Free Platform Game Assets/Backgrounds/New Background ( Update 1.9 )/png/1920x1080/all/Back.png
  artifactKey: Guid(1dc19f755c895704a8d9d5119f1ae43f) Importer(2089858483,b0f066a214c2f5e87bad3c948f4d605d)
Start importing Assets/BayatGames/Free Platform Game Assets/Backgrounds/New Background ( Update 1.9 )/png/1920x1080/all/Back.png using Guid(1dc19f755c895704a8d9d5119f1ae43f) Importer(2089858483,b0f066a214c2f5e87bad3c948f4d605d) (ScriptedImporter) -> (artifact id: '90f5748a72eb5e75d6a22b9dcdc7c7ac') in 0.1422259 seconds
Number of updated asset objects reloaded before import = 0Number of asset objects unloaded after import = 3

========================================================================
Received Import Request.
  Time since last request: 0.000021 seconds.
  path: Assets/BayatGames/Free Platform Game Assets/Tiles/2.5D Tiles/Spring/png/128x128/DirtLeft.png
  artifactKey: Guid(aaab32067c0579e43a348b131e39303b) Importer(2089858483,b0f066a214c2f5e87bad3c948f4d605d)
Start importing Assets/BayatGames/Free Platform Game Assets/Tiles/2.5D Tiles/Spring/png/128x128/DirtLeft.png using Guid(aaab32067c0579e43a348b131e39303b) Importer(2089858483,b0f066a214c2f5e87bad3c948f4d605d) (ScriptedImporter) -> (artifact id: '39f0f740547af0319c23d951c62c9925') in 0.1230694 seconds
Number of updated asset objects reloaded before import = 0Number of asset objects unloaded after import = 3

========================================================================
Received Import Request.
  Time since last request: 0.000017 seconds.
  path: Assets/BayatGames/Free Platform Game Assets/Tiles/2.5D Tiles/Spring/png/128x128/column_down.png
  artifactKey: Guid(416f7581c5f0ad24c9d91e8f3c4f84c3) Importer(2089858483,b0f066a214c2f5e87bad3c948f4d605d)
Start importing Assets/BayatGames/Free Platform Game Assets/Tiles/2.5D Tiles/Spring/png/128x128/column_down.png using Guid(416f7581c5f0ad24c9d91e8f3c4f84c3) Importer(2089858483,b0f066a214c2f5e87bad3c948f4d605d) (ScriptedImporter) -> (artifact id: 'a04fc00e0294651c26adab7eeff5fbc0') in 0.0939272 seconds
Number of updated asset objects reloaded before import = 0Number of asset objects unloaded after import = 3

========================================================================
Received Import Request.
  Time since last request: 0.000030 seconds.
  path: Assets/BayatGames/Free Platform Game Assets/Environments/Environments/png/All/4x/Asset 4.png
  artifactKey: Guid(3fcff7da7e0642a40938e80ad8c93b5f) Importer(2089858483,b0f066a214c2f5e87bad3c948f4d605d)
Start importing Assets/BayatGames/Free Platform Game Assets/Environments/Environments/png/All/4x/Asset 4.png using Guid(3fcff7da7e0642a40938e80ad8c93b5f) Importer(2089858483,b0f066a214c2f5e87bad3c948f4d605d) (ScriptedImporter) -> (artifact id: '9a29c2cb33bafaa3309d49136e2eb93d') in 0.0607763 seconds
Number of updated asset objects reloaded before import = 0Number of asset objects unloaded after import = 3

========================================================================
Received Import Request.
  Time since last request: 0.000023 seconds.
  path: Assets/BayatGames/Free Platform Game Assets/Environments/Environments/png/All/4x/Asset 6.png
  artifactKey: Guid(f19254063d103c049a1ca51a22be23ff) Importer(2089858483,b0f066a214c2f5e87bad3c948f4d605d)
Start importing Assets/BayatGames/Free Platform Game Assets/Environments/Environments/png/All/4x/Asset 6.png using Guid(f19254063d103c049a1ca51a22be23ff) Importer(2089858483,b0f066a214c2f5e87bad3c948f4d605d) (ScriptedImporter) -> (artifact id: 'f7afe69d63a907453b911919531aa159') in 0.0768681 seconds
Number of updated asset objects reloaded before import = 0Number of asset objects unloaded after import = 3

========================================================================
Received Import Request.
  Time since last request: 0.000022 seconds.
  path: Assets/BayatGames/Free Platform Game Assets/Tiles/2.5D Tiles/Spring/png/128x128/GrassHillRight2.png
  artifactKey: Guid(3e8f0396158959543bee68cf450ea04d) Importer(2089858483,b0f066a214c2f5e87bad3c948f4d605d)
Start importing Assets/BayatGames/Free Platform Game Assets/Tiles/2.5D Tiles/Spring/png/128x128/GrassHillRight2.png using Guid(3e8f0396158959543bee68cf450ea04d) Importer(2089858483,b0f066a214c2f5e87bad3c948f4d605d) (ScriptedImporter) -> (artifact id: '748f57dbacb0bb650e541ec8111e27f7') in 0.0650916 seconds
Number of updated asset objects reloaded before import = 0Number of asset objects unloaded after import = 3

========================================================================
Received Import Request.
  Time since last request: 0.000023 seconds.
  path: Assets/BayatGames/Free Platform Game Assets/Tiles/2.5D Tiles/Spring/png/128x128/GrassMid.png
  artifactKey: Guid(548cae4b4e579864caaba7b922bfe4d8) Importer(2089858483,b0f066a214c2f5e87bad3c948f4d605d)
Start importing Assets/BayatGames/Free Platform Game Assets/Tiles/2.5D Tiles/Spring/png/128x128/GrassMid.png using Guid(548cae4b4e579864caaba7b922bfe4d8) Importer(2089858483,b0f066a214c2f5e87bad3c948f4d605d) (ScriptedImporter) -> (artifact id: '449b5254796d81f8ee8d3748681aad89') in 0.0458534 seconds
Number of updated asset objects reloaded before import = 0Number of asset objects unloaded after import = 3

========================================================================
Received Import Request.
  Time since last request: 0.000017 seconds.
  path: Assets/BayatGames/Free Platform Game Assets/Tiles/2.5D Tiles/Spring/png/128x128/GrassCliffRight.png
  artifactKey: Guid(b1b37f14ab613694fa87291e644b7f64) Importer(2089858483,b0f066a214c2f5e87bad3c948f4d605d)
Start importing Assets/BayatGames/Free Platform Game Assets/Tiles/2.5D Tiles/Spring/png/128x128/GrassCliffRight.png using Guid(b1b37f14ab613694fa87291e644b7f64) Importer(2089858483,b0f066a214c2f5e87bad3c948f4d605d) (ScriptedImporter) -> (artifact id: '4a2d9a870ccd5af1da9949c0b90c6b15') in 0.075141 seconds
Number of updated asset objects reloaded before import = 0Number of asset objects unloaded after import = 3

========================================================================
Received Import Request.
  Time since last request: 0.000017 seconds.
  path: Assets/BayatGames/Free Platform Game Assets/Environments/Environments/png/All/2x/Asset 9.png
  artifactKey: Guid(c4aa5ecb3a25b864a8ce984a6b56cec8) Importer(2089858483,b0f066a214c2f5e87bad3c948f4d605d)
Start importing Assets/BayatGames/Free Platform Game Assets/Environments/Environments/png/All/2x/Asset 9.png using Guid(c4aa5ecb3a25b864a8ce984a6b56cec8) Importer(2089858483,b0f066a214c2f5e87bad3c948f4d605d) (ScriptedImporter) -> (artifact id: '55a5d21ce1720852feb09a8028896360') in 0.0475324 seconds
Number of updated asset objects reloaded before import = 0Number of asset objects unloaded after import = 3

========================================================================
Received Import Request.
  Time since last request: 0.000021 seconds.
  path: Assets/BayatGames/Free Platform Game Assets/Environments/Environments/png/All/4x/Asset 13.png
  artifactKey: Guid(8d013f764ab602d4caee7dc1d775e63e) Importer(2089858483,b0f066a214c2f5e87bad3c948f4d605d)
Start importing Assets/BayatGames/Free Platform Game Assets/Environments/Environments/png/All/4x/Asset 13.png using Guid(8d013f764ab602d4caee7dc1d775e63e) Importer(2089858483,b0f066a214c2f5e87bad3c948f4d605d) (ScriptedImporter) -> (artifact id: '7e6e4c8d8b7bfda06d0126807aeefd1e') in 0.0620126 seconds
Number of updated asset objects reloaded before import = 0Number of asset objects unloaded after import = 3

========================================================================
Received Import Request.
  Time since last request: 0.000034 seconds.
  path: Assets/BayatGames/Free Platform Game Assets/Tiles/2.5D Tiles/Spring/png/128x128/GrassHillLeft2.png
  artifactKey: Guid(f881c1ec005677a47bbc191b73b15c59) Importer(2089858483,b0f066a214c2f5e87bad3c948f4d605d)
Start importing Assets/BayatGames/Free Platform Game Assets/Tiles/2.5D Tiles/Spring/png/128x128/GrassHillLeft2.png using Guid(f881c1ec005677a47bbc191b73b15c59) Importer(2089858483,b0f066a214c2f5e87bad3c948f4d605d) (ScriptedImporter) -> (artifact id: 'e608a268fe87bedc2450f3af954ecc93') in 0.0765701 seconds
Number of updated asset objects reloaded before import = 0Number of asset objects unloaded after import = 3

========================================================================
Received Import Request.
  Time since last request: 0.000018 seconds.
  path: Assets/BayatGames/Free Platform Game Assets/Environments/Environments/png/All/4x/Asset 14.png
  artifactKey: Guid(4b20e3d0e0f143b449ef2e50b335c191) Importer(2089858483,b0f066a214c2f5e87bad3c948f4d605d)
Start importing Assets/BayatGames/Free Platform Game Assets/Environments/Environments/png/All/4x/Asset 14.png using Guid(4b20e3d0e0f143b449ef2e50b335c191) Importer(2089858483,b0f066a214c2f5e87bad3c948f4d605d) (ScriptedImporter) -> (artifact id: '28d21fb2ed45f5faecc236499caf16be') in 0.046422 seconds
Number of updated asset objects reloaded before import = 0Number of asset objects unloaded after import = 3

========================================================================
Received Import Request.
  Time since last request: 0.000019 seconds.
  path: Assets/BayatGames/Free Platform Game Assets/Environments/Environments/png/All/2x/Asset 6.png
  artifactKey: Guid(c0967db3fe716a74fa0767d218f1deb6) Importer(2089858483,b0f066a214c2f5e87bad3c948f4d605d)
Start importing Assets/BayatGames/Free Platform Game Assets/Environments/Environments/png/All/2x/Asset 6.png using Guid(c0967db3fe716a74fa0767d218f1deb6) Importer(2089858483,b0f066a214c2f5e87bad3c948f4d605d) (ScriptedImporter) -> (artifact id: '24061f9a4229d258eacf2ac754f16aae') in 0.056755 seconds
Number of updated asset objects reloaded before import = 0Number of asset objects unloaded after import = 3

========================================================================
Received Import Request.
  Time since last request: 0.000018 seconds.
  path: Assets/BayatGames/Free Platform Game Assets/Tiles/2.5D Tiles/Spring/png/128x128/GrassJoinHillRight2_Down shadow.png
  artifactKey: Guid(d72caf52f22ec7d47ae04392fcf7227e) Importer(2089858483,b0f066a214c2f5e87bad3c948f4d605d)
Start importing Assets/BayatGames/Free Platform Game Assets/Tiles/2.5D Tiles/Spring/png/128x128/GrassJoinHillRight2_Down shadow.png using Guid(d72caf52f22ec7d47ae04392fcf7227e) Importer(2089858483,b0f066a214c2f5e87bad3c948f4d605d) (ScriptedImporter) -> (artifact id: '8a0a0aa9133e3f2a74e0708ddcf4463c') in 0.0678485 seconds
Number of updated asset objects reloaded before import = 0Number of asset objects unloaded after import = 3

========================================================================
Received Import Request.
  Time since last request: 0.000035 seconds.
  path: Assets/BayatGames/Free Platform Game Assets/Environments/Environments/png/All/4x/Asset 9.png
  artifactKey: Guid(5a83fc290cbf76e4bb5de77f1b785dae) Importer(2089858483,b0f066a214c2f5e87bad3c948f4d605d)
Start importing Assets/BayatGames/Free Platform Game Assets/Environments/Environments/png/All/4x/Asset 9.png using Guid(5a83fc290cbf76e4bb5de77f1b785dae) Importer(2089858483,b0f066a214c2f5e87bad3c948f4d605d) (ScriptedImporter) -> (artifact id: 'f45300af9df0bea3517f8738c4d81770') in 0.0655565 seconds
Number of updated asset objects reloaded before import = 0Number of asset objects unloaded after import = 3

========================================================================
Received Import Request.
  Time since last request: 0.000016 seconds.
  path: Assets/BayatGames/Free Platform Game Assets/Tiles/2.5D Tiles/Spring/png/128x128/GrassJoinHillRight2.png
  artifactKey: Guid(9ce8a179dd72f66409ec19944f54e316) Importer(2089858483,b0f066a214c2f5e87bad3c948f4d605d)
Start importing Assets/BayatGames/Free Platform Game Assets/Tiles/2.5D Tiles/Spring/png/128x128/GrassJoinHillRight2.png using Guid(9ce8a179dd72f66409ec19944f54e316) Importer(2089858483,b0f066a214c2f5e87bad3c948f4d605d) (ScriptedImporter) -> (artifact id: '0d5c2f99b92a7dac8af36bbdb5d00c94') in 0.1878362 seconds
Number of updated asset objects reloaded before import = 0Number of asset objects unloaded after import = 3

========================================================================
Received Import Request.
  Time since last request: 0.000018 seconds.
  path: Assets/BayatGames/Free Platform Game Assets/Tiles/2.5D Tiles/Spring/png/128x128/GrassHillRight.png
  artifactKey: Guid(44c3787c259d8ec4e976e57df20d7a5e) Importer(2089858483,b0f066a214c2f5e87bad3c948f4d605d)
Start importing Assets/BayatGames/Free Platform Game Assets/Tiles/2.5D Tiles/Spring/png/128x128/GrassHillRight.png using Guid(44c3787c259d8ec4e976e57df20d7a5e) Importer(2089858483,b0f066a214c2f5e87bad3c948f4d605d) (ScriptedImporter) -> (artifact id: '2bb2e13610c18a6e2f9ae98600de85f2') in 0.0518199 seconds
Number of updated asset objects reloaded before import = 0Number of asset objects unloaded after import = 3

========================================================================
Received Import Request.
  Time since last request: 0.000027 seconds.
  path: Assets/BayatGames/Free Platform Game Assets/Backgrounds/Background/png/2048x1536/All/Hills_2.png
  artifactKey: Guid(e0331fe51dc9b3a4f93ba56226a9f527) Importer(2089858483,b0f066a214c2f5e87bad3c948f4d605d)
Start importing Assets/BayatGames/Free Platform Game Assets/Backgrounds/Background/png/2048x1536/All/Hills_2.png using Guid(e0331fe51dc9b3a4f93ba56226a9f527) Importer(2089858483,b0f066a214c2f5e87bad3c948f4d605d) (ScriptedImporter) -> (artifact id: 'b8762ec523146c55911dd44e280e8a29') in 0.150302 seconds
Number of updated asset objects reloaded before import = 0Number of asset objects unloaded after import = 3

========================================================================
Received Import Request.
  Time since last request: 0.000017 seconds.
  path: Assets/BayatGames/Free Platform Game Assets/Tiles/2.5D Tiles/Spring/png/128x128/DirtRightCorner.png
  artifactKey: Guid(bdb0009f0a61d72498d216851eebcdf0) Importer(2089858483,b0f066a214c2f5e87bad3c948f4d605d)
Start importing Assets/BayatGames/Free Platform Game Assets/Tiles/2.5D Tiles/Spring/png/128x128/DirtRightCorner.png using Guid(bdb0009f0a61d72498d216851eebcdf0) Importer(2089858483,b0f066a214c2f5e87bad3c948f4d605d) (ScriptedImporter) -> (artifact id: 'b853bb474feae4a00a5678efbeb8ab78') in 0.1936641 seconds
Number of updated asset objects reloaded before import = 0Number of asset objects unloaded after import = 3

========================================================================
Received Import Request.
  Time since last request: 0.000024 seconds.
  path: Assets/BayatGames/Free Platform Game Assets/Backgrounds/New Background ( Update 1.7 )/png/2048x1536/All/Mountain.png
  artifactKey: Guid(d8d8eaa53248ca34bba279b2ebb88d0a) Importer(2089858483,b0f066a214c2f5e87bad3c948f4d605d)
Start importing Assets/BayatGames/Free Platform Game Assets/Backgrounds/New Background ( Update 1.7 )/png/2048x1536/All/Mountain.png using Guid(d8d8eaa53248ca34bba279b2ebb88d0a) Importer(2089858483,b0f066a214c2f5e87bad3c948f4d605d) (ScriptedImporter) -> (artifact id: '28fcd2853282574e70a35d63f747bf53') in 0.1738355 seconds
Number of updated asset objects reloaded before import = 0Number of asset objects unloaded after import = 3

========================================================================
Received Import Request.
  Time since last request: 0.000034 seconds.
  path: Assets/BayatGames/Free Platform Game Assets/Environments/Environments/png/All/4x/Asset 12.png
  artifactKey: Guid(4d105fdea99ea2b4491c3f67c6416958) Importer(2089858483,b0f066a214c2f5e87bad3c948f4d605d)
Start importing Assets/BayatGames/Free Platform Game Assets/Environments/Environments/png/All/4x/Asset 12.png using Guid(4d105fdea99ea2b4491c3f67c6416958) Importer(2089858483,b0f066a214c2f5e87bad3c948f4d605d) (ScriptedImporter) -> (artifact id: '696f617885fb56c495d88c59f099e440') in 0.0735181 seconds
Number of updated asset objects reloaded before import = 0Number of asset objects unloaded after import = 3

========================================================================
Received Import Request.
  Time since last request: 0.000019 seconds.
  path: Assets/BayatGames/Free Platform Game Assets/Backgrounds/Background/png/2048x1536/All/Sky.png
  artifactKey: Guid(12804c928b1d33543aa55b62ffd12793) Importer(2089858483,b0f066a214c2f5e87bad3c948f4d605d)
Start importing Assets/BayatGames/Free Platform Game Assets/Backgrounds/Background/png/2048x1536/All/Sky.png using Guid(12804c928b1d33543aa55b62ffd12793) Importer(2089858483,b0f066a214c2f5e87bad3c948f4d605d) (ScriptedImporter) -> (artifact id: '66399517afd143d2c2b24158b27e0fa4') in 0.1159265 seconds
Number of updated asset objects reloaded before import = 0Number of asset objects unloaded after import = 3

========================================================================
Received Import Request.
  Time since last request: 0.000021 seconds.
  path: Assets/BayatGames/Free Platform Game Assets/Backgrounds/Background/png/Clouds/256x256/Cloud_2.png
  artifactKey: Guid(3e2b3f9a8d52ea840897382a429346d3) Importer(2089858483,b0f066a214c2f5e87bad3c948f4d605d)
Start importing Assets/BayatGames/Free Platform Game Assets/Backgrounds/Background/png/Clouds/256x256/Cloud_2.png using Guid(3e2b3f9a8d52ea840897382a429346d3) Importer(2089858483,b0f066a214c2f5e87bad3c948f4d605d) (ScriptedImporter) -> (artifact id: 'c4646ccc64bbf30ca4a828376dfe0cc4') in 0.0679554 seconds
Number of updated asset objects reloaded before import = 0Number of asset objects unloaded after import = 3

========================================================================
Received Import Request.
  Time since last request: 0.000028 seconds.
  path: Assets/BayatGames/Free Platform Game Assets/Tiles/2.5D Tiles/Spring/png/128x128/DirtDown.png
  artifactKey: Guid(fe0fe4dd67749a34f8d9fef85e7c745c) Importer(2089858483,b0f066a214c2f5e87bad3c948f4d605d)
Start importing Assets/BayatGames/Free Platform Game Assets/Tiles/2.5D Tiles/Spring/png/128x128/DirtDown.png using Guid(fe0fe4dd67749a34f8d9fef85e7c745c) Importer(2089858483,b0f066a214c2f5e87bad3c948f4d605d) (ScriptedImporter) -> (artifact id: '354a513fdee4fda212d515450cc00825') in 0.043349 seconds
Number of updated asset objects reloaded before import = 0Number of asset objects unloaded after import = 3

========================================================================
Received Import Request.
  Time since last request: 0.000019 seconds.
  path: Assets/BayatGames/Free Platform Game Assets/Environments/Environments/png/All/1x/Asset 12.png
  artifactKey: Guid(2efd157a842af8c499264c286dc8a20a) Importer(2089858483,b0f066a214c2f5e87bad3c948f4d605d)
Start importing Assets/BayatGames/Free Platform Game Assets/Environments/Environments/png/All/1x/Asset 12.png using Guid(2efd157a842af8c499264c286dc8a20a) Importer(2089858483,b0f066a214c2f5e87bad3c948f4d605d) (ScriptedImporter) -> (artifact id: 'd6f68ee60508343b2ccbe86d178724c0') in 0.0457363 seconds
Number of updated asset objects reloaded before import = 0Number of asset objects unloaded after import = 3

========================================================================
Received Import Request.
  Time since last request: 0.000017 seconds.
  path: Assets/karsiori/Sprites/Pixel Art Rock Pile Pack/Rock Pile - BEIGE -/Rock Pile 5 - BEIGE - BIG.PNG
  artifactKey: Guid(4037418445d702749a674fabf5706219) Importer(2089858483,b0f066a214c2f5e87bad3c948f4d605d)
Start importing Assets/karsiori/Sprites/Pixel Art Rock Pile Pack/Rock Pile - BEIGE -/Rock Pile 5 - BEIGE - BIG.PNG using Guid(4037418445d702749a674fabf5706219) Importer(2089858483,b0f066a214c2f5e87bad3c948f4d605d) (ScriptedImporter) -> (artifact id: '5baf9e2f0e7caf69bba305e57f948b8c') in 0.1321773 seconds
Number of updated asset objects reloaded before import = 0Number of asset objects unloaded after import = 3

========================================================================
Received Import Request.
  Time since last request: 0.000021 seconds.
  path: Assets/FreePixelFood/Sprite/Food/Brownie.png
  artifactKey: Guid(d183b5f1a5cddc445a9e4277eec9b936) Importer(2089858483,b0f066a214c2f5e87bad3c948f4d605d)
Start importing Assets/FreePixelFood/Sprite/Food/Brownie.png using Guid(d183b5f1a5cddc445a9e4277eec9b936) Importer(2089858483,b0f066a214c2f5e87bad3c948f4d605d) (ScriptedImporter) -> (artifact id: 'd4d54b775ce45ceb3ae28dbcb2adafff') in 0.0898098 seconds
Number of updated asset objects reloaded before import = 0Number of asset objects unloaded after import = 3

========================================================================
Received Import Request.
  Time since last request: 0.000031 seconds.
  path: Assets/BayatGames/Free Platform Game Assets/Tiles/2.5D Tiles/Winter ( Update 1.9 )/256x256/GrassJoinHillLeft2.png
  artifactKey: Guid(02069676f3374924d890a708a1e41d23) Importer(2089858483,b0f066a214c2f5e87bad3c948f4d605d)
Start importing Assets/BayatGames/Free Platform Game Assets/Tiles/2.5D Tiles/Winter ( Update 1.9 )/256x256/GrassJoinHillLeft2.png using Guid(02069676f3374924d890a708a1e41d23) Importer(2089858483,b0f066a214c2f5e87bad3c948f4d605d) (ScriptedImporter) -> (artifact id: 'c5c750d6546b403c42931e533ac28d1d') in 0.0834262 seconds
Number of updated asset objects reloaded before import = 0Number of asset objects unloaded after import = 3

========================================================================
Received Import Request.
  Time since last request: 0.000017 seconds.
  path: Assets/BayatGames/Free Platform Game Assets/Tiles/2.5D Tiles/Spring/png/512x512/DirtRightCorner.png
  artifactKey: Guid(ed937ea4880031f4db9d3bf5e2028630) Importer(2089858483,b0f066a214c2f5e87bad3c948f4d605d)
Start importing Assets/BayatGames/Free Platform Game Assets/Tiles/2.5D Tiles/Spring/png/512x512/DirtRightCorner.png using Guid(ed937ea4880031f4db9d3bf5e2028630) Importer(2089858483,b0f066a214c2f5e87bad3c948f4d605d) (ScriptedImporter) -> (artifact id: 'ee0cabe944b916c170e95453355330c2') in 0.0604304 seconds
Number of updated asset objects reloaded before import = 0Number of asset objects unloaded after import = 3

========================================================================
Received Import Request.
  Time since last request: 0.000019 seconds.
  path: Assets/BayatGames/Free Platform Game Assets/Tiles/2.5D Tiles/Spring/png/256x256/DirtRightCorner.png
  artifactKey: Guid(5bbf36be5d90ce842b04311dfec1f3fc) Importer(2089858483,b0f066a214c2f5e87bad3c948f4d605d)
Start importing Assets/BayatGames/Free Platform Game Assets/Tiles/2.5D Tiles/Spring/png/256x256/DirtRightCorner.png using Guid(5bbf36be5d90ce842b04311dfec1f3fc) Importer(2089858483,b0f066a214c2f5e87bad3c948f4d605d) (ScriptedImporter) -> (artifact id: 'da25d30e55327c15e0a430dc0e6cf225') in 0.1229798 seconds
Number of updated asset objects reloaded before import = 0Number of asset objects unloaded after import = 3

========================================================================
Received Import Request.
  Time since last request: 0.000027 seconds.
  path: Assets/BayatGames/Free Platform Game Assets/Tiles/2.5D Tiles/Spring/png/512x512/Asset 41.png
  artifactKey: Guid(624a0688d4b7ca54d86863f782216fc9) Importer(2089858483,b0f066a214c2f5e87bad3c948f4d605d)
Start importing Assets/BayatGames/Free Platform Game Assets/Tiles/2.5D Tiles/Spring/png/512x512/Asset 41.png using Guid(624a0688d4b7ca54d86863f782216fc9) Importer(2089858483,b0f066a214c2f5e87bad3c948f4d605d) (ScriptedImporter) -> (artifact id: '7e2662fb3d67b268a6502de7a2850ded') in 0.231002 seconds
Number of updated asset objects reloaded before import = 0Number of asset objects unloaded after import = 3

========================================================================
Received Import Request.
  Time since last request: 0.000031 seconds.
  path: Assets/BayatGames/Free Platform Game Assets/Tiles/2.5D Tiles/Spring/png/512x512/Column.png
  artifactKey: Guid(4ca17caca507520499c5a6f3d5af0a91) Importer(2089858483,b0f066a214c2f5e87bad3c948f4d605d)
Start importing Assets/BayatGames/Free Platform Game Assets/Tiles/2.5D Tiles/Spring/png/512x512/Column.png using Guid(4ca17caca507520499c5a6f3d5af0a91) Importer(2089858483,b0f066a214c2f5e87bad3c948f4d605d) (ScriptedImporter) -> (artifact id: '6c3eaacd8dd930f50d72cd8c51d69254') in 0.0336208 seconds
Number of updated asset objects reloaded before import = 0Number of asset objects unloaded after import = 3

========================================================================
Received Import Request.
  Time since last request: 0.000028 seconds.
  path: Assets/BayatGames/Free Platform Game Assets/Tiles/2.5D Tiles/Spring/png/512x512/DirtDown.png
  artifactKey: Guid(5927a706fdb5a9341851e666e1ef4702) Importer(2089858483,b0f066a214c2f5e87bad3c948f4d605d)
Start importing Assets/BayatGames/Free Platform Game Assets/Tiles/2.5D Tiles/Spring/png/512x512/DirtDown.png using Guid(5927a706fdb5a9341851e666e1ef4702) Importer(2089858483,b0f066a214c2f5e87bad3c948f4d605d) (ScriptedImporter) -> (artifact id: 'a85364b27192d0b17f828b3b5d5dd1d0') in 0.0488968 seconds
Number of updated asset objects reloaded before import = 0Number of asset objects unloaded after import = 3

========================================================================
Received Import Request.
  Time since last request: 0.000017 seconds.
  path: Assets/BayatGames/Free Platform Game Assets/Tiles/2.5D Tiles/Spring/png/256x256/Grass.png
  artifactKey: Guid(66fb5ea25dcefc6459fe81bbfc769f03) Importer(2089858483,b0f066a214c2f5e87bad3c948f4d605d)
Start importing Assets/BayatGames/Free Platform Game Assets/Tiles/2.5D Tiles/Spring/png/256x256/Grass.png using Guid(66fb5ea25dcefc6459fe81bbfc769f03) Importer(2089858483,b0f066a214c2f5e87bad3c948f4d605d) (ScriptedImporter) -> (artifact id: '2df2cc5210cc75c11b8f2223e4ba14c3') in 0.0779539 seconds
Number of updated asset objects reloaded before import = 0Number of asset objects unloaded after import = 3

========================================================================
Received Import Request.
  Time since last request: 0.000021 seconds.
  path: Assets/BayatGames/Free Platform Game Assets/Tiles/2.5D Tiles/Spring/png/512x512/Dirt.png
  artifactKey: Guid(2f4741cc1f960ec4d804347f80b76d26) Importer(2089858483,b0f066a214c2f5e87bad3c948f4d605d)
Start importing Assets/BayatGames/Free Platform Game Assets/Tiles/2.5D Tiles/Spring/png/512x512/Dirt.png using Guid(2f4741cc1f960ec4d804347f80b76d26) Importer(2089858483,b0f066a214c2f5e87bad3c948f4d605d) (ScriptedImporter) -> (artifact id: '6c559e7075f038b1672e7837fc2b9acc') in 0.1386811 seconds
Number of updated asset objects reloaded before import = 0Number of asset objects unloaded after import = 3

========================================================================
Received Import Request.
  Time since last request: 0.000029 seconds.
  path: Assets/BayatGames/Free Platform Game Assets/Tiles/2.5D Tiles/Spring/png/512x512/GrassJoinHillRight2.png
  artifactKey: Guid(0ac4a1b6f2f2a48489417aac28f01fcc) Importer(2089858483,b0f066a214c2f5e87bad3c948f4d605d)
Start importing Assets/BayatGames/Free Platform Game Assets/Tiles/2.5D Tiles/Spring/png/512x512/GrassJoinHillRight2.png using Guid(0ac4a1b6f2f2a48489417aac28f01fcc) Importer(2089858483,b0f066a214c2f5e87bad3c948f4d605d) (ScriptedImporter) -> (artifact id: '20cb64d88bf81aa0477b2ef6c857f52c') in 0.0562935 seconds
Number of updated asset objects reloaded before import = 0Number of asset objects unloaded after import = 3

========================================================================
Received Import Request.
  Time since last request: 0.000019 seconds.
  path: Assets/BayatGames/Free Platform Game Assets/Chests/Chest/png/Sliced/Sliced 1/1x/body-2-1x.png
  artifactKey: Guid(baa1afb024a5fd64ab9e2788553a4e4a) Importer(2089858483,b0f066a214c2f5e87bad3c948f4d605d)
Start importing Assets/BayatGames/Free Platform Game Assets/Chests/Chest/png/Sliced/Sliced 1/1x/body-2-1x.png using Guid(baa1afb024a5fd64ab9e2788553a4e4a) Importer(2089858483,b0f066a214c2f5e87bad3c948f4d605d) (ScriptedImporter) -> (artifact id: '79180353e9844bae493e72ba5788a87e') in 0.2886506 seconds
Number of updated asset objects reloaded before import = 0Number of asset objects unloaded after import = 3

========================================================================
Received Import Request.
  Time since last request: 0.000017 seconds.
  path: Assets/BayatGames/Free Platform Game Assets/Tiles/2.5D Tiles/Spring/png/256x256/DirtRight.png
  artifactKey: Guid(0fc8565c24c3a0d45b72990f15151ed6) Importer(2089858483,b0f066a214c2f5e87bad3c948f4d605d)
Start importing Assets/BayatGames/Free Platform Game Assets/Tiles/2.5D Tiles/Spring/png/256x256/DirtRight.png using Guid(0fc8565c24c3a0d45b72990f15151ed6) Importer(2089858483,b0f066a214c2f5e87bad3c948f4d605d) (ScriptedImporter) -> (artifact id: '19dbb1ad5ce3b2f49ef7247b8bc5ac6c') in 0.0975755 seconds
Number of updated asset objects reloaded before import = 0Number of asset objects unloaded after import = 3

========================================================================
Received Import Request.
  Time since last request: 0.000027 seconds.
  path: Assets/BayatGames/Free Platform Game Assets/Tiles/2.5D Tiles/Spring/png/512x512/GrassLeft.png
  artifactKey: Guid(ebe3c0f3aa277074b8885ef6f72e4c2a) Importer(2089858483,b0f066a214c2f5e87bad3c948f4d605d)
Start importing Assets/BayatGames/Free Platform Game Assets/Tiles/2.5D Tiles/Spring/png/512x512/GrassLeft.png using Guid(ebe3c0f3aa277074b8885ef6f72e4c2a) Importer(2089858483,b0f066a214c2f5e87bad3c948f4d605d) (ScriptedImporter) -> (artifact id: 'a130ff595e6fca83de312da8fca73280') in 0.0630667 seconds
Number of updated asset objects reloaded before import = 0Number of asset objects unloaded after import = 3

========================================================================
Received Import Request.
  Time since last request: 0.000018 seconds.
  path: Assets/BayatGames/Free Platform Game Assets/Tiles/2.5D Tiles/Spring/png/512x512/GrassCliffLeft.png
  artifactKey: Guid(3adb8ebd7960b0749b9a4da6d4184cdc) Importer(2089858483,b0f066a214c2f5e87bad3c948f4d605d)
Start importing Assets/BayatGames/Free Platform Game Assets/Tiles/2.5D Tiles/Spring/png/512x512/GrassCliffLeft.png using Guid(3adb8ebd7960b0749b9a4da6d4184cdc) Importer(2089858483,b0f066a214c2f5e87bad3c948f4d605d) (ScriptedImporter) -> (artifact id: '3308878dce8e324ca41081df9c1c31b3') in 0.0997026 seconds
Number of updated asset objects reloaded before import = 0Number of asset objects unloaded after import = 3

========================================================================
Received Import Request.
  Time since last request: 0.000031 seconds.
  path: Assets/BayatGames/Free Platform Game Assets/Tiles/2.5D Tiles/Spring/png/512x512/GrassHillRight2.png
  artifactKey: Guid(a3c7ad09b6fe66740868f8555d0c5356) Importer(2089858483,b0f066a214c2f5e87bad3c948f4d605d)
Start importing Assets/BayatGames/Free Platform Game Assets/Tiles/2.5D Tiles/Spring/png/512x512/GrassHillRight2.png using Guid(a3c7ad09b6fe66740868f8555d0c5356) Importer(2089858483,b0f066a214c2f5e87bad3c948f4d605d) (ScriptedImporter) -> (artifact id: 'a3a09e16a5cc1e538925b029c45c1e95') in 0.1594306 seconds
Number of updated asset objects reloaded before import = 0Number of asset objects unloaded after import = 3

========================================================================
Received Import Request.
  Time since last request: 0.000028 seconds.
  path: Assets/BayatGames/Free Platform Game Assets/Tiles/2.5D Tiles/Spring/png/256x256/DirtLeft.png
  artifactKey: Guid(e4a2c61493bae5845872126740cd052b) Importer(2089858483,b0f066a214c2f5e87bad3c948f4d605d)
Start importing Assets/BayatGames/Free Platform Game Assets/Tiles/2.5D Tiles/Spring/png/256x256/DirtLeft.png using Guid(e4a2c61493bae5845872126740cd052b) Importer(2089858483,b0f066a214c2f5e87bad3c948f4d605d) (ScriptedImporter) -> (artifact id: '74468330fac4893773dee43a1d4c3fff') in 0.0502062 seconds
Number of updated asset objects reloaded before import = 0Number of asset objects unloaded after import = 3

========================================================================
Received Import Request.
  Time since last request: 0.000021 seconds.
  path: Assets/BayatGames/Free Platform Game Assets/Tiles/2.5D Tiles/Spring/png/256x256/GrassHillLeft2.png
  artifactKey: Guid(99ce366db03bdf041a65c674e26297c9) Importer(2089858483,b0f066a214c2f5e87bad3c948f4d605d)
Start importing Assets/BayatGames/Free Platform Game Assets/Tiles/2.5D Tiles/Spring/png/256x256/GrassHillLeft2.png using Guid(99ce366db03bdf041a65c674e26297c9) Importer(2089858483,b0f066a214c2f5e87bad3c948f4d605d) (ScriptedImporter) -> (artifact id: '787e39e0b080e5ffd04612b701807f1f') in 0.1514659 seconds
Number of updated asset objects reloaded before import = 0Number of asset objects unloaded after import = 3

========================================================================
Received Import Request.
  Time since last request: 0.000019 seconds.
  path: Assets/BayatGames/Free Platform Game Assets/Tiles/2.5D Tiles/Spring/png/256x256/GrassJoinHillRight2_Down shadow.png
  artifactKey: Guid(a0dd71ad1bcc1ff4dad74936b49e0319) Importer(2089858483,b0f066a214c2f5e87bad3c948f4d605d)
Start importing Assets/BayatGames/Free Platform Game Assets/Tiles/2.5D Tiles/Spring/png/256x256/GrassJoinHillRight2_Down shadow.png using Guid(a0dd71ad1bcc1ff4dad74936b49e0319) Importer(2089858483,b0f066a214c2f5e87bad3c948f4d605d) (ScriptedImporter) -> (artifact id: '46060eedeec783a8c05d1a21027f656b') in 0.4713054 seconds
Number of updated asset objects reloaded before import = 0Number of asset objects unloaded after import = 3

========================================================================
Received Import Request.
  Time since last request: 0.000032 seconds.
  path: Assets/BayatGames/Free Platform Game Assets/Tiles/2.5D Tiles/Spring/png/256x256/GrassCliffLeft.png
  artifactKey: Guid(f2943c351b31da541af99f22bf96e693) Importer(2089858483,b0f066a214c2f5e87bad3c948f4d605d)
Start importing Assets/BayatGames/Free Platform Game Assets/Tiles/2.5D Tiles/Spring/png/256x256/GrassCliffLeft.png using Guid(f2943c351b31da541af99f22bf96e693) Importer(2089858483,b0f066a214c2f5e87bad3c948f4d605d) (ScriptedImporter) -> (artifact id: 'b74ec2efda0b60e8d64dd850c6616a9f') in 0.1039876 seconds
Number of updated asset objects reloaded before import = 0Number of asset objects unloaded after import = 3

========================================================================
Received Import Request.
  Time since last request: 0.000019 seconds.
  path: Assets/BayatGames/Free Platform Game Assets/Tiles/2.5D Tiles/Spring/png/512x512/GrassCliffRight.png
  artifactKey: Guid(8a3af081cb0881e41a2fd1d45bb3f900) Importer(2089858483,b0f066a214c2f5e87bad3c948f4d605d)
Start importing Assets/BayatGames/Free Platform Game Assets/Tiles/2.5D Tiles/Spring/png/512x512/GrassCliffRight.png using Guid(8a3af081cb0881e41a2fd1d45bb3f900) Importer(2089858483,b0f066a214c2f5e87bad3c948f4d605d) (ScriptedImporter) -> (artifact id: 'f1c85d89c9c6a493fe8f8ceef281b421') in 1.9434289 seconds
Number of updated asset objects reloaded before import = 0Number of asset objects unloaded after import = 3

========================================================================
Received Import Request.
  Time since last request: 0.000024 seconds.
  path: Assets/BayatGames/Free Platform Game Assets/Tiles/2.5D Tiles/Spring/png/512x512/GrassHillRight.png
  artifactKey: Guid(42ea12f94a9d5434cbf86d0418103a86) Importer(2089858483,b0f066a214c2f5e87bad3c948f4d605d)
Start importing Assets/BayatGames/Free Platform Game Assets/Tiles/2.5D Tiles/Spring/png/512x512/GrassHillRight.png using Guid(42ea12f94a9d5434cbf86d0418103a86) Importer(2089858483,b0f066a214c2f5e87bad3c948f4d605d) (ScriptedImporter) -> (artifact id: '8bf515a63cde5b5ae3ec525415b16e33') in 0.2401846 seconds
Number of updated asset objects reloaded before import = 0Number of asset objects unloaded after import = 3

========================================================================
Received Import Request.
  Time since last request: 0.000028 seconds.
  path: Assets/BayatGames/Free Platform Game Assets/Tiles/2.5D Tiles/Spring/png/512x512/GrassJoinHillRight.png
  artifactKey: Guid(6f8f1ec53d179af408ca99ba2ac5cb15) Importer(2089858483,b0f066a214c2f5e87bad3c948f4d605d)
Start importing Assets/BayatGames/Free Platform Game Assets/Tiles/2.5D Tiles/Spring/png/512x512/GrassJoinHillRight.png using Guid(6f8f1ec53d179af408ca99ba2ac5cb15) Importer(2089858483,b0f066a214c2f5e87bad3c948f4d605d) (ScriptedImporter) -> (artifact id: 'd6dd45de447314757d21cc0bea30661c') in 0.0703169 seconds
Number of updated asset objects reloaded before import = 0Number of asset objects unloaded after import = 3

========================================================================
Received Import Request.
  Time since last request: 0.000017 seconds.
  path: Assets/BayatGames/Free Platform Game Assets/Backgrounds/New Background ( Update 1.9 )/png/2048x1024/backgraound/NewBackgraound 2048x1024.png
  artifactKey: Guid(05c7388edd668bf4e99a771d2331e75c) Importer(2089858483,b0f066a214c2f5e87bad3c948f4d605d)
Start importing Assets/BayatGames/Free Platform Game Assets/Backgrounds/New Background ( Update 1.9 )/png/2048x1024/backgraound/NewBackgraound 2048x1024.png using Guid(05c7388edd668bf4e99a771d2331e75c) Importer(2089858483,b0f066a214c2f5e87bad3c948f4d605d) (ScriptedImporter) -> (artifact id: 'ae0266acfe9c8160c785f034244e00df') in 0.993476 seconds
Number of updated asset objects reloaded before import = 0Number of asset objects unloaded after import = 3

========================================================================
Received Import Request.
  Time since last request: 0.000019 seconds.
  path: Assets/BayatGames/Free Platform Game Assets/Tiles/2.5D Tiles/Spring/png/256x256/GrassJoinHillRight2&Left2_Down Shadow.png
  artifactKey: Guid(59af2cf1b05a90243a1108af75f27e1e) Importer(2089858483,b0f066a214c2f5e87bad3c948f4d605d)
Start importing Assets/BayatGames/Free Platform Game Assets/Tiles/2.5D Tiles/Spring/png/256x256/GrassJoinHillRight2&Left2_Down Shadow.png using Guid(59af2cf1b05a90243a1108af75f27e1e) Importer(2089858483,b0f066a214c2f5e87bad3c948f4d605d) (ScriptedImporter) -> (artifact id: '7d6a8f24d7d4badaca7cbe1dd3e631d2') in 0.0776624 seconds
Number of updated asset objects reloaded before import = 0Number of asset objects unloaded after import = 3

========================================================================
Received Import Request.
  Time since last request: 0.000028 seconds.
  path: Assets/BayatGames/Free Platform Game Assets/Tiles/2.5D Tiles/Spring/png/512x512/GrassHillLeft.png
  artifactKey: Guid(0cb15d7d2eec9be4883788d8e6ea1009) Importer(2089858483,b0f066a214c2f5e87bad3c948f4d605d)
Start importing Assets/BayatGames/Free Platform Game Assets/Tiles/2.5D Tiles/Spring/png/512x512/GrassHillLeft.png using Guid(0cb15d7d2eec9be4883788d8e6ea1009) Importer(2089858483,b0f066a214c2f5e87bad3c948f4d605d) (ScriptedImporter) -> (artifact id: '04286dbf3d55c66e2153a313cbbed789') in 0.2170433 seconds
Number of updated asset objects reloaded before import = 0Number of asset objects unloaded after import = 3

========================================================================
Received Import Request.
  Time since last request: 0.000026 seconds.
  path: Assets/BayatGames/Free Platform Game Assets/Backgrounds/Background/png/2048x1536/All/Mountain_3.png
  artifactKey: Guid(2f3d48af88127f244a5393fcf8eabc64) Importer(2089858483,b0f066a214c2f5e87bad3c948f4d605d)
Start importing Assets/BayatGames/Free Platform Game Assets/Backgrounds/Background/png/2048x1536/All/Mountain_3.png using Guid(2f3d48af88127f244a5393fcf8eabc64) Importer(2089858483,b0f066a214c2f5e87bad3c948f4d605d) (ScriptedImporter) -> (artifact id: '15c66d064d66a5c6f820d52a22765a0b') in 0.1166983 seconds
Number of updated asset objects reloaded before import = 0Number of asset objects unloaded after import = 3

========================================================================
Received Import Request.
  Time since last request: 0.000031 seconds.
  path: Assets/BayatGames/Free Platform Game Assets/Enemies/Enemies/png/256x256/Eyelid 256.png
  artifactKey: Guid(83b690a3a84ed4a409fc005170af0c97) Importer(2089858483,b0f066a214c2f5e87bad3c948f4d605d)
Start importing Assets/BayatGames/Free Platform Game Assets/Enemies/Enemies/png/256x256/Eyelid 256.png using Guid(83b690a3a84ed4a409fc005170af0c97) Importer(2089858483,b0f066a214c2f5e87bad3c948f4d605d) (ScriptedImporter) -> (artifact id: '6680f17ce174da139823f067a936d1e3') in 0.0806459 seconds
Number of updated asset objects reloaded before import = 0Number of asset objects unloaded after import = 3

========================================================================
Received Import Request.
  Time since last request: 0.000017 seconds.
  path: Assets/BayatGames/Free Platform Game Assets/Tiles/2.5D Tiles/Winter ( Update 1.9 )/512x512/GrassCliffLeft.png
  artifactKey: Guid(7848f194c30d7dc469fd73afd3108a92) Importer(2089858483,b0f066a214c2f5e87bad3c948f4d605d)
Start importing Assets/BayatGames/Free Platform Game Assets/Tiles/2.5D Tiles/Winter ( Update 1.9 )/512x512/GrassCliffLeft.png using Guid(7848f194c30d7dc469fd73afd3108a92) Importer(2089858483,b0f066a214c2f5e87bad3c948f4d605d) (ScriptedImporter) -> (artifact id: '90941371b11bac0738a036b3c57f7076') in 0.0906419 seconds
Number of updated asset objects reloaded before import = 0Number of asset objects unloaded after import = 3

========================================================================
Received Import Request.
  Time since last request: 0.000025 seconds.
  path: Assets/BayatGames/Free Platform Game Assets/Tiles/2.5D Tiles/Spring/png/512x512/GrassHillLeft2_Down Shadow.png
  artifactKey: Guid(093b5ce68a6abe24fbdf2c832bfc9ce8) Importer(2089858483,b0f066a214c2f5e87bad3c948f4d605d)
Start importing Assets/BayatGames/Free Platform Game Assets/Tiles/2.5D Tiles/Spring/png/512x512/GrassHillLeft2_Down Shadow.png using Guid(093b5ce68a6abe24fbdf2c832bfc9ce8) Importer(2089858483,b0f066a214c2f5e87bad3c948f4d605d) (ScriptedImporter) -> (artifact id: 'cb97d23e9aaed0a6b33208a3c5f785f0') in 0.2657696 seconds
Number of updated asset objects reloaded before import = 0Number of asset objects unloaded after import = 3

