[Licensing::Module] Trying to connect to existing licensing client channel...
Built from '6000.3/staging' branch; Version is '6000.3.19f1 (7689f4515d75) revision 7768564'; Using compiler version '194234433'; Build Type 'Release'
OS: 'Windows 10  (10.0.19045) 64bit Professional' Language: 'en' Physical Memory: 16307 MB
[Licensing::IpcConnector] Successfully connected to: "LicenseClient-savic" at "2026-07-09T22:23:28.8450645Z"
BatchMode: 1, IsHumanControllingUs: 0, StartBugReporterOnCrash: 0, Is64bit: 1
System  architecture: x64
Process architecture: x64
Date: 2026-07-09T22:23:28Z

COMMAND LINE ARGUMENTS:
D:\Unity\installs\6000.3.19f1\Editor\Unity.exe
-adb2
-batchMode
-noUpm
-name
AssetImportWorker1
-projectPath
D:/Unity/Projects/Project 01
-logFile
Logs/AssetImportWorker1.log
-srvPort
61385
-parentPid
4688
-analyticsCloudUserId
anonymous
-analyticsCloudProjectId
-analyticsLocalProjectId
6471f5a7559037b49ac6e019424ee61c
-job-worker-count
5
-background-job-worker-count
8
-gc-helper-count
1
-name
AssetImport
Successfully changed project path to: D:/Unity/Projects/Project 01
D:/Unity/Projects/Project 01
[UnityMemory] Configuration Parameters - Can be set up in boot.config
    "memorysetup-temp-allocator-size-nav-mesh-worker=65536"
    "memorysetup-temp-allocator-size-audio-worker=65536"
    "memorysetup-temp-allocator-size-gfx=262144"
    "memorysetup-allocator-temp-initial-block-size-main=262144"
    "memorysetup-allocator-temp-initial-block-size-worker=262144"
    "memorysetup-temp-allocator-size-background-worker=32768"
    "memorysetup-temp-allocator-size-job-worker=262144"
    "memorysetup-temp-allocator-size-preload-manager=33554432"
    "memorysetup-temp-allocator-size-gi-baking-worker=262144"
    "memorysetup-temp-allocator-size-gi-baking-worker=262144"
    "memorysetup-temp-allocator-size-gi-baking-worker=262144"
    "memorysetup-temp-allocator-size-gi-baking-worker=262144"
    "memorysetup-temp-allocator-size-gi-baking-worker=262144"
    "memorysetup-bucket-allocator-granularity=16"
    "memorysetup-bucket-allocator-bucket-count=8"
    "memorysetup-bucket-allocator-block-size=33554432"
    "memorysetup-bucket-allocator-block-count=8"
    "memorysetup-main-allocator-block-size=16777216"
    "memorysetup-thread-allocator-block-size=16777216"
    "memorysetup-gfx-main-allocator-block-size=16777216"
    "memorysetup-gfx-thread-allocator-block-size=16777216"
    "memorysetup-cache-allocator-block-size=4194304"
    "memorysetup-typetree-allocator-block-size=2097152"
    "memorysetup-profiler-bucket-allocator-granularity=16"
    "memorysetup-profiler-bucket-allocator-bucket-count=8"
    "memorysetup-profiler-bucket-allocator-block-size=33554432"
    "memorysetup-profiler-bucket-allocator-block-count=8"
    "memorysetup-profiler-allocator-block-size=16777216"
    "memorysetup-profiler-editor-allocator-block-size=1048576"
    "memorysetup-temp-allocator-size-main=16777216"
    "memorysetup-job-temp-allocator-block-size=2097152"
    "memorysetup-job-temp-allocator-block-size-background=1048576"
    "memorysetup-job-temp-allocator-reduction-small-platforms=262144"
    "memorysetup-temp-allocator-size-cloud-worker=32768"
Player connection [35680]  Target information:

Player connection [35680]  * "[IP] 192.168.1.103 [Port] 0 [Flags] 2 [Guid] 3948145344 [EditorId] 3948145344 [Version] 1048832 [Id] WindowsEditor(7,DESKTOP-3AQQ8LQ) [Debug] 1 [PackageName] WindowsEditor [ProjectName] Editor" 

Player connection [35680] Host joined multi-casting on [225.0.0.222:54997]...
Player connection [35680] Host joined alternative multi-casting on [225.0.0.222:34997]...
JobSystem: Creating JobQueue using job-worker-count value 5
Input System module state changed to: Initialized.
[Physics::Module] Initialized fallback backend.
[Physics::Module] Id: 0xdecafbad
Library Redirect Path: Library/
[Physics::Module] Selected backend.
[Physics::Module] Name: PhysX
[Physics::Module] Id: 0xf2b8ea05
[Physics::Module] SDK Version: 4.1.2
[Physics::Module] Integration Version: 1.0.0
[Physics::Module] Threading Mode: Multi-Threaded
Refreshing native plugins compatible for Editor in 257.51 ms, found 6 plugins.
Preloading 0 native plugins for Editor in 0.00 ms.
Initialize engine version: 6000.3.19f1 (7689f4515d75)
[Subsystems] Discovering subsystems at path D:/Unity/installs/6000.3.19f1/Editor/Data/Resources/UnitySubsystems
[Subsystems] Discovering subsystems at path D:/Unity/Projects/Project 01/Assets
GfxDevice: creating device client; kGfxThreadingModeNonThreaded
d3d12: failed to query info queue interface (0x80004002).
Direct3D:
    Version:         Direct3D 12 [level 12.2]
    Renderer:        NVIDIA GeForce RTX 2060 (ID=0x1f08)
    Vendor:          NVIDIA
    VRAM:            5954 MB
    App VRAM Budget: 5186 MB
    Driver:          32.0.16.1047
Initialize mono
Mono path[0] = 'D:/Unity/installs/6000.3.19f1/Editor/Data/Managed'
Mono path[1] = 'D:/Unity/installs/6000.3.19f1/Editor/Data/MonoBleedingEdge/lib/mono/unityjit-win32'
Mono config path = 'D:/Unity/installs/6000.3.19f1/Editor/Data/MonoBleedingEdge/etc'
Using monoOptions --debugger-agent=transport=dt_socket,embedding=1,server=y,suspend=n,address=127.0.0.1:56384
Begin MonoManager ReloadAssembly
Registering precompiled unity dll's ...
Register platform support module: D:/Unity/installs/6000.3.19f1/Editor/Data/PlaybackEngines/WindowsStandaloneSupport/UnityEditor.WindowsStandalone.Extensions.dll
Registered in 0.052327 seconds.
[Licensing::Client] Error: HandshakeResponse reported an error:
	ResponseCode: 505
	ResponseStatus: Unsupported protocol version '1.18.1'.
[Licensing::Module] Error: Failed to handshake to channel: "LicenseClient-savic"
[Licensing::IpcConnector] LicenseClient-savic channel disconnected successfully.
[Licensing::IpcConnector] Successfully connected to: "LicenseClient-savic-6000.3.19" at "2026-07-09T22:23:41.3386538Z"
[Licensing::Client] Code 10 while verifying Licensing Client signature (process Id: 18012, path: "D:/Unity/installs/6000.3.19f1/Editor/Data/Resources/Licensing/Client/Unity.Licensing.Client.exe")
[Licensing::Module] LicensingClient has failed validation; ignoring
[Licensing::Client] Handshaking with LicensingClient:
  Version:                 1.18.1+9fbee8e
  Session Id:              b1f297e6055b4da48cf81d5d739eddd1
  Correlation Id:          f312b2e240441a3f633838b222153879
  External correlation Id: 4014128248135593815
  Machine Id:              RaxClSM2nTYIfqSompjN4c7ZjXk=
[Licensing::Module] Successfully connected to LicensingClient on channel: "LicenseClient-savic-6000.3.19" (connect: 0.00s, validation: 0.00s, handshake: 0.08s)
[Licensing::IpcConnector] Successfully connected to: "LicenseClient-savic-6000.3.19-notifications" at "2026-07-09T22:23:41.4249172Z"
[Licensing::Module] Licensing Background thread has ended after 12.58s
- Loaded All Assemblies, in  3.019 seconds
Native extension for WindowsStandalone target not found
Package Manager log level set to [2]
[Package Manager] Failed to launch server process. Reason: Unity was launched with the -noUpm command-line argument
[Package Manager] Unable to send message (not connected to server process).
[Package Manager] Cannot connect to Unity Package Manager local server
ScheduleIndexationOnStartup MainProcess:False IndexOnStartup:True
Mono: successfully reloaded assembly
- Finished resetting the current domain, in  2.534 seconds
Domain Reload Profiling: 5552ms
	BeginReloadAssembly (2253ms)
		ExecutionOrderSort (0ms)
		DisableScriptedObjects (0ms)
		BackupInstance (0ms)
		ReleaseScriptingObjects (0ms)
		CreateAndSetChildDomain (1ms)
	RebuildCommonClasses (44ms)
	RebuildNativeTypeToScriptingClass (15ms)
	initialDomainReloadingComplete (171ms)
	LoadAllAssembliesAndSetupDomain (534ms)
		LoadAssemblies (2252ms)
		RebuildTransferFunctionScriptingTraits (0ms)
		AnalyzeDomain (531ms)
			TypeCache.Refresh (529ms)
				TypeCache.ScanAssembly (515ms)
			BuildScriptInfoCaches (0ms)
			ResolveRequiredComponents (0ms)
	FinalizeReload (2534ms)
		ReleaseScriptCaches (0ms)
		RebuildScriptCaches (0ms)
		SetupLoadedEditorAssemblies (2477ms)
			LogAssemblyErrors (0ms)
			InitializePlatformSupportModulesInManaged (47ms)
			SetLoadedEditorAssemblies (4ms)
			BeforeProcessingInitializeOnLoad (92ms)
			ProcessInitializeOnLoadAttributes (221ms)
			ProcessInitializeOnLoadMethodAttributes (2113ms)
			AfterProcessingInitializeOnLoad (0ms)
			EditorAssembliesLoaded (0ms)
		ExecutionOrderSort2 (0ms)
		AwakeInstancesAfterBackupRestoration (0ms)
[Licensing::Client] Successfully resolved entitlement details
[Licensing::Module] License group:
  Id: 6872857124196-UnityPersXXXX
  Product: Unity Personal
  Type: Assigned
  Expiration: Unlimited
========================================================================
Worker process is ready to serve import requests
Import Worker Mode flag is 0x00
Curl error 3: URL rejected: Malformed input to a URL function
Begin MonoManager ReloadAssembly
- Loaded All Assemblies, in 13.977 seconds
Refreshing native plugins compatible for Editor in 174.06 ms, found 6 plugins.
Native extension for WindowsStandalone target not found
[Package Manager] Failed to launch server process. Reason: Unity was launched with the -noUpm command-line argument
[Package Manager] Unable to send message (not connected to server process).
[Package Manager] Cannot connect to Unity Package Manager local server
Refreshing native plugins compatible for Editor in 5.44 ms, found 6 plugins.
[Package Manager] Failed to launch server process. Reason: Unity was launched with the -noUpm command-line argument
[Package Manager] Unable to send message (not connected to server process).
[Package Manager] Cannot connect to Unity Package Manager local server
ScheduleIndexationOnStartup MainProcess:False IndexOnStartup:True
Missing types referenced from component UniversalRenderPipelineGlobalSettings on game object UniversalRenderPipelineGlobalSettings:
	UnityEngine.PathTracing.Core.WorldRenderPipelineResources, Unity.PathTracing.Runtime (1 object)
Mono: successfully reloaded assembly
- Finished resetting the current domain, in  3.480 seconds
Domain Reload Profiling: 17456ms
	BeginReloadAssembly (180ms)
		ExecutionOrderSort (0ms)
		DisableScriptedObjects (6ms)
		BackupInstance (0ms)
		ReleaseScriptingObjects (0ms)
		CreateAndSetChildDomain (29ms)
	RebuildCommonClasses (42ms)
	RebuildNativeTypeToScriptingClass (15ms)
	initialDomainReloadingComplete (38ms)
	LoadAllAssembliesAndSetupDomain (13701ms)
		LoadAssemblies (13372ms)
		RebuildTransferFunctionScriptingTraits (0ms)
		AnalyzeDomain (431ms)
			TypeCache.Refresh (324ms)
				TypeCache.ScanAssembly (304ms)
			BuildScriptInfoCaches (93ms)
			ResolveRequiredComponents (11ms)
	FinalizeReload (3481ms)
		ReleaseScriptCaches (0ms)
		RebuildScriptCaches (0ms)
		SetupLoadedEditorAssemblies (3194ms)
			LogAssemblyErrors (0ms)
			InitializePlatformSupportModulesInManaged (2ms)
			SetLoadedEditorAssemblies (6ms)
			BeforeProcessingInitializeOnLoad (170ms)
			ProcessInitializeOnLoadAttributes (1014ms)
			ProcessInitializeOnLoadMethodAttributes (1999ms)
			AfterProcessingInitializeOnLoad (3ms)
			EditorAssembliesLoaded (0ms)
		ExecutionOrderSort2 (0ms)
		AwakeInstancesAfterBackupRestoration (6ms)
Launched and connected shader compiler UnityShaderCompiler.exe after 0.92 seconds
Refreshing native plugins compatible for Editor in 4.96 ms, found 6 plugins.
Preloading 0 native plugins for Editor in 0.00 ms.
Unloading 16 Unused Serialized files (Serialized files now loaded: 0)
Curl error 3: URL rejected: Malformed input to a URL function
Unloading 8174 unused Assets / (4.9 MB). Loaded Objects now: 8940.
Memory consumption went from 166.8 MB to 161.8 MB.
Total: 15.332700 ms (FindLiveObjects: 1.371300 ms CreateObjectMapping: 0.463200 ms MarkObjects: 10.426400 ms  DeleteObjects: 3.070300 ms)

========================================================================
Received Import Request.
  Time since last request: 1047339.377055 seconds.
  path: Assets/Fish.prefab
  artifactKey: Guid(985db933cca940b4a93cdd990850a8d5) Importer(2089858483,b0f066a214c2f5e87bad3c948f4d605d)
Start importing Assets/Fish.prefab using Guid(985db933cca940b4a93cdd990850a8d5) Importer(2089858483,b0f066a214c2f5e87bad3c948f4d605d) (ScriptedImporter) -> (artifact id: '17ff2553c8042015c7d790e4668fcc9f') in 2.8835676 seconds
Number of updated asset objects reloaded before import = 0Number of asset objects unloaded after import = 10

========================================================================
Received Import Request.
  Time since last request: 0.000023 seconds.
  path: Assets/FreePixelFood/Sprite/Food/Lemon.png
  artifactKey: Guid(62ea3073b49e56940bfa46b63af57760) Importer(2089858483,b0f066a214c2f5e87bad3c948f4d605d)
Start importing Assets/FreePixelFood/Sprite/Food/Lemon.png using Guid(62ea3073b49e56940bfa46b63af57760) Importer(2089858483,b0f066a214c2f5e87bad3c948f4d605d) (ScriptedImporter) -> (artifact id: '1adf35f2de564a43d1a1686ff662ce92') in 0.4560126 seconds
Number of updated asset objects reloaded before import = 0Number of asset objects unloaded after import = 3

========================================================================
Received Import Request.
  Time since last request: 0.000024 seconds.
  path: Assets/TextMesh Pro/Fonts/LiberationSans.ttf
  artifactKey: Guid(e3265ab4bf004d28a9537516768c1c75) Importer(2089858483,b0f066a214c2f5e87bad3c948f4d605d)
Start importing Assets/TextMesh Pro/Fonts/LiberationSans.ttf using Guid(e3265ab4bf004d28a9537516768c1c75) Importer(2089858483,b0f066a214c2f5e87bad3c948f4d605d) (ScriptedImporter) -> (artifact id: 'cd57b901396800bf6d63401f6f2b3283') in 0.1321718 seconds
Number of updated asset objects reloaded before import = 0Number of asset objects unloaded after import = 3

========================================================================
Received Import Request.
  Time since last request: 0.000016 seconds.
  path: Assets/TextMesh Pro/Shaders/TMP_SDF-Surface.shader
  artifactKey: Guid(f7ada0af4f174f0694ca6a487b8f543d) Importer(2089858483,b0f066a214c2f5e87bad3c948f4d605d)
Start importing Assets/TextMesh Pro/Shaders/TMP_SDF-Surface.shader using Guid(f7ada0af4f174f0694ca6a487b8f543d) Importer(2089858483,b0f066a214c2f5e87bad3c948f4d605d) (ScriptedImporter) -> (artifact id: '10a6ee2657b08196f4b4d053bba010a2') in 0.0153816 seconds
Number of updated asset objects reloaded before import = 0Number of asset objects unloaded after import = 1

========================================================================
Received Import Request.
  Time since last request: 0.000023 seconds.
  path: Assets/Settings/Lit2DSceneTemplate.scenetemplate
  artifactKey: Guid(d03ed43fc9d8a4f2e9fa70c1c7916eb9) Importer(2089858483,b0f066a214c2f5e87bad3c948f4d605d)
Start importing Assets/Settings/Lit2DSceneTemplate.scenetemplate using Guid(d03ed43fc9d8a4f2e9fa70c1c7916eb9) Importer(2089858483,b0f066a214c2f5e87bad3c948f4d605d) (ScriptedImporter) -> (artifact id: 'afdaf5cb613375f111a788cd273a2bae') in 1.1175212 seconds
Number of updated asset objects reloaded before import = 0Number of asset objects unloaded after import = 3

========================================================================
Received Import Request.
  Time since last request: 0.000028 seconds.
  path: Assets/BayatGames/Free Platform Game Assets/Coin Animation/Coin Animation.swf
  artifactKey: Guid(f6cfd25109c241041b1ed656af2ad4e6) Importer(2089858483,b0f066a214c2f5e87bad3c948f4d605d)
Start importing Assets/BayatGames/Free Platform Game Assets/Coin Animation/Coin Animation.swf using Guid(f6cfd25109c241041b1ed656af2ad4e6) Importer(2089858483,b0f066a214c2f5e87bad3c948f4d605d) (ScriptedImporter) -> (artifact id: '3806b76845151fec3df8097a17219550') in 0.1123949 seconds
Number of updated asset objects reloaded before import = 0Number of asset objects unloaded after import = 1

========================================================================
Received Import Request.
  Time since last request: 0.000015 seconds.
  path: Assets/LSLReceiver.cs
  artifactKey: Guid(65e48538ce618744a9b7e188aff42a42) Importer(2089858483,b0f066a214c2f5e87bad3c948f4d605d)
Start importing Assets/LSLReceiver.cs using Guid(65e48538ce618744a9b7e188aff42a42) Importer(2089858483,b0f066a214c2f5e87bad3c948f4d605d) (ScriptedImporter) -> (artifact id: '3806ed2447dc3a23e6771b80b7ea8826') in 0.0736152 seconds
Number of updated asset objects reloaded before import = 0Number of asset objects unloaded after import = 0

========================================================================
Received Import Request.
  Time since last request: 0.000019 seconds.
  path: Assets/player_movement.cs
  artifactKey: Guid(d162321bc67475b4b91589d6631cbe28) Importer(2089858483,b0f066a214c2f5e87bad3c948f4d605d)
Start importing Assets/player_movement.cs using Guid(d162321bc67475b4b91589d6631cbe28) Importer(2089858483,b0f066a214c2f5e87bad3c948f4d605d) (ScriptedImporter) -> (artifact id: '95f8888c5e73bfbda70a230ebf46025e') in 0.0098432 seconds
Number of updated asset objects reloaded before import = 0Number of asset objects unloaded after import = 0

========================================================================
Received Import Request.
  Time since last request: 0.000027 seconds.
  path: Assets/LSL/LSL4Unity/LICENSE
  artifactKey: Guid(965884b07216b144e8148626c8b6d0fd) Importer(2089858483,b0f066a214c2f5e87bad3c948f4d605d)
Start importing Assets/LSL/LSL4Unity/LICENSE using Guid(965884b07216b144e8148626c8b6d0fd) Importer(2089858483,b0f066a214c2f5e87bad3c948f4d605d) (ScriptedImporter) -> (artifact id: '24d7ee0668e3e98fd58a9ddbc307b385') in 0.0103299 seconds
Number of updated asset objects reloaded before import = 0Number of asset objects unloaded after import = 1

========================================================================
Received Import Request.
  Time since last request: 0.000016 seconds.
  path: Assets/TextMesh Pro/Shaders/TMPro_Properties.cginc
  artifactKey: Guid(3997e2241185407d80309a82f9148466) Importer(2089858483,b0f066a214c2f5e87bad3c948f4d605d)
Start importing Assets/TextMesh Pro/Shaders/TMPro_Properties.cginc using Guid(3997e2241185407d80309a82f9148466) Importer(2089858483,b0f066a214c2f5e87bad3c948f4d605d) (ScriptedImporter) -> (artifact id: '6ccf00ba0583c86db59b6e19459438e9') in 0.0679998 seconds
Number of updated asset objects reloaded before import = 0Number of asset objects unloaded after import = 1

========================================================================
Received Import Request.
  Time since last request: 0.000017 seconds.
  path: Assets/Nine Pines Animation/2D Character Sprite Animation - Penguin/sample.unity
  artifactKey: Guid(65ab4801f0dd6774086584710d4fcd97) Importer(2089858483,b0f066a214c2f5e87bad3c948f4d605d)
Start importing Assets/Nine Pines Animation/2D Character Sprite Animation - Penguin/sample.unity using Guid(65ab4801f0dd6774086584710d4fcd97) Importer(2089858483,b0f066a214c2f5e87bad3c948f4d605d) (ScriptedImporter) -> (artifact id: 'a6c3aecced3bcc43d9f23b47bec436e9') in 2.0693809 seconds
Number of updated asset objects reloaded before import = 0Number of asset objects unloaded after import = 1

========================================================================
Received Import Request.
  Time since last request: 0.000022 seconds.
  path: Assets/TextMesh Pro/Resources/LineBreaking Leading Characters.txt
  artifactKey: Guid(d82c1b31c7e74239bff1220585707d2b) Importer(2089858483,b0f066a214c2f5e87bad3c948f4d605d)
Start importing Assets/TextMesh Pro/Resources/LineBreaking Leading Characters.txt using Guid(d82c1b31c7e74239bff1220585707d2b) Importer(2089858483,b0f066a214c2f5e87bad3c948f4d605d) (ScriptedImporter) -> (artifact id: '99d63c3ccaa319e88924d38ee5fb20c7') in 0.1454688 seconds
Number of updated asset objects reloaded before import = 0Number of asset objects unloaded after import = 1

========================================================================
Received Import Request.
  Time since last request: 0.000025 seconds.
  path: Assets/TextMesh Pro/Shaders/TMP_SDF-Mobile.shader
  artifactKey: Guid(fe393ace9b354375a9cb14cdbbc28be4) Importer(2089858483,b0f066a214c2f5e87bad3c948f4d605d)
Start importing Assets/TextMesh Pro/Shaders/TMP_SDF-Mobile.shader using Guid(fe393ace9b354375a9cb14cdbbc28be4) Importer(2089858483,b0f066a214c2f5e87bad3c948f4d605d) (ScriptedImporter) -> (artifact id: 'fa892b90e197573a42e686c6df54884d') in 0.0662836 seconds
Number of updated asset objects reloaded before import = 0Number of asset objects unloaded after import = 1

========================================================================
Received Import Request.
  Time since last request: 0.000015 seconds.
  path: Assets/FreePixelFood/Sprite/Food/Bug.png
  artifactKey: Guid(4043a37a958048f4a9402cf4f7c6157f) Importer(2089858483,b0f066a214c2f5e87bad3c948f4d605d)
Start importing Assets/FreePixelFood/Sprite/Food/Bug.png using Guid(4043a37a958048f4a9402cf4f7c6157f) Importer(2089858483,b0f066a214c2f5e87bad3c948f4d605d) (ScriptedImporter) -> (artifact id: '057442fdbfb2951453cfbd036c1c3a9a') in 0.2163344 seconds
Number of updated asset objects reloaded before import = 0Number of asset objects unloaded after import = 3

========================================================================
Received Import Request.
  Time since last request: 0.000034 seconds.
  path: Assets/TextMesh Pro/Shaders/TMP_SDF-URP Unlit.shadergraph
  artifactKey: Guid(124c112a6e8f1a54e8b0870e881b56d8) Importer(2089858483,b0f066a214c2f5e87bad3c948f4d605d)
Start importing Assets/TextMesh Pro/Shaders/TMP_SDF-URP Unlit.shadergraph using Guid(124c112a6e8f1a54e8b0870e881b56d8) Importer(2089858483,b0f066a214c2f5e87bad3c948f4d605d) (ScriptedImporter) -> (artifact id: 'fd52373129fce2209ff7b41bbbeb4e43') in 0.1802882 seconds
Number of updated asset objects reloaded before import = 0Number of asset objects unloaded after import = 3

========================================================================
Received Import Request.
  Time since last request: 0.000027 seconds.
  path: Assets/FreePixelFood/Sprite/Food/Onion.png
  artifactKey: Guid(8fdcf9a56ea7d8a4fb2f76292efe48bf) Importer(2089858483,b0f066a214c2f5e87bad3c948f4d605d)
Start importing Assets/FreePixelFood/Sprite/Food/Onion.png using Guid(8fdcf9a56ea7d8a4fb2f76292efe48bf) Importer(2089858483,b0f066a214c2f5e87bad3c948f4d605d) (ScriptedImporter) -> (artifact id: 'af492563a795c798a810f5c6900ab709') in 0.3668056 seconds
Number of updated asset objects reloaded before import = 0Number of asset objects unloaded after import = 3

========================================================================
Received Import Request.
  Time since last request: 0.000018 seconds.
  path: Assets/LSL/LSL4Unity/Runtime/LSL.cs
  artifactKey: Guid(4c4a19b91c426324ca04220f97d0cafb) Importer(2089858483,b0f066a214c2f5e87bad3c948f4d605d)
Start importing Assets/LSL/LSL4Unity/Runtime/LSL.cs using Guid(4c4a19b91c426324ca04220f97d0cafb) Importer(2089858483,b0f066a214c2f5e87bad3c948f4d605d) (ScriptedImporter) -> (artifact id: '3ea3e00b582f91a1c19aa95f9fab41d6') in 0.0104768 seconds
Number of updated asset objects reloaded before import = 0Number of asset objects unloaded after import = 0

========================================================================
Received Import Request.
  Time since last request: 0.000034 seconds.
  path: Assets/FreePixelFood/Sprite/Food/Pepperoni.png
  artifactKey: Guid(dfd48ca86c0710d45ac96a8fb08b8ce3) Importer(2089858483,b0f066a214c2f5e87bad3c948f4d605d)
Start importing Assets/FreePixelFood/Sprite/Food/Pepperoni.png using Guid(dfd48ca86c0710d45ac96a8fb08b8ce3) Importer(2089858483,b0f066a214c2f5e87bad3c948f4d605d) (ScriptedImporter) -> (artifact id: '549def6c7efbf2aede102a3adddfe434') in 0.105846 seconds
Number of updated asset objects reloaded before import = 0Number of asset objects unloaded after import = 3

========================================================================
Received Import Request.
  Time since last request: 0.000017 seconds.
  path: Assets/FreePixelFood/Sprite/Food/Waffles.png
  artifactKey: Guid(481361217e20600488dc50b0c21f0378) Importer(2089858483,b0f066a214c2f5e87bad3c948f4d605d)
Start importing Assets/FreePixelFood/Sprite/Food/Waffles.png using Guid(481361217e20600488dc50b0c21f0378) Importer(2089858483,b0f066a214c2f5e87bad3c948f4d605d) (ScriptedImporter) -> (artifact id: '454877d694ea3426fdc51745e95c38c0') in 0.0679516 seconds
Number of updated asset objects reloaded before import = 0Number of asset objects unloaded after import = 3

========================================================================
Received Import Request.
  Time since last request: 0.000045 seconds.
  path: Assets/FreePixelFood/Sprite/Food/PepperRed.png
  artifactKey: Guid(0699585d82b9b5f49bee6abb309077c4) Importer(2089858483,b0f066a214c2f5e87bad3c948f4d605d)
Start importing Assets/FreePixelFood/Sprite/Food/PepperRed.png using Guid(0699585d82b9b5f49bee6abb309077c4) Importer(2089858483,b0f066a214c2f5e87bad3c948f4d605d) (ScriptedImporter) -> (artifact id: '26c9330e4caa281c416a8dc961786081') in 0.1110841 seconds
Number of updated asset objects reloaded before import = 0Number of asset objects unloaded after import = 3

========================================================================
Received Import Request.
  Time since last request: 0.000033 seconds.
  path: Assets/FreePixelFood/Sprite/Food/Shrimp.png
  artifactKey: Guid(124f35aff40297349ab8c605a1dbfec6) Importer(2089858483,b0f066a214c2f5e87bad3c948f4d605d)
Start importing Assets/FreePixelFood/Sprite/Food/Shrimp.png using Guid(124f35aff40297349ab8c605a1dbfec6) Importer(2089858483,b0f066a214c2f5e87bad3c948f4d605d) (ScriptedImporter) -> (artifact id: '1f0717c91b738f036946682b68900d02') in 0.1042783 seconds
Number of updated asset objects reloaded before import = 0Number of asset objects unloaded after import = 3

========================================================================
Received Import Request.
  Time since last request: 0.000016 seconds.
  path: Assets/FreePixelFood/Sprite/Food/Turnip.png
  artifactKey: Guid(f59bbc404563db4458cc85e8721c052d) Importer(2089858483,b0f066a214c2f5e87bad3c948f4d605d)
Start importing Assets/FreePixelFood/Sprite/Food/Turnip.png using Guid(f59bbc404563db4458cc85e8721c052d) Importer(2089858483,b0f066a214c2f5e87bad3c948f4d605d) (ScriptedImporter) -> (artifact id: 'f757f5cd9cf214eb43ee071310f740c2') in 0.1409282 seconds
Number of updated asset objects reloaded before import = 0Number of asset objects unloaded after import = 3

========================================================================
Received Import Request.
  Time since last request: 0.000020 seconds.
  path: Assets/FreePixelFood/Sprite/Food/Saki.png
  artifactKey: Guid(d2abe2baa59a0ea4993d1e5f9bf97cd3) Importer(2089858483,b0f066a214c2f5e87bad3c948f4d605d)
Start importing Assets/FreePixelFood/Sprite/Food/Saki.png using Guid(d2abe2baa59a0ea4993d1e5f9bf97cd3) Importer(2089858483,b0f066a214c2f5e87bad3c948f4d605d) (ScriptedImporter) -> (artifact id: '285f8ea5e4ba3511e56cc62d60b45a96') in 0.102437 seconds
Number of updated asset objects reloaded before import = 0Number of asset objects unloaded after import = 3

========================================================================
Received Import Request.
  Time since last request: 0.000029 seconds.
  path: Assets/Nine Pines Animation/2D Character Sprite Animation - Penguin/Animations/penguin_atack_01.controller
  artifactKey: Guid(f20fbfd8f2bbac1448ad8e1a94ffb5d7) Importer(2089858483,b0f066a214c2f5e87bad3c948f4d605d)
Start importing Assets/Nine Pines Animation/2D Character Sprite Animation - Penguin/Animations/penguin_atack_01.controller using Guid(f20fbfd8f2bbac1448ad8e1a94ffb5d7) Importer(2089858483,b0f066a214c2f5e87bad3c948f4d605d) (ScriptedImporter) -> (artifact id: 'c98530a2524c05a4f7bd0682368dec84') in 0.2994391 seconds
Number of updated asset objects reloaded before import = 0Number of asset objects unloaded after import = 5

========================================================================
Received Import Request.
  Time since last request: 0.000020 seconds.
  path: Assets/Nine Pines Animation/2D Character Sprite Animation - Penguin/Animations/penguin_atack.anim
  artifactKey: Guid(7c356b3a4c5d72b4f8e005424e32c688) Importer(2089858483,b0f066a214c2f5e87bad3c948f4d605d)
Start importing Assets/Nine Pines Animation/2D Character Sprite Animation - Penguin/Animations/penguin_atack.anim using Guid(7c356b3a4c5d72b4f8e005424e32c688) Importer(2089858483,b0f066a214c2f5e87bad3c948f4d605d) (ScriptedImporter) -> (artifact id: '373b67da537a1c7504c7ba6a3d3380d5') in 0.2454211 seconds
Number of updated asset objects reloaded before import = 0Number of asset objects unloaded after import = 1

========================================================================
Received Import Request.
  Time since last request: 0.000028 seconds.
  path: Assets/FreePixelFood/Sprite/Food/Steak.png
  artifactKey: Guid(2d32f96b28dc0d9479129a87f6fcc318) Importer(2089858483,b0f066a214c2f5e87bad3c948f4d605d)
Start importing Assets/FreePixelFood/Sprite/Food/Steak.png using Guid(2d32f96b28dc0d9479129a87f6fcc318) Importer(2089858483,b0f066a214c2f5e87bad3c948f4d605d) (ScriptedImporter) -> (artifact id: '63801ba6cf2e6fd42a3c28c1714387b4') in 0.1969583 seconds
Number of updated asset objects reloaded before import = 0Number of asset objects unloaded after import = 3

========================================================================
Received Import Request.
  Time since last request: 0.000017 seconds.
  path: Assets/FreePixelFood/Sprite/Food/Strawberry.png
  artifactKey: Guid(d92e356740bd72d4f9651cf78787d1e7) Importer(2089858483,b0f066a214c2f5e87bad3c948f4d605d)
Start importing Assets/FreePixelFood/Sprite/Food/Strawberry.png using Guid(d92e356740bd72d4f9651cf78787d1e7) Importer(2089858483,b0f066a214c2f5e87bad3c948f4d605d) (ScriptedImporter) -> (artifact id: '94c95967c03e7acb85f34576f9aa8d20') in 0.084078 seconds
Number of updated asset objects reloaded before import = 0Number of asset objects unloaded after import = 3

========================================================================
Received Import Request.
  Time since last request: 0.000024 seconds.
  path: Assets/FreePixelFood/Sprite/Food/Whiskey.png
  artifactKey: Guid(36c5c2d32d6e5834ebf3d84ae5c8b01e) Importer(2089858483,b0f066a214c2f5e87bad3c948f4d605d)
Start importing Assets/FreePixelFood/Sprite/Food/Whiskey.png using Guid(36c5c2d32d6e5834ebf3d84ae5c8b01e) Importer(2089858483,b0f066a214c2f5e87bad3c948f4d605d) (ScriptedImporter) -> (artifact id: '1cb4c37ebb66b175fcc6be05fa77625f') in 0.0662049 seconds
Number of updated asset objects reloaded before import = 0Number of asset objects unloaded after import = 3

========================================================================
Received Import Request.
  Time since last request: 0.000017 seconds.
  path: Assets/FreePixelFood/Sprite/Food/Pickle.png
  artifactKey: Guid(efbc17b8f11b78741a175aed000fee64) Importer(2089858483,b0f066a214c2f5e87bad3c948f4d605d)
Start importing Assets/FreePixelFood/Sprite/Food/Pickle.png using Guid(efbc17b8f11b78741a175aed000fee64) Importer(2089858483,b0f066a214c2f5e87bad3c948f4d605d) (ScriptedImporter) -> (artifact id: '2b84304cde0e6ea555ce40fc201dc61b') in 0.1137203 seconds
Number of updated asset objects reloaded before import = 0Number of asset objects unloaded after import = 3

========================================================================
Received Import Request.
  Time since last request: 0.000019 seconds.
  path: Assets/UniversalRenderPipelineGlobalSettings.asset
  artifactKey: Guid(93b439a37f63240aca3dd4e01d978a9f) Importer(2089858483,b0f066a214c2f5e87bad3c948f4d605d)
Start importing Assets/UniversalRenderPipelineGlobalSettings.asset using Guid(93b439a37f63240aca3dd4e01d978a9f) Importer(2089858483,b0f066a214c2f5e87bad3c948f4d605d) (ScriptedImporter) -> (artifact id: '92a79b82744608fda5f24c078e383e4b') in 0.0729754 seconds
Number of updated asset objects reloaded before import = 0Number of asset objects unloaded after import = 0

========================================================================
Received Import Request.
  Time since last request: 0.000028 seconds.
  path: Assets/Rock.prefab
  artifactKey: Guid(d8aab1fa9c1f1464997abe450b8d28cf) Importer(2089858483,b0f066a214c2f5e87bad3c948f4d605d)
Start importing Assets/Rock.prefab using Guid(d8aab1fa9c1f1464997abe450b8d28cf) Importer(2089858483,b0f066a214c2f5e87bad3c948f4d605d) (ScriptedImporter) -> (artifact id: '95da755aa7a0ea514788f317cf0976a9') in 0.1927375 seconds
Number of updated asset objects reloaded before import = 0Number of asset objects unloaded after import = 10

========================================================================
Received Import Request.
  Time since last request: 0.000019 seconds.
  path: Assets/TimeDestroyer.cs
  artifactKey: Guid(5e00cbf67fafb25488ef027291cfd611) Importer(2089858483,b0f066a214c2f5e87bad3c948f4d605d)
Start importing Assets/TimeDestroyer.cs using Guid(5e00cbf67fafb25488ef027291cfd611) Importer(2089858483,b0f066a214c2f5e87bad3c948f4d605d) (ScriptedImporter) -> (artifact id: 'e9f46d491383771472aeb03ffb342bd2') in 0.0506077 seconds
Number of updated asset objects reloaded before import = 0Number of asset objects unloaded after import = 0

========================================================================
Received Import Request.
  Time since last request: 0.000024 seconds.
  path: Assets/FreePixelFood/Sprite/Food/Cheese.png
  artifactKey: Guid(31ce55c2474361d4fab07984f18f9145) Importer(2089858483,b0f066a214c2f5e87bad3c948f4d605d)
Start importing Assets/FreePixelFood/Sprite/Food/Cheese.png using Guid(31ce55c2474361d4fab07984f18f9145) Importer(2089858483,b0f066a214c2f5e87bad3c948f4d605d) (ScriptedImporter) -> (artifact id: '13ec7d457c16e26f990e5f5756cf11d6') in 0.0709244 seconds
Number of updated asset objects reloaded before import = 0Number of asset objects unloaded after import = 3

========================================================================
Received Import Request.
  Time since last request: 0.000016 seconds.
  path: Assets/FreePixelFood/Sprite/Food/PieLemon.png
  artifactKey: Guid(cc4c3524c7779d44dbcf4d432bbe9d06) Importer(2089858483,b0f066a214c2f5e87bad3c948f4d605d)
Start importing Assets/FreePixelFood/Sprite/Food/PieLemon.png using Guid(cc4c3524c7779d44dbcf4d432bbe9d06) Importer(2089858483,b0f066a214c2f5e87bad3c948f4d605d) (ScriptedImporter) -> (artifact id: '043ff0ed9eeea3409a23e10e6fdb2c80') in 0.0891494 seconds
Number of updated asset objects reloaded before import = 0Number of asset objects unloaded after import = 3

========================================================================
Received Import Request.
  Time since last request: 0.000019 seconds.
  path: Assets/TextMesh Pro/Shaders/TMP_SDF-HDRP UNLIT.shadergraph
  artifactKey: Guid(f63d574838ccfb44f84acc05fed0af48) Importer(2089858483,b0f066a214c2f5e87bad3c948f4d605d)
Start importing Assets/TextMesh Pro/Shaders/TMP_SDF-HDRP UNLIT.shadergraph using Guid(f63d574838ccfb44f84acc05fed0af48) Importer(2089858483,b0f066a214c2f5e87bad3c948f4d605d) (ScriptedImporter) -> (artifact id: 'c1932b9061b930aca1c233e40aa2b97d') in 0.172855 seconds
Number of updated asset objects reloaded before import = 0Number of asset objects unloaded after import = 3

========================================================================
Received Import Request.
  Time since last request: 0.000028 seconds.
  path: Assets/LSL/LSL4Unity/Editor/LSLEditorIntegration.cs
  artifactKey: Guid(a584fbae3b9105d4682f492c03b0b5ae) Importer(2089858483,b0f066a214c2f5e87bad3c948f4d605d)
Start importing Assets/LSL/LSL4Unity/Editor/LSLEditorIntegration.cs using Guid(a584fbae3b9105d4682f492c03b0b5ae) Importer(2089858483,b0f066a214c2f5e87bad3c948f4d605d) (ScriptedImporter) -> (artifact id: '1d8ba4a26b8b74d121fa7502afc0b497') in 0.0095567 seconds
Number of updated asset objects reloaded before import = 0Number of asset objects unloaded after import = 0

========================================================================
Received Import Request.
  Time since last request: 0.000016 seconds.
  path: Assets/TextMesh Pro/Shaders/TMP_SDF-Mobile Masking.shader
  artifactKey: Guid(bc1ede39bf3643ee8e493720e4259791) Importer(2089858483,b0f066a214c2f5e87bad3c948f4d605d)
Start importing Assets/TextMesh Pro/Shaders/TMP_SDF-Mobile Masking.shader using Guid(bc1ede39bf3643ee8e493720e4259791) Importer(2089858483,b0f066a214c2f5e87bad3c948f4d605d) (ScriptedImporter) -> (artifact id: '14e7351d9b54050f2506005c0ec7bc8e') in 0.0107514 seconds
Number of updated asset objects reloaded before import = 0Number of asset objects unloaded after import = 1

========================================================================
Received Import Request.
  Time since last request: 0.000025 seconds.
  path: Assets/Settings/Scenes/URP2DSceneTemplate.unity
  artifactKey: Guid(2cda990e2423bbf4892e6590ba056729) Importer(2089858483,b0f066a214c2f5e87bad3c948f4d605d)
Start importing Assets/Settings/Scenes/URP2DSceneTemplate.unity using Guid(2cda990e2423bbf4892e6590ba056729) Importer(2089858483,b0f066a214c2f5e87bad3c948f4d605d) (ScriptedImporter) -> (artifact id: '64e17a1fa6dec95c82bbf8b442d2013f') in 0.0918378 seconds
Number of updated asset objects reloaded before import = 0Number of asset objects unloaded after import = 1

========================================================================
Received Import Request.
  Time since last request: 0.000026 seconds.
  path: Assets/FreePixelFood/Sprite/Food/Grub.png
  artifactKey: Guid(79696e3e94813d64c82b5e31bb900f81) Importer(2089858483,b0f066a214c2f5e87bad3c948f4d605d)
Start importing Assets/FreePixelFood/Sprite/Food/Grub.png using Guid(79696e3e94813d64c82b5e31bb900f81) Importer(2089858483,b0f066a214c2f5e87bad3c948f4d605d) (ScriptedImporter) -> (artifact id: '3e5de34c8a4e9f2372cbd3a355b2fbc4') in 0.072219 seconds
Number of updated asset objects reloaded before import = 0Number of asset objects unloaded after import = 3

========================================================================
Received Import Request.
  Time since last request: 0.000017 seconds.
  path: Assets/Settings/UniversalRP.asset
  artifactKey: Guid(681886c5eb7344803b6206f758bf0b1c) Importer(2089858483,b0f066a214c2f5e87bad3c948f4d605d)
Start importing Assets/Settings/UniversalRP.asset using Guid(681886c5eb7344803b6206f758bf0b1c) Importer(2089858483,b0f066a214c2f5e87bad3c948f4d605d) (ScriptedImporter) -> (artifact id: '118c06dce97785659f934c3b8946604b') in 0.0586114 seconds
Number of updated asset objects reloaded before import = 0Number of asset objects unloaded after import = 1

========================================================================
Received Import Request.
  Time since last request: 0.000016 seconds.
  path: Assets/TextMesh Pro/Shaders/TMP_SDF-Mobile-2-Pass.shader
  artifactKey: Guid(0178fcb869bafef4690d177d31d17db8) Importer(2089858483,b0f066a214c2f5e87bad3c948f4d605d)
Start importing Assets/TextMesh Pro/Shaders/TMP_SDF-Mobile-2-Pass.shader using Guid(0178fcb869bafef4690d177d31d17db8) Importer(2089858483,b0f066a214c2f5e87bad3c948f4d605d) (ScriptedImporter) -> (artifact id: 'a89771b382a37087f348600f6a5d12ec') in 0.0628871 seconds
Number of updated asset objects reloaded before import = 0Number of asset objects unloaded after import = 1

========================================================================
Received Import Request.
  Time since last request: 0.000019 seconds.
  path: Assets/FreePixelFood/Sprite/Food/Honeycomb.png
  artifactKey: Guid(ae8fa6f189cd9b144bcdcc2beda30c3f) Importer(2089858483,b0f066a214c2f5e87bad3c948f4d605d)
Start importing Assets/FreePixelFood/Sprite/Food/Honeycomb.png using Guid(ae8fa6f189cd9b144bcdcc2beda30c3f) Importer(2089858483,b0f066a214c2f5e87bad3c948f4d605d) (ScriptedImporter) -> (artifact id: 'b5b995238ef50430c56931bbdda94738') in 0.1319853 seconds
Number of updated asset objects reloaded before import = 0Number of asset objects unloaded after import = 3

========================================================================
Received Import Request.
  Time since last request: 0.000031 seconds.
  path: Assets/TextMesh Pro/Shaders/TMP_SDF-Mobile SSD.shader
  artifactKey: Guid(c8d12adcee749c344b8117cf7c7eb912) Importer(2089858483,b0f066a214c2f5e87bad3c948f4d605d)
Start importing Assets/TextMesh Pro/Shaders/TMP_SDF-Mobile SSD.shader using Guid(c8d12adcee749c344b8117cf7c7eb912) Importer(2089858483,b0f066a214c2f5e87bad3c948f4d605d) (ScriptedImporter) -> (artifact id: '1cd51ac240a6be0e8ccc2cc3084eb9b1') in 0.0189783 seconds
Number of updated asset objects reloaded before import = 0Number of asset objects unloaded after import = 1

========================================================================
Received Import Request.
  Time since last request: 0.000016 seconds.
  path: Assets/FreePixelFood/Sprite/Food/MelonCantaloupe.png
  artifactKey: Guid(4dd71f5a6ba179e4a9fa772deb37fe01) Importer(2089858483,b0f066a214c2f5e87bad3c948f4d605d)
Start importing Assets/FreePixelFood/Sprite/Food/MelonCantaloupe.png using Guid(4dd71f5a6ba179e4a9fa772deb37fe01) Importer(2089858483,b0f066a214c2f5e87bad3c948f4d605d) (ScriptedImporter) -> (artifact id: '511d1b82f20a70f7dd2e2be2207aad10') in 0.0513091 seconds
Number of updated asset objects reloaded before import = 0Number of asset objects unloaded after import = 3

========================================================================
Received Import Request.
  Time since last request: 0.000020 seconds.
  path: Assets/Sushi.prefab
  artifactKey: Guid(8f8bd00243cca6445b754a3f151f398e) Importer(2089858483,b0f066a214c2f5e87bad3c948f4d605d)
Start importing Assets/Sushi.prefab using Guid(8f8bd00243cca6445b754a3f151f398e) Importer(2089858483,b0f066a214c2f5e87bad3c948f4d605d) (ScriptedImporter) -> (artifact id: 'd620f45b378b4a94eafe65803f1b4b8a') in 0.431822 seconds
Number of updated asset objects reloaded before import = 0Number of asset objects unloaded after import = 10

========================================================================
Received Import Request.
  Time since last request: 0.000028 seconds.
  path: Assets/LSL/LSL4Unity/Editor/TimeSyncEditor.cs
  artifactKey: Guid(9e65dd4b56fb29e4f85792c448fc3e0e) Importer(2089858483,b0f066a214c2f5e87bad3c948f4d605d)
Start importing Assets/LSL/LSL4Unity/Editor/TimeSyncEditor.cs using Guid(9e65dd4b56fb29e4f85792c448fc3e0e) Importer(2089858483,b0f066a214c2f5e87bad3c948f4d605d) (ScriptedImporter) -> (artifact id: 'c9fc84a7a456460601a045cba5f82125') in 0.0102754 seconds
Number of updated asset objects reloaded before import = 0Number of asset objects unloaded after import = 0

========================================================================
Received Import Request.
  Time since last request: 0.000017 seconds.
  path: Assets/FreePixelFood/Sprite/Food/Eggs.png
  artifactKey: Guid(9eaa6d95a1d94ed41866b52732c3f08b) Importer(2089858483,b0f066a214c2f5e87bad3c948f4d605d)
Start importing Assets/FreePixelFood/Sprite/Food/Eggs.png using Guid(9eaa6d95a1d94ed41866b52732c3f08b) Importer(2089858483,b0f066a214c2f5e87bad3c948f4d605d) (ScriptedImporter) -> (artifact id: 'd8fa61db7aeb412479b20e86c6654018') in 0.1426459 seconds
Number of updated asset objects reloaded before import = 0Number of asset objects unloaded after import = 3

========================================================================
Received Import Request.
  Time since last request: 0.000019 seconds.
  path: Assets/FreePixelFood/Sprite/Food/Stein.png
  artifactKey: Guid(476e92035edc51449bd19d577ba6eb7a) Importer(2089858483,b0f066a214c2f5e87bad3c948f4d605d)
Start importing Assets/FreePixelFood/Sprite/Food/Stein.png using Guid(476e92035edc51449bd19d577ba6eb7a) Importer(2089858483,b0f066a214c2f5e87bad3c948f4d605d) (ScriptedImporter) -> (artifact id: '657bc45db5bd92cc7f97483499e3660f') in 0.0974266 seconds
Number of updated asset objects reloaded before import = 0Number of asset objects unloaded after import = 3

========================================================================
Received Import Request.
  Time since last request: 0.000027 seconds.
  path: Assets/FreePixelFood/Sprite/Food/Wine.png
  artifactKey: Guid(ac99105dfc2ca304fbc9c37d3dff35e1) Importer(2089858483,b0f066a214c2f5e87bad3c948f4d605d)
Start importing Assets/FreePixelFood/Sprite/Food/Wine.png using Guid(ac99105dfc2ca304fbc9c37d3dff35e1) Importer(2089858483,b0f066a214c2f5e87bad3c948f4d605d) (ScriptedImporter) -> (artifact id: '5eb03cf9292973929d34deede99dfdfa') in 0.1658275 seconds
Number of updated asset objects reloaded before import = 0Number of asset objects unloaded after import = 3

========================================================================
Received Import Request.
  Time since last request: 0.000019 seconds.
  path: Assets/FreePixelFood/Sprite/Food/Peach.png
  artifactKey: Guid(ddc2c0b558e42934a8bd79519fe86a29) Importer(2089858483,b0f066a214c2f5e87bad3c948f4d605d)
Start importing Assets/FreePixelFood/Sprite/Food/Peach.png using Guid(ddc2c0b558e42934a8bd79519fe86a29) Importer(2089858483,b0f066a214c2f5e87bad3c948f4d605d) (ScriptedImporter) -> (artifact id: 'fda643ff2b66bdb3caca8347c6f78352') in 0.1403711 seconds
Number of updated asset objects reloaded before import = 0Number of asset objects unloaded after import = 3

========================================================================
Received Import Request.
  Time since last request: 0.000020 seconds.
  path: Assets/TextMesh Pro/Shaders/TMP_Bitmap-Mobile.shader
  artifactKey: Guid(1e3b057af24249748ff873be7fafee47) Importer(2089858483,b0f066a214c2f5e87bad3c948f4d605d)
Start importing Assets/TextMesh Pro/Shaders/TMP_Bitmap-Mobile.shader using Guid(1e3b057af24249748ff873be7fafee47) Importer(2089858483,b0f066a214c2f5e87bad3c948f4d605d) (ScriptedImporter) -> (artifact id: 'd8c80c71b8651cc74cee7cb612dc353d') in 0.0116893 seconds
Number of updated asset objects reloaded before import = 0Number of asset objects unloaded after import = 1

========================================================================
Received Import Request.
  Time since last request: 0.000034 seconds.
  path: Assets/karsiori/Sprites/Pixel Art Rock Pile Pack/Rock Pile - Spritesheet.png
  artifactKey: Guid(1278518bb46ddfe45ae3c40bc6b49026) Importer(2089858483,b0f066a214c2f5e87bad3c948f4d605d)
Start importing Assets/karsiori/Sprites/Pixel Art Rock Pile Pack/Rock Pile - Spritesheet.png using Guid(1278518bb46ddfe45ae3c40bc6b49026) Importer(2089858483,b0f066a214c2f5e87bad3c948f4d605d) (ScriptedImporter) -> (artifact id: '7b2f5f0f4af6ff8290e45c22a2881c80') in 1.0348629 seconds
Number of updated asset objects reloaded before import = 0Number of asset objects unloaded after import = 3

========================================================================
Received Import Request.
  Time since last request: 0.000021 seconds.
  path: Assets/FreePixelFood/Sprite/Food/Cherry.png
  artifactKey: Guid(bf7bb96fa1c415b4fb03ff227c934adc) Importer(2089858483,b0f066a214c2f5e87bad3c948f4d605d)
Start importing Assets/FreePixelFood/Sprite/Food/Cherry.png using Guid(bf7bb96fa1c415b4fb03ff227c934adc) Importer(2089858483,b0f066a214c2f5e87bad3c948f4d605d) (ScriptedImporter) -> (artifact id: 'c0d6d708ba89784c0432417632ba3e37') in 0.4102218 seconds
Number of updated asset objects reloaded before import = 0Number of asset objects unloaded after import = 3

========================================================================
Received Import Request.
  Time since last request: 0.000023 seconds.
  path: Assets/karsiori/Inspector Settings Preset.preset
  artifactKey: Guid(772bbd023d079cb4e954f71a17969f65) Importer(2089858483,b0f066a214c2f5e87bad3c948f4d605d)
Start importing Assets/karsiori/Inspector Settings Preset.preset using Guid(772bbd023d079cb4e954f71a17969f65) Importer(2089858483,b0f066a214c2f5e87bad3c948f4d605d) (ScriptedImporter) -> (artifact id: '9bedc9b4ced1e4699842b281c979a91d') in 0.370247 seconds
Number of updated asset objects reloaded before import = 0Number of asset objects unloaded after import = 1

========================================================================
Received Import Request.
  Time since last request: 0.000021 seconds.
  path: Assets/BayatGames/Free Platform Game Assets/Preview/Preview.ai
  artifactKey: Guid(c0d75160fab977340b0a29c9f6a18536) Importer(2089858483,b0f066a214c2f5e87bad3c948f4d605d)
Start importing Assets/BayatGames/Free Platform Game Assets/Preview/Preview.ai using Guid(c0d75160fab977340b0a29c9f6a18536) Importer(2089858483,b0f066a214c2f5e87bad3c948f4d605d) (ScriptedImporter) -> (artifact id: '7b53292120aed32c9a4940c4fb5ccdac') in 0.0674374 seconds
Number of updated asset objects reloaded before import = 0Number of asset objects unloaded after import = 1

========================================================================
Received Import Request.
  Time since last request: 0.000028 seconds.
  path: Assets/Nine Pines Animation/2D Character Sprite Animation - Penguin/Animations/penguin_walk.anim
  artifactKey: Guid(98427e615ddb60c42ab225ac404f43b6) Importer(815301076,1909f56bfc062723c751e8b465ee728b)
Start importing Assets/Nine Pines Animation/2D Character Sprite Animation - Penguin/Animations/penguin_walk.anim using Guid(98427e615ddb60c42ab225ac404f43b6) Importer(815301076,1909f56bfc062723c751e8b465ee728b) (PreviewImporter) -> (artifact id: 'abdd4c751f00817aa79791fcd5df3bae') in 0.045059 seconds
Number of updated asset objects reloaded before import = 0Number of asset objects unloaded after import = 1

========================================================================
Received Import Request.
  Time since last request: 0.000017 seconds.
  path: Assets/TextMesh Pro/Shaders/TMPro.cginc
  artifactKey: Guid(407bc68d299748449bbf7f48ee690f8d) Importer(2089858483,b0f066a214c2f5e87bad3c948f4d605d)
Start importing Assets/TextMesh Pro/Shaders/TMPro.cginc using Guid(407bc68d299748449bbf7f48ee690f8d) Importer(2089858483,b0f066a214c2f5e87bad3c948f4d605d) (ScriptedImporter) -> (artifact id: '1385688c7ba75bc795395ecbc2d3b1a5') in 0.0968082 seconds
Number of updated asset objects reloaded before import = 0Number of asset objects unloaded after import = 1

========================================================================
Received Import Request.
  Time since last request: 0.000015 seconds.
  path: Assets/karsiori/Scenes/Rock Pile Pack - Scene.unity
  artifactKey: Guid(0cacf35a4683aa743b467b5ff8b9dd5e) Importer(2089858483,b0f066a214c2f5e87bad3c948f4d605d)
Start importing Assets/karsiori/Scenes/Rock Pile Pack - Scene.unity using Guid(0cacf35a4683aa743b467b5ff8b9dd5e) Importer(2089858483,b0f066a214c2f5e87bad3c948f4d605d) (ScriptedImporter) -> (artifact id: '08b3a08d6c987ff714c371819b7e59dc') in 0.1031447 seconds
Number of updated asset objects reloaded before import = 0Number of asset objects unloaded after import = 1

========================================================================
Received Import Request.
  Time since last request: 0.000024 seconds.
  path: Assets/TextMesh Pro/Resources/TMP Settings.asset
  artifactKey: Guid(3f5b5dff67a942289a9defa416b206f3) Importer(2089858483,b0f066a214c2f5e87bad3c948f4d605d)
Start importing Assets/TextMesh Pro/Resources/TMP Settings.asset using Guid(3f5b5dff67a942289a9defa416b206f3) Importer(2089858483,b0f066a214c2f5e87bad3c948f4d605d) (ScriptedImporter) -> (artifact id: '3a76dc771a647f2c7ed603e38434e395') in 1.1521308 seconds
Number of updated asset objects reloaded before import = 0Number of asset objects unloaded after import = 12

========================================================================
Received Import Request.
  Time since last request: 0.000021 seconds.
  path: Assets/Nine Pines Animation/2D Character Sprite Animation - Penguin/Animations/penguin_jump_01.controller
  artifactKey: Guid(547e037bf5232354192f03bde08df6c1) Importer(2089858483,b0f066a214c2f5e87bad3c948f4d605d)
Start importing Assets/Nine Pines Animation/2D Character Sprite Animation - Penguin/Animations/penguin_jump_01.controller using Guid(547e037bf5232354192f03bde08df6c1) Importer(2089858483,b0f066a214c2f5e87bad3c948f4d605d) (ScriptedImporter) -> (artifact id: '729521dab7546a96575544a17febf794') in 0.0723856 seconds
Number of updated asset objects reloaded before import = 0Number of asset objects unloaded after import = 5

========================================================================
Received Import Request.
  Time since last request: 0.000028 seconds.
  path: Assets/TextMesh Pro/Examples & Extras/Prefabs/Text Popup.prefab
  artifactKey: Guid(b06f0e6c1dfa4356ac918da1bb32c603) Importer(2089858483,b0f066a214c2f5e87bad3c948f4d605d)
Start importing Assets/TextMesh Pro/Examples & Extras/Prefabs/Text Popup.prefab using Guid(b06f0e6c1dfa4356ac918da1bb32c603) Importer(2089858483,b0f066a214c2f5e87bad3c948f4d605d) (ScriptedImporter) -> (artifact id: '2456cd8495422ddc61759d84838811f6') in 0.1819606 seconds
Number of updated asset objects reloaded before import = 0Number of asset objects unloaded after import = 21

========================================================================
Received Import Request.
  Time since last request: 0.000017 seconds.
  path: Assets/Nine Pines Animation/2D Character Sprite Animation - Penguin/Animations/penguin_walk.anim
  artifactKey: Guid(98427e615ddb60c42ab225ac404f43b6) Importer(2089858483,b0f066a214c2f5e87bad3c948f4d605d)
Start importing Assets/Nine Pines Animation/2D Character Sprite Animation - Penguin/Animations/penguin_walk.anim using Guid(98427e615ddb60c42ab225ac404f43b6) Importer(2089858483,b0f066a214c2f5e87bad3c948f4d605d) (ScriptedImporter) -> (artifact id: 'cc3a3154a28ccf8632fe4dea58027cf6') in 0.0170428 seconds
Number of updated asset objects reloaded before import = 0Number of asset objects unloaded after import = 1

========================================================================
Received Import Request.
  Time since last request: 0.000027 seconds.
  path: Assets/TextMesh Pro/Examples & Extras/Scenes/16 - Linked text overflow mode example.unity
  artifactKey: Guid(9442cda25baa4a0bb544c4d095b00caa) Importer(2089858483,b0f066a214c2f5e87bad3c948f4d605d)
Start importing Assets/TextMesh Pro/Examples & Extras/Scenes/16 - Linked text overflow mode example.unity using Guid(9442cda25baa4a0bb544c4d095b00caa) Importer(2089858483,b0f066a214c2f5e87bad3c948f4d605d) (ScriptedImporter) -> (artifact id: '4a37e3507dd2d9475b9c54d0a1603009') in 0.0856109 seconds
Number of updated asset objects reloaded before import = 0Number of asset objects unloaded after import = 1

========================================================================
Received Import Request.
  Time since last request: 0.000017 seconds.
  path: Assets/Nine Pines Animation/2D Character Sprite Animation - Penguin/sprites/penguin_walk_06.png
  artifactKey: Guid(ffad18ba204bc7e4897c2b0c860d0c9a) Importer(2089858483,b0f066a214c2f5e87bad3c948f4d605d)
Start importing Assets/Nine Pines Animation/2D Character Sprite Animation - Penguin/sprites/penguin_walk_06.png using Guid(ffad18ba204bc7e4897c2b0c860d0c9a) Importer(2089858483,b0f066a214c2f5e87bad3c948f4d605d) (ScriptedImporter) -> (artifact id: 'ad3899ecd1650fcb32ac21f443d0b46a') in 0.1232826 seconds
Number of updated asset objects reloaded before import = 0Number of asset objects unloaded after import = 3

========================================================================
Received Import Request.
  Time since last request: 0.000027 seconds.
  path: Assets/TextMesh Pro/Examples & Extras/Fonts/Roboto-Bold.ttf
  artifactKey: Guid(4beb055f07aaff244873dec698d0363e) Importer(2089858483,b0f066a214c2f5e87bad3c948f4d605d)
Start importing Assets/TextMesh Pro/Examples & Extras/Fonts/Roboto-Bold.ttf using Guid(4beb055f07aaff244873dec698d0363e) Importer(2089858483,b0f066a214c2f5e87bad3c948f4d605d) (ScriptedImporter) -> (artifact id: 'b8ece4c765660abacd29a2efd4790819') in 0.0629728 seconds
Number of updated asset objects reloaded before import = 0Number of asset objects unloaded after import = 3

========================================================================
Received Import Request.
  Time since last request: 0.000024 seconds.
  path: Assets/TextMesh Pro/Examples & Extras/Scenes/12a - Text Interactions.unity
  artifactKey: Guid(08572ab7713642c8a60789750f0bce5c) Importer(2089858483,b0f066a214c2f5e87bad3c948f4d605d)
Start importing Assets/TextMesh Pro/Examples & Extras/Scenes/12a - Text Interactions.unity using Guid(08572ab7713642c8a60789750f0bce5c) Importer(2089858483,b0f066a214c2f5e87bad3c948f4d605d) (ScriptedImporter) -> (artifact id: 'b796536be3058bc95a8630441ef4b688') in 0.1275468 seconds
Number of updated asset objects reloaded before import = 0Number of asset objects unloaded after import = 1

========================================================================
Received Import Request.
  Time since last request: 0.000018 seconds.
  path: Assets/TextMesh Pro/Examples & Extras/Scenes/02 - Multi-line TextMesh Pro.unity
  artifactKey: Guid(251716609f634449bfe8ce75c0ed78fe) Importer(2089858483,b0f066a214c2f5e87bad3c948f4d605d)
Start importing Assets/TextMesh Pro/Examples & Extras/Scenes/02 - Multi-line TextMesh Pro.unity using Guid(251716609f634449bfe8ce75c0ed78fe) Importer(2089858483,b0f066a214c2f5e87bad3c948f4d605d) (ScriptedImporter) -> (artifact id: 'f5edc75a2b8154525d64bc0a7fd6ed38') in 0.0415282 seconds
Number of updated asset objects reloaded before import = 0Number of asset objects unloaded after import = 1

========================================================================
Received Import Request.
  Time since last request: 0.000032 seconds.
  path: Assets/TextMesh Pro/Examples & Extras/Scenes/20 - Input Field with Scrollbar.unity
  artifactKey: Guid(337f92480dd24675aae9e79210fb1ad9) Importer(2089858483,b0f066a214c2f5e87bad3c948f4d605d)
Start importing Assets/TextMesh Pro/Examples & Extras/Scenes/20 - Input Field with Scrollbar.unity using Guid(337f92480dd24675aae9e79210fb1ad9) Importer(2089858483,b0f066a214c2f5e87bad3c948f4d605d) (ScriptedImporter) -> (artifact id: '1ca208cfd2b16fa40f1dff51267cebd7') in 0.1432436 seconds
Number of updated asset objects reloaded before import = 0Number of asset objects unloaded after import = 1

========================================================================
Received Import Request.
  Time since last request: 0.000025 seconds.
  path: Assets/Nine Pines Animation/2D Character Sprite Animation - Penguin/Animations/penguin_slide.anim
  artifactKey: Guid(e2622b65f313b464da95af6abc1a1929) Importer(2089858483,b0f066a214c2f5e87bad3c948f4d605d)
Start importing Assets/Nine Pines Animation/2D Character Sprite Animation - Penguin/Animations/penguin_slide.anim using Guid(e2622b65f313b464da95af6abc1a1929) Importer(2089858483,b0f066a214c2f5e87bad3c948f4d605d) (ScriptedImporter) -> (artifact id: '41809ea73877bbf34b43051dcfaa313c') in 0.012642 seconds
Number of updated asset objects reloaded before import = 0Number of asset objects unloaded after import = 1

========================================================================
Received Import Request.
  Time since last request: 0.000017 seconds.
  path: Assets/Nine Pines Animation/2D Character Sprite Animation - Penguin/Animations/penguin_preslide_01.controller
  artifactKey: Guid(b6275c834eeb61641b24f6c471e49559) Importer(2089858483,b0f066a214c2f5e87bad3c948f4d605d)
Start importing Assets/Nine Pines Animation/2D Character Sprite Animation - Penguin/Animations/penguin_preslide_01.controller using Guid(b6275c834eeb61641b24f6c471e49559) Importer(2089858483,b0f066a214c2f5e87bad3c948f4d605d) (ScriptedImporter) -> (artifact id: '4edc8e4218ab13d194effde5a7a6c9ee') in 0.0264429 seconds
Number of updated asset objects reloaded before import = 0Number of asset objects unloaded after import = 5

========================================================================
Received Import Request.
  Time since last request: 0.000016 seconds.
  path: Assets/Nine Pines Animation/2D Character Sprite Animation - Penguin/Animations/penguin_slide_01.controller
  artifactKey: Guid(b2dba765b85bb1b49972dfde33e19b2e) Importer(2089858483,b0f066a214c2f5e87bad3c948f4d605d)
Start importing Assets/Nine Pines Animation/2D Character Sprite Animation - Penguin/Animations/penguin_slide_01.controller using Guid(b2dba765b85bb1b49972dfde33e19b2e) Importer(2089858483,b0f066a214c2f5e87bad3c948f4d605d) (ScriptedImporter) -> (artifact id: 'e4be5a67dfbdbb1a043442c39d069c1e') in 0.0196979 seconds
Number of updated asset objects reloaded before import = 0Number of asset objects unloaded after import = 4

========================================================================
Received Import Request.
  Time since last request: 0.000021 seconds.
  path: Assets/TextMesh Pro/Examples & Extras/Scenes/26 - Dropdown Placeholder Example.unity
  artifactKey: Guid(0851605490a599b46b6ac5cb681d93ea) Importer(2089858483,b0f066a214c2f5e87bad3c948f4d605d)
Start importing Assets/TextMesh Pro/Examples & Extras/Scenes/26 - Dropdown Placeholder Example.unity using Guid(0851605490a599b46b6ac5cb681d93ea) Importer(2089858483,b0f066a214c2f5e87bad3c948f4d605d) (ScriptedImporter) -> (artifact id: '174c969e52b7f8e645dd858ef59bc6ff') in 0.0456476 seconds
Number of updated asset objects reloaded before import = 0Number of asset objects unloaded after import = 1

========================================================================
Received Import Request.
  Time since last request: 0.000027 seconds.
  path: Assets/TextMesh Pro/Examples & Extras/Scenes/01-  Single Line TextMesh Pro.unity
  artifactKey: Guid(2ac8cf212df6445e8aebbe3cb832e993) Importer(2089858483,b0f066a214c2f5e87bad3c948f4d605d)
Start importing Assets/TextMesh Pro/Examples & Extras/Scenes/01-  Single Line TextMesh Pro.unity using Guid(2ac8cf212df6445e8aebbe3cb832e993) Importer(2089858483,b0f066a214c2f5e87bad3c948f4d605d) (ScriptedImporter) -> (artifact id: '7fd396c33fcec4e510acdae8572d37e2') in 0.0318533 seconds
Number of updated asset objects reloaded before import = 0Number of asset objects unloaded after import = 1

========================================================================
Received Import Request.
  Time since last request: 0.000027 seconds.
  path: Assets/TextMesh Pro/Examples & Extras/Scenes/18 - ScrollRect & Masking & Layout.unity
  artifactKey: Guid(03f9d74cec8e4b94a29d2dfd177c821b) Importer(2089858483,b0f066a214c2f5e87bad3c948f4d605d)
Start importing Assets/TextMesh Pro/Examples & Extras/Scenes/18 - ScrollRect & Masking & Layout.unity using Guid(03f9d74cec8e4b94a29d2dfd177c821b) Importer(2089858483,b0f066a214c2f5e87bad3c948f4d605d) (ScriptedImporter) -> (artifact id: 'f00c58cd92bbd64a9d4f0ec9f8961440') in 0.650705 seconds
Number of updated asset objects reloaded before import = 0Number of asset objects unloaded after import = 1

========================================================================
Received Import Request.
  Time since last request: 0.000026 seconds.
  path: Assets/TextMesh Pro/Examples & Extras/Scripts/TMP_PhoneNumberValidator.cs
  artifactKey: Guid(83680ab1a69f4102ac67d1459fe76e1f) Importer(2089858483,b0f066a214c2f5e87bad3c948f4d605d)
Start importing Assets/TextMesh Pro/Examples & Extras/Scripts/TMP_PhoneNumberValidator.cs using Guid(83680ab1a69f4102ac67d1459fe76e1f) Importer(2089858483,b0f066a214c2f5e87bad3c948f4d605d) (ScriptedImporter) -> (artifact id: 'e11fa221e989310f57bebfc5296f9d56') in 0.011726 seconds
Number of updated asset objects reloaded before import = 0Number of asset objects unloaded after import = 0

========================================================================
Received Import Request.
  Time since last request: 0.000057 seconds.
  path: Assets/TextMesh Pro/Examples & Extras/Scripts/TMP_DigitValidator.cs
  artifactKey: Guid(1a7eb92a01ed499a987bde9def05fbce) Importer(2089858483,b0f066a214c2f5e87bad3c948f4d605d)
Start importing Assets/TextMesh Pro/Examples & Extras/Scripts/TMP_DigitValidator.cs using Guid(1a7eb92a01ed499a987bde9def05fbce) Importer(2089858483,b0f066a214c2f5e87bad3c948f4d605d) (ScriptedImporter) -> (artifact id: 'f5e015f2d96eaef4b28adcc65d3de900') in 0.0271854 seconds
Number of updated asset objects reloaded before import = 0Number of asset objects unloaded after import = 0

========================================================================
Received Import Request.
  Time since last request: 0.000023 seconds.
  path: Assets/TextMesh Pro/Examples & Extras/Scripts/VertexJitter.cs
  artifactKey: Guid(2ed57967c52645d390a89dcf8f61ba73) Importer(2089858483,b0f066a214c2f5e87bad3c948f4d605d)
Start importing Assets/TextMesh Pro/Examples & Extras/Scripts/VertexJitter.cs using Guid(2ed57967c52645d390a89dcf8f61ba73) Importer(2089858483,b0f066a214c2f5e87bad3c948f4d605d) (ScriptedImporter) -> (artifact id: 'eb182c55714138505036dc9daefb9cf2') in 0.0226797 seconds
Number of updated asset objects reloaded before import = 0Number of asset objects unloaded after import = 0

========================================================================
Received Import Request.
  Time since last request: 0.000017 seconds.
  path: Assets/TextMesh Pro/Examples & Extras/Scripts/TeleType.cs
  artifactKey: Guid(e32c266ee6204b21a427753cb0694c81) Importer(2089858483,b0f066a214c2f5e87bad3c948f4d605d)
Start importing Assets/TextMesh Pro/Examples & Extras/Scripts/TeleType.cs using Guid(e32c266ee6204b21a427753cb0694c81) Importer(2089858483,b0f066a214c2f5e87bad3c948f4d605d) (ScriptedImporter) -> (artifact id: '1c81299db1b48c2a7ee5e3afa1da1b55') in 0.0109696 seconds
Number of updated asset objects reloaded before import = 0Number of asset objects unloaded after import = 0

========================================================================
Received Import Request.
  Time since last request: 0.000019 seconds.
  path: Assets/TextMesh Pro/Examples & Extras/Scripts/ObjectSpin.cs
  artifactKey: Guid(4f19c7f94c794c5097d8bd11e39c750d) Importer(2089858483,b0f066a214c2f5e87bad3c948f4d605d)
Start importing Assets/TextMesh Pro/Examples & Extras/Scripts/ObjectSpin.cs using Guid(4f19c7f94c794c5097d8bd11e39c750d) Importer(2089858483,b0f066a214c2f5e87bad3c948f4d605d) (ScriptedImporter) -> (artifact id: 'c6ff326eb4fa584d81cc92abaf88d6c5') in 0.0239506 seconds
Number of updated asset objects reloaded before import = 0Number of asset objects unloaded after import = 0

========================================================================
Received Import Request.
  Time since last request: 0.000018 seconds.
  path: Assets/Nine Pines Animation/2D Character Sprite Animation - Penguin/sprites/penguin_slide_03.png
  artifactKey: Guid(5b812e93c05ea4345a5924253cee070b) Importer(2089858483,b0f066a214c2f5e87bad3c948f4d605d)
Start importing Assets/Nine Pines Animation/2D Character Sprite Animation - Penguin/sprites/penguin_slide_03.png using Guid(5b812e93c05ea4345a5924253cee070b) Importer(2089858483,b0f066a214c2f5e87bad3c948f4d605d) (ScriptedImporter) -> (artifact id: '305086a24ff8aadda80ea0d7fb0ca180') in 0.0539105 seconds
Number of updated asset objects reloaded before import = 0Number of asset objects unloaded after import = 3

========================================================================
Received Import Request.
  Time since last request: 0.000043 seconds.
  path: Assets/TextMesh Pro/Examples & Extras/Fonts/Oswald-Bold - OFL.txt
  artifactKey: Guid(d2cf87a8a7a94aa8b80dff1c807c1178) Importer(2089858483,b0f066a214c2f5e87bad3c948f4d605d)
Start importing Assets/TextMesh Pro/Examples & Extras/Fonts/Oswald-Bold - OFL.txt using Guid(d2cf87a8a7a94aa8b80dff1c807c1178) Importer(2089858483,b0f066a214c2f5e87bad3c948f4d605d) (ScriptedImporter) -> (artifact id: 'a03ca55c8740c94e925b0f87ec27ba4d') in 0.1902762 seconds
Number of updated asset objects reloaded before import = 0Number of asset objects unloaded after import = 1

========================================================================
Received Import Request.
  Time since last request: 0.000018 seconds.
  path: Assets/Nine Pines Animation/2D Character Sprite Animation - Penguin/sprites/penguin_idle_03.png
  artifactKey: Guid(e9edcc163e6607941b40459039ff3ec2) Importer(2089858483,b0f066a214c2f5e87bad3c948f4d605d)
Start importing Assets/Nine Pines Animation/2D Character Sprite Animation - Penguin/sprites/penguin_idle_03.png using Guid(e9edcc163e6607941b40459039ff3ec2) Importer(2089858483,b0f066a214c2f5e87bad3c948f4d605d) (ScriptedImporter) -> (artifact id: 'fe4421e9f625c9ef51b76cdbab52c1a9') in 0.1459988 seconds
Number of updated asset objects reloaded before import = 0Number of asset objects unloaded after import = 3

========================================================================
Received Import Request.
  Time since last request: 0.000026 seconds.
  path: Assets/TextMesh Pro/Examples & Extras/Scripts/SkewTextExample.cs
  artifactKey: Guid(d412675cfb3441efa3bf8dcd9b7624dc) Importer(2089858483,b0f066a214c2f5e87bad3c948f4d605d)
Start importing Assets/TextMesh Pro/Examples & Extras/Scripts/SkewTextExample.cs using Guid(d412675cfb3441efa3bf8dcd9b7624dc) Importer(2089858483,b0f066a214c2f5e87bad3c948f4d605d) (ScriptedImporter) -> (artifact id: '4dacf81e062f090e624e7914e3971ea2') in 0.0096265 seconds
Number of updated asset objects reloaded before import = 0Number of asset objects unloaded after import = 0

========================================================================
Received Import Request.
  Time since last request: 0.000018 seconds.
  path: Assets/TextMesh Pro/Examples & Extras/Fonts/Oswald-Bold.ttf
  artifactKey: Guid(c9f6d0e7bc8541498c9a4799ba184ede) Importer(2089858483,b0f066a214c2f5e87bad3c948f4d605d)
Start importing Assets/TextMesh Pro/Examples & Extras/Fonts/Oswald-Bold.ttf using Guid(c9f6d0e7bc8541498c9a4799ba184ede) Importer(2089858483,b0f066a214c2f5e87bad3c948f4d605d) (ScriptedImporter) -> (artifact id: 'cd83893e8ef787b0214a465a20c13151') in 0.0788659 seconds
Number of updated asset objects reloaded before import = 0Number of asset objects unloaded after import = 3

========================================================================
Received Import Request.
  Time since last request: 0.000015 seconds.
  path: Assets/TextMesh Pro/Resources/LineBreaking Following Characters.txt
  artifactKey: Guid(fade42e8bc714b018fac513c043d323b) Importer(2089858483,b0f066a214c2f5e87bad3c948f4d605d)
Start importing Assets/TextMesh Pro/Resources/LineBreaking Following Characters.txt using Guid(fade42e8bc714b018fac513c043d323b) Importer(2089858483,b0f066a214c2f5e87bad3c948f4d605d) (ScriptedImporter) -> (artifact id: '55ebe4ea85a640b9c651ca935cbdf16b') in 0.0097775 seconds
Number of updated asset objects reloaded before import = 0Number of asset objects unloaded after import = 1

========================================================================
Received Import Request.
  Time since last request: 0.000019 seconds.
  path: Assets/FreePixelFood/Sprite/Food/Marmalade.png
  artifactKey: Guid(4f05b20a28cd0394a9dfe5ad2dd89981) Importer(2089858483,b0f066a214c2f5e87bad3c948f4d605d)
Start importing Assets/FreePixelFood/Sprite/Food/Marmalade.png using Guid(4f05b20a28cd0394a9dfe5ad2dd89981) Importer(2089858483,b0f066a214c2f5e87bad3c948f4d605d) (ScriptedImporter) -> (artifact id: '93f9bb29e14d4c365727a409613f6ad7') in 0.0847913 seconds
Number of updated asset objects reloaded before import = 0Number of asset objects unloaded after import = 3

========================================================================
Received Import Request.
  Time since last request: 0.000027 seconds.
  path: Assets/ItemSpawn.cs
  artifactKey: Guid(4b1d0a9e131c7194caac2be1e2d579fa) Importer(2089858483,b0f066a214c2f5e87bad3c948f4d605d)
Start importing Assets/ItemSpawn.cs using Guid(4b1d0a9e131c7194caac2be1e2d579fa) Importer(2089858483,b0f066a214c2f5e87bad3c948f4d605d) (ScriptedImporter) -> (artifact id: '5c74f86fde22c7cd38bef81e8499f75b') in 0.0094274 seconds
Number of updated asset objects reloaded before import = 0Number of asset objects unloaded after import = 0

========================================================================
Received Import Request.
  Time since last request: 0.000017 seconds.
  path: Assets/MainScene.unity
  artifactKey: Guid(5b8aab53315ed51438f4751ce673d293) Importer(2089858483,b0f066a214c2f5e87bad3c948f4d605d)
Start importing Assets/MainScene.unity using Guid(5b8aab53315ed51438f4751ce673d293) Importer(2089858483,b0f066a214c2f5e87bad3c948f4d605d) (ScriptedImporter) -> (artifact id: 'cb8d2131388ce06464ec466d2c736306') in 0.083648 seconds
Number of updated asset objects reloaded before import = 0Number of asset objects unloaded after import = 1

========================================================================
Received Import Request.
  Time since last request: 0.000017 seconds.
  path: Assets/TextMesh Pro/Examples & Extras/Fonts/Bangers - OFL.txt
  artifactKey: Guid(efe0bf4ac872451e91612d1ae593f480) Importer(2089858483,b0f066a214c2f5e87bad3c948f4d605d)
Start importing Assets/TextMesh Pro/Examples & Extras/Fonts/Bangers - OFL.txt using Guid(efe0bf4ac872451e91612d1ae593f480) Importer(2089858483,b0f066a214c2f5e87bad3c948f4d605d) (ScriptedImporter) -> (artifact id: '1fa94b13cb515db27d1fc46832cee9f0') in 0.0454283 seconds
Number of updated asset objects reloaded before import = 0Number of asset objects unloaded after import = 1

========================================================================
Received Import Request.
  Time since last request: 0.000027 seconds.
  path: Assets/TextMesh Pro/Examples & Extras/Scripts/TMP_FrameRateCounter.cs
  artifactKey: Guid(686ec78b56aa445795335fbadafcfaa4) Importer(2089858483,b0f066a214c2f5e87bad3c948f4d605d)
Start importing Assets/TextMesh Pro/Examples & Extras/Scripts/TMP_FrameRateCounter.cs using Guid(686ec78b56aa445795335fbadafcfaa4) Importer(2089858483,b0f066a214c2f5e87bad3c948f4d605d) (ScriptedImporter) -> (artifact id: '561a5f9221d537ee496dc99b036fad60') in 0.0100287 seconds
Number of updated asset objects reloaded before import = 0Number of asset objects unloaded after import = 0

========================================================================
Received Import Request.
  Time since last request: 0.000015 seconds.
  path: Assets/Nine Pines Animation/2D Character Sprite Animation - Penguin/sprites/penguin_walk_05.png
  artifactKey: Guid(46f53a456f6630c48939a8e43d1dd3d8) Importer(2089858483,b0f066a214c2f5e87bad3c948f4d605d)
Start importing Assets/Nine Pines Animation/2D Character Sprite Animation - Penguin/sprites/penguin_walk_05.png using Guid(46f53a456f6630c48939a8e43d1dd3d8) Importer(2089858483,b0f066a214c2f5e87bad3c948f4d605d) (ScriptedImporter) -> (artifact id: '3bf16c2c08fd36d777f34acb5d8196dd') in 0.0969295 seconds
Number of updated asset objects reloaded before import = 0Number of asset objects unloaded after import = 3

========================================================================
Received Import Request.
  Time since last request: 0.000016 seconds.
  path: Assets/TextMesh Pro/Examples & Extras/Scripts/Benchmark01.cs
  artifactKey: Guid(f970ea55f9f84bf79b05dab180b8c125) Importer(2089858483,b0f066a214c2f5e87bad3c948f4d605d)
Start importing Assets/TextMesh Pro/Examples & Extras/Scripts/Benchmark01.cs using Guid(f970ea55f9f84bf79b05dab180b8c125) Importer(2089858483,b0f066a214c2f5e87bad3c948f4d605d) (ScriptedImporter) -> (artifact id: '61386d62a8d3620d4d3b6b203ac8a352') in 0.0097669 seconds
Number of updated asset objects reloaded before import = 0Number of asset objects unloaded after import = 0

========================================================================
Received Import Request.
  Time since last request: 0.000021 seconds.
  path: Assets/TextMesh Pro/Examples & Extras/Scenes/22 - Basic Scripting Example.unity
  artifactKey: Guid(6250f98e58fe4abbaada5d84b7ca846d) Importer(2089858483,b0f066a214c2f5e87bad3c948f4d605d)
Start importing Assets/TextMesh Pro/Examples & Extras/Scenes/22 - Basic Scripting Example.unity using Guid(6250f98e58fe4abbaada5d84b7ca846d) Importer(2089858483,b0f066a214c2f5e87bad3c948f4d605d) (ScriptedImporter) -> (artifact id: '978c99f061255d5894957981ca295ed3') in 0.3284666 seconds
Number of updated asset objects reloaded before import = 0Number of asset objects unloaded after import = 1

========================================================================
Received Import Request.
  Time since last request: 0.000026 seconds.
  path: Assets/TextMesh Pro/Examples & Extras/Scripts/TMP_TextEventCheck.cs
  artifactKey: Guid(d736ce056cf444ca96e424f4d9c42b76) Importer(2089858483,b0f066a214c2f5e87bad3c948f4d605d)
Start importing Assets/TextMesh Pro/Examples & Extras/Scripts/TMP_TextEventCheck.cs using Guid(d736ce056cf444ca96e424f4d9c42b76) Importer(2089858483,b0f066a214c2f5e87bad3c948f4d605d) (ScriptedImporter) -> (artifact id: 'fd533d29bf1c1c92498a2c70320bd8ad') in 0.0100275 seconds
Number of updated asset objects reloaded before import = 0Number of asset objects unloaded after import = 0

========================================================================
Received Import Request.
  Time since last request: 0.000017 seconds.
  path: Assets/TextMesh Pro/Examples & Extras/Scripts/TMP_ExampleScript_01.cs
  artifactKey: Guid(6f2c5b59b6874405865e2616e4ec276a) Importer(2089858483,b0f066a214c2f5e87bad3c948f4d605d)
Start importing Assets/TextMesh Pro/Examples & Extras/Scripts/TMP_ExampleScript_01.cs using Guid(6f2c5b59b6874405865e2616e4ec276a) Importer(2089858483,b0f066a214c2f5e87bad3c948f4d605d) (ScriptedImporter) -> (artifact id: '747997f76aa6d08eec50a479ebabf0be') in 0.1084131 seconds
Number of updated asset objects reloaded before import = 0Number of asset objects unloaded after import = 0

========================================================================
Received Import Request.
  Time since last request: 0.000017 seconds.
  path: Assets/TextMesh Pro/Examples & Extras/Scripts/Benchmark01_UGUI.cs
  artifactKey: Guid(8ef7be1c625941f7ba8ed7cc71718c0d) Importer(2089858483,b0f066a214c2f5e87bad3c948f4d605d)
Start importing Assets/TextMesh Pro/Examples & Extras/Scripts/Benchmark01_UGUI.cs using Guid(8ef7be1c625941f7ba8ed7cc71718c0d) Importer(2089858483,b0f066a214c2f5e87bad3c948f4d605d) (ScriptedImporter) -> (artifact id: 'd50dacb38e087968d6bc3f830b88653f') in 0.0100929 seconds
Number of updated asset objects reloaded before import = 0Number of asset objects unloaded after import = 0

========================================================================
Received Import Request.
  Time since last request: 0.000019 seconds.
  path: Assets/TextMesh Pro/Examples & Extras/Scripts/TMP_TextInfoDebugTool.cs
  artifactKey: Guid(21256c5b62f346f18640dad779911e20) Importer(2089858483,b0f066a214c2f5e87bad3c948f4d605d)
Start importing Assets/TextMesh Pro/Examples & Extras/Scripts/TMP_TextInfoDebugTool.cs using Guid(21256c5b62f346f18640dad779911e20) Importer(2089858483,b0f066a214c2f5e87bad3c948f4d605d) (ScriptedImporter) -> (artifact id: 'c481bf01f2c32ef539d4d390a4ce512d') in 0.0243442 seconds
Number of updated asset objects reloaded before import = 0Number of asset objects unloaded after import = 0

========================================================================
Received Import Request.
  Time since last request: 0.000027 seconds.
  path: Assets/TextMesh Pro/Examples & Extras/Scripts/VertexColorCycler.cs
  artifactKey: Guid(91b8ba3d52e041fab2d0e0f169855539) Importer(2089858483,b0f066a214c2f5e87bad3c948f4d605d)
Start importing Assets/TextMesh Pro/Examples & Extras/Scripts/VertexColorCycler.cs using Guid(91b8ba3d52e041fab2d0e0f169855539) Importer(2089858483,b0f066a214c2f5e87bad3c948f4d605d) (ScriptedImporter) -> (artifact id: '64635526fcb6cd73ef5893bcd0d5b334') in 0.0537152 seconds
Number of updated asset objects reloaded before import = 0Number of asset objects unloaded after import = 0

========================================================================
Received Import Request.
  Time since last request: 0.000016 seconds.
  path: Assets/TextMesh Pro/Examples & Extras/Scripts/ShaderPropAnimator.cs
  artifactKey: Guid(2787a46a4dc848c1b4b7b9307b614bfd) Importer(2089858483,b0f066a214c2f5e87bad3c948f4d605d)
Start importing Assets/TextMesh Pro/Examples & Extras/Scripts/ShaderPropAnimator.cs using Guid(2787a46a4dc848c1b4b7b9307b614bfd) Importer(2089858483,b0f066a214c2f5e87bad3c948f4d605d) (ScriptedImporter) -> (artifact id: 'dbd6516672beb103d47f265abdbbdb56') in 0.0097716 seconds
Number of updated asset objects reloaded before import = 0Number of asset objects unloaded after import = 0

========================================================================
Received Import Request.
  Time since last request: 0.000016 seconds.
  path: Assets/Nine Pines Animation/2D Character Sprite Animation - Penguin/sprites/penguin_slide_02.png
  artifactKey: Guid(e8c6a0c8170f48a4a8ffab289681844a) Importer(2089858483,b0f066a214c2f5e87bad3c948f4d605d)
Start importing Assets/Nine Pines Animation/2D Character Sprite Animation - Penguin/sprites/penguin_slide_02.png using Guid(e8c6a0c8170f48a4a8ffab289681844a) Importer(2089858483,b0f066a214c2f5e87bad3c948f4d605d) (ScriptedImporter) -> (artifact id: '2d40448b0c85aeac6e43aff55fbc2afa') in 0.1986003 seconds
Number of updated asset objects reloaded before import = 0Number of asset objects unloaded after import = 3

========================================================================
Received Import Request.
  Time since last request: 0.000020 seconds.
  path: Assets/TextMesh Pro/Examples & Extras/Textures/Brushed Metal 3.jpg
  artifactKey: Guid(f88677df267a41d6be1e7a6133e7d227) Importer(2089858483,b0f066a214c2f5e87bad3c948f4d605d)
Start importing Assets/TextMesh Pro/Examples & Extras/Textures/Brushed Metal 3.jpg using Guid(f88677df267a41d6be1e7a6133e7d227) Importer(2089858483,b0f066a214c2f5e87bad3c948f4d605d) (ScriptedImporter) -> (artifact id: '481b3fd3c35c8f1da11e24f03e43235d') in 0.6354855 seconds
Number of updated asset objects reloaded before import = 0Number of asset objects unloaded after import = 1

========================================================================
Received Import Request.
  Time since last request: 0.000025 seconds.
  path: Assets/BayatGames/Free Platform Game Assets/GUI ( Update 1.7 )/png/Empty1024x1024.png
  artifactKey: Guid(54b664ca75dbece4ea3a07f76313b928) Importer(2089858483,b0f066a214c2f5e87bad3c948f4d605d)
Start importing Assets/BayatGames/Free Platform Game Assets/GUI ( Update 1.7 )/png/Empty1024x1024.png using Guid(54b664ca75dbece4ea3a07f76313b928) Importer(2089858483,b0f066a214c2f5e87bad3c948f4d605d) (ScriptedImporter) -> (artifact id: 'faee209a45cea862a7f46293c7a4d7b1') in 0.2174434 seconds
Number of updated asset objects reloaded before import = 0Number of asset objects unloaded after import = 3

========================================================================
Received Import Request.
  Time since last request: 0.000019 seconds.
  path: Assets/TextMesh Pro/Examples & Extras/Textures/Wipe Pattern - Radial Double.psd
  artifactKey: Guid(7631f4eff8f74ed38eb3eb9db17134e1) Importer(2089858483,b0f066a214c2f5e87bad3c948f4d605d)
Start importing Assets/TextMesh Pro/Examples & Extras/Textures/Wipe Pattern - Radial Double.psd using Guid(7631f4eff8f74ed38eb3eb9db17134e1) Importer(2089858483,b0f066a214c2f5e87bad3c948f4d605d) (ScriptedImporter) -> (artifact id: 'fe640e11c5f0dded717ee10f6e19270f') in 0.0696752 seconds
Number of updated asset objects reloaded before import = 0Number of asset objects unloaded after import = 1

========================================================================
Received Import Request.
  Time since last request: 0.000028 seconds.
  path: Assets/TextMesh Pro/Resources/Fonts & Materials/LiberationSans SDF - Drop Shadow.mat
  artifactKey: Guid(e73a58f6e2794ae7b1b7e50b7fb811b0) Importer(2089858483,b0f066a214c2f5e87bad3c948f4d605d)
Start importing Assets/TextMesh Pro/Resources/Fonts & Materials/LiberationSans SDF - Drop Shadow.mat using Guid(e73a58f6e2794ae7b1b7e50b7fb811b0) Importer(2089858483,b0f066a214c2f5e87bad3c948f4d605d) (ScriptedImporter) -> (artifact id: 'c2a0ec23a00f359142ed8977da7bfea8') in 0.1155025 seconds
Number of updated asset objects reloaded before import = 0Number of asset objects unloaded after import = 2

========================================================================
Received Import Request.
  Time since last request: 0.000019 seconds.
  path: Assets/karsiori/Sprites/Pixel Art Rock Pile Pack/Rock Pile - AZURE -/Rock Pile 1 - AZURE - BIG.PNG
  artifactKey: Guid(e0363fb1f9e9ec44187bc9f5a1f6d30e) Importer(2089858483,b0f066a214c2f5e87bad3c948f4d605d)
Start importing Assets/karsiori/Sprites/Pixel Art Rock Pile Pack/Rock Pile - AZURE -/Rock Pile 1 - AZURE - BIG.PNG using Guid(e0363fb1f9e9ec44187bc9f5a1f6d30e) Importer(2089858483,b0f066a214c2f5e87bad3c948f4d605d) (ScriptedImporter) -> (artifact id: 'e95706e10a8a1f63fa10798216c5b301') in 0.1190023 seconds
Number of updated asset objects reloaded before import = 0Number of asset objects unloaded after import = 3

========================================================================
Received Import Request.
  Time since last request: 0.000019 seconds.
  path: Assets/BayatGames/Free Platform Game Assets/GUI ( Update 1.7 )/png/Iconic1024x1024.png
  artifactKey: Guid(9fb826f3ca5c937439ca036782864fa1) Importer(2089858483,b0f066a214c2f5e87bad3c948f4d605d)
Start importing Assets/BayatGames/Free Platform Game Assets/GUI ( Update 1.7 )/png/Iconic1024x1024.png using Guid(9fb826f3ca5c937439ca036782864fa1) Importer(2089858483,b0f066a214c2f5e87bad3c948f4d605d) (ScriptedImporter) -> (artifact id: 'eac2767d9c8b0c21b9ed84f08a168b02') in 0.3150718 seconds
Number of updated asset objects reloaded before import = 0Number of asset objects unloaded after import = 3

========================================================================
Received Import Request.
  Time since last request: 0.000027 seconds.
  path: Assets/TextMesh Pro/Examples & Extras/Textures/Small Crate_diffuse.jpg
  artifactKey: Guid(602cb87b6a29443b8636370ea0751574) Importer(2089858483,b0f066a214c2f5e87bad3c948f4d605d)
Start importing Assets/TextMesh Pro/Examples & Extras/Textures/Small Crate_diffuse.jpg using Guid(602cb87b6a29443b8636370ea0751574) Importer(2089858483,b0f066a214c2f5e87bad3c948f4d605d) (ScriptedImporter) -> (artifact id: 'ca20e4a1e6c4b8eb8868a613bf5eb854') in 0.1374712 seconds
Number of updated asset objects reloaded before import = 0Number of asset objects unloaded after import = 1

========================================================================
Received Import Request.
  Time since last request: 0.000018 seconds.
  path: Assets/karsiori/Sprites/Pixel Art Rock Pile Pack/Rock Pile - AZURE -/Rock Pile 10 - AZURE - BIG.PNG
  artifactKey: Guid(54e6834b9276b974b8bba5b20df08801) Importer(2089858483,b0f066a214c2f5e87bad3c948f4d605d)
Start importing Assets/karsiori/Sprites/Pixel Art Rock Pile Pack/Rock Pile - AZURE -/Rock Pile 10 - AZURE - BIG.PNG using Guid(54e6834b9276b974b8bba5b20df08801) Importer(2089858483,b0f066a214c2f5e87bad3c948f4d605d) (ScriptedImporter) -> (artifact id: 'bbeaa1783f297e5b8ebe9045c0016ee7') in 0.0840883 seconds
Number of updated asset objects reloaded before import = 0Number of asset objects unloaded after import = 3

========================================================================
Received Import Request.
  Time since last request: 0.000027 seconds.
  path: Assets/TextMesh Pro/Examples & Extras/Sprites/DropCap Numbers.psd
  artifactKey: Guid(fd09957580ac4326916010f1f260975b) Importer(2089858483,b0f066a214c2f5e87bad3c948f4d605d)
Start importing Assets/TextMesh Pro/Examples & Extras/Sprites/DropCap Numbers.psd using Guid(fd09957580ac4326916010f1f260975b) Importer(2089858483,b0f066a214c2f5e87bad3c948f4d605d) (ScriptedImporter) -> (artifact id: '8bf44212d8704781dc2bfd802469f328') in 0.1087738 seconds
Number of updated asset objects reloaded before import = 0Number of asset objects unloaded after import = 1

========================================================================
Received Import Request.
  Time since last request: 0.000017 seconds.
  path: Assets/karsiori/Sprites/Pixel Art Rock Pile Pack/Rock Pile - AZURE -/Rock Pile 1 - AZURE - small.PNG
  artifactKey: Guid(95aa0e02b86110e438eef6e993366dfc) Importer(2089858483,b0f066a214c2f5e87bad3c948f4d605d)
Start importing Assets/karsiori/Sprites/Pixel Art Rock Pile Pack/Rock Pile - AZURE -/Rock Pile 1 - AZURE - small.PNG using Guid(95aa0e02b86110e438eef6e993366dfc) Importer(2089858483,b0f066a214c2f5e87bad3c948f4d605d) (ScriptedImporter) -> (artifact id: 'b1d0162da3a738760a37126b289482d0') in 0.1616779 seconds
Number of updated asset objects reloaded before import = 0Number of asset objects unloaded after import = 3

========================================================================
Received Import Request.
  Time since last request: 0.000021 seconds.
  path: Assets/TextMesh Pro/Examples & Extras/Textures/Gradient Diagonal (Color).jpg
  artifactKey: Guid(2ce5c55e85304b819a1826ecbc839aa5) Importer(2089858483,b0f066a214c2f5e87bad3c948f4d605d)
Start importing Assets/TextMesh Pro/Examples & Extras/Textures/Gradient Diagonal (Color).jpg using Guid(2ce5c55e85304b819a1826ecbc839aa5) Importer(2089858483,b0f066a214c2f5e87bad3c948f4d605d) (ScriptedImporter) -> (artifact id: '7144fd4b48b01960c7be43d626e79fc4') in 0.4275633 seconds
Number of updated asset objects reloaded before import = 0Number of asset objects unloaded after import = 1

========================================================================
Received Import Request.
  Time since last request: 0.000028 seconds.
  path: Assets/TextMesh Pro/Resources/Fonts & Materials/LiberationSans SDF - Fallback.asset
  artifactKey: Guid(2e498d1c8094910479dc3e1b768306a4) Importer(2089858483,b0f066a214c2f5e87bad3c948f4d605d)
Start importing Assets/TextMesh Pro/Resources/Fonts & Materials/LiberationSans SDF - Fallback.asset using Guid(2e498d1c8094910479dc3e1b768306a4) Importer(2089858483,b0f066a214c2f5e87bad3c948f4d605d) (ScriptedImporter) -> (artifact id: '177b5abd22e9124ad9511bedd962971d') in 0.0210595 seconds
Number of updated asset objects reloaded before import = 0Number of asset objects unloaded after import = 5

========================================================================
Received Import Request.
  Time since last request: 0.000018 seconds.
  path: Assets/TextMesh Pro/Resources/Fonts & Materials/LiberationSans SDF - Outline.mat
  artifactKey: Guid(79459efec17a4d00a321bdcc27bbc385) Importer(2089858483,b0f066a214c2f5e87bad3c948f4d605d)
Start importing Assets/TextMesh Pro/Resources/Fonts & Materials/LiberationSans SDF - Outline.mat using Guid(79459efec17a4d00a321bdcc27bbc385) Importer(2089858483,b0f066a214c2f5e87bad3c948f4d605d) (ScriptedImporter) -> (artifact id: '5d2e1b871058b4c2c72e154353a53107') in 0.134148 seconds
Number of updated asset objects reloaded before import = 0Number of asset objects unloaded after import = 2

========================================================================
Received Import Request.
  Time since last request: 0.000021 seconds.
  path: Assets/BayatGames/Free Platform Game Assets/Coin Animation/eps/Coin Animation.eps
  artifactKey: Guid(1e2edfd1b1172174dbb3e3f344172350) Importer(2089858483,b0f066a214c2f5e87bad3c948f4d605d)
Start importing Assets/BayatGames/Free Platform Game Assets/Coin Animation/eps/Coin Animation.eps using Guid(1e2edfd1b1172174dbb3e3f344172350) Importer(2089858483,b0f066a214c2f5e87bad3c948f4d605d) (ScriptedImporter) -> (artifact id: '7978ac076e1b4d034bc3e54c45053f72') in 0.0105632 seconds
Number of updated asset objects reloaded before import = 0Number of asset objects unloaded after import = 1

========================================================================
Received Import Request.
  Time since last request: 0.000028 seconds.
  path: Assets/Nine Pines Animation/2D Character Sprite Animation - Penguin/sprites/penguin_walk_01.png
  artifactKey: Guid(dff6bb17b24945d428995c019750f524) Importer(2089858483,b0f066a214c2f5e87bad3c948f4d605d)
Start importing Assets/Nine Pines Animation/2D Character Sprite Animation - Penguin/sprites/penguin_walk_01.png using Guid(dff6bb17b24945d428995c019750f524) Importer(2089858483,b0f066a214c2f5e87bad3c948f4d605d) (ScriptedImporter) -> (artifact id: '1cbee64250338e985b45a0864cae1486') in 0.1878888 seconds
Number of updated asset objects reloaded before import = 0Number of asset objects unloaded after import = 3

========================================================================
Received Import Request.
  Time since last request: 0.000024 seconds.
  path: Assets/karsiori/Sprites/Pixel Art Rock Pile Pack/Rock Pile - AZURE -/Rock Pile 13 - AZURE - small.PNG
  artifactKey: Guid(9e7c184830a5cbe40b7f794c3a65de1d) Importer(2089858483,b0f066a214c2f5e87bad3c948f4d605d)
Start importing Assets/karsiori/Sprites/Pixel Art Rock Pile Pack/Rock Pile - AZURE -/Rock Pile 13 - AZURE - small.PNG using Guid(9e7c184830a5cbe40b7f794c3a65de1d) Importer(2089858483,b0f066a214c2f5e87bad3c948f4d605d) (ScriptedImporter) -> (artifact id: 'b84f20c1eb2d9efc3d19cb14739bb6d1') in 0.097151 seconds
Number of updated asset objects reloaded before import = 0Number of asset objects unloaded after import = 3

========================================================================
Received Import Request.
  Time since last request: 0.000027 seconds.
  path: Assets/karsiori/Sprites/Pixel Art Rock Pile Pack/Rock Pile - AZURE -/Rock Pile 8 - AZURE - BIG.PNG
  artifactKey: Guid(252c69ee9deb7164c8f329dac167c7a1) Importer(2089858483,b0f066a214c2f5e87bad3c948f4d605d)
Start importing Assets/karsiori/Sprites/Pixel Art Rock Pile Pack/Rock Pile - AZURE -/Rock Pile 8 - AZURE - BIG.PNG using Guid(252c69ee9deb7164c8f329dac167c7a1) Importer(2089858483,b0f066a214c2f5e87bad3c948f4d605d) (ScriptedImporter) -> (artifact id: '42684b793d4e03b59e08db38d86748dc') in 0.0375868 seconds
Number of updated asset objects reloaded before import = 0Number of asset objects unloaded after import = 3

========================================================================
Received Import Request.
  Time since last request: 0.000016 seconds.
  path: Assets/karsiori/Sprites/Pixel Art Rock Pile Pack/Rock Pile - AZURE -/Rock Pile 2 - AZURE - BIG.PNG
  artifactKey: Guid(e9f4af4d452ebf346ba56a8b4e63c36e) Importer(2089858483,b0f066a214c2f5e87bad3c948f4d605d)
Start importing Assets/karsiori/Sprites/Pixel Art Rock Pile Pack/Rock Pile - AZURE -/Rock Pile 2 - AZURE - BIG.PNG using Guid(e9f4af4d452ebf346ba56a8b4e63c36e) Importer(2089858483,b0f066a214c2f5e87bad3c948f4d605d) (ScriptedImporter) -> (artifact id: 'dc481e1c421bd0d367b5fcc068b0818e') in 0.074933 seconds
Number of updated asset objects reloaded before import = 0Number of asset objects unloaded after import = 3

========================================================================
Received Import Request.
  Time since last request: 0.000020 seconds.
  path: Assets/karsiori/Sprites/Pixel Art Rock Pile Pack/Rock Pile - AZURE -/Rock Pile 4 - AZURE - BIG.PNG
  artifactKey: Guid(47122679658c0b64ca20c08f6fa4f5e1) Importer(2089858483,b0f066a214c2f5e87bad3c948f4d605d)
Start importing Assets/karsiori/Sprites/Pixel Art Rock Pile Pack/Rock Pile - AZURE -/Rock Pile 4 - AZURE - BIG.PNG using Guid(47122679658c0b64ca20c08f6fa4f5e1) Importer(2089858483,b0f066a214c2f5e87bad3c948f4d605d) (ScriptedImporter) -> (artifact id: '8c27d8abf0074b6d97727ba878f28f13') in 0.1265805 seconds
Number of updated asset objects reloaded before import = 0Number of asset objects unloaded after import = 3

========================================================================
Received Import Request.
  Time since last request: 0.000027 seconds.
  path: Assets/karsiori/Sprites/Pixel Art Rock Pile Pack/Rock Pile - AZURE -/Rock Pile 11 - AZURE - small.PNG
  artifactKey: Guid(8ecb76b494f9fdc458e4d2910c6a9e37) Importer(2089858483,b0f066a214c2f5e87bad3c948f4d605d)
Start importing Assets/karsiori/Sprites/Pixel Art Rock Pile Pack/Rock Pile - AZURE -/Rock Pile 11 - AZURE - small.PNG using Guid(8ecb76b494f9fdc458e4d2910c6a9e37) Importer(2089858483,b0f066a214c2f5e87bad3c948f4d605d) (ScriptedImporter) -> (artifact id: '7e9ba527dd8e63f11dc1f6006522d534') in 0.1042544 seconds
Number of updated asset objects reloaded before import = 0Number of asset objects unloaded after import = 3

========================================================================
Received Import Request.
  Time since last request: 0.000014 seconds.
  path: Assets/karsiori/Sprites/Pixel Art Rock Pile Pack/Rock Pile - AZURE -/Rock Pile 8 - AZURE - small.PNG
  artifactKey: Guid(bc429c68279723342bdab76cb6901f64) Importer(2089858483,b0f066a214c2f5e87bad3c948f4d605d)
Start importing Assets/karsiori/Sprites/Pixel Art Rock Pile Pack/Rock Pile - AZURE -/Rock Pile 8 - AZURE - small.PNG using Guid(bc429c68279723342bdab76cb6901f64) Importer(2089858483,b0f066a214c2f5e87bad3c948f4d605d) (ScriptedImporter) -> (artifact id: 'c315ce6c37572a00e048074716dce06b') in 0.144856 seconds
Number of updated asset objects reloaded before import = 0Number of asset objects unloaded after import = 3

========================================================================
Received Import Request.
  Time since last request: 0.000019 seconds.
  path: Assets/karsiori/Sprites/Pixel Art Rock Pile Pack/Rock Pile - BEIGE -/Rock Pile 1 - BEIGE - small.PNG
  artifactKey: Guid(fd9626ab7f14d444eb2164cd203a5d9a) Importer(2089858483,b0f066a214c2f5e87bad3c948f4d605d)
Start importing Assets/karsiori/Sprites/Pixel Art Rock Pile Pack/Rock Pile - BEIGE -/Rock Pile 1 - BEIGE - small.PNG using Guid(fd9626ab7f14d444eb2164cd203a5d9a) Importer(2089858483,b0f066a214c2f5e87bad3c948f4d605d) (ScriptedImporter) -> (artifact id: 'e1f94eff9266d9fecece60adf6e9b246') in 0.1250823 seconds
Number of updated asset objects reloaded before import = 0Number of asset objects unloaded after import = 3

========================================================================
Received Import Request.
  Time since last request: 0.000024 seconds.
  path: Assets/karsiori/Sprites/Pixel Art Rock Pile Pack/Rock Pile - AZURE -/Rock Pile 14 - AZURE - BIG.PNG
  artifactKey: Guid(9a0fe3fe22f3d3c48a5a7391a38fb634) Importer(2089858483,b0f066a214c2f5e87bad3c948f4d605d)
Start importing Assets/karsiori/Sprites/Pixel Art Rock Pile Pack/Rock Pile - AZURE -/Rock Pile 14 - AZURE - BIG.PNG using Guid(9a0fe3fe22f3d3c48a5a7391a38fb634) Importer(2089858483,b0f066a214c2f5e87bad3c948f4d605d) (ScriptedImporter) -> (artifact id: '1f588b431e3f506dd46e81381dce0ac6') in 0.0580146 seconds
Number of updated asset objects reloaded before import = 0Number of asset objects unloaded after import = 3

========================================================================
Received Import Request.
  Time since last request: 0.000018 seconds.
  path: Assets/karsiori/Sprites/Pixel Art Rock Pile Pack/Rock Pile - AZURE -/Rock Pile 11 - AZURE - BIG.PNG
  artifactKey: Guid(02ed43ab6eba3714e9b3e56e2e484b4d) Importer(2089858483,b0f066a214c2f5e87bad3c948f4d605d)
Start importing Assets/karsiori/Sprites/Pixel Art Rock Pile Pack/Rock Pile - AZURE -/Rock Pile 11 - AZURE - BIG.PNG using Guid(02ed43ab6eba3714e9b3e56e2e484b4d) Importer(2089858483,b0f066a214c2f5e87bad3c948f4d605d) (ScriptedImporter) -> (artifact id: '9c22070c9dbe3e118d44f84c00c54301') in 0.1352119 seconds
Number of updated asset objects reloaded before import = 0Number of asset objects unloaded after import = 3

========================================================================
Received Import Request.
  Time since last request: 0.000020 seconds.
  path: Assets/karsiori/Sprites/Pixel Art Rock Pile Pack/Rock Pile - AZURE -/Rock Pile 9 - AZURE - small.PNG
  artifactKey: Guid(a50df500669f61d4da2fb79314d06070) Importer(2089858483,b0f066a214c2f5e87bad3c948f4d605d)
Start importing Assets/karsiori/Sprites/Pixel Art Rock Pile Pack/Rock Pile - AZURE -/Rock Pile 9 - AZURE - small.PNG using Guid(a50df500669f61d4da2fb79314d06070) Importer(2089858483,b0f066a214c2f5e87bad3c948f4d605d) (ScriptedImporter) -> (artifact id: '5d47b1a5ce73c60f81aadc893c4c4552') in 0.0400151 seconds
Number of updated asset objects reloaded before import = 0Number of asset objects unloaded after import = 3

========================================================================
Received Import Request.
  Time since last request: 0.000021 seconds.
  path: Assets/BayatGames/Free Platform Game Assets/GUI ( Update 1.7 )/eps/Iconic Buttons.eps
  artifactKey: Guid(052e31417bf636f45b514af630c07b82) Importer(2089858483,b0f066a214c2f5e87bad3c948f4d605d)
Start importing Assets/BayatGames/Free Platform Game Assets/GUI ( Update 1.7 )/eps/Iconic Buttons.eps using Guid(052e31417bf636f45b514af630c07b82) Importer(2089858483,b0f066a214c2f5e87bad3c948f4d605d) (ScriptedImporter) -> (artifact id: 'db178d1700be6b9f538bc1ee3c8f1c69') in 0.0109229 seconds
Number of updated asset objects reloaded before import = 0Number of asset objects unloaded after import = 1

========================================================================
Received Import Request.
  Time since last request: 0.000017 seconds.
  path: Assets/karsiori/Sprites/Pixel Art Rock Pile Pack/Rock Pile - AZURE -/Rock Pile 9 - AZURE - BIG.PNG
  artifactKey: Guid(be86896d9d0f53d43834a84a4bc778eb) Importer(2089858483,b0f066a214c2f5e87bad3c948f4d605d)
Start importing Assets/karsiori/Sprites/Pixel Art Rock Pile Pack/Rock Pile - AZURE -/Rock Pile 9 - AZURE - BIG.PNG using Guid(be86896d9d0f53d43834a84a4bc778eb) Importer(2089858483,b0f066a214c2f5e87bad3c948f4d605d) (ScriptedImporter) -> (artifact id: '149f047d4922d105b527f3c5d94842c4') in 0.1112589 seconds
Number of updated asset objects reloaded before import = 0Number of asset objects unloaded after import = 3

========================================================================
Received Import Request.
  Time since last request: 0.000015 seconds.
  path: Assets/TextMesh Pro/Examples & Extras/Materials/Small Crate_diffuse.mat
  artifactKey: Guid(22262639920f43d6be32430e4e58350d) Importer(2089858483,b0f066a214c2f5e87bad3c948f4d605d)
Start importing Assets/TextMesh Pro/Examples & Extras/Materials/Small Crate_diffuse.mat using Guid(22262639920f43d6be32430e4e58350d) Importer(2089858483,b0f066a214c2f5e87bad3c948f4d605d) (ScriptedImporter) -> (artifact id: '6a357e9680ba89808ffa819823962da2') in 0.0416597 seconds
Number of updated asset objects reloaded before import = 0Number of asset objects unloaded after import = 3

========================================================================
Received Import Request.
  Time since last request: 0.000018 seconds.
  path: Assets/Nine Pines Animation/2D Character Sprite Animation - Penguin/sprites/penguin_jump_01.png
  artifactKey: Guid(d00a97fec0ddfde49bb6a9ae8d67a45b) Importer(2089858483,b0f066a214c2f5e87bad3c948f4d605d)
Start importing Assets/Nine Pines Animation/2D Character Sprite Animation - Penguin/sprites/penguin_jump_01.png using Guid(d00a97fec0ddfde49bb6a9ae8d67a45b) Importer(2089858483,b0f066a214c2f5e87bad3c948f4d605d) (ScriptedImporter) -> (artifact id: '70fa86c1544becd607427bdab978f2bc') in 0.1414351 seconds
Number of updated asset objects reloaded before import = 0Number of asset objects unloaded after import = 3

========================================================================
Received Import Request.
  Time since last request: 0.000044 seconds.
  path: Assets/Nine Pines Animation/2D Character Sprite Animation - Penguin/sprites/penguin_slide_01.png
  artifactKey: Guid(8bd8a87ef1d4a5c45a119c9abdfb08af) Importer(2089858483,b0f066a214c2f5e87bad3c948f4d605d)
Start importing Assets/Nine Pines Animation/2D Character Sprite Animation - Penguin/sprites/penguin_slide_01.png using Guid(8bd8a87ef1d4a5c45a119c9abdfb08af) Importer(2089858483,b0f066a214c2f5e87bad3c948f4d605d) (ScriptedImporter) -> (artifact id: '154219483fe37e1a4ab1655774d81e6e') in 0.1532227 seconds
Number of updated asset objects reloaded before import = 0Number of asset objects unloaded after import = 3

========================================================================
Received Import Request.
  Time since last request: 0.000017 seconds.
  path: Assets/TextMesh Pro/Examples & Extras/Fonts/Roboto-Bold - License.txt
  artifactKey: Guid(f0303f887b8fa7243a51432c478ff2f3) Importer(2089858483,b0f066a214c2f5e87bad3c948f4d605d)
Start importing Assets/TextMesh Pro/Examples & Extras/Fonts/Roboto-Bold - License.txt using Guid(f0303f887b8fa7243a51432c478ff2f3) Importer(2089858483,b0f066a214c2f5e87bad3c948f4d605d) (ScriptedImporter) -> (artifact id: '8ca1a8a5b77b7d05e2975265d49ae85c') in 0.1530351 seconds
Number of updated asset objects reloaded before import = 0Number of asset objects unloaded after import = 1

========================================================================
Received Import Request.
  Time since last request: 0.000023 seconds.
  path: Assets/TextMesh Pro/Examples & Extras/Scenes/25 - Sunny Days Example.unity
  artifactKey: Guid(f9b4c22e15cff344ba9fc6542a58dd07) Importer(2089858483,b0f066a214c2f5e87bad3c948f4d605d)
Start importing Assets/TextMesh Pro/Examples & Extras/Scenes/25 - Sunny Days Example.unity using Guid(f9b4c22e15cff344ba9fc6542a58dd07) Importer(2089858483,b0f066a214c2f5e87bad3c948f4d605d) (ScriptedImporter) -> (artifact id: 'e2085471537ee2a559d7ee373536dea1') in 0.0673105 seconds
Number of updated asset objects reloaded before import = 0Number of asset objects unloaded after import = 1

========================================================================
Received Import Request.
  Time since last request: 0.000024 seconds.
  path: Assets/karsiori/Sprites/Pixel Art Rock Pile Pack/Rock Pile - AZURE -/Rock Pile 6 - AZURE - BIG.PNG
  artifactKey: Guid(bdbbd1577bd1b304bb79670795eaa13a) Importer(2089858483,b0f066a214c2f5e87bad3c948f4d605d)
Start importing Assets/karsiori/Sprites/Pixel Art Rock Pile Pack/Rock Pile - AZURE -/Rock Pile 6 - AZURE - BIG.PNG using Guid(bdbbd1577bd1b304bb79670795eaa13a) Importer(2089858483,b0f066a214c2f5e87bad3c948f4d605d) (ScriptedImporter) -> (artifact id: '3234e9593600e8adf3d5a173ce4c48f2') in 0.1019985 seconds
Number of updated asset objects reloaded before import = 0Number of asset objects unloaded after import = 3

========================================================================
Received Import Request.
  Time since last request: 0.000018 seconds.
  path: Assets/TextMesh Pro/Examples & Extras/Scenes/08 - Improved Text Alignment.unity
  artifactKey: Guid(5fe2257128d9401fad0790f581dc8a6f) Importer(2089858483,b0f066a214c2f5e87bad3c948f4d605d)
Start importing Assets/TextMesh Pro/Examples & Extras/Scenes/08 - Improved Text Alignment.unity using Guid(5fe2257128d9401fad0790f581dc8a6f) Importer(2089858483,b0f066a214c2f5e87bad3c948f4d605d) (ScriptedImporter) -> (artifact id: 'ea34ea620e5a894f07cadebca474fa4e') in 0.0426047 seconds
Number of updated asset objects reloaded before import = 0Number of asset objects unloaded after import = 1

========================================================================
Received Import Request.
  Time since last request: 0.000028 seconds.
  path: Assets/BayatGames/Free Platform Game Assets/Coin Animation/png/1024x128.png
  artifactKey: Guid(27fbd349247c8dc46a3112ada3a53fc7) Importer(2089858483,b0f066a214c2f5e87bad3c948f4d605d)
Start importing Assets/BayatGames/Free Platform Game Assets/Coin Animation/png/1024x128.png using Guid(27fbd349247c8dc46a3112ada3a53fc7) Importer(2089858483,b0f066a214c2f5e87bad3c948f4d605d) (ScriptedImporter) -> (artifact id: '0c563d990d9782ee61ef17df1a1f3705') in 0.2554757 seconds
Number of updated asset objects reloaded before import = 0Number of asset objects unloaded after import = 3

========================================================================
Received Import Request.
  Time since last request: 0.000026 seconds.
  path: Assets/karsiori/Sprites/Pixel Art Rock Pile Pack/Rock Pile - BEIGE -/Rock Pile 2 - BEIGE - small.PNG
  artifactKey: Guid(f2bfc7256d7db7f42a578702c8f4aa88) Importer(2089858483,b0f066a214c2f5e87bad3c948f4d605d)
Start importing Assets/karsiori/Sprites/Pixel Art Rock Pile Pack/Rock Pile - BEIGE -/Rock Pile 2 - BEIGE - small.PNG using Guid(f2bfc7256d7db7f42a578702c8f4aa88) Importer(2089858483,b0f066a214c2f5e87bad3c948f4d605d) (ScriptedImporter) -> (artifact id: '1344d541b7be0bf6bb070221f091c718') in 0.0579743 seconds
Number of updated asset objects reloaded before import = 0Number of asset objects unloaded after import = 3

========================================================================
Received Import Request.
  Time since last request: 0.000021 seconds.
  path: Assets/karsiori/Sprites/Pixel Art Rock Pile Pack/Rock Pile - BEIGE -/Rock Pile 3 - BEIGE - BIG.PNG
  artifactKey: Guid(94659c1c6b17a5446a0e939de118b2e3) Importer(2089858483,b0f066a214c2f5e87bad3c948f4d605d)
Start importing Assets/karsiori/Sprites/Pixel Art Rock Pile Pack/Rock Pile - BEIGE -/Rock Pile 3 - BEIGE - BIG.PNG using Guid(94659c1c6b17a5446a0e939de118b2e3) Importer(2089858483,b0f066a214c2f5e87bad3c948f4d605d) (ScriptedImporter) -> (artifact id: '1f9244b86d857a6e4d2c527f3e4d4e99') in 0.0428192 seconds
Number of updated asset objects reloaded before import = 0Number of asset objects unloaded after import = 3

========================================================================
Received Import Request.
  Time since last request: 0.000016 seconds.
  path: Assets/karsiori/Sprites/Pixel Art Rock Pile Pack/Rock Pile - BEIGE -/Rock Pile 4 - BEIGE - small.PNG
  artifactKey: Guid(1a0e50a05b1e9994093bf901108b413d) Importer(2089858483,b0f066a214c2f5e87bad3c948f4d605d)
Start importing Assets/karsiori/Sprites/Pixel Art Rock Pile Pack/Rock Pile - BEIGE -/Rock Pile 4 - BEIGE - small.PNG using Guid(1a0e50a05b1e9994093bf901108b413d) Importer(2089858483,b0f066a214c2f5e87bad3c948f4d605d) (ScriptedImporter) -> (artifact id: '950414e659544417bc2e0e9edbe3c604') in 0.0721839 seconds
Number of updated asset objects reloaded before import = 0Number of asset objects unloaded after import = 3

========================================================================
Received Import Request.
  Time since last request: 0.000020 seconds.
  path: Assets/karsiori/Sprites/Pixel Art Rock Pile Pack/Rock Pile - BEIGE -/Rock Pile 3 - BEIGE - small.PNG
  artifactKey: Guid(c6352014ca14c0b4fabd9bd459b662d0) Importer(2089858483,b0f066a214c2f5e87bad3c948f4d605d)
Start importing Assets/karsiori/Sprites/Pixel Art Rock Pile Pack/Rock Pile - BEIGE -/Rock Pile 3 - BEIGE - small.PNG using Guid(c6352014ca14c0b4fabd9bd459b662d0) Importer(2089858483,b0f066a214c2f5e87bad3c948f4d605d) (ScriptedImporter) -> (artifact id: 'b40b1aa2c9eb8e73ce19a298763d3cbc') in 0.0850216 seconds
Number of updated asset objects reloaded before import = 0Number of asset objects unloaded after import = 3

========================================================================
Received Import Request.
  Time since last request: 0.000026 seconds.
  path: Assets/karsiori/Sprites/Pixel Art Rock Pile Pack/Rock Pile - MOSSY -/Rock Pile 12 - MOSSY - BIG.PNG
  artifactKey: Guid(cc65721277cd1e946b253dd92755c585) Importer(2089858483,b0f066a214c2f5e87bad3c948f4d605d)
Start importing Assets/karsiori/Sprites/Pixel Art Rock Pile Pack/Rock Pile - MOSSY -/Rock Pile 12 - MOSSY - BIG.PNG using Guid(cc65721277cd1e946b253dd92755c585) Importer(2089858483,b0f066a214c2f5e87bad3c948f4d605d) (ScriptedImporter) -> (artifact id: '18e1f045270d4b1984041c20838821d4') in 0.0619098 seconds
Number of updated asset objects reloaded before import = 0Number of asset objects unloaded after import = 3

========================================================================
Received Import Request.
  Time since last request: 0.000017 seconds.
  path: Assets/karsiori/Sprites/Pixel Art Rock Pile Pack/Rock Pile - BEIGE -/Rock Pile 13 - BEIGE - small.PNG
  artifactKey: Guid(1c4aa4598ffc5c643bc325f0d41e3a5d) Importer(2089858483,b0f066a214c2f5e87bad3c948f4d605d)
Start importing Assets/karsiori/Sprites/Pixel Art Rock Pile Pack/Rock Pile - BEIGE -/Rock Pile 13 - BEIGE - small.PNG using Guid(1c4aa4598ffc5c643bc325f0d41e3a5d) Importer(2089858483,b0f066a214c2f5e87bad3c948f4d605d) (ScriptedImporter) -> (artifact id: '3c8f8cb5894aa104c096746c621d167e') in 0.0761827 seconds
Number of updated asset objects reloaded before import = 0Number of asset objects unloaded after import = 3

========================================================================
Received Import Request.
  Time since last request: 0.000017 seconds.
  path: Assets/karsiori/Sprites/Pixel Art Rock Pile Pack/Rock Pile - MOSSY -/Rock Pile 15 - MOSSY - BIG.PNG
  artifactKey: Guid(8eaa39721082c0543b24ceea6fe2109e) Importer(2089858483,b0f066a214c2f5e87bad3c948f4d605d)
Start importing Assets/karsiori/Sprites/Pixel Art Rock Pile Pack/Rock Pile - MOSSY -/Rock Pile 15 - MOSSY - BIG.PNG using Guid(8eaa39721082c0543b24ceea6fe2109e) Importer(2089858483,b0f066a214c2f5e87bad3c948f4d605d) (ScriptedImporter) -> (artifact id: 'b2ed38bcb26c7a9b5f26e3959f6165c2') in 0.1821283 seconds
Number of updated asset objects reloaded before import = 0Number of asset objects unloaded after import = 3

========================================================================
Received Import Request.
  Time since last request: 0.000021 seconds.
  path: Assets/karsiori/Sprites/Pixel Art Rock Pile Pack/Rock Pile - BEIGE -/Rock Pile 15 - BEIGE - small.PNG
  artifactKey: Guid(2a3c667950bd3584c9385d91d58b1c2d) Importer(2089858483,b0f066a214c2f5e87bad3c948f4d605d)
Start importing Assets/karsiori/Sprites/Pixel Art Rock Pile Pack/Rock Pile - BEIGE -/Rock Pile 15 - BEIGE - small.PNG using Guid(2a3c667950bd3584c9385d91d58b1c2d) Importer(2089858483,b0f066a214c2f5e87bad3c948f4d605d) (ScriptedImporter) -> (artifact id: 'c300edda695b3c47b5254e72eaace30e') in 0.1342576 seconds
Number of updated asset objects reloaded before import = 0Number of asset objects unloaded after import = 3

========================================================================
Received Import Request.
  Time since last request: 0.000025 seconds.
  path: Assets/karsiori/Sprites/Pixel Art Rock Pile Pack/Rock Pile - MOSSY -/Rock Pile 10 - MOSSY - small.PNG
  artifactKey: Guid(318289aee3d367f42a03be3dea77f192) Importer(2089858483,b0f066a214c2f5e87bad3c948f4d605d)
Start importing Assets/karsiori/Sprites/Pixel Art Rock Pile Pack/Rock Pile - MOSSY -/Rock Pile 10 - MOSSY - small.PNG using Guid(318289aee3d367f42a03be3dea77f192) Importer(2089858483,b0f066a214c2f5e87bad3c948f4d605d) (ScriptedImporter) -> (artifact id: 'd8b38c2b113d1bbe8745bf77f3686e1b') in 0.0795541 seconds
Number of updated asset objects reloaded before import = 0Number of asset objects unloaded after import = 3

========================================================================
Received Import Request.
  Time since last request: 0.000019 seconds.
  path: Assets/karsiori/Sprites/Pixel Art Rock Pile Pack/Rock Pile - MOSSY -/Rock Pile 13 - MOSSY - BIG.PNG
  artifactKey: Guid(c8f5381630a3c7a42a29feb83fb191ae) Importer(2089858483,b0f066a214c2f5e87bad3c948f4d605d)
Start importing Assets/karsiori/Sprites/Pixel Art Rock Pile Pack/Rock Pile - MOSSY -/Rock Pile 13 - MOSSY - BIG.PNG using Guid(c8f5381630a3c7a42a29feb83fb191ae) Importer(2089858483,b0f066a214c2f5e87bad3c948f4d605d) (ScriptedImporter) -> (artifact id: '23107e7de30b9c92a03809878041ef00') in 0.0508924 seconds
Number of updated asset objects reloaded before import = 0Number of asset objects unloaded after import = 3

========================================================================
Received Import Request.
  Time since last request: 0.000016 seconds.
  path: Assets/karsiori/Sprites/Pixel Art Rock Pile Pack/Rock Pile - BEIGE -/Rock Pile 10 - BEIGE - BIG.PNG
  artifactKey: Guid(b976df7dbb8be194ba9c2275a58b4984) Importer(2089858483,b0f066a214c2f5e87bad3c948f4d605d)
Start importing Assets/karsiori/Sprites/Pixel Art Rock Pile Pack/Rock Pile - BEIGE -/Rock Pile 10 - BEIGE - BIG.PNG using Guid(b976df7dbb8be194ba9c2275a58b4984) Importer(2089858483,b0f066a214c2f5e87bad3c948f4d605d) (ScriptedImporter) -> (artifact id: '6e2acbfd5698e05666e15b8b405c1e8e') in 0.1054882 seconds
Number of updated asset objects reloaded before import = 0Number of asset objects unloaded after import = 3

========================================================================
Received Import Request.
  Time since last request: 0.000023 seconds.
  path: Assets/karsiori/Sprites/Pixel Art Rock Pile Pack/Rock Pile - BEIGE -/Rock Pile 5 - BEIGE - small.PNG
  artifactKey: Guid(4a01493e1f7563441aef275dcdb1d156) Importer(2089858483,b0f066a214c2f5e87bad3c948f4d605d)
Start importing Assets/karsiori/Sprites/Pixel Art Rock Pile Pack/Rock Pile - BEIGE -/Rock Pile 5 - BEIGE - small.PNG using Guid(4a01493e1f7563441aef275dcdb1d156) Importer(2089858483,b0f066a214c2f5e87bad3c948f4d605d) (ScriptedImporter) -> (artifact id: 'f838a04e501774da134a9846321023fb') in 0.2084596 seconds
Number of updated asset objects reloaded before import = 0Number of asset objects unloaded after import = 3

========================================================================
Received Import Request.
  Time since last request: 0.000015 seconds.
  path: Assets/karsiori/Sprites/Pixel Art Rock Pile Pack/Rock Pile - MOSSY -/Rock Pile 14 - MOSSY - BIG.PNG
  artifactKey: Guid(12e70f843b0e0934aaf074fc57f8eaff) Importer(2089858483,b0f066a214c2f5e87bad3c948f4d605d)
Start importing Assets/karsiori/Sprites/Pixel Art Rock Pile Pack/Rock Pile - MOSSY -/Rock Pile 14 - MOSSY - BIG.PNG using Guid(12e70f843b0e0934aaf074fc57f8eaff) Importer(2089858483,b0f066a214c2f5e87bad3c948f4d605d) (ScriptedImporter) -> (artifact id: '35de5b2fc16c700926001baca130e006') in 0.0501692 seconds
Number of updated asset objects reloaded before import = 0Number of asset objects unloaded after import = 3

========================================================================
Received Import Request.
  Time since last request: 0.000026 seconds.
  path: Assets/karsiori/Sprites/Pixel Art Rock Pile Pack/Rock Pile - BEIGE -/Rock Pile 14 - BEIGE - small.PNG
  artifactKey: Guid(3c93e2e96072b5749b274cba92684a0e) Importer(2089858483,b0f066a214c2f5e87bad3c948f4d605d)
Start importing Assets/karsiori/Sprites/Pixel Art Rock Pile Pack/Rock Pile - BEIGE -/Rock Pile 14 - BEIGE - small.PNG using Guid(3c93e2e96072b5749b274cba92684a0e) Importer(2089858483,b0f066a214c2f5e87bad3c948f4d605d) (ScriptedImporter) -> (artifact id: '75c66f3d635af30442b3db0ef75f4b8f') in 0.0735807 seconds
Number of updated asset objects reloaded before import = 0Number of asset objects unloaded after import = 3

========================================================================
Received Import Request.
  Time since last request: 0.000016 seconds.
  path: Assets/karsiori/Sprites/Pixel Art Rock Pile Pack/Rock Pile - MOSSY -/Rock Pile 11 - MOSSY - small.PNG
  artifactKey: Guid(1c1bdac45d008a2428f0ed50e608138b) Importer(2089858483,b0f066a214c2f5e87bad3c948f4d605d)
Start importing Assets/karsiori/Sprites/Pixel Art Rock Pile Pack/Rock Pile - MOSSY -/Rock Pile 11 - MOSSY - small.PNG using Guid(1c1bdac45d008a2428f0ed50e608138b) Importer(2089858483,b0f066a214c2f5e87bad3c948f4d605d) (ScriptedImporter) -> (artifact id: 'fff70bb130349d93a648b5e174fb683b') in 0.0452452 seconds
Number of updated asset objects reloaded before import = 0Number of asset objects unloaded after import = 3

========================================================================
Received Import Request.
  Time since last request: 0.000020 seconds.
  path: Assets/TextMesh Pro/Examples & Extras/Materials/Ground - Surface Shader Scene.mat
  artifactKey: Guid(aadd5a709a48466c887296bb5b1b8110) Importer(2089858483,b0f066a214c2f5e87bad3c948f4d605d)
Start importing Assets/TextMesh Pro/Examples & Extras/Materials/Ground - Surface Shader Scene.mat using Guid(aadd5a709a48466c887296bb5b1b8110) Importer(2089858483,b0f066a214c2f5e87bad3c948f4d605d) (ScriptedImporter) -> (artifact id: '94d1aa46f3cbe570a85df79944e4578e') in 0.106116 seconds
Number of updated asset objects reloaded before import = 0Number of asset objects unloaded after import = 2

========================================================================
Received Import Request.
  Time since last request: 0.000023 seconds.
  path: Assets/karsiori/Sprites/Pixel Art Rock Pile Pack/Rock Pile - BEIGE -/Rock Pile 14 - BEIGE - BIG.PNG
  artifactKey: Guid(ad6fdc382204d644e9d5170852de610f) Importer(2089858483,b0f066a214c2f5e87bad3c948f4d605d)
Start importing Assets/karsiori/Sprites/Pixel Art Rock Pile Pack/Rock Pile - BEIGE -/Rock Pile 14 - BEIGE - BIG.PNG using Guid(ad6fdc382204d644e9d5170852de610f) Importer(2089858483,b0f066a214c2f5e87bad3c948f4d605d) (ScriptedImporter) -> (artifact id: 'cba646dadf0b2fc259025282a0e5d336') in 0.1827028 seconds
Number of updated asset objects reloaded before import = 0Number of asset objects unloaded after import = 3

========================================================================
Received Import Request.
  Time since last request: 0.000018 seconds.
  path: Assets/TextMesh Pro/Examples & Extras/Textures/Floor Tiles 1 - diffuse.jpg
  artifactKey: Guid(85ac55597b97403c82fc6601a93cf241) Importer(2089858483,b0f066a214c2f5e87bad3c948f4d605d)
Start importing Assets/TextMesh Pro/Examples & Extras/Textures/Floor Tiles 1 - diffuse.jpg using Guid(85ac55597b97403c82fc6601a93cf241) Importer(2089858483,b0f066a214c2f5e87bad3c948f4d605d) (ScriptedImporter) -> (artifact id: '3c8cda0573d1a83d6d8573e66c7ee338') in 0.0140157 seconds
Number of updated asset objects reloaded before import = 0Number of asset objects unloaded after import = 1

========================================================================
Received Import Request.
  Time since last request: 0.000029 seconds.
  path: Assets/BayatGames/Free Platform Game Assets/GUI ( Update 1.7 )/png/Elements1024x512.png
  artifactKey: Guid(f87b1d42a16dc3e4691317c697a89892) Importer(2089858483,b0f066a214c2f5e87bad3c948f4d605d)
Start importing Assets/BayatGames/Free Platform Game Assets/GUI ( Update 1.7 )/png/Elements1024x512.png using Guid(f87b1d42a16dc3e4691317c697a89892) Importer(2089858483,b0f066a214c2f5e87bad3c948f4d605d) (ScriptedImporter) -> (artifact id: 'd81cd25fab0679b53019a606de8beb87') in 0.1465372 seconds
Number of updated asset objects reloaded before import = 0Number of asset objects unloaded after import = 3

========================================================================
Received Import Request.
  Time since last request: 0.000017 seconds.
  path: Assets/BayatGames/Free Platform Game Assets/GUI ( Update 1.7 )/ai/Elements.ai
  artifactKey: Guid(910a8e4be533ebb458dd9d3c6c2f17bc) Importer(2089858483,b0f066a214c2f5e87bad3c948f4d605d)
Start importing Assets/BayatGames/Free Platform Game Assets/GUI ( Update 1.7 )/ai/Elements.ai using Guid(910a8e4be533ebb458dd9d3c6c2f17bc) Importer(2089858483,b0f066a214c2f5e87bad3c948f4d605d) (ScriptedImporter) -> (artifact id: '0d0a9c738fb3f13a017ad386bb268af1') in 0.0164362 seconds
Number of updated asset objects reloaded before import = 0Number of asset objects unloaded after import = 1

========================================================================
Received Import Request.
  Time since last request: 0.000026 seconds.
  path: Assets/TextMesh Pro/Examples & Extras/Scenes/Benchmark (Floating Text).unity
  artifactKey: Guid(16177da2e3254cee91944756d5f8ddd3) Importer(2089858483,b0f066a214c2f5e87bad3c948f4d605d)
Start importing Assets/TextMesh Pro/Examples & Extras/Scenes/Benchmark (Floating Text).unity using Guid(16177da2e3254cee91944756d5f8ddd3) Importer(2089858483,b0f066a214c2f5e87bad3c948f4d605d) (ScriptedImporter) -> (artifact id: 'c31be3fb423119594a3fd919e450f190') in 0.2340029 seconds
Number of updated asset objects reloaded before import = 0Number of asset objects unloaded after import = 1

========================================================================
Received Import Request.
  Time since last request: 0.000026 seconds.
  path: Assets/karsiori/Sprites/Pixel Art Rock Pile Pack/Rock Pile - ORANGE -/Rock Pile 8 - ORANGE - small.PNG
  artifactKey: Guid(c08edbb2ce8646d42ad972ca6e6ed400) Importer(2089858483,b0f066a214c2f5e87bad3c948f4d605d)
Start importing Assets/karsiori/Sprites/Pixel Art Rock Pile Pack/Rock Pile - ORANGE -/Rock Pile 8 - ORANGE - small.PNG using Guid(c08edbb2ce8646d42ad972ca6e6ed400) Importer(2089858483,b0f066a214c2f5e87bad3c948f4d605d) (ScriptedImporter) -> (artifact id: 'bc6c45bd248d3b0280bdb7b8663581e7') in 0.0816137 seconds
Number of updated asset objects reloaded before import = 0Number of asset objects unloaded after import = 3

========================================================================
Received Import Request.
  Time since last request: 0.000019 seconds.
  path: Assets/karsiori/Sprites/Pixel Art Rock Pile Pack/Rock Pile - ORANGE -/Rock Pile 3 - ORANGE - small.PNG
  artifactKey: Guid(3408701b316a40c4b8955ff42a23375a) Importer(2089858483,b0f066a214c2f5e87bad3c948f4d605d)
Start importing Assets/karsiori/Sprites/Pixel Art Rock Pile Pack/Rock Pile - ORANGE -/Rock Pile 3 - ORANGE - small.PNG using Guid(3408701b316a40c4b8955ff42a23375a) Importer(2089858483,b0f066a214c2f5e87bad3c948f4d605d) (ScriptedImporter) -> (artifact id: 'da0ed17a6ca64f7ae408bc40ca9f63df') in 0.0921119 seconds
Number of updated asset objects reloaded before import = 0Number of asset objects unloaded after import = 3

========================================================================
Received Import Request.
  Time since last request: 0.000019 seconds.
  path: Assets/karsiori/Sprites/Pixel Art Rock Pile Pack/Rock Pile - ORANGE -/Rock Pile 10 - ORANGE - BIG.PNG
  artifactKey: Guid(50685140e1717ec48a98088cb57f311d) Importer(2089858483,b0f066a214c2f5e87bad3c948f4d605d)
Start importing Assets/karsiori/Sprites/Pixel Art Rock Pile Pack/Rock Pile - ORANGE -/Rock Pile 10 - ORANGE - BIG.PNG using Guid(50685140e1717ec48a98088cb57f311d) Importer(2089858483,b0f066a214c2f5e87bad3c948f4d605d) (ScriptedImporter) -> (artifact id: 'fd8e28437b516c04c80ae0a3b57a91d7') in 0.0433199 seconds
Number of updated asset objects reloaded before import = 0Number of asset objects unloaded after import = 3

========================================================================
Received Import Request.
  Time since last request: 0.000024 seconds.
  path: Assets/karsiori/Sprites/Pixel Art Rock Pile Pack/Rock Pile - MOSSY -/Rock Pile 6 - MOSSY - small.PNG
  artifactKey: Guid(22e3584d99a50024e823d962a48f8f4c) Importer(2089858483,b0f066a214c2f5e87bad3c948f4d605d)
Start importing Assets/karsiori/Sprites/Pixel Art Rock Pile Pack/Rock Pile - MOSSY -/Rock Pile 6 - MOSSY - small.PNG using Guid(22e3584d99a50024e823d962a48f8f4c) Importer(2089858483,b0f066a214c2f5e87bad3c948f4d605d) (ScriptedImporter) -> (artifact id: '48b6dfffd71f0a7bc82edbd66468a4e0') in 0.1714452 seconds
Number of updated asset objects reloaded before import = 0Number of asset objects unloaded after import = 3

========================================================================
Received Import Request.
  Time since last request: 0.000019 seconds.
  path: Assets/karsiori/Sprites/Pixel Art Rock Pile Pack/Rock Pile - MOSSY -/Rock Pile 4 - MOSSY - BIG.PNG
  artifactKey: Guid(be57163d9e55ae546825f72862bc964d) Importer(2089858483,b0f066a214c2f5e87bad3c948f4d605d)
Start importing Assets/karsiori/Sprites/Pixel Art Rock Pile Pack/Rock Pile - MOSSY -/Rock Pile 4 - MOSSY - BIG.PNG using Guid(be57163d9e55ae546825f72862bc964d) Importer(2089858483,b0f066a214c2f5e87bad3c948f4d605d) (ScriptedImporter) -> (artifact id: '0c2b3a18fc93a059856233572d35a023') in 0.0598394 seconds
Number of updated asset objects reloaded before import = 0Number of asset objects unloaded after import = 3

========================================================================
Received Import Request.
  Time since last request: 0.000029 seconds.
  path: Assets/karsiori/Sprites/Pixel Art Rock Pile Pack/Rock Pile - MOSSY -/Rock Pile 2 - MOSSY - small.PNG
  artifactKey: Guid(8b9347ac09325e643b303484561b2ef9) Importer(2089858483,b0f066a214c2f5e87bad3c948f4d605d)
Start importing Assets/karsiori/Sprites/Pixel Art Rock Pile Pack/Rock Pile - MOSSY -/Rock Pile 2 - MOSSY - small.PNG using Guid(8b9347ac09325e643b303484561b2ef9) Importer(2089858483,b0f066a214c2f5e87bad3c948f4d605d) (ScriptedImporter) -> (artifact id: 'bee125d4eede563e137ec8e58a64eb0c') in 0.1440672 seconds
Number of updated asset objects reloaded before import = 0Number of asset objects unloaded after import = 3

========================================================================
Received Import Request.
  Time since last request: 0.000016 seconds.
  path: Assets/karsiori/Sprites/Pixel Art Rock Pile Pack/Rock Pile - ORANGE -/Rock Pile 8 - ORANGE - BIG.PNG
  artifactKey: Guid(a41224b168385e24682b404f4435a73d) Importer(2089858483,b0f066a214c2f5e87bad3c948f4d605d)
Start importing Assets/karsiori/Sprites/Pixel Art Rock Pile Pack/Rock Pile - ORANGE -/Rock Pile 8 - ORANGE - BIG.PNG using Guid(a41224b168385e24682b404f4435a73d) Importer(2089858483,b0f066a214c2f5e87bad3c948f4d605d) (ScriptedImporter) -> (artifact id: '3c2872161d9864e59848def342efbb42') in 0.1197407 seconds
Number of updated asset objects reloaded before import = 0Number of asset objects unloaded after import = 3

========================================================================
Received Import Request.
  Time since last request: 0.000023 seconds.
  path: Assets/karsiori/Sprites/Pixel Art Rock Pile Pack/Rock Pile - MOSSY -/Rock Pile 2 - MOSSY - BIG.PNG
  artifactKey: Guid(54e1669034061844a96137fc71456f6b) Importer(2089858483,b0f066a214c2f5e87bad3c948f4d605d)
Start importing Assets/karsiori/Sprites/Pixel Art Rock Pile Pack/Rock Pile - MOSSY -/Rock Pile 2 - MOSSY - BIG.PNG using Guid(54e1669034061844a96137fc71456f6b) Importer(2089858483,b0f066a214c2f5e87bad3c948f4d605d) (ScriptedImporter) -> (artifact id: '6d311148cf14732f725e169956e4eb7b') in 0.0660349 seconds
Number of updated asset objects reloaded before import = 0Number of asset objects unloaded after import = 3

========================================================================
Received Import Request.
  Time since last request: 0.000029 seconds.
  path: Assets/karsiori/Sprites/Pixel Art Rock Pile Pack/Rock Pile - ORANGE -/Rock Pile 11 - ORANGE - small.PNG
  artifactKey: Guid(083ce3f1b846407478a9425d0e0896c2) Importer(2089858483,b0f066a214c2f5e87bad3c948f4d605d)
Start importing Assets/karsiori/Sprites/Pixel Art Rock Pile Pack/Rock Pile - ORANGE -/Rock Pile 11 - ORANGE - small.PNG using Guid(083ce3f1b846407478a9425d0e0896c2) Importer(2089858483,b0f066a214c2f5e87bad3c948f4d605d) (ScriptedImporter) -> (artifact id: '581bf8b4e74273428e0de4290e236d5d') in 0.0984849 seconds
Number of updated asset objects reloaded before import = 0Number of asset objects unloaded after import = 3

========================================================================
Received Import Request.
  Time since last request: 0.000014 seconds.
  path: Assets/karsiori/Sprites/Pixel Art Rock Pile Pack/Rock Pile - ORANGE -/Rock Pile 3 - ORANGE - BIG.PNG
  artifactKey: Guid(c1fcb3d94dbe3554eb446bceda1dbd44) Importer(2089858483,b0f066a214c2f5e87bad3c948f4d605d)
Start importing Assets/karsiori/Sprites/Pixel Art Rock Pile Pack/Rock Pile - ORANGE -/Rock Pile 3 - ORANGE - BIG.PNG using Guid(c1fcb3d94dbe3554eb446bceda1dbd44) Importer(2089858483,b0f066a214c2f5e87bad3c948f4d605d) (ScriptedImporter) -> (artifact id: 'd9683458e4043ba0e1a3876633957ae6') in 0.1423565 seconds
Number of updated asset objects reloaded before import = 0Number of asset objects unloaded after import = 3

========================================================================
Received Import Request.
  Time since last request: 0.000025 seconds.
  path: Assets/karsiori/Sprites/Pixel Art Rock Pile Pack/Rock Pile - ORANGE -/Rock Pile 11 - ORANGE - BIG.PNG
  artifactKey: Guid(412065c7de6d1784090e46ccb4b01826) Importer(2089858483,b0f066a214c2f5e87bad3c948f4d605d)
Start importing Assets/karsiori/Sprites/Pixel Art Rock Pile Pack/Rock Pile - ORANGE -/Rock Pile 11 - ORANGE - BIG.PNG using Guid(412065c7de6d1784090e46ccb4b01826) Importer(2089858483,b0f066a214c2f5e87bad3c948f4d605d) (ScriptedImporter) -> (artifact id: 'e87a29d6add6a7f5a293dabfd53b2a92') in 0.0430599 seconds
Number of updated asset objects reloaded before import = 0Number of asset objects unloaded after import = 3

========================================================================
Received Import Request.
  Time since last request: 0.000034 seconds.
  path: Assets/karsiori/Sprites/Pixel Art Rock Pile Pack/Rock Pile - ORANGE -/Rock Pile 6 - ORANGE - small.PNG
  artifactKey: Guid(195ad475c37dc8d4eadb8152ca8a2d9a) Importer(2089858483,b0f066a214c2f5e87bad3c948f4d605d)
Start importing Assets/karsiori/Sprites/Pixel Art Rock Pile Pack/Rock Pile - ORANGE -/Rock Pile 6 - ORANGE - small.PNG using Guid(195ad475c37dc8d4eadb8152ca8a2d9a) Importer(2089858483,b0f066a214c2f5e87bad3c948f4d605d) (ScriptedImporter) -> (artifact id: '0046374d5e83ba1046b93d5f822da536') in 0.0850938 seconds
Number of updated asset objects reloaded before import = 0Number of asset objects unloaded after import = 3

========================================================================
Received Import Request.
  Time since last request: 0.000019 seconds.
  path: Assets/karsiori/Sprites/Pixel Art Rock Pile Pack/Rock Pile - ORANGE -/Rock Pile 15 - ORANGE - small.PNG
  artifactKey: Guid(46c42babc5ce0ad409950cba555f1515) Importer(2089858483,b0f066a214c2f5e87bad3c948f4d605d)
Start importing Assets/karsiori/Sprites/Pixel Art Rock Pile Pack/Rock Pile - ORANGE -/Rock Pile 15 - ORANGE - small.PNG using Guid(46c42babc5ce0ad409950cba555f1515) Importer(2089858483,b0f066a214c2f5e87bad3c948f4d605d) (ScriptedImporter) -> (artifact id: '1962a9e362977f79fe8fd53f4a621700') in 0.0666155 seconds
Number of updated asset objects reloaded before import = 0Number of asset objects unloaded after import = 3

========================================================================
Received Import Request.
  Time since last request: 0.000017 seconds.
  path: Assets/karsiori/Sprites/Pixel Art Rock Pile Pack/Rock Pile - ORANGE -/Rock Pile 7 - ORANGE - BIG.PNG
  artifactKey: Guid(8a44bdd11bf392d40988ca06aae23f0f) Importer(2089858483,b0f066a214c2f5e87bad3c948f4d605d)
Start importing Assets/karsiori/Sprites/Pixel Art Rock Pile Pack/Rock Pile - ORANGE -/Rock Pile 7 - ORANGE - BIG.PNG using Guid(8a44bdd11bf392d40988ca06aae23f0f) Importer(2089858483,b0f066a214c2f5e87bad3c948f4d605d) (ScriptedImporter) -> (artifact id: '3e0bc9776ab340b0bd6356189d68b474') in 0.0586701 seconds
Number of updated asset objects reloaded before import = 0Number of asset objects unloaded after import = 3

========================================================================
Received Import Request.
  Time since last request: 0.000027 seconds.
  path: Assets/karsiori/Sprites/Pixel Art Rock Pile Pack/Rock Pile - ORANGE -/Rock Pile 2 - ORANGE - small.PNG
  artifactKey: Guid(647a4cdf430e81141954e895367e156b) Importer(2089858483,b0f066a214c2f5e87bad3c948f4d605d)
Start importing Assets/karsiori/Sprites/Pixel Art Rock Pile Pack/Rock Pile - ORANGE -/Rock Pile 2 - ORANGE - small.PNG using Guid(647a4cdf430e81141954e895367e156b) Importer(2089858483,b0f066a214c2f5e87bad3c948f4d605d) (ScriptedImporter) -> (artifact id: '57e6369d31817e2aa23cb99167bd0117') in 0.0551786 seconds
Number of updated asset objects reloaded before import = 0Number of asset objects unloaded after import = 3

========================================================================
Received Import Request.
  Time since last request: 0.000020 seconds.
  path: Assets/karsiori/Sprites/Pixel Art Rock Pile Pack/Rock Pile - ORANGE -/Rock Pile 7 - ORANGE - small.PNG
  artifactKey: Guid(9f10d4102d1bed243aa3da09b5a528e8) Importer(2089858483,b0f066a214c2f5e87bad3c948f4d605d)
Start importing Assets/karsiori/Sprites/Pixel Art Rock Pile Pack/Rock Pile - ORANGE -/Rock Pile 7 - ORANGE - small.PNG using Guid(9f10d4102d1bed243aa3da09b5a528e8) Importer(2089858483,b0f066a214c2f5e87bad3c948f4d605d) (ScriptedImporter) -> (artifact id: '492f3cd18aadc6d4cc431bacf82d4fc3') in 0.0785631 seconds
Number of updated asset objects reloaded before import = 0Number of asset objects unloaded after import = 3

========================================================================
Received Import Request.
  Time since last request: 0.000027 seconds.
  path: Assets/TextMesh Pro/Examples & Extras/Materials/Crate - URP.mat
  artifactKey: Guid(3b5cc91c3bf8cf74391252247f52fb59) Importer(2089858483,b0f066a214c2f5e87bad3c948f4d605d)
Start importing Assets/TextMesh Pro/Examples & Extras/Materials/Crate - URP.mat using Guid(3b5cc91c3bf8cf74391252247f52fb59) Importer(2089858483,b0f066a214c2f5e87bad3c948f4d605d) (ScriptedImporter) -> (artifact id: 'e76f7d539f485a06afb23460cc3dc589') in 0.0489995 seconds
Number of updated asset objects reloaded before import = 0Number of asset objects unloaded after import = 3

========================================================================
Received Import Request.
  Time since last request: 0.000029 seconds.
  path: Assets/TextMesh Pro/Examples & Extras/Scripts/TMP_TextEventHandler.cs
  artifactKey: Guid(1312ae25639a4bae8e25ae223209cc50) Importer(2089858483,b0f066a214c2f5e87bad3c948f4d605d)
Start importing Assets/TextMesh Pro/Examples & Extras/Scripts/TMP_TextEventHandler.cs using Guid(1312ae25639a4bae8e25ae223209cc50) Importer(2089858483,b0f066a214c2f5e87bad3c948f4d605d) (ScriptedImporter) -> (artifact id: 'a70a3840fc29248791f6b1108ec662d4') in 0.0114831 seconds
Number of updated asset objects reloaded before import = 0Number of asset objects unloaded after import = 0

========================================================================
Received Import Request.
  Time since last request: 0.000015 seconds.
  path: Assets/karsiori/Sprites/Pixel Art Rock Pile Pack/Rock Pile - AZURE -/Rock Pile 3 - AZURE - small.PNG
  artifactKey: Guid(7bce7e1cdd942b741b46330f7c73a104) Importer(2089858483,b0f066a214c2f5e87bad3c948f4d605d)
Start importing Assets/karsiori/Sprites/Pixel Art Rock Pile Pack/Rock Pile - AZURE -/Rock Pile 3 - AZURE - small.PNG using Guid(7bce7e1cdd942b741b46330f7c73a104) Importer(2089858483,b0f066a214c2f5e87bad3c948f4d605d) (ScriptedImporter) -> (artifact id: '317d533a8b1ea59d5f40852cd2833963') in 0.1014684 seconds
Number of updated asset objects reloaded before import = 0Number of asset objects unloaded after import = 3

========================================================================
Received Import Request.
  Time since last request: 0.000018 seconds.
  path: Assets/TextMesh Pro/Examples & Extras/Materials/Crate - Surface Shader Scene.mat
  artifactKey: Guid(e6b9b44320f4448d9d5e0ee634259966) Importer(2089858483,b0f066a214c2f5e87bad3c948f4d605d)
Start importing Assets/TextMesh Pro/Examples & Extras/Materials/Crate - Surface Shader Scene.mat using Guid(e6b9b44320f4448d9d5e0ee634259966) Importer(2089858483,b0f066a214c2f5e87bad3c948f4d605d) (ScriptedImporter) -> (artifact id: '60b03d90c5b57a7eb841bed0fbcdca9c') in 0.4385412 seconds
Number of updated asset objects reloaded before import = 0Number of asset objects unloaded after import = 3

========================================================================
Received Import Request.
  Time since last request: 0.000026 seconds.
  path: Assets/karsiori/Sprites/Pixel Art Rock Pile Pack/Rock Pile - ORANGE -/Rock Pile 5 - ORANGE - small.PNG
  artifactKey: Guid(aacaa10124509fc4489cd08b29bb204d) Importer(2089858483,b0f066a214c2f5e87bad3c948f4d605d)
Start importing Assets/karsiori/Sprites/Pixel Art Rock Pile Pack/Rock Pile - ORANGE -/Rock Pile 5 - ORANGE - small.PNG using Guid(aacaa10124509fc4489cd08b29bb204d) Importer(2089858483,b0f066a214c2f5e87bad3c948f4d605d) (ScriptedImporter) -> (artifact id: '5e34d52eb38726f23e3d0ee6627dcad9') in 0.0589438 seconds
Number of updated asset objects reloaded before import = 0Number of asset objects unloaded after import = 3

========================================================================
Received Import Request.
  Time since last request: 0.000014 seconds.
  path: Assets/karsiori/Sprites/Pixel Art Rock Pile Pack/Rock Pile - SILVER -/Rock Pile 11 - SILVER - small.PNG
  artifactKey: Guid(d3493c5284a6b29419bcad0004ff3c4b) Importer(2089858483,b0f066a214c2f5e87bad3c948f4d605d)
Start importing Assets/karsiori/Sprites/Pixel Art Rock Pile Pack/Rock Pile - SILVER -/Rock Pile 11 - SILVER - small.PNG using Guid(d3493c5284a6b29419bcad0004ff3c4b) Importer(2089858483,b0f066a214c2f5e87bad3c948f4d605d) (ScriptedImporter) -> (artifact id: 'ec789431ce8152f762c987090bd8573c') in 0.0485177 seconds
Number of updated asset objects reloaded before import = 0Number of asset objects unloaded after import = 3

========================================================================
Received Import Request.
  Time since last request: 0.000021 seconds.
  path: Assets/karsiori/Sprites/Pixel Art Rock Pile Pack/Rock Pile - SILVER -/Rock Pile 1 - SILVER - BIG.PNG
  artifactKey: Guid(c8f934f192b68594daab38a978706d4d) Importer(2089858483,b0f066a214c2f5e87bad3c948f4d605d)
Start importing Assets/karsiori/Sprites/Pixel Art Rock Pile Pack/Rock Pile - SILVER -/Rock Pile 1 - SILVER - BIG.PNG using Guid(c8f934f192b68594daab38a978706d4d) Importer(2089858483,b0f066a214c2f5e87bad3c948f4d605d) (ScriptedImporter) -> (artifact id: 'eaee6fd893d68922ad989005c19f5b1b') in 0.0660237 seconds
Number of updated asset objects reloaded before import = 0Number of asset objects unloaded after import = 3

========================================================================
Received Import Request.
  Time since last request: 0.000017 seconds.
  path: Assets/karsiori/Sprites/Pixel Art Rock Pile Pack/Rock Pile - SILVER -/Rock Pile 12 - SILVER - BIG.PNG
  artifactKey: Guid(894b7a99247f8554aa318ddcd326bebd) Importer(2089858483,b0f066a214c2f5e87bad3c948f4d605d)
Start importing Assets/karsiori/Sprites/Pixel Art Rock Pile Pack/Rock Pile - SILVER -/Rock Pile 12 - SILVER - BIG.PNG using Guid(894b7a99247f8554aa318ddcd326bebd) Importer(2089858483,b0f066a214c2f5e87bad3c948f4d605d) (ScriptedImporter) -> (artifact id: '56c15b50f125122e72e14c71d09cfa18') in 0.0397198 seconds
Number of updated asset objects reloaded before import = 0Number of asset objects unloaded after import = 3

========================================================================
Received Import Request.
  Time since last request: 0.000028 seconds.
  path: Assets/karsiori/Sprites/Pixel Art Rock Pile Pack/Rock Pile - SILVER -/Rock Pile 10 - SILVER - small.PNG
  artifactKey: Guid(8497e165cd111bb44965925516a364f4) Importer(2089858483,b0f066a214c2f5e87bad3c948f4d605d)
Start importing Assets/karsiori/Sprites/Pixel Art Rock Pile Pack/Rock Pile - SILVER -/Rock Pile 10 - SILVER - small.PNG using Guid(8497e165cd111bb44965925516a364f4) Importer(2089858483,b0f066a214c2f5e87bad3c948f4d605d) (ScriptedImporter) -> (artifact id: '79e73c4d99580b54ba590e59526922a4') in 0.0759166 seconds
Number of updated asset objects reloaded before import = 0Number of asset objects unloaded after import = 3

========================================================================
Received Import Request.
  Time since last request: 0.000017 seconds.
  path: Assets/karsiori/Sprites/Pixel Art Rock Pile Pack/Rock Pile - WHITE -/Rock Pile 13 - WHITE - BIG.PNG
  artifactKey: Guid(7ad811c1eb8eeee4c89124ba73e5c23e) Importer(2089858483,b0f066a214c2f5e87bad3c948f4d605d)
Start importing Assets/karsiori/Sprites/Pixel Art Rock Pile Pack/Rock Pile - WHITE -/Rock Pile 13 - WHITE - BIG.PNG using Guid(7ad811c1eb8eeee4c89124ba73e5c23e) Importer(2089858483,b0f066a214c2f5e87bad3c948f4d605d) (ScriptedImporter) -> (artifact id: '2d961c9d76c586b993e28e5aedfa787e') in 0.0382861 seconds
Number of updated asset objects reloaded before import = 0Number of asset objects unloaded after import = 3

========================================================================
Received Import Request.
  Time since last request: 0.000016 seconds.
  path: Assets/karsiori/Sprites/Pixel Art Rock Pile Pack/Rock Pile - WHITE -/Rock Pile 14 - WHITE - BIG.PNG
  artifactKey: Guid(28d17d669a9aa87449c1aea2c112aea3) Importer(2089858483,b0f066a214c2f5e87bad3c948f4d605d)
Start importing Assets/karsiori/Sprites/Pixel Art Rock Pile Pack/Rock Pile - WHITE -/Rock Pile 14 - WHITE - BIG.PNG using Guid(28d17d669a9aa87449c1aea2c112aea3) Importer(2089858483,b0f066a214c2f5e87bad3c948f4d605d) (ScriptedImporter) -> (artifact id: 'e0f0aed39e222e9ef33e0e60195bf866') in 0.0695596 seconds
Number of updated asset objects reloaded before import = 0Number of asset objects unloaded after import = 3

========================================================================
Received Import Request.
  Time since last request: 0.000021 seconds.
  path: Assets/karsiori/Sprites/Pixel Art Rock Pile Pack/Rock Pile - SILVER -/Rock Pile 2 - SILVER - small.PNG
  artifactKey: Guid(89d8d0e73babad34db2f7d90a204213d) Importer(2089858483,b0f066a214c2f5e87bad3c948f4d605d)
Start importing Assets/karsiori/Sprites/Pixel Art Rock Pile Pack/Rock Pile - SILVER -/Rock Pile 2 - SILVER - small.PNG using Guid(89d8d0e73babad34db2f7d90a204213d) Importer(2089858483,b0f066a214c2f5e87bad3c948f4d605d) (ScriptedImporter) -> (artifact id: 'e14215c2502c6025b643f06e9b9e092e') in 0.0507051 seconds
Number of updated asset objects reloaded before import = 0Number of asset objects unloaded after import = 3

========================================================================
Received Import Request.
  Time since last request: 0.000030 seconds.
  path: Assets/karsiori/Sprites/Pixel Art Rock Pile Pack/Rock Pile - WHITE -/Rock Pile 12 - WHITE - BIG.PNG
  artifactKey: Guid(58aee0a5f96e3c442b91e40d3f6f2450) Importer(2089858483,b0f066a214c2f5e87bad3c948f4d605d)
Start importing Assets/karsiori/Sprites/Pixel Art Rock Pile Pack/Rock Pile - WHITE -/Rock Pile 12 - WHITE - BIG.PNG using Guid(58aee0a5f96e3c442b91e40d3f6f2450) Importer(2089858483,b0f066a214c2f5e87bad3c948f4d605d) (ScriptedImporter) -> (artifact id: 'a1cb10b7523ef8e509810b4695029e8b') in 0.0830401 seconds
Number of updated asset objects reloaded before import = 0Number of asset objects unloaded after import = 3

========================================================================
Received Import Request.
  Time since last request: 0.000018 seconds.
  path: Assets/karsiori/Sprites/Pixel Art Rock Pile Pack/Rock Pile - SILVER -/Rock Pile 8 - SILVER - small.PNG
  artifactKey: Guid(9f34935bdddd0f54880e78ead3a2685b) Importer(2089858483,b0f066a214c2f5e87bad3c948f4d605d)
Start importing Assets/karsiori/Sprites/Pixel Art Rock Pile Pack/Rock Pile - SILVER -/Rock Pile 8 - SILVER - small.PNG using Guid(9f34935bdddd0f54880e78ead3a2685b) Importer(2089858483,b0f066a214c2f5e87bad3c948f4d605d) (ScriptedImporter) -> (artifact id: '680661e5c7fd8a9b423ad2358a993e80') in 0.1169885 seconds
Number of updated asset objects reloaded before import = 0Number of asset objects unloaded after import = 3

========================================================================
Received Import Request.
  Time since last request: 0.000018 seconds.
  path: Assets/karsiori/Sprites/Pixel Art Rock Pile Pack/Rock Pile - SILVER -/Rock Pile 4 - SILVER - small.PNG
  artifactKey: Guid(d44e6c7666545154a8b5e22fe9e58230) Importer(2089858483,b0f066a214c2f5e87bad3c948f4d605d)
Start importing Assets/karsiori/Sprites/Pixel Art Rock Pile Pack/Rock Pile - SILVER -/Rock Pile 4 - SILVER - small.PNG using Guid(d44e6c7666545154a8b5e22fe9e58230) Importer(2089858483,b0f066a214c2f5e87bad3c948f4d605d) (ScriptedImporter) -> (artifact id: 'dfdf188b0c18b388f9a2ad314c48a9dd') in 0.0887084 seconds
Number of updated asset objects reloaded before import = 0Number of asset objects unloaded after import = 3

========================================================================
Received Import Request.
  Time since last request: 0.000027 seconds.
  path: Assets/karsiori/Sprites/Pixel Art Rock Pile Pack/Rock Pile - WHITE -/Rock Pile 15 - WHITE - BIG.PNG
  artifactKey: Guid(846cb0f0194911c4fa5979184cf7a4ff) Importer(2089858483,b0f066a214c2f5e87bad3c948f4d605d)
Start importing Assets/karsiori/Sprites/Pixel Art Rock Pile Pack/Rock Pile - WHITE -/Rock Pile 15 - WHITE - BIG.PNG using Guid(846cb0f0194911c4fa5979184cf7a4ff) Importer(2089858483,b0f066a214c2f5e87bad3c948f4d605d) (ScriptedImporter) -> (artifact id: '6578a2ad4eeb64e11fb7ed496486210a') in 0.0512077 seconds
Number of updated asset objects reloaded before import = 0Number of asset objects unloaded after import = 3

========================================================================
Received Import Request.
  Time since last request: 0.000021 seconds.
  path: Assets/karsiori/Sprites/Pixel Art Rock Pile Pack/Rock Pile - SILVER -/Rock Pile 6 - SILVER - small.PNG
  artifactKey: Guid(cd938c9146905d142b024db54e683f62) Importer(2089858483,b0f066a214c2f5e87bad3c948f4d605d)
Start importing Assets/karsiori/Sprites/Pixel Art Rock Pile Pack/Rock Pile - SILVER -/Rock Pile 6 - SILVER - small.PNG using Guid(cd938c9146905d142b024db54e683f62) Importer(2089858483,b0f066a214c2f5e87bad3c948f4d605d) (ScriptedImporter) -> (artifact id: 'dd6757b068f5d4c60d420f3bd5a99623') in 0.2060543 seconds
Number of updated asset objects reloaded before import = 0Number of asset objects unloaded after import = 3

========================================================================
Received Import Request.
  Time since last request: 0.000020 seconds.
  path: Assets/karsiori/Sprites/Pixel Art Rock Pile Pack/Rock Pile - SILVER -/Rock Pile 4 - SILVER - BIG.PNG
  artifactKey: Guid(be327cab18176e445af06877f3b4f9a4) Importer(2089858483,b0f066a214c2f5e87bad3c948f4d605d)
Start importing Assets/karsiori/Sprites/Pixel Art Rock Pile Pack/Rock Pile - SILVER -/Rock Pile 4 - SILVER - BIG.PNG using Guid(be327cab18176e445af06877f3b4f9a4) Importer(2089858483,b0f066a214c2f5e87bad3c948f4d605d) (ScriptedImporter) -> (artifact id: 'b57632ecb473860b63ec5c2497d03095') in 0.0986336 seconds
Number of updated asset objects reloaded before import = 0Number of asset objects unloaded after import = 3

========================================================================
Received Import Request.
  Time since last request: 0.000026 seconds.
  path: Assets/karsiori/Sprites/Pixel Art Rock Pile Pack/Rock Pile - SILVER -/Rock Pile 6 - SILVER - BIG.PNG
  artifactKey: Guid(08fbe5dbdd20e194487ac7574993f1db) Importer(2089858483,b0f066a214c2f5e87bad3c948f4d605d)
Start importing Assets/karsiori/Sprites/Pixel Art Rock Pile Pack/Rock Pile - SILVER -/Rock Pile 6 - SILVER - BIG.PNG using Guid(08fbe5dbdd20e194487ac7574993f1db) Importer(2089858483,b0f066a214c2f5e87bad3c948f4d605d) (ScriptedImporter) -> (artifact id: '0c121ce387d15660ffd0a48d2416f502') in 0.0733396 seconds
Number of updated asset objects reloaded before import = 0Number of asset objects unloaded after import = 3

========================================================================
Received Import Request.
  Time since last request: 0.000016 seconds.
  path: Assets/karsiori/Sprites/Pixel Art Rock Pile Pack/Rock Pile - SILVER -/Rock Pile 15 - SILVER - BIG.PNG
  artifactKey: Guid(789bd87083ad8a44f85d2a31fb547a0a) Importer(2089858483,b0f066a214c2f5e87bad3c948f4d605d)
Start importing Assets/karsiori/Sprites/Pixel Art Rock Pile Pack/Rock Pile - SILVER -/Rock Pile 15 - SILVER - BIG.PNG using Guid(789bd87083ad8a44f85d2a31fb547a0a) Importer(2089858483,b0f066a214c2f5e87bad3c948f4d605d) (ScriptedImporter) -> (artifact id: '6d1fd72f6a68a25e46657922545cb391') in 0.0358946 seconds
Number of updated asset objects reloaded before import = 0Number of asset objects unloaded after import = 3

========================================================================
Received Import Request.
  Time since last request: 0.000015 seconds.
  path: Assets/karsiori/Sprites/Pixel Art Rock Pile Pack/Rock Pile - SILVER -/Rock Pile 15 - SILVER - small.PNG
  artifactKey: Guid(f6993b94887cc844e80c081727bc32fe) Importer(2089858483,b0f066a214c2f5e87bad3c948f4d605d)
Start importing Assets/karsiori/Sprites/Pixel Art Rock Pile Pack/Rock Pile - SILVER -/Rock Pile 15 - SILVER - small.PNG using Guid(f6993b94887cc844e80c081727bc32fe) Importer(2089858483,b0f066a214c2f5e87bad3c948f4d605d) (ScriptedImporter) -> (artifact id: '643a039caf363ba0f7841a7d26f548e0') in 0.0903103 seconds
Number of updated asset objects reloaded before import = 0Number of asset objects unloaded after import = 3

========================================================================
Received Import Request.
  Time since last request: 0.000018 seconds.
  path: Assets/karsiori/Sprites/Pixel Art Rock Pile Pack/Rock Pile - WHITE -/Rock Pile 1 - WHITE - BIG.PNG
  artifactKey: Guid(571cb12dfd65ad14d902a108f101111f) Importer(2089858483,b0f066a214c2f5e87bad3c948f4d605d)
Start importing Assets/karsiori/Sprites/Pixel Art Rock Pile Pack/Rock Pile - WHITE -/Rock Pile 1 - WHITE - BIG.PNG using Guid(571cb12dfd65ad14d902a108f101111f) Importer(2089858483,b0f066a214c2f5e87bad3c948f4d605d) (ScriptedImporter) -> (artifact id: '22ad0be8b89e3182a5433db72b4c3f5e') in 0.0825671 seconds
Number of updated asset objects reloaded before import = 0Number of asset objects unloaded after import = 3

========================================================================
Received Import Request.
  Time since last request: 0.000029 seconds.
  path: Assets/karsiori/Sprites/Pixel Art Rock Pile Pack/Rock Pile - SILVER -/Rock Pile 5 - SILVER - BIG.PNG
  artifactKey: Guid(210516c7a1d43a047af34755b4488fee) Importer(2089858483,b0f066a214c2f5e87bad3c948f4d605d)
Start importing Assets/karsiori/Sprites/Pixel Art Rock Pile Pack/Rock Pile - SILVER -/Rock Pile 5 - SILVER - BIG.PNG using Guid(210516c7a1d43a047af34755b4488fee) Importer(2089858483,b0f066a214c2f5e87bad3c948f4d605d) (ScriptedImporter) -> (artifact id: 'd9fcbf7b68d0a0d211263b95bdf4dd9b') in 0.0372308 seconds
Number of updated asset objects reloaded before import = 0Number of asset objects unloaded after import = 3

========================================================================
Received Import Request.
  Time since last request: 0.000016 seconds.
  path: Assets/karsiori/Sprites/Pixel Art Rock Pile Pack/Rock Pile - SILVER -/Rock Pile 9 - SILVER - small.PNG
  artifactKey: Guid(0624a00befdd05e46b4b46c1ab00f45b) Importer(2089858483,b0f066a214c2f5e87bad3c948f4d605d)
Start importing Assets/karsiori/Sprites/Pixel Art Rock Pile Pack/Rock Pile - SILVER -/Rock Pile 9 - SILVER - small.PNG using Guid(0624a00befdd05e46b4b46c1ab00f45b) Importer(2089858483,b0f066a214c2f5e87bad3c948f4d605d) (ScriptedImporter) -> (artifact id: '4d18ac4f2bfeee25b508140dd08a390d') in 0.1697631 seconds
Number of updated asset objects reloaded before import = 0Number of asset objects unloaded after import = 3

========================================================================
Received Import Request.
  Time since last request: 0.000023 seconds.
  path: Assets/karsiori/Sprites/Pixel Art Rock Pile Pack/Rock Pile - SILVER -/Rock Pile 7 - SILVER - BIG.PNG
  artifactKey: Guid(f8aec26ef9e664649847d51b85819f43) Importer(2089858483,b0f066a214c2f5e87bad3c948f4d605d)
Start importing Assets/karsiori/Sprites/Pixel Art Rock Pile Pack/Rock Pile - SILVER -/Rock Pile 7 - SILVER - BIG.PNG using Guid(f8aec26ef9e664649847d51b85819f43) Importer(2089858483,b0f066a214c2f5e87bad3c948f4d605d) (ScriptedImporter) -> (artifact id: '0ed950161c784ae56743a0e151071c22') in 0.1279032 seconds
Number of updated asset objects reloaded before import = 0Number of asset objects unloaded after import = 3

========================================================================
Received Import Request.
  Time since last request: 0.000030 seconds.
  path: Assets/karsiori/Sprites/Pixel Art Rock Pile Pack/Rock Pile - SILVER -/Rock Pile 14 - SILVER - small.PNG
  artifactKey: Guid(404a65fd5902e9641a79d5dd1720a045) Importer(2089858483,b0f066a214c2f5e87bad3c948f4d605d)
Start importing Assets/karsiori/Sprites/Pixel Art Rock Pile Pack/Rock Pile - SILVER -/Rock Pile 14 - SILVER - small.PNG using Guid(404a65fd5902e9641a79d5dd1720a045) Importer(2089858483,b0f066a214c2f5e87bad3c948f4d605d) (ScriptedImporter) -> (artifact id: '34de0d3bd892e0fcdc55181f48b29d7a') in 0.1533014 seconds
Number of updated asset objects reloaded before import = 0Number of asset objects unloaded after import = 3

========================================================================
Received Import Request.
  Time since last request: 0.000017 seconds.
  path: Assets/TextMesh Pro/Examples & Extras/Scripts/TMPro_InstructionOverlay.cs
  artifactKey: Guid(c3c1afeda5e545e0b19add5373896d2e) Importer(2089858483,b0f066a214c2f5e87bad3c948f4d605d)
Start importing Assets/TextMesh Pro/Examples & Extras/Scripts/TMPro_InstructionOverlay.cs using Guid(c3c1afeda5e545e0b19add5373896d2e) Importer(2089858483,b0f066a214c2f5e87bad3c948f4d605d) (ScriptedImporter) -> (artifact id: '93cf5856c8e94c768a76728a5dd87028') in 0.0101776 seconds
Number of updated asset objects reloaded before import = 0Number of asset objects unloaded after import = 0

========================================================================
Received Import Request.
  Time since last request: 0.000020 seconds.
  path: Assets/Nine Pines Animation/2D Character Sprite Animation - Penguin/sprites/penguin_walk_02.png
  artifactKey: Guid(c7bf2343067bbe94eb1be7596f0c61eb) Importer(2089858483,b0f066a214c2f5e87bad3c948f4d605d)
Start importing Assets/Nine Pines Animation/2D Character Sprite Animation - Penguin/sprites/penguin_walk_02.png using Guid(c7bf2343067bbe94eb1be7596f0c61eb) Importer(2089858483,b0f066a214c2f5e87bad3c948f4d605d) (ScriptedImporter) -> (artifact id: '4ded7f26b0aab8ebe059d512f9908d97') in 0.1589053 seconds
Number of updated asset objects reloaded before import = 0Number of asset objects unloaded after import = 3

========================================================================
Received Import Request.
  Time since last request: 0.000026 seconds.
  path: Assets/karsiori/Sprites/Pixel Art Rock Pile Pack/Rock Pile - BEIGE -/Rock Pile 11 - BEIGE - small.PNG
  artifactKey: Guid(67ee866f2ee56c84899d367e13901199) Importer(2089858483,b0f066a214c2f5e87bad3c948f4d605d)
Start importing Assets/karsiori/Sprites/Pixel Art Rock Pile Pack/Rock Pile - BEIGE -/Rock Pile 11 - BEIGE - small.PNG using Guid(67ee866f2ee56c84899d367e13901199) Importer(2089858483,b0f066a214c2f5e87bad3c948f4d605d) (ScriptedImporter) -> (artifact id: 'e9a60835fe22133dc717a4fc5a9d3589') in 0.079951 seconds
Number of updated asset objects reloaded before import = 0Number of asset objects unloaded after import = 3

========================================================================
Received Import Request.
  Time since last request: 0.000017 seconds.
  path: Assets/TextMesh Pro/Examples & Extras/Scenes/07 - Superscript & Subscript Example.unity
  artifactKey: Guid(03ec435d4b7140e9b2d87f79136d8374) Importer(2089858483,b0f066a214c2f5e87bad3c948f4d605d)
Start importing Assets/TextMesh Pro/Examples & Extras/Scenes/07 - Superscript & Subscript Example.unity using Guid(03ec435d4b7140e9b2d87f79136d8374) Importer(2089858483,b0f066a214c2f5e87bad3c948f4d605d) (ScriptedImporter) -> (artifact id: '27c756b7d47231166391222debdcb90a') in 0.0656343 seconds
Number of updated asset objects reloaded before import = 0Number of asset objects unloaded after import = 1

========================================================================
Received Import Request.
  Time since last request: 0.000019 seconds.
  path: Assets/LSL/LSL4Unity/Runtime/Scripts/TimeSync.cs
  artifactKey: Guid(873d45d18db8f14409781ddee1823d2f) Importer(2089858483,b0f066a214c2f5e87bad3c948f4d605d)
Start importing Assets/LSL/LSL4Unity/Runtime/Scripts/TimeSync.cs using Guid(873d45d18db8f14409781ddee1823d2f) Importer(2089858483,b0f066a214c2f5e87bad3c948f4d605d) (ScriptedImporter) -> (artifact id: 'f0f2467cc526576fe54c902ab05d94cf') in 0.01116 seconds
Number of updated asset objects reloaded before import = 0Number of asset objects unloaded after import = 0

========================================================================
Received Import Request.
  Time since last request: 0.000027 seconds.
  path: Assets/LSL/LSL4Unity/Runtime/Scripts/StreamInfo.cs
  artifactKey: Guid(02e187b7f8685d349b45ee20019e1dc4) Importer(2089858483,b0f066a214c2f5e87bad3c948f4d605d)
Start importing Assets/LSL/LSL4Unity/Runtime/Scripts/StreamInfo.cs using Guid(02e187b7f8685d349b45ee20019e1dc4) Importer(2089858483,b0f066a214c2f5e87bad3c948f4d605d) (ScriptedImporter) -> (artifact id: '1092da7b07719584bb955e5eb4aa9cd0') in 0.0098913 seconds
Number of updated asset objects reloaded before import = 0Number of asset objects unloaded after import = 0

========================================================================
Received Import Request.
  Time since last request: 0.000016 seconds.
  path: Assets/TextMesh Pro/Examples & Extras/Resources/Fonts & Materials/Bangers SDF - Drop Shadow.mat
  artifactKey: Guid(f2dcf029949142e28b974630369c8b4e) Importer(2089858483,b0f066a214c2f5e87bad3c948f4d605d)
Start importing Assets/TextMesh Pro/Examples & Extras/Resources/Fonts & Materials/Bangers SDF - Drop Shadow.mat using Guid(f2dcf029949142e28b974630369c8b4e) Importer(2089858483,b0f066a214c2f5e87bad3c948f4d605d) (ScriptedImporter) -> (artifact id: '84c33f8ec3c10f4b387990c455500d85') in 0.0333526 seconds
Number of updated asset objects reloaded before import = 0Number of asset objects unloaded after import = 2

========================================================================
Received Import Request.
  Time since last request: 0.000017 seconds.
  path: Assets/karsiori/Sprites/Pixel Art Rock Pile Pack/Rock Pile - WHITE -/Rock Pile 6 - WHITE - BIG.PNG
  artifactKey: Guid(fb40adabbe067dd4d98ba2bf6095e00d) Importer(2089858483,b0f066a214c2f5e87bad3c948f4d605d)
Start importing Assets/karsiori/Sprites/Pixel Art Rock Pile Pack/Rock Pile - WHITE -/Rock Pile 6 - WHITE - BIG.PNG using Guid(fb40adabbe067dd4d98ba2bf6095e00d) Importer(2089858483,b0f066a214c2f5e87bad3c948f4d605d) (ScriptedImporter) -> (artifact id: '0dad516f264d9b507cdf1c3b1fcc66a6') in 0.1175568 seconds
Number of updated asset objects reloaded before import = 0Number of asset objects unloaded after import = 3

========================================================================
Received Import Request.
  Time since last request: 0.000021 seconds.
  path: Assets/TextMesh Pro/Examples & Extras/Resources/Fonts & Materials/LiberationSans SDF - Overlay.mat
  artifactKey: Guid(9ad269c99dcf42b7aedefd83dd5a7b9d) Importer(2089858483,b0f066a214c2f5e87bad3c948f4d605d)
Start importing Assets/TextMesh Pro/Examples & Extras/Resources/Fonts & Materials/LiberationSans SDF - Overlay.mat using Guid(9ad269c99dcf42b7aedefd83dd5a7b9d) Importer(2089858483,b0f066a214c2f5e87bad3c948f4d605d) (ScriptedImporter) -> (artifact id: 'ab0df35d6277eb7ef8b6dd0c2e4285f8') in 0.0447482 seconds
Number of updated asset objects reloaded before import = 0Number of asset objects unloaded after import = 2

========================================================================
Received Import Request.
  Time since last request: 0.000027 seconds.
  path: Assets/TextMesh Pro/Examples & Extras/Resources/Fonts & Materials/Bangers SDF Logo - URP.mat
  artifactKey: Guid(6751ce1a4611b3940812c13a6847d94f) Importer(2089858483,b0f066a214c2f5e87bad3c948f4d605d)
Start importing Assets/TextMesh Pro/Examples & Extras/Resources/Fonts & Materials/Bangers SDF Logo - URP.mat using Guid(6751ce1a4611b3940812c13a6847d94f) Importer(2089858483,b0f066a214c2f5e87bad3c948f4d605d) (ScriptedImporter) -> (artifact id: '5e8e933e117b1a802134b54392b9350a') in 0.0359159 seconds
Number of updated asset objects reloaded before import = 0Number of asset objects unloaded after import = 5

========================================================================
Received Import Request.
  Time since last request: 0.000016 seconds.
  path: Assets/TextMesh Pro/Examples & Extras/Resources/Fonts & Materials/Anton SDF - Drop Shadow.mat
  artifactKey: Guid(749b9069dc4742c5bfa5c74644049926) Importer(2089858483,b0f066a214c2f5e87bad3c948f4d605d)
Start importing Assets/TextMesh Pro/Examples & Extras/Resources/Fonts & Materials/Anton SDF - Drop Shadow.mat using Guid(749b9069dc4742c5bfa5c74644049926) Importer(2089858483,b0f066a214c2f5e87bad3c948f4d605d) (ScriptedImporter) -> (artifact id: 'f581a336e76d20f1e98c7976e725e788') in 0.0373258 seconds
Number of updated asset objects reloaded before import = 0Number of asset objects unloaded after import = 2

========================================================================
Received Import Request.
  Time since last request: 0.000018 seconds.
  path: Assets/LSL/LSL4Unity/Runtime/Scripts/BaseInlet.cs
  artifactKey: Guid(cc40f3ccd629bdf4a850cf96960539a4) Importer(2089858483,b0f066a214c2f5e87bad3c948f4d605d)
Start importing Assets/LSL/LSL4Unity/Runtime/Scripts/BaseInlet.cs using Guid(cc40f3ccd629bdf4a850cf96960539a4) Importer(2089858483,b0f066a214c2f5e87bad3c948f4d605d) (ScriptedImporter) -> (artifact id: 'cfbb771b722ad9b66cb5f924e100de0e') in 0.0101771 seconds
Number of updated asset objects reloaded before import = 0Number of asset objects unloaded after import = 0

========================================================================
Received Import Request.
  Time since last request: 0.000018 seconds.
  path: Assets/TextMesh Pro/Examples & Extras/Resources/Fonts & Materials/Roboto-Bold SDF - URP.mat
  artifactKey: Guid(90722b8bd74d9aa49958562aff7bdf76) Importer(2089858483,b0f066a214c2f5e87bad3c948f4d605d)
Start importing Assets/TextMesh Pro/Examples & Extras/Resources/Fonts & Materials/Roboto-Bold SDF - URP.mat using Guid(90722b8bd74d9aa49958562aff7bdf76) Importer(2089858483,b0f066a214c2f5e87bad3c948f4d605d) (ScriptedImporter) -> (artifact id: '610fb2a0b9a429b2ec3648d9654a41e9') in 0.1414878 seconds
Number of updated asset objects reloaded before import = 0Number of asset objects unloaded after import = 3

========================================================================
Received Import Request.
  Time since last request: 0.000023 seconds.
  path: Assets/TextMesh Pro/Examples & Extras/Resources/Color Gradient Presets/Light to Dark Green - Vertical.asset
  artifactKey: Guid(5cf8ae092ca54931b443bec5148f3c59) Importer(2089858483,b0f066a214c2f5e87bad3c948f4d605d)
Start importing Assets/TextMesh Pro/Examples & Extras/Resources/Color Gradient Presets/Light to Dark Green - Vertical.asset using Guid(5cf8ae092ca54931b443bec5148f3c59) Importer(2089858483,b0f066a214c2f5e87bad3c948f4d605d) (ScriptedImporter) -> (artifact id: '76b46231f9d5e72e5848e1010eea92e5') in 0.0526101 seconds
Number of updated asset objects reloaded before import = 0Number of asset objects unloaded after import = 1

========================================================================
Received Import Request.
  Time since last request: 0.000026 seconds.
  path: Assets/TextMesh Pro/Examples & Extras/Resources/Color Gradient Presets/Yellow to Orange - Vertical.asset
  artifactKey: Guid(69a525efa7e6472eab268f6ea605f06e) Importer(2089858483,b0f066a214c2f5e87bad3c948f4d605d)
Start importing Assets/TextMesh Pro/Examples & Extras/Resources/Color Gradient Presets/Yellow to Orange - Vertical.asset using Guid(69a525efa7e6472eab268f6ea605f06e) Importer(2089858483,b0f066a214c2f5e87bad3c948f4d605d) (ScriptedImporter) -> (artifact id: '751f7ee9cbb0482d222a55b9949ee6e1') in 0.0105464 seconds
Number of updated asset objects reloaded before import = 0Number of asset objects unloaded after import = 1

========================================================================
Received Import Request.
  Time since last request: 0.000016 seconds.
  path: Assets/karsiori/Sprites/Pixel Art Rock Pile Pack/Rock Pile - WHITE -/Rock Pile 8 - WHITE - small.PNG
  artifactKey: Guid(82034961a073c6747a8a51c343ab34de) Importer(2089858483,b0f066a214c2f5e87bad3c948f4d605d)
Start importing Assets/karsiori/Sprites/Pixel Art Rock Pile Pack/Rock Pile - WHITE -/Rock Pile 8 - WHITE - small.PNG using Guid(82034961a073c6747a8a51c343ab34de) Importer(2089858483,b0f066a214c2f5e87bad3c948f4d605d) (ScriptedImporter) -> (artifact id: 'e7afdc6581f3a2eb7b4ed48b0efc6f9b') in 0.1716407 seconds
Number of updated asset objects reloaded before import = 0Number of asset objects unloaded after import = 3

========================================================================
Received Import Request.
  Time since last request: 0.000019 seconds.
  path: Assets/TextMesh Pro/Examples & Extras/Resources/Fonts & Materials/Electronic Highway Sign SDF.asset
  artifactKey: Guid(dc36b3fdc14f47ebb36fd484a67e268a) Importer(2089858483,b0f066a214c2f5e87bad3c948f4d605d)
Start importing Assets/TextMesh Pro/Examples & Extras/Resources/Fonts & Materials/Electronic Highway Sign SDF.asset using Guid(dc36b3fdc14f47ebb36fd484a67e268a) Importer(2089858483,b0f066a214c2f5e87bad3c948f4d605d) (ScriptedImporter) -> (artifact id: '3a0bb1d84cdd6c079b020cf3688f5ab3') in 0.1178068 seconds
Number of updated asset objects reloaded before import = 0Number of asset objects unloaded after import = 5

========================================================================
Received Import Request.
  Time since last request: 0.000028 seconds.
  path: Assets/TextMesh Pro/Examples & Extras/Resources/Fonts & Materials/Roboto-Bold SDF - Drop Shadow.mat
  artifactKey: Guid(b246c4190f4e46ec9352fe15a7b09ce0) Importer(2089858483,b0f066a214c2f5e87bad3c948f4d605d)
Start importing Assets/TextMesh Pro/Examples & Extras/Resources/Fonts & Materials/Roboto-Bold SDF - Drop Shadow.mat using Guid(b246c4190f4e46ec9352fe15a7b09ce0) Importer(2089858483,b0f066a214c2f5e87bad3c948f4d605d) (ScriptedImporter) -> (artifact id: '7b1487b0ea88b6b0f95c75bf04995a2f') in 0.0491473 seconds
Number of updated asset objects reloaded before import = 0Number of asset objects unloaded after import = 2

========================================================================
Received Import Request.
  Time since last request: 0.000016 seconds.
  path: Assets/karsiori/Sprites/Pixel Art Rock Pile Pack/Rock Pile - WHITE -/Rock Pile 3 - WHITE - small.PNG
  artifactKey: Guid(5095b93034e867c4ca1f3c1c87e36a0a) Importer(2089858483,b0f066a214c2f5e87bad3c948f4d605d)
Start importing Assets/karsiori/Sprites/Pixel Art Rock Pile Pack/Rock Pile - WHITE -/Rock Pile 3 - WHITE - small.PNG using Guid(5095b93034e867c4ca1f3c1c87e36a0a) Importer(2089858483,b0f066a214c2f5e87bad3c948f4d605d) (ScriptedImporter) -> (artifact id: 'f39e4311e3247dada10310178c330764') in 0.1481019 seconds
Number of updated asset objects reloaded before import = 0Number of asset objects unloaded after import = 3

========================================================================
Received Import Request.
  Time since last request: 0.000017 seconds.
  path: Assets/LSL/LSL4Unity/Runtime/Scripts/Common.cs
  artifactKey: Guid(f525467d5cfd0cd49b85e249302526c0) Importer(2089858483,b0f066a214c2f5e87bad3c948f4d605d)
Start importing Assets/LSL/LSL4Unity/Runtime/Scripts/Common.cs using Guid(f525467d5cfd0cd49b85e249302526c0) Importer(2089858483,b0f066a214c2f5e87bad3c948f4d605d) (ScriptedImporter) -> (artifact id: '19f8bb3662b0b2a397e0b2d612ef2396') in 0.0109046 seconds
Number of updated asset objects reloaded before import = 0Number of asset objects unloaded after import = 0

========================================================================
Received Import Request.
  Time since last request: 0.000028 seconds.
  path: Assets/karsiori/Sprites/Pixel Art Rock Pile Pack/Rock Pile - WHITE -/Rock Pile 4 - WHITE - small.PNG
  artifactKey: Guid(65071fbf0b21df8459519fef27787c3f) Importer(2089858483,b0f066a214c2f5e87bad3c948f4d605d)
Start importing Assets/karsiori/Sprites/Pixel Art Rock Pile Pack/Rock Pile - WHITE -/Rock Pile 4 - WHITE - small.PNG using Guid(65071fbf0b21df8459519fef27787c3f) Importer(2089858483,b0f066a214c2f5e87bad3c948f4d605d) (ScriptedImporter) -> (artifact id: 'b5bfeb8e6fb900b4c2ae38520bbf173a') in 0.0867186 seconds
Number of updated asset objects reloaded before import = 0Number of asset objects unloaded after import = 3

========================================================================
Received Import Request.
  Time since last request: 0.000018 seconds.
  path: Assets/karsiori/Sprites/Pixel Art Rock Pile Pack/Rock Pile - WHITE -/Rock Pile 9 - WHITE - BIG.PNG
  artifactKey: Guid(1f2b2463043f4fb40868a65a58ec805c) Importer(2089858483,b0f066a214c2f5e87bad3c948f4d605d)
Start importing Assets/karsiori/Sprites/Pixel Art Rock Pile Pack/Rock Pile - WHITE -/Rock Pile 9 - WHITE - BIG.PNG using Guid(1f2b2463043f4fb40868a65a58ec805c) Importer(2089858483,b0f066a214c2f5e87bad3c948f4d605d) (ScriptedImporter) -> (artifact id: '017dc5b71b8635f699d17b5d4b40255b') in 0.1462371 seconds
Number of updated asset objects reloaded before import = 0Number of asset objects unloaded after import = 3

========================================================================
Received Import Request.
  Time since last request: 0.000017 seconds.
  path: Assets/karsiori/Sprites/Pixel Art Rock Pile Pack/Rock Pile - WHITE -/Rock Pile 2 - WHITE - BIG.PNG
  artifactKey: Guid(4c819ed9a5f0d1849b27f705b51dac06) Importer(2089858483,b0f066a214c2f5e87bad3c948f4d605d)
Start importing Assets/karsiori/Sprites/Pixel Art Rock Pile Pack/Rock Pile - WHITE -/Rock Pile 2 - WHITE - BIG.PNG using Guid(4c819ed9a5f0d1849b27f705b51dac06) Importer(2089858483,b0f066a214c2f5e87bad3c948f4d605d) (ScriptedImporter) -> (artifact id: '12fd0c8d423b9dab947d7c2ceeabbc86') in 0.1383531 seconds
Number of updated asset objects reloaded before import = 0Number of asset objects unloaded after import = 3

========================================================================
Received Import Request.
  Time since last request: 0.000028 seconds.
  path: Assets/TextMesh Pro/Examples & Extras/Resources/Fonts & Materials/LiberationSans SDF - Metalic Green.mat
  artifactKey: Guid(8b29aaa3eec7468097ff07adfcf29ac9) Importer(2089858483,b0f066a214c2f5e87bad3c948f4d605d)
Start importing Assets/TextMesh Pro/Examples & Extras/Resources/Fonts & Materials/LiberationSans SDF - Metalic Green.mat using Guid(8b29aaa3eec7468097ff07adfcf29ac9) Importer(2089858483,b0f066a214c2f5e87bad3c948f4d605d) (ScriptedImporter) -> (artifact id: 'e0e9602847887a4df936a09f7bf6a03c') in 0.030312 seconds
Number of updated asset objects reloaded before import = 0Number of asset objects unloaded after import = 4

========================================================================
Received Import Request.
  Time since last request: 0.000017 seconds.
  path: Assets/karsiori/Sprites/Pixel Art Rock Pile Pack/Rock Pile - WHITE -/Rock Pile 5 - WHITE - small.PNG
  artifactKey: Guid(21675b1ff8893b44394800c51dd22e75) Importer(2089858483,b0f066a214c2f5e87bad3c948f4d605d)
Start importing Assets/karsiori/Sprites/Pixel Art Rock Pile Pack/Rock Pile - WHITE -/Rock Pile 5 - WHITE - small.PNG using Guid(21675b1ff8893b44394800c51dd22e75) Importer(2089858483,b0f066a214c2f5e87bad3c948f4d605d) (ScriptedImporter) -> (artifact id: 'ab12a6182df841358f0bf82f8533ae62') in 0.0506356 seconds
Number of updated asset objects reloaded before import = 0Number of asset objects unloaded after import = 3

========================================================================
Received Import Request.
  Time since last request: 0.000016 seconds.
  path: Assets/LSL/LSL4Unity/Runtime/Scripts/ScriptOrder.cs
  artifactKey: Guid(8e57d8143f1290c418f0aac8a1534531) Importer(2089858483,b0f066a214c2f5e87bad3c948f4d605d)
Start importing Assets/LSL/LSL4Unity/Runtime/Scripts/ScriptOrder.cs using Guid(8e57d8143f1290c418f0aac8a1534531) Importer(2089858483,b0f066a214c2f5e87bad3c948f4d605d) (ScriptedImporter) -> (artifact id: '0c2225c7cc7932c0135f23bd21b86293') in 0.022562 seconds
Number of updated asset objects reloaded before import = 0Number of asset objects unloaded after import = 0

========================================================================
Received Import Request.
  Time since last request: 0.000019 seconds.
  path: Assets/TextMesh Pro/Examples & Extras/Resources/Fonts & Materials/Oswald Bold SDF.asset
  artifactKey: Guid(0161d805a3764c089bef00bfe00793f5) Importer(2089858483,b0f066a214c2f5e87bad3c948f4d605d)
Start importing Assets/TextMesh Pro/Examples & Extras/Resources/Fonts & Materials/Oswald Bold SDF.asset using Guid(0161d805a3764c089bef00bfe00793f5) Importer(2089858483,b0f066a214c2f5e87bad3c948f4d605d) (ScriptedImporter) -> (artifact id: 'df49f165b0f337fb6bb2cfd5a4731c2f') in 0.0464762 seconds
Number of updated asset objects reloaded before import = 0Number of asset objects unloaded after import = 5

========================================================================
Received Import Request.
  Time since last request: 0.000026 seconds.
  path: Assets/TextMesh Pro/Examples & Extras/Scripts/VertexZoom.cs
  artifactKey: Guid(52ec835d14bd486f900952b77698b7eb) Importer(2089858483,b0f066a214c2f5e87bad3c948f4d605d)
Start importing Assets/TextMesh Pro/Examples & Extras/Scripts/VertexZoom.cs using Guid(52ec835d14bd486f900952b77698b7eb) Importer(2089858483,b0f066a214c2f5e87bad3c948f4d605d) (ScriptedImporter) -> (artifact id: '730419a0d7f1ef2dc65befa663a3569f') in 0.037144 seconds
Number of updated asset objects reloaded before import = 0Number of asset objects unloaded after import = 0

========================================================================
Received Import Request.
  Time since last request: 0.000021 seconds.
  path: Assets/karsiori/Sprites/Pixel Art Rock Pile Pack/Rock Pile - WHITE -/Rock Pile 8 - WHITE - BIG.PNG
  artifactKey: Guid(c04c68d5e8df3784083cc30225c22d26) Importer(2089858483,b0f066a214c2f5e87bad3c948f4d605d)
Start importing Assets/karsiori/Sprites/Pixel Art Rock Pile Pack/Rock Pile - WHITE -/Rock Pile 8 - WHITE - BIG.PNG using Guid(c04c68d5e8df3784083cc30225c22d26) Importer(2089858483,b0f066a214c2f5e87bad3c948f4d605d) (ScriptedImporter) -> (artifact id: '11390bb1f32f36a7a2ae4b0ac9363f1f') in 0.0768395 seconds
Number of updated asset objects reloaded before import = 0Number of asset objects unloaded after import = 3

========================================================================
Received Import Request.
  Time since last request: 0.000016 seconds.
  path: Assets/BayatGames/Free Platform Game Assets/GUI ( Update 1.7 )/eps/Elements.eps
  artifactKey: Guid(dfc6b8918904bbd4287156eba70a9985) Importer(2089858483,b0f066a214c2f5e87bad3c948f4d605d)
Start importing Assets/BayatGames/Free Platform Game Assets/GUI ( Update 1.7 )/eps/Elements.eps using Guid(dfc6b8918904bbd4287156eba70a9985) Importer(2089858483,b0f066a214c2f5e87bad3c948f4d605d) (ScriptedImporter) -> (artifact id: 'aeac34e338a25640ccd5f2ba40b072d2') in 0.0099779 seconds
Number of updated asset objects reloaded before import = 0Number of asset objects unloaded after import = 1

========================================================================
Received Import Request.
  Time since last request: 0.000020 seconds.
  path: Assets/TextMesh Pro/Examples & Extras/Scenes/23 - Animating Vertex Attributes.unity
  artifactKey: Guid(54e994244b4b467e8583cf2da6dcc716) Importer(2089858483,b0f066a214c2f5e87bad3c948f4d605d)
Start importing Assets/TextMesh Pro/Examples & Extras/Scenes/23 - Animating Vertex Attributes.unity using Guid(54e994244b4b467e8583cf2da6dcc716) Importer(2089858483,b0f066a214c2f5e87bad3c948f4d605d) (ScriptedImporter) -> (artifact id: '3cc220f71ee952a90d702a95c5ccdee4') in 0.0286672 seconds
Number of updated asset objects reloaded before import = 0Number of asset objects unloaded after import = 1

========================================================================
Received Import Request.
  Time since last request: 0.000025 seconds.
  path: Assets/karsiori/Sprites/Pixel Art Rock Pile Pack/Rock Pile - BEIGE -/Rock Pile 8 - BEIGE - BIG.PNG
  artifactKey: Guid(ce2eddcb82513e641b9a894b9a163174) Importer(2089858483,b0f066a214c2f5e87bad3c948f4d605d)
Start importing Assets/karsiori/Sprites/Pixel Art Rock Pile Pack/Rock Pile - BEIGE -/Rock Pile 8 - BEIGE - BIG.PNG using Guid(ce2eddcb82513e641b9a894b9a163174) Importer(2089858483,b0f066a214c2f5e87bad3c948f4d605d) (ScriptedImporter) -> (artifact id: '7e775264a62d64f37a387178f96b32de') in 0.0519777 seconds
Number of updated asset objects reloaded before import = 0Number of asset objects unloaded after import = 3

========================================================================
Received Import Request.
  Time since last request: 0.000018 seconds.
  path: Assets/LSL/LSL4Unity/Runtime/Scripts/BaseOutlet.cs
  artifactKey: Guid(2672a379c04bb57429944a700c350f3e) Importer(2089858483,b0f066a214c2f5e87bad3c948f4d605d)
Start importing Assets/LSL/LSL4Unity/Runtime/Scripts/BaseOutlet.cs using Guid(2672a379c04bb57429944a700c350f3e) Importer(2089858483,b0f066a214c2f5e87bad3c948f4d605d) (ScriptedImporter) -> (artifact id: '9d096b4726b8792e1c28742767eec81a') in 0.031787 seconds
Number of updated asset objects reloaded before import = 0Number of asset objects unloaded after import = 0

========================================================================
Received Import Request.
  Time since last request: 0.000028 seconds.
  path: Assets/karsiori/Sprites/Pixel Art Rock Pile Pack/Rock Pile - BEIGE -/Rock Pile 10 - BEIGE - small.PNG
  artifactKey: Guid(69133c3fc65b80c418b5c6df3f16d559) Importer(2089858483,b0f066a214c2f5e87bad3c948f4d605d)
Start importing Assets/karsiori/Sprites/Pixel Art Rock Pile Pack/Rock Pile - BEIGE -/Rock Pile 10 - BEIGE - small.PNG using Guid(69133c3fc65b80c418b5c6df3f16d559) Importer(2089858483,b0f066a214c2f5e87bad3c948f4d605d) (ScriptedImporter) -> (artifact id: 'd751af8f92709be31e06afff2fab9d86') in 0.0830948 seconds
Number of updated asset objects reloaded before import = 0Number of asset objects unloaded after import = 3

========================================================================
Received Import Request.
  Time since last request: 0.000020 seconds.
  path: Assets/TextMesh Pro/Examples & Extras/Resources/Sprite Assets/DropCap Numbers.asset
  artifactKey: Guid(14aa93acbb234d16aaef0e8b46814db6) Importer(2089858483,b0f066a214c2f5e87bad3c948f4d605d)
Start importing Assets/TextMesh Pro/Examples & Extras/Resources/Sprite Assets/DropCap Numbers.asset using Guid(14aa93acbb234d16aaef0e8b46814db6) Importer(2089858483,b0f066a214c2f5e87bad3c948f4d605d) (ScriptedImporter) -> (artifact id: '9ad7dc1f42bec6067577107bb8e65826') in 0.0743303 seconds
Number of updated asset objects reloaded before import = 0Number of asset objects unloaded after import = 3

========================================================================
Received Import Request.
  Time since last request: 0.000028 seconds.
  path: Assets/BayatGames/Free Platform Game Assets/Coin Animation/png/2x/image 12.png
  artifactKey: Guid(6ffad87630735e04d83408305dcc75b5) Importer(2089858483,b0f066a214c2f5e87bad3c948f4d605d)
Start importing Assets/BayatGames/Free Platform Game Assets/Coin Animation/png/2x/image 12.png using Guid(6ffad87630735e04d83408305dcc75b5) Importer(2089858483,b0f066a214c2f5e87bad3c948f4d605d) (ScriptedImporter) -> (artifact id: '1ed269eafebb62e7db658577eed44e19') in 0.0392313 seconds
Number of updated asset objects reloaded before import = 0Number of asset objects unloaded after import = 3

========================================================================
Received Import Request.
  Time since last request: 0.000016 seconds.
  path: Assets/BayatGames/Free Platform Game Assets/Character/Character Animation ( Update 1.8 )/Run/1x.png
  artifactKey: Guid(a407a3b3fefdc4b4595de46072f1ba58) Importer(2089858483,b0f066a214c2f5e87bad3c948f4d605d)
Start importing Assets/BayatGames/Free Platform Game Assets/Character/Character Animation ( Update 1.8 )/Run/1x.png using Guid(a407a3b3fefdc4b4595de46072f1ba58) Importer(2089858483,b0f066a214c2f5e87bad3c948f4d605d) (ScriptedImporter) -> (artifact id: 'bab7879653ab476986178714f1ebc296') in 0.1823434 seconds
Number of updated asset objects reloaded before import = 0Number of asset objects unloaded after import = 3

========================================================================
Received Import Request.
  Time since last request: 0.000021 seconds.
  path: Assets/BayatGames/Free Platform Game Assets/Coin Animation/png/2x/Coin.png
  artifactKey: Guid(5ed5157cf45e6ee409511594fb89377b) Importer(2089858483,b0f066a214c2f5e87bad3c948f4d605d)
Start importing Assets/BayatGames/Free Platform Game Assets/Coin Animation/png/2x/Coin.png using Guid(5ed5157cf45e6ee409511594fb89377b) Importer(2089858483,b0f066a214c2f5e87bad3c948f4d605d) (ScriptedImporter) -> (artifact id: '990a53b0bcdf688cb4e6206b94f9e5be') in 0.030861 seconds
Number of updated asset objects reloaded before import = 0Number of asset objects unloaded after import = 3

========================================================================
Received Import Request.
  Time since last request: 0.000025 seconds.
  path: Assets/BayatGames/Free Platform Game Assets/Coin Animation/png/4x/Coin.png
  artifactKey: Guid(c1ce1be65fa901744898a224b57aa5aa) Importer(2089858483,b0f066a214c2f5e87bad3c948f4d605d)
Start importing Assets/BayatGames/Free Platform Game Assets/Coin Animation/png/4x/Coin.png using Guid(c1ce1be65fa901744898a224b57aa5aa) Importer(2089858483,b0f066a214c2f5e87bad3c948f4d605d) (ScriptedImporter) -> (artifact id: '015db4077953f4aeaa8ea8c84185ccdd') in 0.1547241 seconds
Number of updated asset objects reloaded before import = 0Number of asset objects unloaded after import = 3

========================================================================
Received Import Request.
  Time since last request: 0.000017 seconds.
  path: Assets/BayatGames/Free Platform Game Assets/Coin Animation/png/2x/image 3.png
  artifactKey: Guid(01f2715068a32f44a99ba474fbf74cdf) Importer(2089858483,b0f066a214c2f5e87bad3c948f4d605d)
Start importing Assets/BayatGames/Free Platform Game Assets/Coin Animation/png/2x/image 3.png using Guid(01f2715068a32f44a99ba474fbf74cdf) Importer(2089858483,b0f066a214c2f5e87bad3c948f4d605d) (ScriptedImporter) -> (artifact id: '9388a5e832b98b556a9f08665a49c0fe') in 0.0791747 seconds
Number of updated asset objects reloaded before import = 0Number of asset objects unloaded after import = 3

========================================================================
Received Import Request.
  Time since last request: 0.000019 seconds.
  path: Assets/BayatGames/Free Platform Game Assets/Coin Animation/png/4x/image 10.png
  artifactKey: Guid(dfa73ca92daccb94b890dc4e3f5b5fef) Importer(2089858483,b0f066a214c2f5e87bad3c948f4d605d)
Start importing Assets/BayatGames/Free Platform Game Assets/Coin Animation/png/4x/image 10.png using Guid(dfa73ca92daccb94b890dc4e3f5b5fef) Importer(2089858483,b0f066a214c2f5e87bad3c948f4d605d) (ScriptedImporter) -> (artifact id: 'cf6660d632986e6b80ed1dd173e1cc8c') in 0.0482629 seconds
Number of updated asset objects reloaded before import = 0Number of asset objects unloaded after import = 3

========================================================================
Received Import Request.
  Time since last request: 0.000031 seconds.
  path: Assets/BayatGames/Free Platform Game Assets/Backgrounds/Background/ai/Clouds.ai
  artifactKey: Guid(f6e76b7baaf19274a84da1de89982757) Importer(2089858483,b0f066a214c2f5e87bad3c948f4d605d)
Start importing Assets/BayatGames/Free Platform Game Assets/Backgrounds/Background/ai/Clouds.ai using Guid(f6e76b7baaf19274a84da1de89982757) Importer(2089858483,b0f066a214c2f5e87bad3c948f4d605d) (ScriptedImporter) -> (artifact id: '3cd62fe087914f5b51cf31e2c43ea316') in 0.0204584 seconds
Number of updated asset objects reloaded before import = 0Number of asset objects unloaded after import = 1

========================================================================
Received Import Request.
  Time since last request: 0.000016 seconds.
  path: Assets/BayatGames/Free Platform Game Assets/Coin Animation/png/2x/image 4.png
  artifactKey: Guid(829702d123e43a54c80bc02a11288a82) Importer(2089858483,b0f066a214c2f5e87bad3c948f4d605d)
Start importing Assets/BayatGames/Free Platform Game Assets/Coin Animation/png/2x/image 4.png using Guid(829702d123e43a54c80bc02a11288a82) Importer(2089858483,b0f066a214c2f5e87bad3c948f4d605d) (ScriptedImporter) -> (artifact id: 'bcf139430b3248a9b2bf04599b83d1f3') in 0.0862246 seconds
Number of updated asset objects reloaded before import = 0Number of asset objects unloaded after import = 3

========================================================================
Received Import Request.
  Time since last request: 0.000015 seconds.
  path: Assets/BayatGames/Free Platform Game Assets/Backgrounds/New Background ( Update 1.7 )/ai/NewBackground1920x1080.ai
  artifactKey: Guid(121e12df55a087f47b44a095f2df0a46) Importer(2089858483,b0f066a214c2f5e87bad3c948f4d605d)
Start importing Assets/BayatGames/Free Platform Game Assets/Backgrounds/New Background ( Update 1.7 )/ai/NewBackground1920x1080.ai using Guid(121e12df55a087f47b44a095f2df0a46) Importer(2089858483,b0f066a214c2f5e87bad3c948f4d605d) (ScriptedImporter) -> (artifact id: '3ef4a0f13d99e9adabe95287f50e7e6d') in 0.0101326 seconds
Number of updated asset objects reloaded before import = 0Number of asset objects unloaded after import = 1

========================================================================
Received Import Request.
  Time since last request: 0.000019 seconds.
  path: Assets/BayatGames/Free Platform Game Assets/Backgrounds/Background/ai/Background2048x1536.ai
  artifactKey: Guid(5d0d96ae46ffb1344971c36d09f9684d) Importer(2089858483,b0f066a214c2f5e87bad3c948f4d605d)
Start importing Assets/BayatGames/Free Platform Game Assets/Backgrounds/Background/ai/Background2048x1536.ai using Guid(5d0d96ae46ffb1344971c36d09f9684d) Importer(2089858483,b0f066a214c2f5e87bad3c948f4d605d) (ScriptedImporter) -> (artifact id: '2614496d2e8ac10cba29ced5cc63a3cb') in 0.0157809 seconds
Number of updated asset objects reloaded before import = 0Number of asset objects unloaded after import = 1

========================================================================
Received Import Request.
  Time since last request: 0.000028 seconds.
  path: Assets/BayatGames/Free Platform Game Assets/Coin Animation/png/4x/image 15.png
  artifactKey: Guid(6eba1eae469401f4cadee1e9007944b9) Importer(2089858483,b0f066a214c2f5e87bad3c948f4d605d)
Start importing Assets/BayatGames/Free Platform Game Assets/Coin Animation/png/4x/image 15.png using Guid(6eba1eae469401f4cadee1e9007944b9) Importer(2089858483,b0f066a214c2f5e87bad3c948f4d605d) (ScriptedImporter) -> (artifact id: 'beaf06a6a9fc3bf6d33aa535ff6cfd00') in 0.1161079 seconds
Number of updated asset objects reloaded before import = 0Number of asset objects unloaded after import = 3

========================================================================
Received Import Request.
  Time since last request: 0.000016 seconds.
  path: Assets/BayatGames/Free Platform Game Assets/Character/Character Source/ai/Character.ai
  artifactKey: Guid(4538d88595448ae43ad295f301fdd97f) Importer(2089858483,b0f066a214c2f5e87bad3c948f4d605d)
Start importing Assets/BayatGames/Free Platform Game Assets/Character/Character Source/ai/Character.ai using Guid(4538d88595448ae43ad295f301fdd97f) Importer(2089858483,b0f066a214c2f5e87bad3c948f4d605d) (ScriptedImporter) -> (artifact id: '6cd00ce7a207c60fd3d0d0141320d3cf') in 0.0100978 seconds
Number of updated asset objects reloaded before import = 0Number of asset objects unloaded after import = 1

========================================================================
Received Import Request.
  Time since last request: 0.000015 seconds.
  path: Assets/BayatGames/Free Platform Game Assets/Chests/New Chests ( Update 1.8.5 )/eps/New Chest.eps
  artifactKey: Guid(51a7b831b16e17043a55f8b3f51e7707) Importer(2089858483,b0f066a214c2f5e87bad3c948f4d605d)
Start importing Assets/BayatGames/Free Platform Game Assets/Chests/New Chests ( Update 1.8.5 )/eps/New Chest.eps using Guid(51a7b831b16e17043a55f8b3f51e7707) Importer(2089858483,b0f066a214c2f5e87bad3c948f4d605d) (ScriptedImporter) -> (artifact id: '931faaeaba7dbaccb29a9d48dffb3d53') in 0.0327728 seconds
Number of updated asset objects reloaded before import = 0Number of asset objects unloaded after import = 1

========================================================================
Received Import Request.
  Time since last request: 0.000018 seconds.
  path: Assets/TextMesh Pro/Examples & Extras/Resources/Sprite Assets/Default Sprite Asset.asset
  artifactKey: Guid(fbef3c704dce48f08a44612d6c856c8d) Importer(2089858483,b0f066a214c2f5e87bad3c948f4d605d)
Start importing Assets/TextMesh Pro/Examples & Extras/Resources/Sprite Assets/Default Sprite Asset.asset using Guid(fbef3c704dce48f08a44612d6c856c8d) Importer(2089858483,b0f066a214c2f5e87bad3c948f4d605d) (ScriptedImporter) -> (artifact id: '41b2dbfc2756d9ebf194632749baf08a') in 0.0851176 seconds
Number of updated asset objects reloaded before import = 0Number of asset objects unloaded after import = 3

========================================================================
Received Import Request.
  Time since last request: 0.000027 seconds.
  path: Assets/BayatGames/Free Platform Game Assets/Coin Animation/png/2x/image 6.png
  artifactKey: Guid(c925826c0552cf549a3f1123cae8db5b) Importer(2089858483,b0f066a214c2f5e87bad3c948f4d605d)
Start importing Assets/BayatGames/Free Platform Game Assets/Coin Animation/png/2x/image 6.png using Guid(c925826c0552cf549a3f1123cae8db5b) Importer(2089858483,b0f066a214c2f5e87bad3c948f4d605d) (ScriptedImporter) -> (artifact id: '2529a7c022ad595369139e71dd73cd62') in 0.0647406 seconds
Number of updated asset objects reloaded before import = 0Number of asset objects unloaded after import = 3

========================================================================
Received Import Request.
  Time since last request: 0.000016 seconds.
  path: Assets/BayatGames/Free Platform Game Assets/Backgrounds/Background/eps/Background1920x1080.eps
  artifactKey: Guid(4661555c353c4754dbd8fed449289e3a) Importer(2089858483,b0f066a214c2f5e87bad3c948f4d605d)
Start importing Assets/BayatGames/Free Platform Game Assets/Backgrounds/Background/eps/Background1920x1080.eps using Guid(4661555c353c4754dbd8fed449289e3a) Importer(2089858483,b0f066a214c2f5e87bad3c948f4d605d) (ScriptedImporter) -> (artifact id: '5030c39cea4fe8cc30514d3994ea1358') in 0.0092759 seconds
Number of updated asset objects reloaded before import = 0Number of asset objects unloaded after import = 1

========================================================================
Received Import Request.
  Time since last request: 0.000016 seconds.
  path: Assets/BayatGames/Free Platform Game Assets/Coin Animation/png/4x/image 12.png
  artifactKey: Guid(798cfdc6e87910449ae9c27bfd993a1d) Importer(2089858483,b0f066a214c2f5e87bad3c948f4d605d)
Start importing Assets/BayatGames/Free Platform Game Assets/Coin Animation/png/4x/image 12.png using Guid(798cfdc6e87910449ae9c27bfd993a1d) Importer(2089858483,b0f066a214c2f5e87bad3c948f4d605d) (ScriptedImporter) -> (artifact id: 'a81f6c8c2df468217eee0e98e0e1facf') in 0.080798 seconds
Number of updated asset objects reloaded before import = 0Number of asset objects unloaded after import = 3

========================================================================
Received Import Request.
  Time since last request: 0.000020 seconds.
  path: Assets/BayatGames/Free Platform Game Assets/Backgrounds/New Background ( Update 1.7 )/eps/NewBackground1920x1080.eps
  artifactKey: Guid(513870e9d5b66e74c879e96dbecb3285) Importer(2089858483,b0f066a214c2f5e87bad3c948f4d605d)
Start importing Assets/BayatGames/Free Platform Game Assets/Backgrounds/New Background ( Update 1.7 )/eps/NewBackground1920x1080.eps using Guid(513870e9d5b66e74c879e96dbecb3285) Importer(2089858483,b0f066a214c2f5e87bad3c948f4d605d) (ScriptedImporter) -> (artifact id: '278e304c025f0792713d3410b998f9cc') in 0.0095888 seconds
Number of updated asset objects reloaded before import = 0Number of asset objects unloaded after import = 1

========================================================================
Received Import Request.
  Time since last request: 0.000028 seconds.
  path: Assets/TextMesh Pro/Examples & Extras/Resources/Fonts & Materials/Unity SDF - HDRP LIT - Outline.mat
  artifactKey: Guid(967f61bb1e3e28645a39e0cb647cc79e) Importer(2089858483,b0f066a214c2f5e87bad3c948f4d605d)
Start importing Assets/TextMesh Pro/Examples & Extras/Resources/Fonts & Materials/Unity SDF - HDRP LIT - Outline.mat using Guid(967f61bb1e3e28645a39e0cb647cc79e) Importer(2089858483,b0f066a214c2f5e87bad3c948f4d605d) (ScriptedImporter) -> (artifact id: '4c26271af2ba8a167f424b7786f4b646') in 0.3663383 seconds
Number of updated asset objects reloaded before import = 0Number of asset objects unloaded after import = 3

========================================================================
Received Import Request.
  Time since last request: 0.000020 seconds.
  path: Assets/BayatGames/Free Platform Game Assets/Coin Animation/png/2x/image 13.png
  artifactKey: Guid(4188406557eaca0488459eba94278250) Importer(2089858483,b0f066a214c2f5e87bad3c948f4d605d)
Start importing Assets/BayatGames/Free Platform Game Assets/Coin Animation/png/2x/image 13.png using Guid(4188406557eaca0488459eba94278250) Importer(2089858483,b0f066a214c2f5e87bad3c948f4d605d) (ScriptedImporter) -> (artifact id: 'dd9fe0ecd9cd6407b850ad68b44543b0') in 0.0698553 seconds
Number of updated asset objects reloaded before import = 0Number of asset objects unloaded after import = 3

========================================================================
Received Import Request.
  Time since last request: 0.000026 seconds.
  path: Assets/BayatGames/Free Platform Game Assets/Coin Animation/png/2x/image 16.png
  artifactKey: Guid(570f426f740c2c5499e2f9670c12598a) Importer(2089858483,b0f066a214c2f5e87bad3c948f4d605d)
Start importing Assets/BayatGames/Free Platform Game Assets/Coin Animation/png/2x/image 16.png using Guid(570f426f740c2c5499e2f9670c12598a) Importer(2089858483,b0f066a214c2f5e87bad3c948f4d605d) (ScriptedImporter) -> (artifact id: 'd46a3ad32bcf42ad39fe3339b153fed7') in 0.1773482 seconds
Number of updated asset objects reloaded before import = 0Number of asset objects unloaded after import = 3

========================================================================
Received Import Request.
  Time since last request: 0.000018 seconds.
  path: Assets/BayatGames/Free Platform Game Assets/Coin Animation/png/4x/image 11.png
  artifactKey: Guid(46f5e58d5081bc64abc2ab3babe5b872) Importer(2089858483,b0f066a214c2f5e87bad3c948f4d605d)
Start importing Assets/BayatGames/Free Platform Game Assets/Coin Animation/png/4x/image 11.png using Guid(46f5e58d5081bc64abc2ab3babe5b872) Importer(2089858483,b0f066a214c2f5e87bad3c948f4d605d) (ScriptedImporter) -> (artifact id: '19ae263f228b9a484caf7bf64c80e521') in 0.074898 seconds
Number of updated asset objects reloaded before import = 0Number of asset objects unloaded after import = 3

========================================================================
Received Import Request.
  Time since last request: 0.000028 seconds.
  path: Assets/TextMesh Pro/Examples & Extras/Fonts/Unity.ttf
  artifactKey: Guid(f4eec857a4fdf2f43be0e9f3d1a984e7) Importer(2089858483,b0f066a214c2f5e87bad3c948f4d605d)
Start importing Assets/TextMesh Pro/Examples & Extras/Fonts/Unity.ttf using Guid(f4eec857a4fdf2f43be0e9f3d1a984e7) Importer(2089858483,b0f066a214c2f5e87bad3c948f4d605d) (ScriptedImporter) -> (artifact id: 'a50f4a4288559aa6ccd90e11986c2de7') in 0.0616741 seconds
Number of updated asset objects reloaded before import = 0Number of asset objects unloaded after import = 3

========================================================================
Received Import Request.
  Time since last request: 0.000018 seconds.
  path: Assets/karsiori/Sprites/Pixel Art Rock Pile Pack/Rock Pile - WHITE -/Rock Pile 5 - WHITE - BIG.PNG
  artifactKey: Guid(64f0eeee800de634290ef28b3c03f021) Importer(2089858483,b0f066a214c2f5e87bad3c948f4d605d)
Start importing Assets/karsiori/Sprites/Pixel Art Rock Pile Pack/Rock Pile - WHITE -/Rock Pile 5 - WHITE - BIG.PNG using Guid(64f0eeee800de634290ef28b3c03f021) Importer(2089858483,b0f066a214c2f5e87bad3c948f4d605d) (ScriptedImporter) -> (artifact id: '4e380fd0c12c425e06ffe0fc0d9a87c5') in 0.0558729 seconds
Number of updated asset objects reloaded before import = 0Number of asset objects unloaded after import = 3

========================================================================
Received Import Request.
  Time since last request: 0.000017 seconds.
  path: Assets/karsiori/Sprites/Pixel Art Rock Pile Pack/Rock Pile - SILVER -/Rock Pile 5 - SILVER - small.PNG
  artifactKey: Guid(05f63a7168a571747a7279ec26711beb) Importer(2089858483,b0f066a214c2f5e87bad3c948f4d605d)
Start importing Assets/karsiori/Sprites/Pixel Art Rock Pile Pack/Rock Pile - SILVER -/Rock Pile 5 - SILVER - small.PNG using Guid(05f63a7168a571747a7279ec26711beb) Importer(2089858483,b0f066a214c2f5e87bad3c948f4d605d) (ScriptedImporter) -> (artifact id: 'ee809fece989425151d6bd9cdb835322') in 0.0418 seconds
Number of updated asset objects reloaded before import = 0Number of asset objects unloaded after import = 3

========================================================================
Received Import Request.
  Time since last request: 0.000023 seconds.
  path: Assets/BayatGames/Free Platform Game Assets/Enemies/Enemies/ai/Mace.ai
  artifactKey: Guid(e8de974d31acf9244a0a99c17d33b3bd) Importer(2089858483,b0f066a214c2f5e87bad3c948f4d605d)
Start importing Assets/BayatGames/Free Platform Game Assets/Enemies/Enemies/ai/Mace.ai using Guid(e8de974d31acf9244a0a99c17d33b3bd) Importer(2089858483,b0f066a214c2f5e87bad3c948f4d605d) (ScriptedImporter) -> (artifact id: 'a5124f20ac07f579d5926cf296c2e6df') in 0.010385 seconds
Number of updated asset objects reloaded before import = 0Number of asset objects unloaded after import = 1

========================================================================
Received Import Request.
  Time since last request: 0.000032 seconds.
  path: Assets/BayatGames/Free Platform Game Assets/Chests/Chest/eps/Chest.eps
  artifactKey: Guid(b949ce31701d4ca4390e03cdc15e1dcc) Importer(2089858483,b0f066a214c2f5e87bad3c948f4d605d)
Start importing Assets/BayatGames/Free Platform Game Assets/Chests/Chest/eps/Chest.eps using Guid(b949ce31701d4ca4390e03cdc15e1dcc) Importer(2089858483,b0f066a214c2f5e87bad3c948f4d605d) (ScriptedImporter) -> (artifact id: '98846e857a6dee51a142371be30b0a2f') in 0.0214047 seconds
Number of updated asset objects reloaded before import = 0Number of asset objects unloaded after import = 1

========================================================================
Received Import Request.
  Time since last request: 0.000017 seconds.
  path: Assets/BayatGames/Free Platform Game Assets/Environments/New Details ( Update 1.9 )/8x/Autumn Bush.png
  artifactKey: Guid(b94b23723dfa2e84e9de0fdeb406695d) Importer(2089858483,b0f066a214c2f5e87bad3c948f4d605d)
Start importing Assets/BayatGames/Free Platform Game Assets/Environments/New Details ( Update 1.9 )/8x/Autumn Bush.png using Guid(b94b23723dfa2e84e9de0fdeb406695d) Importer(2089858483,b0f066a214c2f5e87bad3c948f4d605d) (ScriptedImporter) -> (artifact id: 'a827e5db726265659707444676092623') in 0.2404536 seconds
Number of updated asset objects reloaded before import = 0Number of asset objects unloaded after import = 3

========================================================================
Received Import Request.
  Time since last request: 0.000019 seconds.
  path: Assets/BayatGames/Free Platform Game Assets/Enemies/New Enemy ( Update 1.9 )/2x/Mace-Chain.png
  artifactKey: Guid(5018d4b1c155af94091f393aa67a44f7) Importer(2089858483,b0f066a214c2f5e87bad3c948f4d605d)
Start importing Assets/BayatGames/Free Platform Game Assets/Enemies/New Enemy ( Update 1.9 )/2x/Mace-Chain.png using Guid(5018d4b1c155af94091f393aa67a44f7) Importer(2089858483,b0f066a214c2f5e87bad3c948f4d605d) (ScriptedImporter) -> (artifact id: 'd76fe4479ced4e83022e8c6934d28c4c') in 0.0707123 seconds
Number of updated asset objects reloaded before import = 0Number of asset objects unloaded after import = 3

========================================================================
Received Import Request.
  Time since last request: 0.000038 seconds.
  path: Assets/BayatGames/Free Platform Game Assets/Coin Animation/png/4x/image 7.png
  artifactKey: Guid(0c5c22c50752aee428a39dd980122f38) Importer(2089858483,b0f066a214c2f5e87bad3c948f4d605d)
Start importing Assets/BayatGames/Free Platform Game Assets/Coin Animation/png/4x/image 7.png using Guid(0c5c22c50752aee428a39dd980122f38) Importer(2089858483,b0f066a214c2f5e87bad3c948f4d605d) (ScriptedImporter) -> (artifact id: 'fd0b5a51c2462edc374470c0e8b14e25') in 0.0639542 seconds
Number of updated asset objects reloaded before import = 0Number of asset objects unloaded after import = 3

========================================================================
Received Import Request.
  Time since last request: 0.000017 seconds.
  path: Assets/BayatGames/Free Platform Game Assets/Enemies/New Enemy ( Update 1.9 )/4x/Chain-2.png
  artifactKey: Guid(c26cf37427640994791a6a4209b0dc18) Importer(2089858483,b0f066a214c2f5e87bad3c948f4d605d)
Start importing Assets/BayatGames/Free Platform Game Assets/Enemies/New Enemy ( Update 1.9 )/4x/Chain-2.png using Guid(c26cf37427640994791a6a4209b0dc18) Importer(2089858483,b0f066a214c2f5e87bad3c948f4d605d) (ScriptedImporter) -> (artifact id: 'b70d3d4aeea7c2e7cdec73c09ccf7c0b') in 0.0586075 seconds
Number of updated asset objects reloaded before import = 0Number of asset objects unloaded after import = 3

========================================================================
Received Import Request.
  Time since last request: 0.000016 seconds.
  path: Assets/BayatGames/Free Platform Game Assets/Enemies/Enemies/ai/Saw.ai
  artifactKey: Guid(4cadfdb61f4464e45ae5f00dcb07e13a) Importer(2089858483,b0f066a214c2f5e87bad3c948f4d605d)
Start importing Assets/BayatGames/Free Platform Game Assets/Enemies/Enemies/ai/Saw.ai using Guid(4cadfdb61f4464e45ae5f00dcb07e13a) Importer(2089858483,b0f066a214c2f5e87bad3c948f4d605d) (ScriptedImporter) -> (artifact id: '0225bbc334312c97b5af35986c98dd9e') in 0.0101405 seconds
Number of updated asset objects reloaded before import = 0Number of asset objects unloaded after import = 1

========================================================================
Received Import Request.
  Time since last request: 0.000021 seconds.
  path: Assets/BayatGames/Free Platform Game Assets/Enemies/New Enemy ( Update 1.9 )/8x/Circle.png
  artifactKey: Guid(1a665d63a39c8324da96957bf11f5e48) Importer(2089858483,b0f066a214c2f5e87bad3c948f4d605d)
Start importing Assets/BayatGames/Free Platform Game Assets/Enemies/New Enemy ( Update 1.9 )/8x/Circle.png using Guid(1a665d63a39c8324da96957bf11f5e48) Importer(2089858483,b0f066a214c2f5e87bad3c948f4d605d) (ScriptedImporter) -> (artifact id: '3a7640cd5be6ab30d1af6eb0764b8786') in 0.0988125 seconds
Number of updated asset objects reloaded before import = 0Number of asset objects unloaded after import = 3

========================================================================
Received Import Request.
  Time since last request: 0.000032 seconds.
  path: Assets/BayatGames/Free Platform Game Assets/Environments/New Details ( Update 1.9 )/2x/Winter Tree.png
  artifactKey: Guid(e23ebd906a70ca347a1e102f96b7a2aa) Importer(2089858483,b0f066a214c2f5e87bad3c948f4d605d)
Start importing Assets/BayatGames/Free Platform Game Assets/Environments/New Details ( Update 1.9 )/2x/Winter Tree.png using Guid(e23ebd906a70ca347a1e102f96b7a2aa) Importer(2089858483,b0f066a214c2f5e87bad3c948f4d605d) (ScriptedImporter) -> (artifact id: '5a42f762355e37f2e6317acf1a5f7547') in 0.1435073 seconds
Number of updated asset objects reloaded before import = 0Number of asset objects unloaded after import = 3

========================================================================
Received Import Request.
  Time since last request: 0.000017 seconds.
  path: Assets/BayatGames/Free Platform Game Assets/Enemies/New Enemy ( Update 1.9 )/8x/Chain-1.png
  artifactKey: Guid(32d015e157dd8bb4a8c4755343c0d37b) Importer(2089858483,b0f066a214c2f5e87bad3c948f4d605d)
Start importing Assets/BayatGames/Free Platform Game Assets/Enemies/New Enemy ( Update 1.9 )/8x/Chain-1.png using Guid(32d015e157dd8bb4a8c4755343c0d37b) Importer(2089858483,b0f066a214c2f5e87bad3c948f4d605d) (ScriptedImporter) -> (artifact id: 'c5eede430210f9fdb893403132e28b9b') in 0.0478124 seconds
Number of updated asset objects reloaded before import = 0Number of asset objects unloaded after import = 3

========================================================================
Received Import Request.
  Time since last request: 0.000020 seconds.
  path: Assets/BayatGames/Free Platform Game Assets/Enemies/Enemies/eps/Spike.eps
  artifactKey: Guid(5efb7518b6749494f82e44bb917b3317) Importer(2089858483,b0f066a214c2f5e87bad3c948f4d605d)
Start importing Assets/BayatGames/Free Platform Game Assets/Enemies/Enemies/eps/Spike.eps using Guid(5efb7518b6749494f82e44bb917b3317) Importer(2089858483,b0f066a214c2f5e87bad3c948f4d605d) (ScriptedImporter) -> (artifact id: '0601302293362bc2b9b07676617c3afe') in 0.0098798 seconds
Number of updated asset objects reloaded before import = 0Number of asset objects unloaded after import = 1

========================================================================
Received Import Request.
  Time since last request: 0.000032 seconds.
  path: Assets/BayatGames/Free Platform Game Assets/Enemies/New Enemy ( Update 1.9 )/8x/Mace-Chain.png
  artifactKey: Guid(eacfb4eb999a5754cb662c1c764387d3) Importer(2089858483,b0f066a214c2f5e87bad3c948f4d605d)
Start importing Assets/BayatGames/Free Platform Game Assets/Enemies/New Enemy ( Update 1.9 )/8x/Mace-Chain.png using Guid(eacfb4eb999a5754cb662c1c764387d3) Importer(2089858483,b0f066a214c2f5e87bad3c948f4d605d) (ScriptedImporter) -> (artifact id: '7499c1fb7ffc7ff942c8509a730d8b07') in 0.0773422 seconds
Number of updated asset objects reloaded before import = 0Number of asset objects unloaded after import = 3

========================================================================
Received Import Request.
  Time since last request: 0.000018 seconds.
  path: Assets/BayatGames/Free Platform Game Assets/Environments/Environments/eps/Environment.eps
  artifactKey: Guid(783ede3be267bda4b825e1c2ff30343a) Importer(2089858483,b0f066a214c2f5e87bad3c948f4d605d)
Start importing Assets/BayatGames/Free Platform Game Assets/Environments/Environments/eps/Environment.eps using Guid(783ede3be267bda4b825e1c2ff30343a) Importer(2089858483,b0f066a214c2f5e87bad3c948f4d605d) (ScriptedImporter) -> (artifact id: '256fa50cdd6dd0b76f6557261ca33610') in 0.0224753 seconds
Number of updated asset objects reloaded before import = 0Number of asset objects unloaded after import = 1

========================================================================
Received Import Request.
  Time since last request: 0.000015 seconds.
  path: Assets/BayatGames/Free Platform Game Assets/Coin Animation/png/4x/image 5.png
  artifactKey: Guid(a9a0070104aa9b0438d7e73d4117f210) Importer(2089858483,b0f066a214c2f5e87bad3c948f4d605d)
Start importing Assets/BayatGames/Free Platform Game Assets/Coin Animation/png/4x/image 5.png using Guid(a9a0070104aa9b0438d7e73d4117f210) Importer(2089858483,b0f066a214c2f5e87bad3c948f4d605d) (ScriptedImporter) -> (artifact id: 'e8a980af18cbcfa3f1505e81c41e2246') in 0.0791472 seconds
Number of updated asset objects reloaded before import = 0Number of asset objects unloaded after import = 3

========================================================================
Received Import Request.
  Time since last request: 0.000018 seconds.
  path: Assets/BayatGames/Free Platform Game Assets/Environments/New Details ( Update 1.9 )/2x/Flower-1.png
  artifactKey: Guid(455987c62401e364387f9de25abc1ad8) Importer(2089858483,b0f066a214c2f5e87bad3c948f4d605d)
Start importing Assets/BayatGames/Free Platform Game Assets/Environments/New Details ( Update 1.9 )/2x/Flower-1.png using Guid(455987c62401e364387f9de25abc1ad8) Importer(2089858483,b0f066a214c2f5e87bad3c948f4d605d) (ScriptedImporter) -> (artifact id: '27e63a29aac2d1acdd39f56f213fcd91') in 0.0621363 seconds
Number of updated asset objects reloaded before import = 0Number of asset objects unloaded after import = 3

========================================================================
Received Import Request.
  Time since last request: 0.000028 seconds.
  path: Assets/BayatGames/Free Platform Game Assets/Coin Animation/png/4x/image 2.png
  artifactKey: Guid(ac79edb4a68fd7a4da7bc63aa65ceda3) Importer(2089858483,b0f066a214c2f5e87bad3c948f4d605d)
Start importing Assets/BayatGames/Free Platform Game Assets/Coin Animation/png/4x/image 2.png using Guid(ac79edb4a68fd7a4da7bc63aa65ceda3) Importer(2089858483,b0f066a214c2f5e87bad3c948f4d605d) (ScriptedImporter) -> (artifact id: '3c612ee50e6d6724d5b408983891ac8c') in 0.0354183 seconds
Number of updated asset objects reloaded before import = 0Number of asset objects unloaded after import = 3

========================================================================
Received Import Request.
  Time since last request: 0.000019 seconds.
  path: Assets/BayatGames/Free Platform Game Assets/Enemies/New Enemy ( Update 1.9 )/8x/Square.png
  artifactKey: Guid(a0325b0374e9ebc458051a5756fdef31) Importer(2089858483,b0f066a214c2f5e87bad3c948f4d605d)
Start importing Assets/BayatGames/Free Platform Game Assets/Enemies/New Enemy ( Update 1.9 )/8x/Square.png using Guid(a0325b0374e9ebc458051a5756fdef31) Importer(2089858483,b0f066a214c2f5e87bad3c948f4d605d) (ScriptedImporter) -> (artifact id: '43614f945c1c848e2293cfebc5bb4e4d') in 0.1178307 seconds
Number of updated asset objects reloaded before import = 0Number of asset objects unloaded after import = 3

========================================================================
Received Import Request.
  Time since last request: 0.000022 seconds.
  path: Assets/BayatGames/Free Platform Game Assets/Environments/New Details ( Update 1.9 )/2x/Autumn Bush.png
  artifactKey: Guid(a295202cb7658cf4b858a3bfe8e5e0c5) Importer(2089858483,b0f066a214c2f5e87bad3c948f4d605d)
Start importing Assets/BayatGames/Free Platform Game Assets/Environments/New Details ( Update 1.9 )/2x/Autumn Bush.png using Guid(a295202cb7658cf4b858a3bfe8e5e0c5) Importer(2089858483,b0f066a214c2f5e87bad3c948f4d605d) (ScriptedImporter) -> (artifact id: '46ab86fe91921ed836701ad01db3aa9d') in 0.1695961 seconds
Number of updated asset objects reloaded before import = 0Number of asset objects unloaded after import = 3

========================================================================
Received Import Request.
  Time since last request: 0.000026 seconds.
  path: Assets/BayatGames/Free Platform Game Assets/Environments/New Details ( Update 1.9 )/4x/Bush.png
  artifactKey: Guid(5d5444aa0fab3aa4aaf9a2d4f6a50d85) Importer(2089858483,b0f066a214c2f5e87bad3c948f4d605d)
Start importing Assets/BayatGames/Free Platform Game Assets/Environments/New Details ( Update 1.9 )/4x/Bush.png using Guid(5d5444aa0fab3aa4aaf9a2d4f6a50d85) Importer(2089858483,b0f066a214c2f5e87bad3c948f4d605d) (ScriptedImporter) -> (artifact id: '50ef9835227684e427145990f16db836') in 0.2131666 seconds
Number of updated asset objects reloaded before import = 0Number of asset objects unloaded after import = 3

========================================================================
Received Import Request.
  Time since last request: 0.000019 seconds.
  path: Assets/BayatGames/Free Platform Game Assets/Coin Animation/png/4x/image 6.png
  artifactKey: Guid(65268f959ff4e6147bd5e0d3616168de) Importer(2089858483,b0f066a214c2f5e87bad3c948f4d605d)
Start importing Assets/BayatGames/Free Platform Game Assets/Coin Animation/png/4x/image 6.png using Guid(65268f959ff4e6147bd5e0d3616168de) Importer(2089858483,b0f066a214c2f5e87bad3c948f4d605d) (ScriptedImporter) -> (artifact id: 'd27c82199d061ad2a9cc972e1e859886') in 0.0832249 seconds
Number of updated asset objects reloaded before import = 0Number of asset objects unloaded after import = 3

========================================================================
Received Import Request.
  Time since last request: 0.000028 seconds.
  path: Assets/BayatGames/Free Platform Game Assets/Enemies/New Enemy ( Update 1.9 )/8x/Chain-2.png
  artifactKey: Guid(90bed42d07262c343893f98710ccfea3) Importer(2089858483,b0f066a214c2f5e87bad3c948f4d605d)
Start importing Assets/BayatGames/Free Platform Game Assets/Enemies/New Enemy ( Update 1.9 )/8x/Chain-2.png using Guid(90bed42d07262c343893f98710ccfea3) Importer(2089858483,b0f066a214c2f5e87bad3c948f4d605d) (ScriptedImporter) -> (artifact id: 'c492dedc8e93c04d8599ef33cb878b96') in 0.091269 seconds
Number of updated asset objects reloaded before import = 0Number of asset objects unloaded after import = 3

========================================================================
Received Import Request.
  Time since last request: 0.000016 seconds.
  path: Assets/BayatGames/Free Platform Game Assets/Enemies/New Enemy ( Update 1.9 )/4x/Square.png
  artifactKey: Guid(341fafd9c58a45d4c9d44738eb9b0047) Importer(2089858483,b0f066a214c2f5e87bad3c948f4d605d)
Start importing Assets/BayatGames/Free Platform Game Assets/Enemies/New Enemy ( Update 1.9 )/4x/Square.png using Guid(341fafd9c58a45d4c9d44738eb9b0047) Importer(2089858483,b0f066a214c2f5e87bad3c948f4d605d) (ScriptedImporter) -> (artifact id: '007572b5a5c56d6f4eaade7a46de5883') in 0.1136954 seconds
Number of updated asset objects reloaded before import = 0Number of asset objects unloaded after import = 3

========================================================================
Received Import Request.
  Time since last request: 0.000018 seconds.
  path: Assets/BayatGames/Free Platform Game Assets/Environments/New Details ( Update 1.9 )/2x/Flower-2.png
  artifactKey: Guid(ec10fd6e05fb50c4783167418288578d) Importer(2089858483,b0f066a214c2f5e87bad3c948f4d605d)
Start importing Assets/BayatGames/Free Platform Game Assets/Environments/New Details ( Update 1.9 )/2x/Flower-2.png using Guid(ec10fd6e05fb50c4783167418288578d) Importer(2089858483,b0f066a214c2f5e87bad3c948f4d605d) (ScriptedImporter) -> (artifact id: '0eeb8cfea84b707462239932aa7dcbc0') in 0.050867 seconds
Number of updated asset objects reloaded before import = 0Number of asset objects unloaded after import = 3

========================================================================
Received Import Request.
  Time since last request: 0.000028 seconds.
  path: Assets/BayatGames/Free Platform Game Assets/Environments/New Details ( Update 1.9 )/2x/Autumn Tree.png
  artifactKey: Guid(a0719ec8dfd104845904c76b6550b63e) Importer(2089858483,b0f066a214c2f5e87bad3c948f4d605d)
Start importing Assets/BayatGames/Free Platform Game Assets/Environments/New Details ( Update 1.9 )/2x/Autumn Tree.png using Guid(a0719ec8dfd104845904c76b6550b63e) Importer(2089858483,b0f066a214c2f5e87bad3c948f4d605d) (ScriptedImporter) -> (artifact id: '764ae2c3c04272fe3035006ae61ea9d9') in 0.281738 seconds
Number of updated asset objects reloaded before import = 0Number of asset objects unloaded after import = 3

========================================================================
Received Import Request.
  Time since last request: 0.000020 seconds.
  path: Assets/BayatGames/Free Platform Game Assets/Environments/New Details ( Update 1.9 )/8x/Flower-3.png
  artifactKey: Guid(b356bb7778e1fa248a61d541e70edad9) Importer(2089858483,b0f066a214c2f5e87bad3c948f4d605d)
Start importing Assets/BayatGames/Free Platform Game Assets/Environments/New Details ( Update 1.9 )/8x/Flower-3.png using Guid(b356bb7778e1fa248a61d541e70edad9) Importer(2089858483,b0f066a214c2f5e87bad3c948f4d605d) (ScriptedImporter) -> (artifact id: '43c151a23036a2ede45d0fe74e5ec4b1') in 0.2800111 seconds
Number of updated asset objects reloaded before import = 0Number of asset objects unloaded after import = 3

========================================================================
Received Import Request.
  Time since last request: 0.000030 seconds.
  path: Assets/BayatGames/Free Platform Game Assets/Water Animation/2D view ( Update 1.9 )/512x512/13-4x.png
  artifactKey: Guid(26e4da524476ff348b7a168a22adb7f3) Importer(2089858483,b0f066a214c2f5e87bad3c948f4d605d)
Start importing Assets/BayatGames/Free Platform Game Assets/Water Animation/2D view ( Update 1.9 )/512x512/13-4x.png using Guid(26e4da524476ff348b7a168a22adb7f3) Importer(2089858483,b0f066a214c2f5e87bad3c948f4d605d) (ScriptedImporter) -> (artifact id: 'fd4ec4314e7e59a201b7a95bb393b811') in 0.2096016 seconds
Number of updated asset objects reloaded before import = 0Number of asset objects unloaded after import = 3

========================================================================
Received Import Request.
  Time since last request: 0.000024 seconds.
  path: Assets/BayatGames/Free Platform Game Assets/Water Animation/2D view ( Update 1.9 )/256x256/7-2x.png
  artifactKey: Guid(7e8fcae192cfcb942b16d51953d25b17) Importer(2089858483,b0f066a214c2f5e87bad3c948f4d605d)
Start importing Assets/BayatGames/Free Platform Game Assets/Water Animation/2D view ( Update 1.9 )/256x256/7-2x.png using Guid(7e8fcae192cfcb942b16d51953d25b17) Importer(2089858483,b0f066a214c2f5e87bad3c948f4d605d) (ScriptedImporter) -> (artifact id: 'c7234931df2e291404b5f892eada8b8e') in 0.0638123 seconds
Number of updated asset objects reloaded before import = 0Number of asset objects unloaded after import = 3

========================================================================
Received Import Request.
  Time since last request: 0.000026 seconds.
  path: Assets/BayatGames/Free Platform Game Assets/Water Animation/2D view ( Update 1.9 )/256x256/4-2x.png
  artifactKey: Guid(0976bccf9e3c7994093fbe1a5a6bacac) Importer(2089858483,b0f066a214c2f5e87bad3c948f4d605d)
Start importing Assets/BayatGames/Free Platform Game Assets/Water Animation/2D view ( Update 1.9 )/256x256/4-2x.png using Guid(0976bccf9e3c7994093fbe1a5a6bacac) Importer(2089858483,b0f066a214c2f5e87bad3c948f4d605d) (ScriptedImporter) -> (artifact id: '0a9312cba193675debfde3660008b8c6') in 0.1745014 seconds
Number of updated asset objects reloaded before import = 0Number of asset objects unloaded after import = 3

========================================================================
Received Import Request.
  Time since last request: 0.000024 seconds.
  path: Assets/BayatGames/Free Platform Game Assets/Water Animation/2D view ( Update 1.9 )/128x128/5-1x.png
  artifactKey: Guid(84dbd18cbf052684a8ca8ae0d6726aba) Importer(2089858483,b0f066a214c2f5e87bad3c948f4d605d)
Start importing Assets/BayatGames/Free Platform Game Assets/Water Animation/2D view ( Update 1.9 )/128x128/5-1x.png using Guid(84dbd18cbf052684a8ca8ae0d6726aba) Importer(2089858483,b0f066a214c2f5e87bad3c948f4d605d) (ScriptedImporter) -> (artifact id: '559a073c231e84c7079e84a09634296f') in 0.060341 seconds
Number of updated asset objects reloaded before import = 0Number of asset objects unloaded after import = 3

========================================================================
Received Import Request.
  Time since last request: 0.000035 seconds.
  path: Assets/BayatGames/Free Platform Game Assets/Water Animation/2D view ( Update 1.9 )/256x256/8-2x.png
  artifactKey: Guid(e03419312962e514b8a9e2725433e93c) Importer(2089858483,b0f066a214c2f5e87bad3c948f4d605d)
Start importing Assets/BayatGames/Free Platform Game Assets/Water Animation/2D view ( Update 1.9 )/256x256/8-2x.png using Guid(e03419312962e514b8a9e2725433e93c) Importer(2089858483,b0f066a214c2f5e87bad3c948f4d605d) (ScriptedImporter) -> (artifact id: '56dd3d3c143727108a9ecf62c257ddb2') in 0.0670365 seconds
Number of updated asset objects reloaded before import = 0Number of asset objects unloaded after import = 3

========================================================================
Received Import Request.
  Time since last request: 0.000016 seconds.
  path: Assets/BayatGames/Free Platform Game Assets/Water Animation/2D view ( Update 1.9 )/128x128/13-1x.png
  artifactKey: Guid(9ea98cc38166f1841bd685d98a80eaf0) Importer(2089858483,b0f066a214c2f5e87bad3c948f4d605d)
Start importing Assets/BayatGames/Free Platform Game Assets/Water Animation/2D view ( Update 1.9 )/128x128/13-1x.png using Guid(9ea98cc38166f1841bd685d98a80eaf0) Importer(2089858483,b0f066a214c2f5e87bad3c948f4d605d) (ScriptedImporter) -> (artifact id: '0de36fe42edd208d972893beb24631c3') in 0.0600501 seconds
Number of updated asset objects reloaded before import = 0Number of asset objects unloaded after import = 3

========================================================================
Received Import Request.
  Time since last request: 0.000017 seconds.
  path: Assets/BayatGames/Free Platform Game Assets/Environments/New Details ( Update 1.9 )/8x/Flower-1.png
  artifactKey: Guid(75bbd849a8be84a4dbc03e1a589904bf) Importer(2089858483,b0f066a214c2f5e87bad3c948f4d605d)
Start importing Assets/BayatGames/Free Platform Game Assets/Environments/New Details ( Update 1.9 )/8x/Flower-1.png using Guid(75bbd849a8be84a4dbc03e1a589904bf) Importer(2089858483,b0f066a214c2f5e87bad3c948f4d605d) (ScriptedImporter) -> (artifact id: '97f3e93013cc3502357e3e9b068ecaf8') in 0.1054382 seconds
Number of updated asset objects reloaded before import = 0Number of asset objects unloaded after import = 3

========================================================================
Received Import Request.
  Time since last request: 0.000020 seconds.
  path: Assets/BayatGames/Free Platform Game Assets/Environments/New Details ( Update 1.9 )/8x/Flower-2.png
  artifactKey: Guid(d3e97dc46c3ce5243979b58db6d4921c) Importer(2089858483,b0f066a214c2f5e87bad3c948f4d605d)
Start importing Assets/BayatGames/Free Platform Game Assets/Environments/New Details ( Update 1.9 )/8x/Flower-2.png using Guid(d3e97dc46c3ce5243979b58db6d4921c) Importer(2089858483,b0f066a214c2f5e87bad3c948f4d605d) (ScriptedImporter) -> (artifact id: '6307880036023ccdd6e91623024a9968') in 0.2119703 seconds
Number of updated asset objects reloaded before import = 0Number of asset objects unloaded after import = 3

========================================================================
Received Import Request.
  Time since last request: 0.000029 seconds.
  path: Assets/BayatGames/Free Platform Game Assets/Water Animation/2D view ( Update 1.9 )/256x256/10-2x.png
  artifactKey: Guid(a484ba2bc0b19714884c666ba20e9b26) Importer(2089858483,b0f066a214c2f5e87bad3c948f4d605d)
Start importing Assets/BayatGames/Free Platform Game Assets/Water Animation/2D view ( Update 1.9 )/256x256/10-2x.png using Guid(a484ba2bc0b19714884c666ba20e9b26) Importer(2089858483,b0f066a214c2f5e87bad3c948f4d605d) (ScriptedImporter) -> (artifact id: '3181ffed93efe78f6c66f5b91c56c5e4') in 0.0647038 seconds
Number of updated asset objects reloaded before import = 0Number of asset objects unloaded after import = 3

========================================================================
Received Import Request.
  Time since last request: 0.000017 seconds.
  path: Assets/BayatGames/Free Platform Game Assets/Water Animation/2D view ( Update 1.9 )/256x256/3-2x.png
  artifactKey: Guid(6eafeb2376c653541bae099025b2352b) Importer(2089858483,b0f066a214c2f5e87bad3c948f4d605d)
Start importing Assets/BayatGames/Free Platform Game Assets/Water Animation/2D view ( Update 1.9 )/256x256/3-2x.png using Guid(6eafeb2376c653541bae099025b2352b) Importer(2089858483,b0f066a214c2f5e87bad3c948f4d605d) (ScriptedImporter) -> (artifact id: '522cccfa0a72e3cf1fc2ec9595e518b0') in 0.0362222 seconds
Number of updated asset objects reloaded before import = 0Number of asset objects unloaded after import = 3

========================================================================
Received Import Request.
  Time since last request: 0.000020 seconds.
  path: Assets/BayatGames/Free Platform Game Assets/Water Animation/2D view ( Update 1.9 )/128x128/7-1x.png
  artifactKey: Guid(a5b312117a0528c49b06fa3a96dfe236) Importer(2089858483,b0f066a214c2f5e87bad3c948f4d605d)
Start importing Assets/BayatGames/Free Platform Game Assets/Water Animation/2D view ( Update 1.9 )/128x128/7-1x.png using Guid(a5b312117a0528c49b06fa3a96dfe236) Importer(2089858483,b0f066a214c2f5e87bad3c948f4d605d) (ScriptedImporter) -> (artifact id: '569779cfebb58c8604947d7a10b107fb') in 0.1076727 seconds
Number of updated asset objects reloaded before import = 0Number of asset objects unloaded after import = 3

========================================================================
Received Import Request.
  Time since last request: 0.000021 seconds.
  path: Assets/BayatGames/Free Platform Game Assets/Water Animation/2D view ( Update 1.9 )/256x256/11-2x.png
  artifactKey: Guid(5c39f3a4f383a24428b9f0a8234d603d) Importer(2089858483,b0f066a214c2f5e87bad3c948f4d605d)
Start importing Assets/BayatGames/Free Platform Game Assets/Water Animation/2D view ( Update 1.9 )/256x256/11-2x.png using Guid(5c39f3a4f383a24428b9f0a8234d603d) Importer(2089858483,b0f066a214c2f5e87bad3c948f4d605d) (ScriptedImporter) -> (artifact id: '5241128391dc833af66dd01152e8a158') in 0.0819649 seconds
Number of updated asset objects reloaded before import = 0Number of asset objects unloaded after import = 3

========================================================================
Received Import Request.
  Time since last request: 0.000026 seconds.
  path: Assets/BayatGames/Free Platform Game Assets/Water Animation/2D view ( Update 1.9 )/256x256/2-2x.png
  artifactKey: Guid(536d1e9f5323b3246b398889d72f3113) Importer(2089858483,b0f066a214c2f5e87bad3c948f4d605d)
Start importing Assets/BayatGames/Free Platform Game Assets/Water Animation/2D view ( Update 1.9 )/256x256/2-2x.png using Guid(536d1e9f5323b3246b398889d72f3113) Importer(2089858483,b0f066a214c2f5e87bad3c948f4d605d) (ScriptedImporter) -> (artifact id: 'f570bc1cdf67ab963de60bf733a95e6a') in 0.0862236 seconds
Number of updated asset objects reloaded before import = 0Number of asset objects unloaded after import = 3

========================================================================
Received Import Request.
  Time since last request: 0.000016 seconds.
  path: Assets/BayatGames/Free Platform Game Assets/Water Animation/2D view ( Update 1.9 )/512x512/11-4x.png
  artifactKey: Guid(9d3caf56dbcefd54984b27aa87c053da) Importer(2089858483,b0f066a214c2f5e87bad3c948f4d605d)
Start importing Assets/BayatGames/Free Platform Game Assets/Water Animation/2D view ( Update 1.9 )/512x512/11-4x.png using Guid(9d3caf56dbcefd54984b27aa87c053da) Importer(2089858483,b0f066a214c2f5e87bad3c948f4d605d) (ScriptedImporter) -> (artifact id: 'c28878c28d2bb0a0a70b0a6f9cf0b504') in 0.135199 seconds
Number of updated asset objects reloaded before import = 0Number of asset objects unloaded after import = 3

========================================================================
Received Import Request.
  Time since last request: 0.000021 seconds.
  path: Assets/BayatGames/Free Platform Game Assets/Water Animation/2D view ( Update 1.9 )/256x256/9-2x.png
  artifactKey: Guid(f96859cb0e6e23941845c84b3f72c0af) Importer(2089858483,b0f066a214c2f5e87bad3c948f4d605d)
Start importing Assets/BayatGames/Free Platform Game Assets/Water Animation/2D view ( Update 1.9 )/256x256/9-2x.png using Guid(f96859cb0e6e23941845c84b3f72c0af) Importer(2089858483,b0f066a214c2f5e87bad3c948f4d605d) (ScriptedImporter) -> (artifact id: 'd0512f3afbf97143dfa38ca56294f34d') in 0.1188824 seconds
Number of updated asset objects reloaded before import = 0Number of asset objects unloaded after import = 3

========================================================================
Received Import Request.
  Time since last request: 0.000059 seconds.
  path: Assets/BayatGames/Free Platform Game Assets/Water Animation/2D view ( Update 1.9 )/256x256/13-2x.png
  artifactKey: Guid(3695ded8ed5d81f4bbfaac60c95817ad) Importer(2089858483,b0f066a214c2f5e87bad3c948f4d605d)
Start importing Assets/BayatGames/Free Platform Game Assets/Water Animation/2D view ( Update 1.9 )/256x256/13-2x.png using Guid(3695ded8ed5d81f4bbfaac60c95817ad) Importer(2089858483,b0f066a214c2f5e87bad3c948f4d605d) (ScriptedImporter) -> (artifact id: 'b0c339b9c4cd3f798ff7391e3cc10ee0') in 0.2047327 seconds
Number of updated asset objects reloaded before import = 0Number of asset objects unloaded after import = 3

========================================================================
Received Import Request.
  Time since last request: 0.000020 seconds.
  path: Assets/BayatGames/Free Platform Game Assets/Coin Animation/png/2x/image 11.png
  artifactKey: Guid(08e82f56b6f8f9e4da39977182df7f39) Importer(2089858483,b0f066a214c2f5e87bad3c948f4d605d)
Start importing Assets/BayatGames/Free Platform Game Assets/Coin Animation/png/2x/image 11.png using Guid(08e82f56b6f8f9e4da39977182df7f39) Importer(2089858483,b0f066a214c2f5e87bad3c948f4d605d) (ScriptedImporter) -> (artifact id: 'e0cac3fa8eacf5cb0017f0ba710f875e') in 0.069006 seconds
Number of updated asset objects reloaded before import = 0Number of asset objects unloaded after import = 3

========================================================================
Received Import Request.
  Time since last request: 0.000025 seconds.
  path: Assets/BayatGames/Free Platform Game Assets/Water Animation/2D view ( Update 1.9 )/512x512/10-4x.png
  artifactKey: Guid(42aaf6941c099a34b888e19de9d4fa6b) Importer(2089858483,b0f066a214c2f5e87bad3c948f4d605d)
Start importing Assets/BayatGames/Free Platform Game Assets/Water Animation/2D view ( Update 1.9 )/512x512/10-4x.png using Guid(42aaf6941c099a34b888e19de9d4fa6b) Importer(2089858483,b0f066a214c2f5e87bad3c948f4d605d) (ScriptedImporter) -> (artifact id: '575f669e8799fdf87446bafa073c56e7') in 0.1884557 seconds
Number of updated asset objects reloaded before import = 0Number of asset objects unloaded after import = 3

========================================================================
Received Import Request.
  Time since last request: 0.000027 seconds.
  path: Assets/BayatGames/Free Platform Game Assets/Character/Character Source/png/4x/Body.png
  artifactKey: Guid(ea3ababbf963ba74d857824be9c13cde) Importer(2089858483,b0f066a214c2f5e87bad3c948f4d605d)
Start importing Assets/BayatGames/Free Platform Game Assets/Character/Character Source/png/4x/Body.png using Guid(ea3ababbf963ba74d857824be9c13cde) Importer(2089858483,b0f066a214c2f5e87bad3c948f4d605d) (ScriptedImporter) -> (artifact id: '3c1a2f646c3f2b2aa7ab0256b314f797') in 0.1359668 seconds
Number of updated asset objects reloaded before import = 0Number of asset objects unloaded after import = 3

========================================================================
Received Import Request.
  Time since last request: 0.000036 seconds.
  path: Assets/BayatGames/Free Platform Game Assets/Character/Character Source/png/2x/Eye.png
  artifactKey: Guid(7daf562beaee76348a9d950a1e6e600e) Importer(2089858483,b0f066a214c2f5e87bad3c948f4d605d)
Start importing Assets/BayatGames/Free Platform Game Assets/Character/Character Source/png/2x/Eye.png using Guid(7daf562beaee76348a9d950a1e6e600e) Importer(2089858483,b0f066a214c2f5e87bad3c948f4d605d) (ScriptedImporter) -> (artifact id: 'f4e318ec5cfd27cba3197d8ea6c5b75c') in 0.0491226 seconds
Number of updated asset objects reloaded before import = 0Number of asset objects unloaded after import = 3

========================================================================
Received Import Request.
  Time since last request: 0.000020 seconds.
  path: Assets/BayatGames/Free Platform Game Assets/Water Animation/2D view ( Update 1.9 )/512x512/3-4x.png
  artifactKey: Guid(b7dd84765456bbe42a33826c20076b5b) Importer(2089858483,b0f066a214c2f5e87bad3c948f4d605d)
Start importing Assets/BayatGames/Free Platform Game Assets/Water Animation/2D view ( Update 1.9 )/512x512/3-4x.png using Guid(b7dd84765456bbe42a33826c20076b5b) Importer(2089858483,b0f066a214c2f5e87bad3c948f4d605d) (ScriptedImporter) -> (artifact id: '248d16798dc70d7b626355cf08c9d597') in 0.1044556 seconds
Number of updated asset objects reloaded before import = 0Number of asset objects unloaded after import = 3

========================================================================
Received Import Request.
  Time since last request: 0.000024 seconds.
  path: Assets/BayatGames/Free Platform Game Assets/Character/Character Source/png/4x/RightFoot.png
  artifactKey: Guid(2dea15e248a6b794aa38cc1d5cc5c69f) Importer(2089858483,b0f066a214c2f5e87bad3c948f4d605d)
Start importing Assets/BayatGames/Free Platform Game Assets/Character/Character Source/png/4x/RightFoot.png using Guid(2dea15e248a6b794aa38cc1d5cc5c69f) Importer(2089858483,b0f066a214c2f5e87bad3c948f4d605d) (ScriptedImporter) -> (artifact id: '464f579a75dbefedcba894d16376175e') in 0.067325 seconds
Number of updated asset objects reloaded before import = 0Number of asset objects unloaded after import = 3

========================================================================
Received Import Request.
  Time since last request: 0.000028 seconds.
  path: Assets/BayatGames/Free Platform Game Assets/Character/Character Source/png/1x/Body.png
  artifactKey: Guid(34d7edc209cc0a44bbd2d515e290b5dc) Importer(2089858483,b0f066a214c2f5e87bad3c948f4d605d)
Start importing Assets/BayatGames/Free Platform Game Assets/Character/Character Source/png/1x/Body.png using Guid(34d7edc209cc0a44bbd2d515e290b5dc) Importer(2089858483,b0f066a214c2f5e87bad3c948f4d605d) (ScriptedImporter) -> (artifact id: '5295a909dae827301303897cecc0f3fb') in 0.0462855 seconds
Number of updated asset objects reloaded before import = 0Number of asset objects unloaded after import = 3

========================================================================
Received Import Request.
  Time since last request: 0.000019 seconds.
  path: Assets/BayatGames/Free Platform Game Assets/Character/Character Source/png/4x/RightEye.png
  artifactKey: Guid(febf6b47123a14f4180985e86a8681be) Importer(2089858483,b0f066a214c2f5e87bad3c948f4d605d)
Start importing Assets/BayatGames/Free Platform Game Assets/Character/Character Source/png/4x/RightEye.png using Guid(febf6b47123a14f4180985e86a8681be) Importer(2089858483,b0f066a214c2f5e87bad3c948f4d605d) (ScriptedImporter) -> (artifact id: '3326c79c3ed5afdfef1063f0aa0d82d2') in 0.0483717 seconds
Number of updated asset objects reloaded before import = 0Number of asset objects unloaded after import = 3

========================================================================
Received Import Request.
  Time since last request: 0.000016 seconds.
  path: Assets/LSL/LSL4Unity/Plugins/LSL/include/lsl_cpp.h
  artifactKey: Guid(1de9b24c7af7a6c4284f2bd3a3712ed1) Importer(2089858483,b0f066a214c2f5e87bad3c948f4d605d)
Start importing Assets/LSL/LSL4Unity/Plugins/LSL/include/lsl_cpp.h using Guid(1de9b24c7af7a6c4284f2bd3a3712ed1) Importer(2089858483,b0f066a214c2f5e87bad3c948f4d605d) (ScriptedImporter) -> (artifact id: '0ef8cc217b0e9d93c4b0739eb3824ff4') in 0.1410767 seconds
Number of updated asset objects reloaded before import = 0Number of asset objects unloaded after import = 0

========================================================================
Received Import Request.
  Time since last request: 0.000026 seconds.
  path: Assets/BayatGames/Free Platform Game Assets/Water Animation/2D view ( Update 1.9 )/512x512/16-4x.png
  artifactKey: Guid(64c6441f8cfcc4c47864393173646f3e) Importer(2089858483,b0f066a214c2f5e87bad3c948f4d605d)
Start importing Assets/BayatGames/Free Platform Game Assets/Water Animation/2D view ( Update 1.9 )/512x512/16-4x.png using Guid(64c6441f8cfcc4c47864393173646f3e) Importer(2089858483,b0f066a214c2f5e87bad3c948f4d605d) (ScriptedImporter) -> (artifact id: 'bccdc265233a0934c290b836878dd378') in 0.1496694 seconds
Number of updated asset objects reloaded before import = 0Number of asset objects unloaded after import = 3

========================================================================
Received Import Request.
  Time since last request: 0.000025 seconds.
  path: Assets/BayatGames/Free Platform Game Assets/Character/Character Source/png/4x/RightHand.png
  artifactKey: Guid(55d05a90cbf90294d8bdc9298bbc97b9) Importer(2089858483,b0f066a214c2f5e87bad3c948f4d605d)
Start importing Assets/BayatGames/Free Platform Game Assets/Character/Character Source/png/4x/RightHand.png using Guid(55d05a90cbf90294d8bdc9298bbc97b9) Importer(2089858483,b0f066a214c2f5e87bad3c948f4d605d) (ScriptedImporter) -> (artifact id: '82938484b407349ab89aade7baacbf3c') in 0.0502297 seconds
Number of updated asset objects reloaded before import = 0Number of asset objects unloaded after import = 3

========================================================================
Received Import Request.
  Time since last request: 0.000020 seconds.
  path: Assets/BayatGames/Free Platform Game Assets/Water Animation/2D view ( Update 1.9 )/512x512/14-4x.png
  artifactKey: Guid(44ed1dc8265394043a7a0dc801c6d884) Importer(2089858483,b0f066a214c2f5e87bad3c948f4d605d)
Start importing Assets/BayatGames/Free Platform Game Assets/Water Animation/2D view ( Update 1.9 )/512x512/14-4x.png using Guid(44ed1dc8265394043a7a0dc801c6d884) Importer(2089858483,b0f066a214c2f5e87bad3c948f4d605d) (ScriptedImporter) -> (artifact id: '5d4ea1aaa4bbe65613ced348bc001be2') in 0.1677721 seconds
Number of updated asset objects reloaded before import = 0Number of asset objects unloaded after import = 3

========================================================================
Received Import Request.
  Time since last request: 0.000023 seconds.
  path: Assets/BayatGames/Free Platform Game Assets/Water Animation/2D view ( Update 1.9 )/512x512/7-4x.png
  artifactKey: Guid(1bbd017b3dbbb4f47916467acaf329bd) Importer(2089858483,b0f066a214c2f5e87bad3c948f4d605d)
Start importing Assets/BayatGames/Free Platform Game Assets/Water Animation/2D view ( Update 1.9 )/512x512/7-4x.png using Guid(1bbd017b3dbbb4f47916467acaf329bd) Importer(2089858483,b0f066a214c2f5e87bad3c948f4d605d) (ScriptedImporter) -> (artifact id: '3cc55c64bc603e563a58843ef88e0b51') in 0.0432897 seconds
Number of updated asset objects reloaded before import = 0Number of asset objects unloaded after import = 3

========================================================================
Received Import Request.
  Time since last request: 0.000034 seconds.
  path: Assets/BayatGames/Free Platform Game Assets/Character/Character Source/png/1x/Eye.png
  artifactKey: Guid(fb025f51ade62854baa195bbdd5631c7) Importer(2089858483,b0f066a214c2f5e87bad3c948f4d605d)
Start importing Assets/BayatGames/Free Platform Game Assets/Character/Character Source/png/1x/Eye.png using Guid(fb025f51ade62854baa195bbdd5631c7) Importer(2089858483,b0f066a214c2f5e87bad3c948f4d605d) (ScriptedImporter) -> (artifact id: 'e8499c1e06d8abab042660f6c35a9bb0') in 0.0317389 seconds
Number of updated asset objects reloaded before import = 0Number of asset objects unloaded after import = 3

========================================================================
Received Import Request.
  Time since last request: 0.000021 seconds.
  path: Assets/BayatGames/Free Platform Game Assets/Character/Character Source/png/4x/LeftArm.png
  artifactKey: Guid(a9db2a481a2944f429524f61095bcbaf) Importer(2089858483,b0f066a214c2f5e87bad3c948f4d605d)
Start importing Assets/BayatGames/Free Platform Game Assets/Character/Character Source/png/4x/LeftArm.png using Guid(a9db2a481a2944f429524f61095bcbaf) Importer(2089858483,b0f066a214c2f5e87bad3c948f4d605d) (ScriptedImporter) -> (artifact id: 'a9bc446b01ceb7344f25ba1e49072c71') in 0.0881048 seconds
Number of updated asset objects reloaded before import = 0Number of asset objects unloaded after import = 3

========================================================================
Received Import Request.
  Time since last request: 0.000022 seconds.
  path: Assets/BayatGames/Free Platform Game Assets/Water Animation/2D view ( Update 1.9 )/128x128/3-1x.png
  artifactKey: Guid(a260582f938233d49a933e9a0a9b84bc) Importer(2089858483,b0f066a214c2f5e87bad3c948f4d605d)
Start importing Assets/BayatGames/Free Platform Game Assets/Water Animation/2D view ( Update 1.9 )/128x128/3-1x.png using Guid(a260582f938233d49a933e9a0a9b84bc) Importer(2089858483,b0f066a214c2f5e87bad3c948f4d605d) (ScriptedImporter) -> (artifact id: '77ddb3652c5be3650e6f189939f86388') in 0.0738881 seconds
Number of updated asset objects reloaded before import = 0Number of asset objects unloaded after import = 3

========================================================================
Received Import Request.
  Time since last request: 0.000027 seconds.
  path: Assets/BayatGames/Free Platform Game Assets/Environments/New Details ( Update 1.9 )/8x/Autumn Tree.png
  artifactKey: Guid(3db354165a4809e4fbdab2816db81297) Importer(2089858483,b0f066a214c2f5e87bad3c948f4d605d)
Start importing Assets/BayatGames/Free Platform Game Assets/Environments/New Details ( Update 1.9 )/8x/Autumn Tree.png using Guid(3db354165a4809e4fbdab2816db81297) Importer(2089858483,b0f066a214c2f5e87bad3c948f4d605d) (ScriptedImporter) -> (artifact id: '8a6d89d3721610805ad33461bd546446') in 0.1881219 seconds
Number of updated asset objects reloaded before import = 0Number of asset objects unloaded after import = 3

========================================================================
Received Import Request.
  Time since last request: 0.000030 seconds.
  path: Assets/TextMesh Pro/Examples & Extras/Scripts/TMP_TextSelector_A.cs
  artifactKey: Guid(103e0a6a1d404693b9fb1a5173e0e979) Importer(2089858483,b0f066a214c2f5e87bad3c948f4d605d)
Start importing Assets/TextMesh Pro/Examples & Extras/Scripts/TMP_TextSelector_A.cs using Guid(103e0a6a1d404693b9fb1a5173e0e979) Importer(2089858483,b0f066a214c2f5e87bad3c948f4d605d) (ScriptedImporter) -> (artifact id: 'e68f0941f45f7598a1bf79a147e60736') in 0.0125869 seconds
Number of updated asset objects reloaded before import = 0Number of asset objects unloaded after import = 0

========================================================================
Received Import Request.
  Time since last request: 0.000029 seconds.
  path: Assets/TextMesh Pro/Examples & Extras/Fonts/Anton.ttf
  artifactKey: Guid(997a43b767814dd0a7642ec9b78cba41) Importer(2089858483,b0f066a214c2f5e87bad3c948f4d605d)
Start importing Assets/TextMesh Pro/Examples & Extras/Fonts/Anton.ttf using Guid(997a43b767814dd0a7642ec9b78cba41) Importer(2089858483,b0f066a214c2f5e87bad3c948f4d605d) (ScriptedImporter) -> (artifact id: 'cdf9a19981e61cd5e5b31d8067f208f5') in 0.0495407 seconds
Number of updated asset objects reloaded before import = 0Number of asset objects unloaded after import = 3

========================================================================
Received Import Request.
  Time since last request: 0.000019 seconds.
  path: Assets/karsiori/Sprites/Pixel Art Rock Pile Pack/Rock Pile - MOSSY -/Rock Pile 10 - MOSSY - BIG.PNG
  artifactKey: Guid(3344c4062e473354185383666027f3b0) Importer(2089858483,b0f066a214c2f5e87bad3c948f4d605d)
Start importing Assets/karsiori/Sprites/Pixel Art Rock Pile Pack/Rock Pile - MOSSY -/Rock Pile 10 - MOSSY - BIG.PNG using Guid(3344c4062e473354185383666027f3b0) Importer(2089858483,b0f066a214c2f5e87bad3c948f4d605d) (ScriptedImporter) -> (artifact id: '499a4e8a58b520e6165f7ee44894c5ac') in 0.0397068 seconds
Number of updated asset objects reloaded before import = 0Number of asset objects unloaded after import = 3

========================================================================
Received Import Request.
  Time since last request: 0.000017 seconds.
  path: Assets/BayatGames/Free Platform Game Assets/Environments/New Details ( Update 1.9 )/8x/Bush.png
  artifactKey: Guid(f390f0effc03cd64c8e09fd4faa570cd) Importer(2089858483,b0f066a214c2f5e87bad3c948f4d605d)
Start importing Assets/BayatGames/Free Platform Game Assets/Environments/New Details ( Update 1.9 )/8x/Bush.png using Guid(f390f0effc03cd64c8e09fd4faa570cd) Importer(2089858483,b0f066a214c2f5e87bad3c948f4d605d) (ScriptedImporter) -> (artifact id: 'be227749df90113130a73c0cb8acd993') in 0.0882861 seconds
Number of updated asset objects reloaded before import = 0Number of asset objects unloaded after import = 3

========================================================================
Received Import Request.
  Time since last request: 0.000028 seconds.
  path: Assets/BayatGames/Free Platform Game Assets/GUI ( Update 1.7 )/png/Empty512x512.png
  artifactKey: Guid(5ef3ca7e743290d448e5e48c3d4ebc9c) Importer(2089858483,b0f066a214c2f5e87bad3c948f4d605d)
Start importing Assets/BayatGames/Free Platform Game Assets/GUI ( Update 1.7 )/png/Empty512x512.png using Guid(5ef3ca7e743290d448e5e48c3d4ebc9c) Importer(2089858483,b0f066a214c2f5e87bad3c948f4d605d) (ScriptedImporter) -> (artifact id: 'a834b35bc311c2a943c2e017127a016f') in 0.036311 seconds
Number of updated asset objects reloaded before import = 0Number of asset objects unloaded after import = 3

========================================================================
Received Import Request.
  Time since last request: 0.000039 seconds.
  path: Assets/karsiori/Sprites/Pixel Art Rock Pile Pack/Rock Pile - MOSSY -/Rock Pile 9 - MOSSY - BIG.PNG
  artifactKey: Guid(8bfca37380e305746a40f9703f74e39f) Importer(2089858483,b0f066a214c2f5e87bad3c948f4d605d)
Start importing Assets/karsiori/Sprites/Pixel Art Rock Pile Pack/Rock Pile - MOSSY -/Rock Pile 9 - MOSSY - BIG.PNG using Guid(8bfca37380e305746a40f9703f74e39f) Importer(2089858483,b0f066a214c2f5e87bad3c948f4d605d) (ScriptedImporter) -> (artifact id: '2dc1fbf800c6f8942dc2a5ccd47909c6') in 0.0504994 seconds
Number of updated asset objects reloaded before import = 0Number of asset objects unloaded after import = 3

========================================================================
Received Import Request.
  Time since last request: 0.000017 seconds.
  path: Assets/BayatGames/Free Platform Game Assets/Enemies/New Enemy ( Update 1.9 )/4x/Mace.png
  artifactKey: Guid(bfbbbb477773dcc44b72ef32072de26d) Importer(2089858483,b0f066a214c2f5e87bad3c948f4d605d)
Start importing Assets/BayatGames/Free Platform Game Assets/Enemies/New Enemy ( Update 1.9 )/4x/Mace.png using Guid(bfbbbb477773dcc44b72ef32072de26d) Importer(2089858483,b0f066a214c2f5e87bad3c948f4d605d) (ScriptedImporter) -> (artifact id: '6846a76f75355100718b4b831fae7fda') in 0.0946523 seconds
Number of updated asset objects reloaded before import = 0Number of asset objects unloaded after import = 3

========================================================================
Received Import Request.
  Time since last request: 0.000021 seconds.
  path: Assets/BayatGames/Free Platform Game Assets/Environments/New Details ( Update 1.9 )/2x/Bush.png
  artifactKey: Guid(96148a5969d9bcf42ab10e2088f8cc58) Importer(2089858483,b0f066a214c2f5e87bad3c948f4d605d)
Start importing Assets/BayatGames/Free Platform Game Assets/Environments/New Details ( Update 1.9 )/2x/Bush.png using Guid(96148a5969d9bcf42ab10e2088f8cc58) Importer(2089858483,b0f066a214c2f5e87bad3c948f4d605d) (ScriptedImporter) -> (artifact id: 'afcf5956e78e9374108b51ee15036ca9') in 0.1348695 seconds
Number of updated asset objects reloaded before import = 0Number of asset objects unloaded after import = 3

========================================================================
Received Import Request.
  Time since last request: 0.000025 seconds.
  path: Assets/BayatGames/Free Platform Game Assets/Tiles/2.5D Tiles/Autumn ( Update 1.9 )/128x128/Grass.png
  artifactKey: Guid(75d5b927876d272458c64791858859b8) Importer(2089858483,b0f066a214c2f5e87bad3c948f4d605d)
Start importing Assets/BayatGames/Free Platform Game Assets/Tiles/2.5D Tiles/Autumn ( Update 1.9 )/128x128/Grass.png using Guid(75d5b927876d272458c64791858859b8) Importer(2089858483,b0f066a214c2f5e87bad3c948f4d605d) (ScriptedImporter) -> (artifact id: '72955b6f1a7342858599143432b672ba') in 0.0850954 seconds
Number of updated asset objects reloaded before import = 0Number of asset objects unloaded after import = 3

========================================================================
Received Import Request.
  Time since last request: 0.000017 seconds.
  path: Assets/BayatGames/Free Platform Game Assets/Enemies/New Enemy ( Update 1.9 )/8x/2D Mace View/eye-4.png
  artifactKey: Guid(eb66006f9b5a13f48ad4e35b4dc9c288) Importer(2089858483,b0f066a214c2f5e87bad3c948f4d605d)
Start importing Assets/BayatGames/Free Platform Game Assets/Enemies/New Enemy ( Update 1.9 )/8x/2D Mace View/eye-4.png using Guid(eb66006f9b5a13f48ad4e35b4dc9c288) Importer(2089858483,b0f066a214c2f5e87bad3c948f4d605d) (ScriptedImporter) -> (artifact id: '76c3bac3ceb17762a920b3ea821a3efb') in 0.1493753 seconds
Number of updated asset objects reloaded before import = 0Number of asset objects unloaded after import = 3

========================================================================
Received Import Request.
  Time since last request: 0.000022 seconds.
  path: Assets/BayatGames/Free Platform Game Assets/Enemies/New Enemy ( Update 1.9 )/4x/2D Mac View/2D Mace View.png
  artifactKey: Guid(68a3da60bdf0d3f48b52b832d017224b) Importer(2089858483,b0f066a214c2f5e87bad3c948f4d605d)
Start importing Assets/BayatGames/Free Platform Game Assets/Enemies/New Enemy ( Update 1.9 )/4x/2D Mac View/2D Mace View.png using Guid(68a3da60bdf0d3f48b52b832d017224b) Importer(2089858483,b0f066a214c2f5e87bad3c948f4d605d) (ScriptedImporter) -> (artifact id: 'a3b2ab7eab7db7e9d73b6cc75afef4e7') in 0.3042031 seconds
Number of updated asset objects reloaded before import = 0Number of asset objects unloaded after import = 3

========================================================================
Received Import Request.
  Time since last request: 0.000027 seconds.
  path: Assets/BayatGames/Free Platform Game Assets/Tiles/2.5D Tiles/Autumn ( Update 1.9 )/128x128/HillRight2.png
  artifactKey: Guid(5ee10494f75313543a16835b9b3bf37c) Importer(2089858483,b0f066a214c2f5e87bad3c948f4d605d)
Start importing Assets/BayatGames/Free Platform Game Assets/Tiles/2.5D Tiles/Autumn ( Update 1.9 )/128x128/HillRight2.png using Guid(5ee10494f75313543a16835b9b3bf37c) Importer(2089858483,b0f066a214c2f5e87bad3c948f4d605d) (ScriptedImporter) -> (artifact id: 'ea547f051b538bd4135c9dcf296d6b81') in 0.0802304 seconds
Number of updated asset objects reloaded before import = 0Number of asset objects unloaded after import = 3

========================================================================
Received Import Request.
  Time since last request: 0.000013 seconds.
  path: Assets/BayatGames/Free Platform Game Assets/Tiles/2.5D Tiles/Autumn ( Update 1.9 )/128x128/GrassJoinHillLeft2&Right2 WithDropShadow.png
  artifactKey: Guid(c38a55e936dce2c4b8defab634fb0779) Importer(2089858483,b0f066a214c2f5e87bad3c948f4d605d)
Start importing Assets/BayatGames/Free Platform Game Assets/Tiles/2.5D Tiles/Autumn ( Update 1.9 )/128x128/GrassJoinHillLeft2&Right2 WithDropShadow.png using Guid(c38a55e936dce2c4b8defab634fb0779) Importer(2089858483,b0f066a214c2f5e87bad3c948f4d605d) (ScriptedImporter) -> (artifact id: '29471e9d21613f9642c2294b37784500') in 0.1417687 seconds
Number of updated asset objects reloaded before import = 0Number of asset objects unloaded after import = 3

========================================================================
Received Import Request.
  Time since last request: 0.000020 seconds.
  path: Assets/BayatGames/Free Platform Game Assets/Tiles/2.5D Tiles/Autumn ( Update 1.9 )/128x128/GrassJoinHillRight.png
  artifactKey: Guid(2ed1eaa5b54b92a4aaf65355018819b8) Importer(2089858483,b0f066a214c2f5e87bad3c948f4d605d)
Start importing Assets/BayatGames/Free Platform Game Assets/Tiles/2.5D Tiles/Autumn ( Update 1.9 )/128x128/GrassJoinHillRight.png using Guid(2ed1eaa5b54b92a4aaf65355018819b8) Importer(2089858483,b0f066a214c2f5e87bad3c948f4d605d) (ScriptedImporter) -> (artifact id: '992b2e98c63472bbac61aed12e71ccdf') in 0.0649432 seconds
Number of updated asset objects reloaded before import = 0Number of asset objects unloaded after import = 3

========================================================================
Received Import Request.
  Time since last request: 0.000029 seconds.
  path: Assets/BayatGames/Free Platform Game Assets/Enemies/Enemies/png/256x256/Pupil 256.png
  artifactKey: Guid(a2bdd2a9215d9574aaed3d1a1e2f7f69) Importer(2089858483,b0f066a214c2f5e87bad3c948f4d605d)
Start importing Assets/BayatGames/Free Platform Game Assets/Enemies/Enemies/png/256x256/Pupil 256.png using Guid(a2bdd2a9215d9574aaed3d1a1e2f7f69) Importer(2089858483,b0f066a214c2f5e87bad3c948f4d605d) (ScriptedImporter) -> (artifact id: '380a57a1bf981c6a55d2a8dcd98c0ef1') in 0.0767092 seconds
Number of updated asset objects reloaded before import = 0Number of asset objects unloaded after import = 3

========================================================================
Received Import Request.
  Time since last request: 0.000017 seconds.
  path: Assets/BayatGames/Free Platform Game Assets/Tiles/2.5D Tiles/Autumn ( Update 1.9 )/128x128/GrassMid.png
  artifactKey: Guid(f349720cfda3bc44ebde95ec4c681613) Importer(2089858483,b0f066a214c2f5e87bad3c948f4d605d)
Start importing Assets/BayatGames/Free Platform Game Assets/Tiles/2.5D Tiles/Autumn ( Update 1.9 )/128x128/GrassMid.png using Guid(f349720cfda3bc44ebde95ec4c681613) Importer(2089858483,b0f066a214c2f5e87bad3c948f4d605d) (ScriptedImporter) -> (artifact id: '7e775ad590dff6f9bcee81a09a35b997') in 0.0558372 seconds
Number of updated asset objects reloaded before import = 0Number of asset objects unloaded after import = 3

========================================================================
Received Import Request.
  Time since last request: 0.000018 seconds.
  path: Assets/BayatGames/Free Platform Game Assets/Enemies/New Enemy ( Update 1.9 )/4x/2D Mac View/eye-1.png
  artifactKey: Guid(80e92264fb73dae4098c40eff93989d5) Importer(2089858483,b0f066a214c2f5e87bad3c948f4d605d)
Start importing Assets/BayatGames/Free Platform Game Assets/Enemies/New Enemy ( Update 1.9 )/4x/2D Mac View/eye-1.png using Guid(80e92264fb73dae4098c40eff93989d5) Importer(2089858483,b0f066a214c2f5e87bad3c948f4d605d) (ScriptedImporter) -> (artifact id: '7181ea65d7a008013abd5dd8e591e075') in 0.1157282 seconds
Number of updated asset objects reloaded before import = 0Number of asset objects unloaded after import = 3

========================================================================
Received Import Request.
  Time since last request: 0.000025 seconds.
  path: Assets/BayatGames/Free Platform Game Assets/Enemies/Enemies/png/128x128/Spike_down.png
  artifactKey: Guid(006840a3143209e49978b3ace77c06ce) Importer(2089858483,b0f066a214c2f5e87bad3c948f4d605d)
Start importing Assets/BayatGames/Free Platform Game Assets/Enemies/Enemies/png/128x128/Spike_down.png using Guid(006840a3143209e49978b3ace77c06ce) Importer(2089858483,b0f066a214c2f5e87bad3c948f4d605d) (ScriptedImporter) -> (artifact id: 'c9db88f2316a1a94ca7066179a8ef87c') in 0.1081559 seconds
Number of updated asset objects reloaded before import = 0Number of asset objects unloaded after import = 3

========================================================================
Received Import Request.
  Time since last request: 0.000025 seconds.
  path: Assets/BayatGames/Free Platform Game Assets/Enemies/Enemies/png/128x128/Spike_Left&down.png
  artifactKey: Guid(9313547624ac5ad4f859f9b6feba896e) Importer(2089858483,b0f066a214c2f5e87bad3c948f4d605d)
Start importing Assets/BayatGames/Free Platform Game Assets/Enemies/Enemies/png/128x128/Spike_Left&down.png using Guid(9313547624ac5ad4f859f9b6feba896e) Importer(2089858483,b0f066a214c2f5e87bad3c948f4d605d) (ScriptedImporter) -> (artifact id: '195974e3b9187e80dd1bb6c4ceab49ae') in 0.063694 seconds
Number of updated asset objects reloaded before import = 0Number of asset objects unloaded after import = 3

========================================================================
Received Import Request.
  Time since last request: 0.000014 seconds.
  path: Assets/BayatGames/Free Platform Game Assets/Enemies/Enemies/png/256x256/Mac 256.png
  artifactKey: Guid(c7879d290f7325a418ae4d1f02aa1311) Importer(2089858483,b0f066a214c2f5e87bad3c948f4d605d)
Start importing Assets/BayatGames/Free Platform Game Assets/Enemies/Enemies/png/256x256/Mac 256.png using Guid(c7879d290f7325a418ae4d1f02aa1311) Importer(2089858483,b0f066a214c2f5e87bad3c948f4d605d) (ScriptedImporter) -> (artifact id: '8c0a9d5da8409db1d5c749e1f2c29877') in 0.0709313 seconds
Number of updated asset objects reloaded before import = 0Number of asset objects unloaded after import = 3

========================================================================
Received Import Request.
  Time since last request: 0.000016 seconds.
  path: Assets/BayatGames/Free Platform Game Assets/Enemies/New Enemy ( Update 1.9 )/2x/2D Mac View/eye-2.png
  artifactKey: Guid(33f65bca99ec560469173fd3aa06be38) Importer(2089858483,b0f066a214c2f5e87bad3c948f4d605d)
Start importing Assets/BayatGames/Free Platform Game Assets/Enemies/New Enemy ( Update 1.9 )/2x/2D Mac View/eye-2.png using Guid(33f65bca99ec560469173fd3aa06be38) Importer(2089858483,b0f066a214c2f5e87bad3c948f4d605d) (ScriptedImporter) -> (artifact id: 'dad2413c451e56978e21c417d9f441f5') in 0.1701789 seconds
Number of updated asset objects reloaded before import = 0Number of asset objects unloaded after import = 3

========================================================================
Received Import Request.
  Time since last request: 0.000016 seconds.
  path: Assets/BayatGames/Free Platform Game Assets/Enemies/Enemies/png/32x32/Spike_Up.png
  artifactKey: Guid(65d2be0c137e85445970ea21fdb08c8a) Importer(2089858483,b0f066a214c2f5e87bad3c948f4d605d)
Start importing Assets/BayatGames/Free Platform Game Assets/Enemies/Enemies/png/32x32/Spike_Up.png using Guid(65d2be0c137e85445970ea21fdb08c8a) Importer(2089858483,b0f066a214c2f5e87bad3c948f4d605d) (ScriptedImporter) -> (artifact id: '9697e54d657176bb72d27b8ca7f19dd8') in 1.0211562 seconds
Number of updated asset objects reloaded before import = 0Number of asset objects unloaded after import = 3

========================================================================
Received Import Request.
  Time since last request: 0.000031 seconds.
  path: Assets/BayatGames/Free Platform Game Assets/Tiles/2.5D Tiles/Autumn ( Update 1.9 )/512x512/HillRight2.png
  artifactKey: Guid(3c6079681d82f084aa296db161e2efa3) Importer(2089858483,b0f066a214c2f5e87bad3c948f4d605d)
Start importing Assets/BayatGames/Free Platform Game Assets/Tiles/2.5D Tiles/Autumn ( Update 1.9 )/512x512/HillRight2.png using Guid(3c6079681d82f084aa296db161e2efa3) Importer(2089858483,b0f066a214c2f5e87bad3c948f4d605d) (ScriptedImporter) -> (artifact id: '90d70ae78c47e812d2cddea3a072f849') in 0.170983 seconds
Number of updated asset objects reloaded before import = 0Number of asset objects unloaded after import = 3

========================================================================
Received Import Request.
  Time since last request: 0.000020 seconds.
  path: Assets/BayatGames/Free Platform Game Assets/Tiles/2.5D Tiles/Autumn ( Update 1.9 )/256x256/GrassJoinHillRight.png
  artifactKey: Guid(8a21ead188c8ea04b98538477bbc8462) Importer(2089858483,b0f066a214c2f5e87bad3c948f4d605d)
Start importing Assets/BayatGames/Free Platform Game Assets/Tiles/2.5D Tiles/Autumn ( Update 1.9 )/256x256/GrassJoinHillRight.png using Guid(8a21ead188c8ea04b98538477bbc8462) Importer(2089858483,b0f066a214c2f5e87bad3c948f4d605d) (ScriptedImporter) -> (artifact id: 'd8dc4d6209e74d30a350e78d59068994') in 0.5713456 seconds
Number of updated asset objects reloaded before import = 0Number of asset objects unloaded after import = 3

========================================================================
Received Import Request.
  Time since last request: 0.000157 seconds.
  path: Assets/BayatGames/Free Platform Game Assets/Tiles/2.5D Tiles/Autumn ( Update 1.9 )/256x256/GrassRight.png
  artifactKey: Guid(c214667682dcc9c428102a68dbc53f0a) Importer(2089858483,b0f066a214c2f5e87bad3c948f4d605d)
Start importing Assets/BayatGames/Free Platform Game Assets/Tiles/2.5D Tiles/Autumn ( Update 1.9 )/256x256/GrassRight.png using Guid(c214667682dcc9c428102a68dbc53f0a) Importer(2089858483,b0f066a214c2f5e87bad3c948f4d605d) (ScriptedImporter) -> (artifact id: '4ec750222f2a719c5992be7aed89b8ad') in 0.6493727 seconds
Number of updated asset objects reloaded before import = 0Number of asset objects unloaded after import = 3

========================================================================
Received Import Request.
  Time since last request: 0.000028 seconds.
  path: Assets/BayatGames/Free Platform Game Assets/Tiles/2.5D Tiles/Autumn ( Update 1.9 )/256x256/GrassCliffMid.png
  artifactKey: Guid(7c306cac28dc29a46b40edcc64e79dda) Importer(2089858483,b0f066a214c2f5e87bad3c948f4d605d)
Start importing Assets/BayatGames/Free Platform Game Assets/Tiles/2.5D Tiles/Autumn ( Update 1.9 )/256x256/GrassCliffMid.png using Guid(7c306cac28dc29a46b40edcc64e79dda) Importer(2089858483,b0f066a214c2f5e87bad3c948f4d605d) (ScriptedImporter) -> (artifact id: '275fedf51b5b021d02e0cc3f1ae34c47') in 0.3003276 seconds
Number of updated asset objects reloaded before import = 0Number of asset objects unloaded after import = 3

========================================================================
Received Import Request.
  Time since last request: 0.000027 seconds.
  path: Assets/BayatGames/Free Platform Game Assets/Tiles/2.5D Tiles/Autumn ( Update 1.9 )/512x512/GrassRight.png
  artifactKey: Guid(338d0e99c1d895a4ca3d78f22b89119f) Importer(2089858483,b0f066a214c2f5e87bad3c948f4d605d)
Start importing Assets/BayatGames/Free Platform Game Assets/Tiles/2.5D Tiles/Autumn ( Update 1.9 )/512x512/GrassRight.png using Guid(338d0e99c1d895a4ca3d78f22b89119f) Importer(2089858483,b0f066a214c2f5e87bad3c948f4d605d) (ScriptedImporter) -> (artifact id: 'f61bb1da79a9c5f605494b2536337bf3') in 0.2717528 seconds
Number of updated asset objects reloaded before import = 0Number of asset objects unloaded after import = 3

========================================================================
Received Import Request.
  Time since last request: 0.000021 seconds.
  path: Assets/BayatGames/Free Platform Game Assets/Tiles/2.5D Tiles/Autumn ( Update 1.9 )/512x512/GrassJoinHillRight.png
  artifactKey: Guid(cfad2136a5f6c2f428ba67828dedac59) Importer(2089858483,b0f066a214c2f5e87bad3c948f4d605d)
Start importing Assets/BayatGames/Free Platform Game Assets/Tiles/2.5D Tiles/Autumn ( Update 1.9 )/512x512/GrassJoinHillRight.png using Guid(cfad2136a5f6c2f428ba67828dedac59) Importer(2089858483,b0f066a214c2f5e87bad3c948f4d605d) (ScriptedImporter) -> (artifact id: 'a6574d647e27d2dff2da56276380251f') in 0.5858403 seconds
Number of updated asset objects reloaded before import = 0Number of asset objects unloaded after import = 3

========================================================================
Received Import Request.
  Time since last request: 0.000035 seconds.
  path: Assets/BayatGames/Free Platform Game Assets/Tiles/2.5D Tiles/Autumn ( Update 1.9 )/256x256/GrassJoinHillRight2&Left2.png
  artifactKey: Guid(8d7e6a8034450cb4aadd4858295cb2b9) Importer(2089858483,b0f066a214c2f5e87bad3c948f4d605d)
Start importing Assets/BayatGames/Free Platform Game Assets/Tiles/2.5D Tiles/Autumn ( Update 1.9 )/256x256/GrassJoinHillRight2&Left2.png using Guid(8d7e6a8034450cb4aadd4858295cb2b9) Importer(2089858483,b0f066a214c2f5e87bad3c948f4d605d) (ScriptedImporter) -> (artifact id: '322ad55558251be49b2845ced4272b8e') in 0.0673457 seconds
Number of updated asset objects reloaded before import = 0Number of asset objects unloaded after import = 3

========================================================================
Received Import Request.
  Time since last request: 0.000014 seconds.
  path: Assets/BayatGames/Free Platform Game Assets/Tiles/2.5D Tiles/Spring/eps/Tiles.eps
  artifactKey: Guid(bcfd34007cad4a24bba0cd5e7bc943db) Importer(2089858483,b0f066a214c2f5e87bad3c948f4d605d)
Start importing Assets/BayatGames/Free Platform Game Assets/Tiles/2.5D Tiles/Spring/eps/Tiles.eps using Guid(bcfd34007cad4a24bba0cd5e7bc943db) Importer(2089858483,b0f066a214c2f5e87bad3c948f4d605d) (ScriptedImporter) -> (artifact id: '2cba4eefe8f86123196f2f52130d4ad0') in 0.0098947 seconds
Number of updated asset objects reloaded before import = 0Number of asset objects unloaded after import = 1

========================================================================
Received Import Request.
  Time since last request: 0.000015 seconds.
  path: Assets/BayatGames/Free Platform Game Assets/Tiles/2.5D Tiles/Winter ( Update 1.9 )/128x128/GrassJoinHillLeft2.png
  artifactKey: Guid(347a2f0405135664e94a144f2314dfac) Importer(2089858483,b0f066a214c2f5e87bad3c948f4d605d)
Start importing Assets/BayatGames/Free Platform Game Assets/Tiles/2.5D Tiles/Winter ( Update 1.9 )/128x128/GrassJoinHillLeft2.png using Guid(347a2f0405135664e94a144f2314dfac) Importer(2089858483,b0f066a214c2f5e87bad3c948f4d605d) (ScriptedImporter) -> (artifact id: 'c4af319c2d4f5b43fa3f58462af07c4d') in 0.0417556 seconds
Number of updated asset objects reloaded before import = 0Number of asset objects unloaded after import = 3

========================================================================
Received Import Request.
  Time since last request: 0.000020 seconds.
  path: Assets/BayatGames/Free Platform Game Assets/Tiles/2.5D Tiles/Winter ( Update 1.9 )/128x128/HillLeft2.png
  artifactKey: Guid(1f14915a063826b4e8b4f24efc373c25) Importer(2089858483,b0f066a214c2f5e87bad3c948f4d605d)
Start importing Assets/BayatGames/Free Platform Game Assets/Tiles/2.5D Tiles/Winter ( Update 1.9 )/128x128/HillLeft2.png using Guid(1f14915a063826b4e8b4f24efc373c25) Importer(2089858483,b0f066a214c2f5e87bad3c948f4d605d) (ScriptedImporter) -> (artifact id: '99c5a3131453fdecf0afacf438fb9b47') in 0.0384745 seconds
Number of updated asset objects reloaded before import = 0Number of asset objects unloaded after import = 3

========================================================================
Received Import Request.
  Time since last request: 0.000028 seconds.
  path: Assets/BayatGames/Free Platform Game Assets/Tiles/2.5D Tiles/Winter ( Update 1.9 )/128x128/GrassCliffMid.png
  artifactKey: Guid(697fa3109cc01d74e888a735684b9d3c) Importer(2089858483,b0f066a214c2f5e87bad3c948f4d605d)
Start importing Assets/BayatGames/Free Platform Game Assets/Tiles/2.5D Tiles/Winter ( Update 1.9 )/128x128/GrassCliffMid.png using Guid(697fa3109cc01d74e888a735684b9d3c) Importer(2089858483,b0f066a214c2f5e87bad3c948f4d605d) (ScriptedImporter) -> (artifact id: 'db4e3b733320f618c96e9d51a2fcf1ea') in 0.0320639 seconds
Number of updated asset objects reloaded before import = 0Number of asset objects unloaded after import = 3

========================================================================
Received Import Request.
  Time since last request: 0.000022 seconds.
  path: Assets/BayatGames/Free Platform Game Assets/Tiles/2.5D Tiles/Winter ( Update 1.9 )/128x128/GrassJoindHillLeft.png
  artifactKey: Guid(fbcf619644d091d49adaa4c4e929a363) Importer(2089858483,b0f066a214c2f5e87bad3c948f4d605d)
Start importing Assets/BayatGames/Free Platform Game Assets/Tiles/2.5D Tiles/Winter ( Update 1.9 )/128x128/GrassJoindHillLeft.png using Guid(fbcf619644d091d49adaa4c4e929a363) Importer(2089858483,b0f066a214c2f5e87bad3c948f4d605d) (ScriptedImporter) -> (artifact id: '7fcf12ce92a2f01018e740baad6ed647') in 0.055538 seconds
Number of updated asset objects reloaded before import = 0Number of asset objects unloaded after import = 3

========================================================================
Received Import Request.
  Time since last request: 0.000014 seconds.
  path: Assets/BayatGames/Free Platform Game Assets/Tiles/2.5D Tiles/Winter ( Update 1.9 )/128x128/Grass.png
  artifactKey: Guid(440b176a7fc912c4fbfd6cd849c40e71) Importer(2089858483,b0f066a214c2f5e87bad3c948f4d605d)
Start importing Assets/BayatGames/Free Platform Game Assets/Tiles/2.5D Tiles/Winter ( Update 1.9 )/128x128/Grass.png using Guid(440b176a7fc912c4fbfd6cd849c40e71) Importer(2089858483,b0f066a214c2f5e87bad3c948f4d605d) (ScriptedImporter) -> (artifact id: 'b148859b2a012f855dc767332e78f4c6') in 0.0861961 seconds
Number of updated asset objects reloaded before import = 0Number of asset objects unloaded after import = 3

========================================================================
Received Import Request.
  Time since last request: 0.000019 seconds.
  path: Assets/BayatGames/Free Platform Game Assets/Tiles/2.5D Tiles/Winter ( Update 1.9 )/128x128/GrassJoinHillRight2&left2.png
  artifactKey: Guid(13bb0912d29a7164381acdc3b5bd4670) Importer(2089858483,b0f066a214c2f5e87bad3c948f4d605d)
Start importing Assets/BayatGames/Free Platform Game Assets/Tiles/2.5D Tiles/Winter ( Update 1.9 )/128x128/GrassJoinHillRight2&left2.png using Guid(13bb0912d29a7164381acdc3b5bd4670) Importer(2089858483,b0f066a214c2f5e87bad3c948f4d605d) (ScriptedImporter) -> (artifact id: '3dc20472c5d36ac6fb344609308789ab') in 0.0857539 seconds
Number of updated asset objects reloaded before import = 0Number of asset objects unloaded after import = 3

========================================================================
Received Import Request.
  Time since last request: 0.000027 seconds.
  path: Assets/BayatGames/Free Platform Game Assets/Tiles/2.5D Tiles/Autumn ( Update 1.9 )/512x512/GrassCliffMid.png
  artifactKey: Guid(4e54e14f6e070a145be6966ef7b60ca2) Importer(2089858483,b0f066a214c2f5e87bad3c948f4d605d)
Start importing Assets/BayatGames/Free Platform Game Assets/Tiles/2.5D Tiles/Autumn ( Update 1.9 )/512x512/GrassCliffMid.png using Guid(4e54e14f6e070a145be6966ef7b60ca2) Importer(2089858483,b0f066a214c2f5e87bad3c948f4d605d) (ScriptedImporter) -> (artifact id: '6bb17f991862022f9c1bf022d1fcaaa0') in 0.0779338 seconds
Number of updated asset objects reloaded before import = 0Number of asset objects unloaded after import = 3

========================================================================
Received Import Request.
  Time since last request: 0.000016 seconds.
  path: Assets/BayatGames/Free Platform Game Assets/Enemies/New Enemy ( Update 1.9 )/2x/2D Mac View/eye-1.png
  artifactKey: Guid(5d3bb4b249de06941b76dc5cf0f9916e) Importer(2089858483,b0f066a214c2f5e87bad3c948f4d605d)
Start importing Assets/BayatGames/Free Platform Game Assets/Enemies/New Enemy ( Update 1.9 )/2x/2D Mac View/eye-1.png using Guid(5d3bb4b249de06941b76dc5cf0f9916e) Importer(2089858483,b0f066a214c2f5e87bad3c948f4d605d) (ScriptedImporter) -> (artifact id: '95f48e9c4272fa38141bca1ff03d3fc9') in 0.0497107 seconds
Number of updated asset objects reloaded before import = 0Number of asset objects unloaded after import = 3

========================================================================
Received Import Request.
  Time since last request: 0.000015 seconds.
  path: Assets/BayatGames/Free Platform Game Assets/Enemies/New Enemy ( Update 1.9 )/8x/2D Mace View/2D Mace View.png
  artifactKey: Guid(8901a79ef817b2649b877d6b3bb5370f) Importer(2089858483,b0f066a214c2f5e87bad3c948f4d605d)
Start importing Assets/BayatGames/Free Platform Game Assets/Enemies/New Enemy ( Update 1.9 )/8x/2D Mace View/2D Mace View.png using Guid(8901a79ef817b2649b877d6b3bb5370f) Importer(2089858483,b0f066a214c2f5e87bad3c948f4d605d) (ScriptedImporter) -> (artifact id: '22ccbbac4a8a67801b983466802eef80') in 0.3203712 seconds
Number of updated asset objects reloaded before import = 0Number of asset objects unloaded after import = 3

========================================================================
Received Import Request.
  Time since last request: 0.000024 seconds.
  path: Assets/BayatGames/Free Platform Game Assets/Enemies/New Enemy ( Update 1.9 )/8x/2D Mace View/2D Mace View Body.png
  artifactKey: Guid(1d11eeb496a72284dbe14d014270aa67) Importer(2089858483,b0f066a214c2f5e87bad3c948f4d605d)
Start importing Assets/BayatGames/Free Platform Game Assets/Enemies/New Enemy ( Update 1.9 )/8x/2D Mace View/2D Mace View Body.png using Guid(1d11eeb496a72284dbe14d014270aa67) Importer(2089858483,b0f066a214c2f5e87bad3c948f4d605d) (ScriptedImporter) -> (artifact id: 'f3b3c8773f887c906adc6b039d90a78b') in 0.3986891 seconds
Number of updated asset objects reloaded before import = 0Number of asset objects unloaded after import = 3

========================================================================
Received Import Request.
  Time since last request: 0.000028 seconds.
  path: Assets/BayatGames/Free Platform Game Assets/Tiles/2.5D Tiles/Spring/ai/Tiles.ai
  artifactKey: Guid(135714ff50fc28b42952b6ff2a8b1a92) Importer(2089858483,b0f066a214c2f5e87bad3c948f4d605d)
Start importing Assets/BayatGames/Free Platform Game Assets/Tiles/2.5D Tiles/Spring/ai/Tiles.ai using Guid(135714ff50fc28b42952b6ff2a8b1a92) Importer(2089858483,b0f066a214c2f5e87bad3c948f4d605d) (ScriptedImporter) -> (artifact id: 'a76ab9c34f3d15602c2d7812b77c16f8') in 0.0107419 seconds
Number of updated asset objects reloaded before import = 0Number of asset objects unloaded after import = 1

========================================================================
Received Import Request.
  Time since last request: 0.000014 seconds.
  path: Assets/BayatGames/Free Platform Game Assets/Tiles/2.5D Tiles/Autumn ( Update 1.9 )/128x128/GrassJoinHillLeft.png
  artifactKey: Guid(cb9fc43dea989eb4d851471841e2ae1c) Importer(2089858483,b0f066a214c2f5e87bad3c948f4d605d)
Start importing Assets/BayatGames/Free Platform Game Assets/Tiles/2.5D Tiles/Autumn ( Update 1.9 )/128x128/GrassJoinHillLeft.png using Guid(cb9fc43dea989eb4d851471841e2ae1c) Importer(2089858483,b0f066a214c2f5e87bad3c948f4d605d) (ScriptedImporter) -> (artifact id: 'a20bb779ab1fc300db3c11924385d664') in 0.0516727 seconds
Number of updated asset objects reloaded before import = 0Number of asset objects unloaded after import = 3

========================================================================
Received Import Request.
  Time since last request: 0.000015 seconds.
  path: Assets/BayatGames/Free Platform Game Assets/Tiles/2.5D Tiles/Autumn ( Update 1.9 )/512x512/GrassJoinHillLeft2 WithDropShadow.png
  artifactKey: Guid(1679d40dfb04689478bbeedda3cdab8e) Importer(2089858483,b0f066a214c2f5e87bad3c948f4d605d)
Start importing Assets/BayatGames/Free Platform Game Assets/Tiles/2.5D Tiles/Autumn ( Update 1.9 )/512x512/GrassJoinHillLeft2 WithDropShadow.png using Guid(1679d40dfb04689478bbeedda3cdab8e) Importer(2089858483,b0f066a214c2f5e87bad3c948f4d605d) (ScriptedImporter) -> (artifact id: 'cbd171ef176579df54ff885ba28bbbbe') in 0.0918993 seconds
Number of updated asset objects reloaded before import = 0Number of asset objects unloaded after import = 3

========================================================================
Received Import Request.
  Time since last request: 0.000018 seconds.
  path: Assets/BayatGames/Free Platform Game Assets/Enemies/New Enemy ( Update 1.9 )/4x/2D Mac View/eye-2.png
  artifactKey: Guid(85c6153580da537429fdc0e78b6c4556) Importer(2089858483,b0f066a214c2f5e87bad3c948f4d605d)
Start importing Assets/BayatGames/Free Platform Game Assets/Enemies/New Enemy ( Update 1.9 )/4x/2D Mac View/eye-2.png using Guid(85c6153580da537429fdc0e78b6c4556) Importer(2089858483,b0f066a214c2f5e87bad3c948f4d605d) (ScriptedImporter) -> (artifact id: '80454ae7db990a2b26ce52dd3efb8c42') in 0.0884582 seconds
Number of updated asset objects reloaded before import = 0Number of asset objects unloaded after import = 3

========================================================================
Received Import Request.
  Time since last request: 0.000028 seconds.
  path: Assets/BayatGames/Free Platform Game Assets/Enemies/Enemies/png/128x128/Spike_Up.png
  artifactKey: Guid(95b34bf8a34aa3543949566316d48302) Importer(2089858483,b0f066a214c2f5e87bad3c948f4d605d)
Start importing Assets/BayatGames/Free Platform Game Assets/Enemies/Enemies/png/128x128/Spike_Up.png using Guid(95b34bf8a34aa3543949566316d48302) Importer(2089858483,b0f066a214c2f5e87bad3c948f4d605d) (ScriptedImporter) -> (artifact id: 'd09e71ddaa1f1f0618b4421fb8b5c37d') in 0.0424601 seconds
Number of updated asset objects reloaded before import = 0Number of asset objects unloaded after import = 3

========================================================================
Received Import Request.
  Time since last request: 0.000014 seconds.
  path: Assets/BayatGames/Free Platform Game Assets/Tiles/2.5D Tiles/Autumn ( Update 1.9 )/512x512/GrassJoinHillRight WithDropShadow.png
  artifactKey: Guid(3f936cd654695b54487d01c6cd3d618c) Importer(2089858483,b0f066a214c2f5e87bad3c948f4d605d)
Start importing Assets/BayatGames/Free Platform Game Assets/Tiles/2.5D Tiles/Autumn ( Update 1.9 )/512x512/GrassJoinHillRight WithDropShadow.png using Guid(3f936cd654695b54487d01c6cd3d618c) Importer(2089858483,b0f066a214c2f5e87bad3c948f4d605d) (ScriptedImporter) -> (artifact id: '6452d13eb297a2b6174e408c2b70c223') in 0.091649 seconds
Number of updated asset objects reloaded before import = 0Number of asset objects unloaded after import = 3

========================================================================
Received Import Request.
  Time since last request: 0.000016 seconds.
  path: Assets/BayatGames/Free Platform Game Assets/Tiles/2.5D Tiles/Autumn ( Update 1.9 )/256x256/GrassJoinHillLeft2.png
  artifactKey: Guid(1d6246bd9ce965b46bce5bcc17fbe530) Importer(2089858483,b0f066a214c2f5e87bad3c948f4d605d)
Start importing Assets/BayatGames/Free Platform Game Assets/Tiles/2.5D Tiles/Autumn ( Update 1.9 )/256x256/GrassJoinHillLeft2.png using Guid(1d6246bd9ce965b46bce5bcc17fbe530) Importer(2089858483,b0f066a214c2f5e87bad3c948f4d605d) (ScriptedImporter) -> (artifact id: 'b01fa0e737477b35bc9fb9b8aead97a2') in 0.0978572 seconds
Number of updated asset objects reloaded before import = 0Number of asset objects unloaded after import = 3

========================================================================
Received Import Request.
  Time since last request: 0.000025 seconds.
  path: Assets/BayatGames/Free Platform Game Assets/Tiles/2.5D Tiles/Winter ( Update 1.9 )/128x128/GrassCliffRight.png
  artifactKey: Guid(8b9650305e22ac2429b8e7433ec1f4d1) Importer(2089858483,b0f066a214c2f5e87bad3c948f4d605d)
Start importing Assets/BayatGames/Free Platform Game Assets/Tiles/2.5D Tiles/Winter ( Update 1.9 )/128x128/GrassCliffRight.png using Guid(8b9650305e22ac2429b8e7433ec1f4d1) Importer(2089858483,b0f066a214c2f5e87bad3c948f4d605d) (ScriptedImporter) -> (artifact id: 'b1d285821a2bbfd6eabab5f20f79c6f7') in 0.0364375 seconds
Number of updated asset objects reloaded before import = 0Number of asset objects unloaded after import = 3

========================================================================
Received Import Request.
  Time since last request: 0.000030 seconds.
  path: Assets/BayatGames/Free Platform Game Assets/Tiles/2.5D Tiles/Autumn ( Update 1.9 )/512x512/HillLeft.png
  artifactKey: Guid(a2a9d62d427c86c40a5c681eeae56b1e) Importer(2089858483,b0f066a214c2f5e87bad3c948f4d605d)
Start importing Assets/BayatGames/Free Platform Game Assets/Tiles/2.5D Tiles/Autumn ( Update 1.9 )/512x512/HillLeft.png using Guid(a2a9d62d427c86c40a5c681eeae56b1e) Importer(2089858483,b0f066a214c2f5e87bad3c948f4d605d) (ScriptedImporter) -> (artifact id: 'c1fd2ad591e60931ac4b0f756322e126') in 0.0436824 seconds
Number of updated asset objects reloaded before import = 0Number of asset objects unloaded after import = 3

========================================================================
Received Import Request.
  Time since last request: 0.000017 seconds.
  path: Assets/BayatGames/Free Platform Game Assets/Enemies/Enemies/png/64x64/Spike_Down.png
  artifactKey: Guid(65948b26b1cde0247930b657883b2da6) Importer(2089858483,b0f066a214c2f5e87bad3c948f4d605d)
Start importing Assets/BayatGames/Free Platform Game Assets/Enemies/Enemies/png/64x64/Spike_Down.png using Guid(65948b26b1cde0247930b657883b2da6) Importer(2089858483,b0f066a214c2f5e87bad3c948f4d605d) (ScriptedImporter) -> (artifact id: 'd89964bdaab71bb17ddadeadc30cf3b2') in 0.0959128 seconds
Number of updated asset objects reloaded before import = 0Number of asset objects unloaded after import = 3

========================================================================
Received Import Request.
  Time since last request: 0.000021 seconds.
  path: Assets/BayatGames/Free Platform Game Assets/Environments/Environments/png/1024x1024/Environment.png
  artifactKey: Guid(42fe589243a963347b493c5acde02c3f) Importer(2089858483,b0f066a214c2f5e87bad3c948f4d605d)
Start importing Assets/BayatGames/Free Platform Game Assets/Environments/Environments/png/1024x1024/Environment.png using Guid(42fe589243a963347b493c5acde02c3f) Importer(2089858483,b0f066a214c2f5e87bad3c948f4d605d) (ScriptedImporter) -> (artifact id: 'b5e270e635216b700277c48d93dbf252') in 0.0586808 seconds
Number of updated asset objects reloaded before import = 0Number of asset objects unloaded after import = 3

========================================================================
Received Import Request.
  Time since last request: 0.000035 seconds.
  path: Assets/BayatGames/Free Platform Game Assets/Tiles/2.5D Tiles/Autumn ( Update 1.9 )/128x128/HillLeft2 WithDropShadow.png
  artifactKey: Guid(587dafbdcf74e8b42a10aca0851710cf) Importer(2089858483,b0f066a214c2f5e87bad3c948f4d605d)
Start importing Assets/BayatGames/Free Platform Game Assets/Tiles/2.5D Tiles/Autumn ( Update 1.9 )/128x128/HillLeft2 WithDropShadow.png using Guid(587dafbdcf74e8b42a10aca0851710cf) Importer(2089858483,b0f066a214c2f5e87bad3c948f4d605d) (ScriptedImporter) -> (artifact id: 'dd4ae7bfa11c72ca1136c8f8e0295ca2') in 0.0353466 seconds
Number of updated asset objects reloaded before import = 0Number of asset objects unloaded after import = 3

========================================================================
Received Import Request.
  Time since last request: 0.000017 seconds.
  path: Assets/BayatGames/Free Platform Game Assets/Tiles/2.5D Tiles/Autumn ( Update 1.9 )/256x256/GrassJoinHillRight2.png
  artifactKey: Guid(397abc447543a234e8df9060188c1311) Importer(2089858483,b0f066a214c2f5e87bad3c948f4d605d)
Start importing Assets/BayatGames/Free Platform Game Assets/Tiles/2.5D Tiles/Autumn ( Update 1.9 )/256x256/GrassJoinHillRight2.png using Guid(397abc447543a234e8df9060188c1311) Importer(2089858483,b0f066a214c2f5e87bad3c948f4d605d) (ScriptedImporter) -> (artifact id: '108fbf296635029d54534ca614625036') in 0.0938808 seconds
Number of updated asset objects reloaded before import = 0Number of asset objects unloaded after import = 3

========================================================================
Received Import Request.
  Time since last request: 0.000018 seconds.
  path: Assets/BayatGames/Free Platform Game Assets/Enemies/Enemies/png/512x512/Mace.png
  artifactKey: Guid(b6dc8ab32ae6f2c4f849402eb362be5e) Importer(2089858483,b0f066a214c2f5e87bad3c948f4d605d)
Start importing Assets/BayatGames/Free Platform Game Assets/Enemies/Enemies/png/512x512/Mace.png using Guid(b6dc8ab32ae6f2c4f849402eb362be5e) Importer(2089858483,b0f066a214c2f5e87bad3c948f4d605d) (ScriptedImporter) -> (artifact id: '9c0e3807f6eebdfed58078f17748f6b3') in 0.1752384 seconds
Number of updated asset objects reloaded before import = 0Number of asset objects unloaded after import = 3

========================================================================
Received Import Request.
  Time since last request: 0.000022 seconds.
  path: Assets/BayatGames/Free Platform Game Assets/Tiles/2.5D Tiles/Winter ( Update 1.9 )/512x512/GrassJoinHillLeft2.png
  artifactKey: Guid(91fa5ca89ace12b49ac24bc9fc0e4698) Importer(2089858483,b0f066a214c2f5e87bad3c948f4d605d)
Start importing Assets/BayatGames/Free Platform Game Assets/Tiles/2.5D Tiles/Winter ( Update 1.9 )/512x512/GrassJoinHillLeft2.png using Guid(91fa5ca89ace12b49ac24bc9fc0e4698) Importer(2089858483,b0f066a214c2f5e87bad3c948f4d605d) (ScriptedImporter) -> (artifact id: 'e20f00ff85cb1a21fb80399927d054a8') in 0.1575228 seconds
Number of updated asset objects reloaded before import = 0Number of asset objects unloaded after import = 3

========================================================================
Received Import Request.
  Time since last request: 0.000036 seconds.
  path: Assets/BayatGames/Free Platform Game Assets/Tiles/2.5D Tiles/Winter ( Update 1.9 )/256x256/GrassCliffRight.png
  artifactKey: Guid(f3efad72608eb924abb65632bdd7885c) Importer(2089858483,b0f066a214c2f5e87bad3c948f4d605d)
Start importing Assets/BayatGames/Free Platform Game Assets/Tiles/2.5D Tiles/Winter ( Update 1.9 )/256x256/GrassCliffRight.png using Guid(f3efad72608eb924abb65632bdd7885c) Importer(2089858483,b0f066a214c2f5e87bad3c948f4d605d) (ScriptedImporter) -> (artifact id: '65417bff4dce9ea4f276f7d203e075ee') in 0.087882 seconds
Number of updated asset objects reloaded before import = 0Number of asset objects unloaded after import = 3

========================================================================
Received Import Request.
  Time since last request: 0.000014 seconds.
  path: Assets/BayatGames/Free Platform Game Assets/Tiles/2.5D Tiles/Winter ( Update 1.9 )/512x512/GrassCliffRight.png
  artifactKey: Guid(e182e9a902c20d246ae36a703e851801) Importer(2089858483,b0f066a214c2f5e87bad3c948f4d605d)
Start importing Assets/BayatGames/Free Platform Game Assets/Tiles/2.5D Tiles/Winter ( Update 1.9 )/512x512/GrassCliffRight.png using Guid(e182e9a902c20d246ae36a703e851801) Importer(2089858483,b0f066a214c2f5e87bad3c948f4d605d) (ScriptedImporter) -> (artifact id: '2e831c1e3bea2713b01d94d7f646535e') in 0.1056147 seconds
Number of updated asset objects reloaded before import = 0Number of asset objects unloaded after import = 3

========================================================================
Received Import Request.
  Time since last request: 0.000018 seconds.
  path: Assets/BayatGames/Free Platform Game Assets/Tiles/2D Tiles ( Update 1.9 )/Autumn/128x128/GrassCliffRight.png
  artifactKey: Guid(bfdb5b705f03df54da987501a4b8fce0) Importer(2089858483,b0f066a214c2f5e87bad3c948f4d605d)
Start importing Assets/BayatGames/Free Platform Game Assets/Tiles/2D Tiles ( Update 1.9 )/Autumn/128x128/GrassCliffRight.png using Guid(bfdb5b705f03df54da987501a4b8fce0) Importer(2089858483,b0f066a214c2f5e87bad3c948f4d605d) (ScriptedImporter) -> (artifact id: '2eccc7a4c5c0b3503c6d63efb7951be3') in 0.2977054 seconds
Number of updated asset objects reloaded before import = 0Number of asset objects unloaded after import = 3

========================================================================
Received Import Request.
  Time since last request: 0.000026 seconds.
  path: Assets/BayatGames/Free Platform Game Assets/Tiles/2.5D Tiles/Winter ( Update 1.9 )/256x256/GrassJoinHillRight2 WithDropShadow.png
  artifactKey: Guid(89bb3722976b708448b07ba718bcc425) Importer(2089858483,b0f066a214c2f5e87bad3c948f4d605d)
Start importing Assets/BayatGames/Free Platform Game Assets/Tiles/2.5D Tiles/Winter ( Update 1.9 )/256x256/GrassJoinHillRight2 WithDropShadow.png using Guid(89bb3722976b708448b07ba718bcc425) Importer(2089858483,b0f066a214c2f5e87bad3c948f4d605d) (ScriptedImporter) -> (artifact id: 'f9c77bd84baba0fcfa6c124aa5379c4a') in 0.060228 seconds
Number of updated asset objects reloaded before import = 0Number of asset objects unloaded after import = 3

========================================================================
Received Import Request.
  Time since last request: 0.000017 seconds.
  path: Assets/BayatGames/Free Platform Game Assets/Tiles/2D Tiles ( Update 1.9 )/Autumn/128x128/GrassCliffLeft.png
  artifactKey: Guid(1ad757c5da8692b4da9682f9ad8dfca6) Importer(2089858483,b0f066a214c2f5e87bad3c948f4d605d)
Start importing Assets/BayatGames/Free Platform Game Assets/Tiles/2D Tiles ( Update 1.9 )/Autumn/128x128/GrassCliffLeft.png using Guid(1ad757c5da8692b4da9682f9ad8dfca6) Importer(2089858483,b0f066a214c2f5e87bad3c948f4d605d) (ScriptedImporter) -> (artifact id: 'a6cdbe76f3ff23d4dd29208c68bc4f3e') in 0.1054783 seconds
Number of updated asset objects reloaded before import = 0Number of asset objects unloaded after import = 3

========================================================================
Received Import Request.
  Time since last request: 0.000017 seconds.
  path: Assets/BayatGames/Free Platform Game Assets/Tiles/2.5D Tiles/Winter ( Update 1.9 )/256x256/GrassJoinHillRight.png
  artifactKey: Guid(bb4cc60b5d51a6644957a67b5d1b3ac3) Importer(2089858483,b0f066a214c2f5e87bad3c948f4d605d)
Start importing Assets/BayatGames/Free Platform Game Assets/Tiles/2.5D Tiles/Winter ( Update 1.9 )/256x256/GrassJoinHillRight.png using Guid(bb4cc60b5d51a6644957a67b5d1b3ac3) Importer(2089858483,b0f066a214c2f5e87bad3c948f4d605d) (ScriptedImporter) -> (artifact id: 'ff8604b7c4d656d8d425746da8d20c8f') in 0.0641286 seconds
Number of updated asset objects reloaded before import = 0Number of asset objects unloaded after import = 3

========================================================================
Received Import Request.
  Time since last request: 0.000031 seconds.
  path: Assets/BayatGames/Free Platform Game Assets/Tiles/2.5D Tiles/Winter ( Update 1.9 )/256x256/GrassCliffMid.png
  artifactKey: Guid(aa8bb83aab78f34449d2b3211e6ec39f) Importer(2089858483,b0f066a214c2f5e87bad3c948f4d605d)
Start importing Assets/BayatGames/Free Platform Game Assets/Tiles/2.5D Tiles/Winter ( Update 1.9 )/256x256/GrassCliffMid.png using Guid(aa8bb83aab78f34449d2b3211e6ec39f) Importer(2089858483,b0f066a214c2f5e87bad3c948f4d605d) (ScriptedImporter) -> (artifact id: '30fd5aa7ac6507d8916260ec4cdc1575') in 0.0666945 seconds
Number of updated asset objects reloaded before import = 0Number of asset objects unloaded after import = 3

========================================================================
Received Import Request.
  Time since last request: 0.000016 seconds.
  path: Assets/BayatGames/Free Platform Game Assets/Tiles/2D Tiles ( Update 1.9 )/Autumn/128x128/GrassJoinHillRight2.png
  artifactKey: Guid(a92e457a2f2fd7c4da172841b810de0d) Importer(2089858483,b0f066a214c2f5e87bad3c948f4d605d)
Start importing Assets/BayatGames/Free Platform Game Assets/Tiles/2D Tiles ( Update 1.9 )/Autumn/128x128/GrassJoinHillRight2.png using Guid(a92e457a2f2fd7c4da172841b810de0d) Importer(2089858483,b0f066a214c2f5e87bad3c948f4d605d) (ScriptedImporter) -> (artifact id: '339ed62c29c19ffd7c65ab6938e6c618') in 0.0752056 seconds
Number of updated asset objects reloaded before import = 0Number of asset objects unloaded after import = 3

========================================================================
Received Import Request.
  Time since last request: 0.000019 seconds.
  path: Assets/BayatGames/Free Platform Game Assets/Tiles/2.5D Tiles/Winter ( Update 1.9 )/512x512/HillLeft.png
  artifactKey: Guid(01e758828298e8349a89ace5127a8315) Importer(2089858483,b0f066a214c2f5e87bad3c948f4d605d)
Start importing Assets/BayatGames/Free Platform Game Assets/Tiles/2.5D Tiles/Winter ( Update 1.9 )/512x512/HillLeft.png using Guid(01e758828298e8349a89ace5127a8315) Importer(2089858483,b0f066a214c2f5e87bad3c948f4d605d) (ScriptedImporter) -> (artifact id: '9f2fafcda7dfee72ac1fe02630af86ce') in 0.328466 seconds
Number of updated asset objects reloaded before import = 0Number of asset objects unloaded after import = 3

========================================================================
Received Import Request.
  Time since last request: 0.000028 seconds.
  path: Assets/BayatGames/Free Platform Game Assets/Tiles/2.5D Tiles/Winter ( Update 1.9 )/512x512/GrassJoinHillLeft&Right.png
  artifactKey: Guid(1dd3153ef4fc0b94d93b536465558ab9) Importer(2089858483,b0f066a214c2f5e87bad3c948f4d605d)
Start importing Assets/BayatGames/Free Platform Game Assets/Tiles/2.5D Tiles/Winter ( Update 1.9 )/512x512/GrassJoinHillLeft&Right.png using Guid(1dd3153ef4fc0b94d93b536465558ab9) Importer(2089858483,b0f066a214c2f5e87bad3c948f4d605d) (ScriptedImporter) -> (artifact id: '199473f89999fdfe13e319a5db0a2c6d') in 0.0627119 seconds
Number of updated asset objects reloaded before import = 0Number of asset objects unloaded after import = 3

========================================================================
Received Import Request.
  Time since last request: 0.000018 seconds.
  path: Assets/BayatGames/Free Platform Game Assets/Tiles/2.5D Tiles/Winter ( Update 1.9 )/256x256/GrassJoinHillLeft&Right.png
  artifactKey: Guid(9cfccbfecae9b8b48a098e20033f1e66) Importer(2089858483,b0f066a214c2f5e87bad3c948f4d605d)
Start importing Assets/BayatGames/Free Platform Game Assets/Tiles/2.5D Tiles/Winter ( Update 1.9 )/256x256/GrassJoinHillLeft&Right.png using Guid(9cfccbfecae9b8b48a098e20033f1e66) Importer(2089858483,b0f066a214c2f5e87bad3c948f4d605d) (ScriptedImporter) -> (artifact id: 'ab35052d7450ce47db4857ecbb7abef6') in 0.0680384 seconds
Number of updated asset objects reloaded before import = 0Number of asset objects unloaded after import = 3

========================================================================
Received Import Request.
  Time since last request: 0.000015 seconds.
  path: Assets/BayatGames/Free Platform Game Assets/Tiles/2.5D Tiles/Winter ( Update 1.9 )/256x256/GrassJoinHillLeft2 WithDropShadow.png
  artifactKey: Guid(2b219a48db991b24eb408577adc1d077) Importer(2089858483,b0f066a214c2f5e87bad3c948f4d605d)
Start importing Assets/BayatGames/Free Platform Game Assets/Tiles/2.5D Tiles/Winter ( Update 1.9 )/256x256/GrassJoinHillLeft2 WithDropShadow.png using Guid(2b219a48db991b24eb408577adc1d077) Importer(2089858483,b0f066a214c2f5e87bad3c948f4d605d) (ScriptedImporter) -> (artifact id: 'b1117ded223523b1fed81b6e5affe0b9') in 0.0486966 seconds
Number of updated asset objects reloaded before import = 0Number of asset objects unloaded after import = 3

========================================================================
Received Import Request.
  Time since last request: 0.000020 seconds.
  path: Assets/BayatGames/Free Platform Game Assets/Tiles/2.5D Tiles/Winter ( Update 1.9 )/512x512/GrassJoindHillLeft.png
  artifactKey: Guid(7b0d18a014758fc469b8ac6f7d4a3389) Importer(2089858483,b0f066a214c2f5e87bad3c948f4d605d)
Start importing Assets/BayatGames/Free Platform Game Assets/Tiles/2.5D Tiles/Winter ( Update 1.9 )/512x512/GrassJoindHillLeft.png using Guid(7b0d18a014758fc469b8ac6f7d4a3389) Importer(2089858483,b0f066a214c2f5e87bad3c948f4d605d) (ScriptedImporter) -> (artifact id: '0c80ba9ae5b7809a67983cd2b1812706') in 0.0984369 seconds
Number of updated asset objects reloaded before import = 0Number of asset objects unloaded after import = 3

========================================================================
Received Import Request.
  Time since last request: 0.000041 seconds.
  path: Assets/BayatGames/Free Platform Game Assets/Tiles/2D Tiles ( Update 1.9 )/Autumn/128x128/GrassJoinHillLeft&Right.png
  artifactKey: Guid(8bfd4e380c6dbb541908d5d052c8295f) Importer(2089858483,b0f066a214c2f5e87bad3c948f4d605d)
Start importing Assets/BayatGames/Free Platform Game Assets/Tiles/2D Tiles ( Update 1.9 )/Autumn/128x128/GrassJoinHillLeft&Right.png using Guid(8bfd4e380c6dbb541908d5d052c8295f) Importer(2089858483,b0f066a214c2f5e87bad3c948f4d605d) (ScriptedImporter) -> (artifact id: '368ab4b4c90d9ce82cb0074f111d7837') in 0.0547145 seconds
Number of updated asset objects reloaded before import = 0Number of asset objects unloaded after import = 3

========================================================================
Received Import Request.
  Time since last request: 0.000016 seconds.
  path: Assets/BayatGames/Free Platform Game Assets/Tiles/2D Tiles ( Update 1.9 )/Autumn/128x128/GrassJoinHillLeft.png
  artifactKey: Guid(b8a5ba1d5d49334429d4af4b77e8ba21) Importer(2089858483,b0f066a214c2f5e87bad3c948f4d605d)
Start importing Assets/BayatGames/Free Platform Game Assets/Tiles/2D Tiles ( Update 1.9 )/Autumn/128x128/GrassJoinHillLeft.png using Guid(b8a5ba1d5d49334429d4af4b77e8ba21) Importer(2089858483,b0f066a214c2f5e87bad3c948f4d605d) (ScriptedImporter) -> (artifact id: '46c697fa63e5928d73e6e7978af4af1e') in 0.0869102 seconds
Number of updated asset objects reloaded before import = 0Number of asset objects unloaded after import = 3

========================================================================
Received Import Request.
  Time since last request: 0.000024 seconds.
  path: Assets/BayatGames/Free Platform Game Assets/Tiles/2.5D Tiles/Winter ( Update 1.9 )/256x256/HillLeft2.png
  artifactKey: Guid(27b591e2d3723da4e906d08762ffa955) Importer(2089858483,b0f066a214c2f5e87bad3c948f4d605d)
Start importing Assets/BayatGames/Free Platform Game Assets/Tiles/2.5D Tiles/Winter ( Update 1.9 )/256x256/HillLeft2.png using Guid(27b591e2d3723da4e906d08762ffa955) Importer(2089858483,b0f066a214c2f5e87bad3c948f4d605d) (ScriptedImporter) -> (artifact id: '103658dd59a1a4e45a1930b336b5fbd7') in 0.189126 seconds
Number of updated asset objects reloaded before import = 0Number of asset objects unloaded after import = 3

========================================================================
Received Import Request.
  Time since last request: 0.000028 seconds.
  path: Assets/BayatGames/Free Platform Game Assets/Tiles/2.5D Tiles/Winter ( Update 1.9 )/512x512/GrassJoinHillRight2.png
  artifactKey: Guid(6872fe5f6eae1bc4f9b2346475eb5871) Importer(2089858483,b0f066a214c2f5e87bad3c948f4d605d)
Start importing Assets/BayatGames/Free Platform Game Assets/Tiles/2.5D Tiles/Winter ( Update 1.9 )/512x512/GrassJoinHillRight2.png using Guid(6872fe5f6eae1bc4f9b2346475eb5871) Importer(2089858483,b0f066a214c2f5e87bad3c948f4d605d) (ScriptedImporter) -> (artifact id: '8ab2bc0d46d8b6adf763100613c9cb38') in 0.0468171 seconds
Number of updated asset objects reloaded before import = 0Number of asset objects unloaded after import = 3

========================================================================
Received Import Request.
  Time since last request: 0.000017 seconds.
  path: Assets/BayatGames/Free Platform Game Assets/Tiles/2D Tiles ( Update 1.9 )/Autumn/128x128/GrassJoinHillLeft2.png
  artifactKey: Guid(1da4f4e304173804ab15aaa0ae2b240d) Importer(2089858483,b0f066a214c2f5e87bad3c948f4d605d)
Start importing Assets/BayatGames/Free Platform Game Assets/Tiles/2D Tiles ( Update 1.9 )/Autumn/128x128/GrassJoinHillLeft2.png using Guid(1da4f4e304173804ab15aaa0ae2b240d) Importer(2089858483,b0f066a214c2f5e87bad3c948f4d605d) (ScriptedImporter) -> (artifact id: '33c39fe6c4595bd2be208250599761cf') in 0.0413573 seconds
Number of updated asset objects reloaded before import = 0Number of asset objects unloaded after import = 3

========================================================================
Received Import Request.
  Time since last request: 0.000017 seconds.
  path: Assets/BayatGames/Free Platform Game Assets/Tiles/2D Tiles ( Update 1.9 )/Autumn/256x256/GrassHillRight2.png
  artifactKey: Guid(244d59731ee2a984ebb854f847d30cab) Importer(2089858483,b0f066a214c2f5e87bad3c948f4d605d)
Start importing Assets/BayatGames/Free Platform Game Assets/Tiles/2D Tiles ( Update 1.9 )/Autumn/256x256/GrassHillRight2.png using Guid(244d59731ee2a984ebb854f847d30cab) Importer(2089858483,b0f066a214c2f5e87bad3c948f4d605d) (ScriptedImporter) -> (artifact id: '856b9107a776c6161fd0ceca64bd2f3f') in 0.1221642 seconds
Number of updated asset objects reloaded before import = 0Number of asset objects unloaded after import = 3

========================================================================
Received Import Request.
  Time since last request: 0.000019 seconds.
  path: Assets/BayatGames/Free Platform Game Assets/Tiles/2D Tiles ( Update 1.9 )/Spring/128x128/GrassJoinHillLeft2.png
  artifactKey: Guid(010fb8b30364cd94a99f8e08da61dea4) Importer(2089858483,b0f066a214c2f5e87bad3c948f4d605d)
Start importing Assets/BayatGames/Free Platform Game Assets/Tiles/2D Tiles ( Update 1.9 )/Spring/128x128/GrassJoinHillLeft2.png using Guid(010fb8b30364cd94a99f8e08da61dea4) Importer(2089858483,b0f066a214c2f5e87bad3c948f4d605d) (ScriptedImporter) -> (artifact id: '934b4f16f9aa74a72239509e1b651250') in 0.197545 seconds
Number of updated asset objects reloaded before import = 0Number of asset objects unloaded after import = 3

========================================================================
Received Import Request.
  Time since last request: 0.000028 seconds.
  path: Assets/BayatGames/Free Platform Game Assets/Tiles/2D Tiles ( Update 1.9 )/Autumn/512x512/GrassHillRight2.png
  artifactKey: Guid(e5e5fed44d8e4c04d8f49db07c3144fd) Importer(2089858483,b0f066a214c2f5e87bad3c948f4d605d)
Start importing Assets/BayatGames/Free Platform Game Assets/Tiles/2D Tiles ( Update 1.9 )/Autumn/512x512/GrassHillRight2.png using Guid(e5e5fed44d8e4c04d8f49db07c3144fd) Importer(2089858483,b0f066a214c2f5e87bad3c948f4d605d) (ScriptedImporter) -> (artifact id: '082779e8c73d47d1eb09cd5d89610ff5') in 0.074094 seconds
Number of updated asset objects reloaded before import = 0Number of asset objects unloaded after import = 3

========================================================================
Received Import Request.
  Time since last request: 0.000017 seconds.
  path: Assets/BayatGames/Free Platform Game Assets/Tiles/2D Tiles ( Update 1.9 )/Autumn/512x512/GrassCliffMid.png
  artifactKey: Guid(24060c96663a0ba4b958e9f8293b5905) Importer(2089858483,b0f066a214c2f5e87bad3c948f4d605d)
Start importing Assets/BayatGames/Free Platform Game Assets/Tiles/2D Tiles ( Update 1.9 )/Autumn/512x512/GrassCliffMid.png using Guid(24060c96663a0ba4b958e9f8293b5905) Importer(2089858483,b0f066a214c2f5e87bad3c948f4d605d) (ScriptedImporter) -> (artifact id: '68868d927eb02501b448d7eb44fd9bcf') in 0.1213305 seconds
Number of updated asset objects reloaded before import = 0Number of asset objects unloaded after import = 3

========================================================================
Received Import Request.
  Time since last request: 0.000026 seconds.
  path: Assets/BayatGames/Free Platform Game Assets/Tiles/2D Tiles ( Update 1.9 )/Autumn/256x256/GrassLeft.png
  artifactKey: Guid(17e12354edd794c4c999ea492cb577c4) Importer(2089858483,b0f066a214c2f5e87bad3c948f4d605d)
Start importing Assets/BayatGames/Free Platform Game Assets/Tiles/2D Tiles ( Update 1.9 )/Autumn/256x256/GrassLeft.png using Guid(17e12354edd794c4c999ea492cb577c4) Importer(2089858483,b0f066a214c2f5e87bad3c948f4d605d) (ScriptedImporter) -> (artifact id: '45d2479fc58a22843928ee17a62bb678') in 0.1010393 seconds
Number of updated asset objects reloaded before import = 0Number of asset objects unloaded after import = 3

========================================================================
Received Import Request.
  Time since last request: 0.000025 seconds.
  path: Assets/BayatGames/Free Platform Game Assets/Tiles/2D Tiles ( Update 1.9 )/Autumn/256x256/GrassJoinHillLeft&Right.png
  artifactKey: Guid(4116ffbebb8ddd644aba5912193e0239) Importer(2089858483,b0f066a214c2f5e87bad3c948f4d605d)
Start importing Assets/BayatGames/Free Platform Game Assets/Tiles/2D Tiles ( Update 1.9 )/Autumn/256x256/GrassJoinHillLeft&Right.png using Guid(4116ffbebb8ddd644aba5912193e0239) Importer(2089858483,b0f066a214c2f5e87bad3c948f4d605d) (ScriptedImporter) -> (artifact id: '8b217842364b4e3f52f42b1b636825d5') in 0.0231327 seconds
Number of updated asset objects reloaded before import = 0Number of asset objects unloaded after import = 3

========================================================================
Received Import Request.
  Time since last request: 0.000017 seconds.
  path: Assets/BayatGames/Free Platform Game Assets/Tiles/2D Tiles ( Update 1.9 )/Autumn/512x512/GrassHillLeft2.png
  artifactKey: Guid(65eddf34581be1046bc3da6e1d7bcfe3) Importer(2089858483,b0f066a214c2f5e87bad3c948f4d605d)
Start importing Assets/BayatGames/Free Platform Game Assets/Tiles/2D Tiles ( Update 1.9 )/Autumn/512x512/GrassHillLeft2.png using Guid(65eddf34581be1046bc3da6e1d7bcfe3) Importer(2089858483,b0f066a214c2f5e87bad3c948f4d605d) (ScriptedImporter) -> (artifact id: 'ada7247953598b5c72c66bb18c0054cc') in 0.1428301 seconds
Number of updated asset objects reloaded before import = 0Number of asset objects unloaded after import = 3

========================================================================
Received Import Request.
  Time since last request: 0.000020 seconds.
  path: Assets/BayatGames/Free Platform Game Assets/Tiles/2D Tiles ( Update 1.9 )/Spring/128x128/GrassHillLeft.png
  artifactKey: Guid(39b8307f6747c084ea6ad643d5f1432f) Importer(2089858483,b0f066a214c2f5e87bad3c948f4d605d)
Start importing Assets/BayatGames/Free Platform Game Assets/Tiles/2D Tiles ( Update 1.9 )/Spring/128x128/GrassHillLeft.png using Guid(39b8307f6747c084ea6ad643d5f1432f) Importer(2089858483,b0f066a214c2f5e87bad3c948f4d605d) (ScriptedImporter) -> (artifact id: '78e0920f83272041799243737d63ee7b') in 0.0491666 seconds
Number of updated asset objects reloaded before import = 0Number of asset objects unloaded after import = 3

========================================================================
Received Import Request.
  Time since last request: 0.000031 seconds.
  path: Assets/BayatGames/Free Platform Game Assets/Tiles/2D Tiles ( Update 1.9 )/Spring/128x128/GrassColumn.png
  artifactKey: Guid(21a46f549323fb349b9c1a4972f9a1e0) Importer(2089858483,b0f066a214c2f5e87bad3c948f4d605d)
Start importing Assets/BayatGames/Free Platform Game Assets/Tiles/2D Tiles ( Update 1.9 )/Spring/128x128/GrassColumn.png using Guid(21a46f549323fb349b9c1a4972f9a1e0) Importer(2089858483,b0f066a214c2f5e87bad3c948f4d605d) (ScriptedImporter) -> (artifact id: '4213ba21ed0b97e4a1a78a9c8397ff45') in 0.0443729 seconds
Number of updated asset objects reloaded before import = 0Number of asset objects unloaded after import = 3

========================================================================
Received Import Request.
  Time since last request: 0.000018 seconds.
  path: Assets/BayatGames/Free Platform Game Assets/Tiles/2D Tiles ( Update 1.9 )/Autumn/512x512/GrassHillRight2 DownShadow.png
  artifactKey: Guid(28029cc55b53f27498edb24d597fc1e6) Importer(2089858483,b0f066a214c2f5e87bad3c948f4d605d)
Start importing Assets/BayatGames/Free Platform Game Assets/Tiles/2D Tiles ( Update 1.9 )/Autumn/512x512/GrassHillRight2 DownShadow.png using Guid(28029cc55b53f27498edb24d597fc1e6) Importer(2089858483,b0f066a214c2f5e87bad3c948f4d605d) (ScriptedImporter) -> (artifact id: '82901bb229f627cae11e53aef9f081aa') in 0.1005449 seconds
Number of updated asset objects reloaded before import = 0Number of asset objects unloaded after import = 3

========================================================================
Received Import Request.
  Time since last request: 0.000028 seconds.
  path: Assets/BayatGames/Free Platform Game Assets/Tiles/2D Tiles ( Update 1.9 )/Spring/128x128/GrassHillRight.png
  artifactKey: Guid(0fa00a8fe36a46a499db8f35e13e2cde) Importer(2089858483,b0f066a214c2f5e87bad3c948f4d605d)
Start importing Assets/BayatGames/Free Platform Game Assets/Tiles/2D Tiles ( Update 1.9 )/Spring/128x128/GrassHillRight.png using Guid(0fa00a8fe36a46a499db8f35e13e2cde) Importer(2089858483,b0f066a214c2f5e87bad3c948f4d605d) (ScriptedImporter) -> (artifact id: '3d01cf07d1a4457feda6ea5892f95daf') in 0.0841141 seconds
Number of updated asset objects reloaded before import = 0Number of asset objects unloaded after import = 3

========================================================================
Received Import Request.
  Time since last request: 0.000030 seconds.
  path: Assets/BayatGames/Free Platform Game Assets/Tiles/2D Tiles ( Update 1.9 )/Autumn/256x256/GrassColumn.png
  artifactKey: Guid(4c563e929510fb542b59840d133aa24d) Importer(2089858483,b0f066a214c2f5e87bad3c948f4d605d)
Start importing Assets/BayatGames/Free Platform Game Assets/Tiles/2D Tiles ( Update 1.9 )/Autumn/256x256/GrassColumn.png using Guid(4c563e929510fb542b59840d133aa24d) Importer(2089858483,b0f066a214c2f5e87bad3c948f4d605d) (ScriptedImporter) -> (artifact id: 'cf3b6ab102ba4178fa43cbef44148bca') in 0.0382688 seconds
Number of updated asset objects reloaded before import = 0Number of asset objects unloaded after import = 3

========================================================================
Received Import Request.
  Time since last request: 0.000021 seconds.
  path: Assets/BayatGames/Free Platform Game Assets/Tiles/2D Tiles ( Update 1.9 )/Autumn/256x256/GrassCliffMid.png
  artifactKey: Guid(f49938fd5e962834d80abcc368229c65) Importer(2089858483,b0f066a214c2f5e87bad3c948f4d605d)
Start importing Assets/BayatGames/Free Platform Game Assets/Tiles/2D Tiles ( Update 1.9 )/Autumn/256x256/GrassCliffMid.png using Guid(f49938fd5e962834d80abcc368229c65) Importer(2089858483,b0f066a214c2f5e87bad3c948f4d605d) (ScriptedImporter) -> (artifact id: 'b13360f9e345b6673ab8d8dd63f09d88') in 0.0580641 seconds
Number of updated asset objects reloaded before import = 0Number of asset objects unloaded after import = 3

========================================================================
Received Import Request.
  Time since last request: 0.000021 seconds.
  path: Assets/BayatGames/Free Platform Game Assets/Tiles/2D Tiles ( Update 1.9 )/Autumn/512x512/GrassMid.png
  artifactKey: Guid(35d04c51a6d9b184996f383e51d1e04c) Importer(2089858483,b0f066a214c2f5e87bad3c948f4d605d)
Start importing Assets/BayatGames/Free Platform Game Assets/Tiles/2D Tiles ( Update 1.9 )/Autumn/512x512/GrassMid.png using Guid(35d04c51a6d9b184996f383e51d1e04c) Importer(2089858483,b0f066a214c2f5e87bad3c948f4d605d) (ScriptedImporter) -> (artifact id: 'ec9790cf7de7a6080ea48359eca6acbd') in 0.1784999 seconds
Number of updated asset objects reloaded before import = 0Number of asset objects unloaded after import = 3

========================================================================
Received Import Request.
  Time since last request: 0.000023 seconds.
  path: Assets/BayatGames/Free Platform Game Assets/Tiles/2D Tiles ( Update 1.9 )/Autumn/512x512/GrassCliffLeft.png
  artifactKey: Guid(e720ab5f72d09f248ac485c124471c83) Importer(2089858483,b0f066a214c2f5e87bad3c948f4d605d)
Start importing Assets/BayatGames/Free Platform Game Assets/Tiles/2D Tiles ( Update 1.9 )/Autumn/512x512/GrassCliffLeft.png using Guid(e720ab5f72d09f248ac485c124471c83) Importer(2089858483,b0f066a214c2f5e87bad3c948f4d605d) (ScriptedImporter) -> (artifact id: 'ec4e866daecb4a37210004ed39c0a2d0') in 0.1209021 seconds
Number of updated asset objects reloaded before import = 0Number of asset objects unloaded after import = 3

========================================================================
Received Import Request.
  Time since last request: 0.000026 seconds.
  path: Assets/BayatGames/Free Platform Game Assets/Tiles/2D Tiles ( Update 1.9 )/Autumn/512x512/GrassHillRight.png
  artifactKey: Guid(ce08f0dff4e6a554d92a0848ed07c8e6) Importer(2089858483,b0f066a214c2f5e87bad3c948f4d605d)
Start importing Assets/BayatGames/Free Platform Game Assets/Tiles/2D Tiles ( Update 1.9 )/Autumn/512x512/GrassHillRight.png using Guid(ce08f0dff4e6a554d92a0848ed07c8e6) Importer(2089858483,b0f066a214c2f5e87bad3c948f4d605d) (ScriptedImporter) -> (artifact id: '4d601b764ab9c0db3aa491323252970a') in 0.0343628 seconds
Number of updated asset objects reloaded before import = 0Number of asset objects unloaded after import = 3

========================================================================
Received Import Request.
  Time since last request: 0.000017 seconds.
  path: Assets/BayatGames/Free Platform Game Assets/Tiles/2D Tiles ( Update 1.9 )/Autumn/512x512/GrassJoinHillLeft2 DownShadow.png
  artifactKey: Guid(37bd69310ad0b214f8962adbecf68578) Importer(2089858483,b0f066a214c2f5e87bad3c948f4d605d)
Start importing Assets/BayatGames/Free Platform Game Assets/Tiles/2D Tiles ( Update 1.9 )/Autumn/512x512/GrassJoinHillLeft2 DownShadow.png using Guid(37bd69310ad0b214f8962adbecf68578) Importer(2089858483,b0f066a214c2f5e87bad3c948f4d605d) (ScriptedImporter) -> (artifact id: 'a4851e351a97c55734f785d3bf5cfb41') in 0.0702956 seconds
Number of updated asset objects reloaded before import = 0Number of asset objects unloaded after import = 3

========================================================================
Received Import Request.
  Time since last request: 0.000025 seconds.
  path: Assets/BayatGames/Free Platform Game Assets/Tiles/2D Tiles ( Update 1.9 )/Spring/128x128/GrassCliffMid.png
  artifactKey: Guid(1af3f64c5b272d64b90095605c6f2eab) Importer(2089858483,b0f066a214c2f5e87bad3c948f4d605d)
Start importing Assets/BayatGames/Free Platform Game Assets/Tiles/2D Tiles ( Update 1.9 )/Spring/128x128/GrassCliffMid.png using Guid(1af3f64c5b272d64b90095605c6f2eab) Importer(2089858483,b0f066a214c2f5e87bad3c948f4d605d) (ScriptedImporter) -> (artifact id: 'be10153bde26633bd04089bf1fafed08') in 0.0818265 seconds
Number of updated asset objects reloaded before import = 0Number of asset objects unloaded after import = 3

========================================================================
Received Import Request.
  Time since last request: 0.000023 seconds.
  path: Assets/BayatGames/Free Platform Game Assets/Tiles/2D Tiles ( Update 1.9 )/Autumn/256x256/GrassHillLeft2 DownShadow.png
  artifactKey: Guid(b18cc5ea85fc62740aea736cbf271b00) Importer(2089858483,b0f066a214c2f5e87bad3c948f4d605d)
Start importing Assets/BayatGames/Free Platform Game Assets/Tiles/2D Tiles ( Update 1.9 )/Autumn/256x256/GrassHillLeft2 DownShadow.png using Guid(b18cc5ea85fc62740aea736cbf271b00) Importer(2089858483,b0f066a214c2f5e87bad3c948f4d605d) (ScriptedImporter) -> (artifact id: 'e4fa93781ab56c688e34c30598db01cb') in 0.0609075 seconds
Number of updated asset objects reloaded before import = 0Number of asset objects unloaded after import = 3

========================================================================
Received Import Request.
  Time since last request: 0.000029 seconds.
  path: Assets/BayatGames/Free Platform Game Assets/Tiles/2D Tiles ( Update 1.9 )/Autumn/128x128/GrassLeft.png
  artifactKey: Guid(d1736567c2c2dd3429ca987e6cd63763) Importer(2089858483,b0f066a214c2f5e87bad3c948f4d605d)
Start importing Assets/BayatGames/Free Platform Game Assets/Tiles/2D Tiles ( Update 1.9 )/Autumn/128x128/GrassLeft.png using Guid(d1736567c2c2dd3429ca987e6cd63763) Importer(2089858483,b0f066a214c2f5e87bad3c948f4d605d) (ScriptedImporter) -> (artifact id: '00bec803d5872cda45b9404e4b28245b') in 0.0701612 seconds
Number of updated asset objects reloaded before import = 0Number of asset objects unloaded after import = 3

========================================================================
Received Import Request.
  Time since last request: 0.000018 seconds.
  path: Assets/BayatGames/Free Platform Game Assets/Tiles/2.5D Tiles/Winter ( Update 1.9 )/512x512/GrassJoinHillRight.png
  artifactKey: Guid(aa4db4fed01d8a249afcab049d612cb6) Importer(2089858483,b0f066a214c2f5e87bad3c948f4d605d)
Start importing Assets/BayatGames/Free Platform Game Assets/Tiles/2.5D Tiles/Winter ( Update 1.9 )/512x512/GrassJoinHillRight.png using Guid(aa4db4fed01d8a249afcab049d612cb6) Importer(2089858483,b0f066a214c2f5e87bad3c948f4d605d) (ScriptedImporter) -> (artifact id: 'c2458bd5c2b76af3e8b5b01c1bbfc681') in 0.0679969 seconds
Number of updated asset objects reloaded before import = 0Number of asset objects unloaded after import = 3

========================================================================
Received Import Request.
  Time since last request: 0.000030 seconds.
  path: Assets/BayatGames/Free Platform Game Assets/Tiles/2.5D Tiles/Winter ( Update 1.9 )/512x512/HillLeft2 WithDropShadow.png
  artifactKey: Guid(6c6c3ab1697f9de45ae21613b4c9d130) Importer(2089858483,b0f066a214c2f5e87bad3c948f4d605d)
Start importing Assets/BayatGames/Free Platform Game Assets/Tiles/2.5D Tiles/Winter ( Update 1.9 )/512x512/HillLeft2 WithDropShadow.png using Guid(6c6c3ab1697f9de45ae21613b4c9d130) Importer(2089858483,b0f066a214c2f5e87bad3c948f4d605d) (ScriptedImporter) -> (artifact id: '06eb495a632a619a917b0bf1798e98af') in 0.1020501 seconds
Number of updated asset objects reloaded before import = 0Number of asset objects unloaded after import = 3

========================================================================
Received Import Request.
  Time since last request: 0.000028 seconds.
  path: Assets/BayatGames/Free Platform Game Assets/Water Animation/2D view ( Update 1.9 )/128x128/9-1x.png
  artifactKey: Guid(e74505abbd87d2940857da5004ef9bcc) Importer(2089858483,b0f066a214c2f5e87bad3c948f4d605d)
Start importing Assets/BayatGames/Free Platform Game Assets/Water Animation/2D view ( Update 1.9 )/128x128/9-1x.png using Guid(e74505abbd87d2940857da5004ef9bcc) Importer(2089858483,b0f066a214c2f5e87bad3c948f4d605d) (ScriptedImporter) -> (artifact id: '809330d3750c573b07ad6ec30ba95f62') in 0.0693459 seconds
Number of updated asset objects reloaded before import = 0Number of asset objects unloaded after import = 3

========================================================================
Received Import Request.
  Time since last request: 0.000014 seconds.
  path: Assets/BayatGames/Free Platform Game Assets/Tiles/2.5D Tiles/Autumn ( Update 1.9 )/256x256/HillLeft2.png
  artifactKey: Guid(a16f4f4aaaab5614b97bfdc999062f2d) Importer(2089858483,b0f066a214c2f5e87bad3c948f4d605d)
Start importing Assets/BayatGames/Free Platform Game Assets/Tiles/2.5D Tiles/Autumn ( Update 1.9 )/256x256/HillLeft2.png using Guid(a16f4f4aaaab5614b97bfdc999062f2d) Importer(2089858483,b0f066a214c2f5e87bad3c948f4d605d) (ScriptedImporter) -> (artifact id: '7870cfd8098cd8c23fb2f325b504a750') in 0.1740824 seconds
Number of updated asset objects reloaded before import = 0Number of asset objects unloaded after import = 3

========================================================================
Received Import Request.
  Time since last request: 0.000019 seconds.
  path: Assets/BayatGames/Free Platform Game Assets/Tiles/2D Tiles ( Update 1.9 )/Winter/128x128/Grass.png
  artifactKey: Guid(aa82648aa0be37c4b85d937285dfcf56) Importer(2089858483,b0f066a214c2f5e87bad3c948f4d605d)
Start importing Assets/BayatGames/Free Platform Game Assets/Tiles/2D Tiles ( Update 1.9 )/Winter/128x128/Grass.png using Guid(aa82648aa0be37c4b85d937285dfcf56) Importer(2089858483,b0f066a214c2f5e87bad3c948f4d605d) (ScriptedImporter) -> (artifact id: '6ed4092e55fafebf6a69c0909f979f1b') in 0.2092942 seconds
Number of updated asset objects reloaded before import = 0Number of asset objects unloaded after import = 3

========================================================================
Received Import Request.
  Time since last request: 0.000029 seconds.
  path: Assets/BayatGames/Free Platform Game Assets/Tiles/2D Tiles ( Update 1.9 )/Spring/512x512/GrassRight.png
  artifactKey: Guid(2ad8cca6891ea674ebe8fe6194017093) Importer(2089858483,b0f066a214c2f5e87bad3c948f4d605d)
Start importing Assets/BayatGames/Free Platform Game Assets/Tiles/2D Tiles ( Update 1.9 )/Spring/512x512/GrassRight.png using Guid(2ad8cca6891ea674ebe8fe6194017093) Importer(2089858483,b0f066a214c2f5e87bad3c948f4d605d) (ScriptedImporter) -> (artifact id: '0ba28b710e436326869243371c520846') in 0.0653853 seconds
Number of updated asset objects reloaded before import = 0Number of asset objects unloaded after import = 3

========================================================================
Received Import Request.
  Time since last request: 0.000023 seconds.
  path: Assets/BayatGames/Free Platform Game Assets/Tiles/2D Tiles ( Update 1.9 )/Spring/512x512/GrassJoinHillLeft2.png
  artifactKey: Guid(2b1eed1b2eabc714fbdf60d46138a1d9) Importer(2089858483,b0f066a214c2f5e87bad3c948f4d605d)
Start importing Assets/BayatGames/Free Platform Game Assets/Tiles/2D Tiles ( Update 1.9 )/Spring/512x512/GrassJoinHillLeft2.png using Guid(2b1eed1b2eabc714fbdf60d46138a1d9) Importer(2089858483,b0f066a214c2f5e87bad3c948f4d605d) (ScriptedImporter) -> (artifact id: 'e5e6c277de38c3da0c2aecc14a375b4e') in 0.1229048 seconds
Number of updated asset objects reloaded before import = 0Number of asset objects unloaded after import = 3

========================================================================
Received Import Request.
  Time since last request: 0.000026 seconds.
  path: Assets/BayatGames/Free Platform Game Assets/Tiles/2D Tiles ( Update 1.9 )/Spring/256x256/GrassCliffLeft.png
  artifactKey: Guid(10f272208848a494e8ca07ca6444b9b6) Importer(2089858483,b0f066a214c2f5e87bad3c948f4d605d)
Start importing Assets/BayatGames/Free Platform Game Assets/Tiles/2D Tiles ( Update 1.9 )/Spring/256x256/GrassCliffLeft.png using Guid(10f272208848a494e8ca07ca6444b9b6) Importer(2089858483,b0f066a214c2f5e87bad3c948f4d605d) (ScriptedImporter) -> (artifact id: 'a19eeee93c0ace951256e03f7bc5f36c') in 0.0847272 seconds
Number of updated asset objects reloaded before import = 0Number of asset objects unloaded after import = 3

========================================================================
Received Import Request.
  Time since last request: 0.000028 seconds.
  path: Assets/BayatGames/Free Platform Game Assets/Tiles/2D Tiles ( Update 1.9 )/Winter/128x128/GrassColumn.png
  artifactKey: Guid(373e54a92a405164b88b39325f108fc3) Importer(2089858483,b0f066a214c2f5e87bad3c948f4d605d)
Start importing Assets/BayatGames/Free Platform Game Assets/Tiles/2D Tiles ( Update 1.9 )/Winter/128x128/GrassColumn.png using Guid(373e54a92a405164b88b39325f108fc3) Importer(2089858483,b0f066a214c2f5e87bad3c948f4d605d) (ScriptedImporter) -> (artifact id: '5ddd54f1ad961d544106a64f463b9d30') in 0.3745029 seconds
Number of updated asset objects reloaded before import = 0Number of asset objects unloaded after import = 3

========================================================================
Received Import Request.
  Time since last request: 0.000020 seconds.
  path: Assets/BayatGames/Free Platform Game Assets/Tiles/2D Tiles ( Update 1.9 )/Spring/512x512/GrassJoinHillRight2 DownShadow.png
  artifactKey: Guid(52a1814036464834f8724428abb9ce53) Importer(2089858483,b0f066a214c2f5e87bad3c948f4d605d)
Start importing Assets/BayatGames/Free Platform Game Assets/Tiles/2D Tiles ( Update 1.9 )/Spring/512x512/GrassJoinHillRight2 DownShadow.png using Guid(52a1814036464834f8724428abb9ce53) Importer(2089858483,b0f066a214c2f5e87bad3c948f4d605d) (ScriptedImporter) -> (artifact id: '5cda303a96045c3434d7ceba72ed95dd') in 0.154515 seconds
Number of updated asset objects reloaded before import = 0Number of asset objects unloaded after import = 3

========================================================================
Received Import Request.
  Time since last request: 0.000027 seconds.
  path: Assets/BayatGames/Free Platform Game Assets/Tiles/2D Tiles ( Update 1.9 )/Spring/256x256/GrassColumn.png
  artifactKey: Guid(744be3976944b754bbe6492c94dc45e4) Importer(2089858483,b0f066a214c2f5e87bad3c948f4d605d)
Start importing Assets/BayatGames/Free Platform Game Assets/Tiles/2D Tiles ( Update 1.9 )/Spring/256x256/GrassColumn.png using Guid(744be3976944b754bbe6492c94dc45e4) Importer(2089858483,b0f066a214c2f5e87bad3c948f4d605d) (ScriptedImporter) -> (artifact id: 'e10d17962e01e83455ee9169f37cf583') in 0.1514788 seconds
Number of updated asset objects reloaded before import = 0Number of asset objects unloaded after import = 3

========================================================================
Received Import Request.
  Time since last request: 0.000018 seconds.
  path: Assets/BayatGames/Free Platform Game Assets/Tiles/2D Tiles ( Update 1.9 )/Spring/256x256/GrassJoinHillRight.png
  artifactKey: Guid(aef3744cdda296b4d98da1864f895442) Importer(2089858483,b0f066a214c2f5e87bad3c948f4d605d)
Start importing Assets/BayatGames/Free Platform Game Assets/Tiles/2D Tiles ( Update 1.9 )/Spring/256x256/GrassJoinHillRight.png using Guid(aef3744cdda296b4d98da1864f895442) Importer(2089858483,b0f066a214c2f5e87bad3c948f4d605d) (ScriptedImporter) -> (artifact id: '7d3377372be37e1a5568b4ec3fcd297c') in 0.1515499 seconds
Number of updated asset objects reloaded before import = 0Number of asset objects unloaded after import = 3

========================================================================
Received Import Request.
  Time since last request: 0.000019 seconds.
  path: Assets/BayatGames/Free Platform Game Assets/Tiles/2D Tiles ( Update 1.9 )/Spring/256x256/GrassJoinHillLeft2.png
  artifactKey: Guid(6abc9dad9a9b7814dab6ea164a88d084) Importer(2089858483,b0f066a214c2f5e87bad3c948f4d605d)
Start importing Assets/BayatGames/Free Platform Game Assets/Tiles/2D Tiles ( Update 1.9 )/Spring/256x256/GrassJoinHillLeft2.png using Guid(6abc9dad9a9b7814dab6ea164a88d084) Importer(2089858483,b0f066a214c2f5e87bad3c948f4d605d) (ScriptedImporter) -> (artifact id: '14a7935b60ea5d3559231ad1b5b0d078') in 0.1443156 seconds
Number of updated asset objects reloaded before import = 0Number of asset objects unloaded after import = 3

========================================================================
Received Import Request.
  Time since last request: 0.000018 seconds.
  path: Assets/BayatGames/Free Platform Game Assets/Tiles/2D Tiles ( Update 1.9 )/Spring/128x128/GrassJoinHillRight.png
  artifactKey: Guid(a13cc953b849f3c4eb9bb5331ddb02af) Importer(2089858483,b0f066a214c2f5e87bad3c948f4d605d)
Start importing Assets/BayatGames/Free Platform Game Assets/Tiles/2D Tiles ( Update 1.9 )/Spring/128x128/GrassJoinHillRight.png using Guid(a13cc953b849f3c4eb9bb5331ddb02af) Importer(2089858483,b0f066a214c2f5e87bad3c948f4d605d) (ScriptedImporter) -> (artifact id: '5561ad555b6c81c62fe390277f06cb5f') in 0.1090503 seconds
Number of updated asset objects reloaded before import = 0Number of asset objects unloaded after import = 3

========================================================================
Received Import Request.
  Time since last request: 0.000017 seconds.
  path: Assets/BayatGames/Free Platform Game Assets/Tiles/2D Tiles ( Update 1.9 )/Winter/128x128/GrassJoinHillLeft2.png
  artifactKey: Guid(4eb7d51c6f0dc8d4f816e8f269f2e227) Importer(2089858483,b0f066a214c2f5e87bad3c948f4d605d)
Start importing Assets/BayatGames/Free Platform Game Assets/Tiles/2D Tiles ( Update 1.9 )/Winter/128x128/GrassJoinHillLeft2.png using Guid(4eb7d51c6f0dc8d4f816e8f269f2e227) Importer(2089858483,b0f066a214c2f5e87bad3c948f4d605d) (ScriptedImporter) -> (artifact id: '7bacedaae7254db5e8ee73e3587b11b3') in 0.0717786 seconds
Number of updated asset objects reloaded before import = 0Number of asset objects unloaded after import = 3

========================================================================
Received Import Request.
  Time since last request: 0.000018 seconds.
  path: Assets/BayatGames/Free Platform Game Assets/Tiles/2D Tiles ( Update 1.9 )/Spring/128x128/GrassJoinHillRight2&Left2.png
  artifactKey: Guid(858421e06a9c7b74d85db24c3245a1fd) Importer(2089858483,b0f066a214c2f5e87bad3c948f4d605d)
Start importing Assets/BayatGames/Free Platform Game Assets/Tiles/2D Tiles ( Update 1.9 )/Spring/128x128/GrassJoinHillRight2&Left2.png using Guid(858421e06a9c7b74d85db24c3245a1fd) Importer(2089858483,b0f066a214c2f5e87bad3c948f4d605d) (ScriptedImporter) -> (artifact id: 'c637cbd9ce60937203ea9285a166f3bd') in 0.0658494 seconds
Number of updated asset objects reloaded before import = 0Number of asset objects unloaded after import = 3

========================================================================
Received Import Request.
  Time since last request: 0.000026 seconds.
  path: Assets/BayatGames/Free Platform Game Assets/Tiles/2D Tiles ( Update 1.9 )/Spring/128x128/GrassMid.png
  artifactKey: Guid(2f266993a232e3943831958fadb7093c) Importer(2089858483,b0f066a214c2f5e87bad3c948f4d605d)
Start importing Assets/BayatGames/Free Platform Game Assets/Tiles/2D Tiles ( Update 1.9 )/Spring/128x128/GrassMid.png using Guid(2f266993a232e3943831958fadb7093c) Importer(2089858483,b0f066a214c2f5e87bad3c948f4d605d) (ScriptedImporter) -> (artifact id: '7d626ab297d7a212ddf7fcef4e1f540c') in 0.1531286 seconds
Number of updated asset objects reloaded before import = 0Number of asset objects unloaded after import = 3

========================================================================
Received Import Request.
  Time since last request: 0.000016 seconds.
  path: Assets/BayatGames/Free Platform Game Assets/Tiles/2D Tiles ( Update 1.9 )/Spring/128x128/GrassJoinHillRight2 DownShadow.png
  artifactKey: Guid(ccdf4d46216c5304cb6baa84dbea0fe0) Importer(2089858483,b0f066a214c2f5e87bad3c948f4d605d)
Start importing Assets/BayatGames/Free Platform Game Assets/Tiles/2D Tiles ( Update 1.9 )/Spring/128x128/GrassJoinHillRight2 DownShadow.png using Guid(ccdf4d46216c5304cb6baa84dbea0fe0) Importer(2089858483,b0f066a214c2f5e87bad3c948f4d605d) (ScriptedImporter) -> (artifact id: '44413a7ed62d46e6747f423231536dc3') in 0.0604063 seconds
Number of updated asset objects reloaded before import = 0Number of asset objects unloaded after import = 3

========================================================================
Received Import Request.
  Time since last request: 0.000019 seconds.
  path: Assets/BayatGames/Free Platform Game Assets/Tiles/2D Tiles ( Update 1.9 )/Winter/128x128/GrassHillRight.png
  artifactKey: Guid(4ff6d2a691ef23440917c9d6ad690916) Importer(2089858483,b0f066a214c2f5e87bad3c948f4d605d)
Start importing Assets/BayatGames/Free Platform Game Assets/Tiles/2D Tiles ( Update 1.9 )/Winter/128x128/GrassHillRight.png using Guid(4ff6d2a691ef23440917c9d6ad690916) Importer(2089858483,b0f066a214c2f5e87bad3c948f4d605d) (ScriptedImporter) -> (artifact id: 'b19873181d8048b269a74a503bf804a8') in 0.1147834 seconds
Number of updated asset objects reloaded before import = 0Number of asset objects unloaded after import = 3

========================================================================
Received Import Request.
  Time since last request: 0.000030 seconds.
  path: Assets/BayatGames/Free Platform Game Assets/Tiles/2D Tiles ( Update 1.9 )/Spring/128x128/GrassJoinHillRight2.png
  artifactKey: Guid(b4e920ddddf02e542a798da0937745db) Importer(2089858483,b0f066a214c2f5e87bad3c948f4d605d)
Start importing Assets/BayatGames/Free Platform Game Assets/Tiles/2D Tiles ( Update 1.9 )/Spring/128x128/GrassJoinHillRight2.png using Guid(b4e920ddddf02e542a798da0937745db) Importer(2089858483,b0f066a214c2f5e87bad3c948f4d605d) (ScriptedImporter) -> (artifact id: 'aef19e8d7bafdd1db44d390ad0c2b71b') in 0.0764054 seconds
Number of updated asset objects reloaded before import = 0Number of asset objects unloaded after import = 3

========================================================================
Received Import Request.
  Time since last request: 0.000017 seconds.
  path: Assets/BayatGames/Free Platform Game Assets/Tiles/2D Tiles ( Update 1.9 )/Spring/128x128/GrassJoinHillRight2&Left2 DownShadow.png
  artifactKey: Guid(51cf5afb2b1a6b546b1d2b448604229a) Importer(2089858483,b0f066a214c2f5e87bad3c948f4d605d)
Start importing Assets/BayatGames/Free Platform Game Assets/Tiles/2D Tiles ( Update 1.9 )/Spring/128x128/GrassJoinHillRight2&Left2 DownShadow.png using Guid(51cf5afb2b1a6b546b1d2b448604229a) Importer(2089858483,b0f066a214c2f5e87bad3c948f4d605d) (ScriptedImporter) -> (artifact id: 'c065a18f9f7c486d5748d375011d39a6') in 0.1130857 seconds
Number of updated asset objects reloaded before import = 0Number of asset objects unloaded after import = 3

========================================================================
Received Import Request.
  Time since last request: 0.000025 seconds.
  path: Assets/BayatGames/Free Platform Game Assets/Tiles/2D Tiles ( Update 1.9 )/Winter/512x512/GrassJoinHillLeft2.png
  artifactKey: Guid(5075760a251def3409dcab8a0793633d) Importer(2089858483,b0f066a214c2f5e87bad3c948f4d605d)
Start importing Assets/BayatGames/Free Platform Game Assets/Tiles/2D Tiles ( Update 1.9 )/Winter/512x512/GrassJoinHillLeft2.png using Guid(5075760a251def3409dcab8a0793633d) Importer(2089858483,b0f066a214c2f5e87bad3c948f4d605d) (ScriptedImporter) -> (artifact id: '6450cad7b06b428e9487fc6d7d75dc15') in 0.1243092 seconds
Number of updated asset objects reloaded before import = 0Number of asset objects unloaded after import = 3

========================================================================
Received Import Request.
  Time since last request: 0.000034 seconds.
  path: Assets/BayatGames/Free Platform Game Assets/Tiles/2D Tiles ( Update 1.9 )/Winter/256x256/GrassRight.png
  artifactKey: Guid(807d944831593ac48ac12bef59130538) Importer(2089858483,b0f066a214c2f5e87bad3c948f4d605d)
Start importing Assets/BayatGames/Free Platform Game Assets/Tiles/2D Tiles ( Update 1.9 )/Winter/256x256/GrassRight.png using Guid(807d944831593ac48ac12bef59130538) Importer(2089858483,b0f066a214c2f5e87bad3c948f4d605d) (ScriptedImporter) -> (artifact id: 'e9a04318f57f41c520492d7357fac2ed') in 0.1253497 seconds
Number of updated asset objects reloaded before import = 0Number of asset objects unloaded after import = 3

========================================================================
Received Import Request.
  Time since last request: 0.000017 seconds.
  path: Assets/BayatGames/Free Platform Game Assets/Tiles/2D Tiles ( Update 1.9 )/Winter/512x512/GrassJoinHillRight2.png
  artifactKey: Guid(3fe5c99ec784e204a92e4e9cd1347a12) Importer(2089858483,b0f066a214c2f5e87bad3c948f4d605d)
Start importing Assets/BayatGames/Free Platform Game Assets/Tiles/2D Tiles ( Update 1.9 )/Winter/512x512/GrassJoinHillRight2.png using Guid(3fe5c99ec784e204a92e4e9cd1347a12) Importer(2089858483,b0f066a214c2f5e87bad3c948f4d605d) (ScriptedImporter) -> (artifact id: '528d783f0875a9ee0ce0e1f83f73c52a') in 0.055092 seconds
Number of updated asset objects reloaded before import = 0Number of asset objects unloaded after import = 3

========================================================================
Received Import Request.
  Time since last request: 0.000019 seconds.
  path: Assets/BayatGames/Free Platform Game Assets/Tiles/2D Tiles ( Update 1.9 )/Winter/512x512/GrassLeft.png
  artifactKey: Guid(b7ef88e1e1b4cc44baeffbbff3790d8e) Importer(2089858483,b0f066a214c2f5e87bad3c948f4d605d)
Start importing Assets/BayatGames/Free Platform Game Assets/Tiles/2D Tiles ( Update 1.9 )/Winter/512x512/GrassLeft.png using Guid(b7ef88e1e1b4cc44baeffbbff3790d8e) Importer(2089858483,b0f066a214c2f5e87bad3c948f4d605d) (ScriptedImporter) -> (artifact id: 'f9894c3c613e09688bde0025e9f24d1e') in 0.1414092 seconds
Number of updated asset objects reloaded before import = 0Number of asset objects unloaded after import = 3

========================================================================
Received Import Request.
  Time since last request: 0.000026 seconds.
  path: Assets/BayatGames/Free Platform Game Assets/Tiles/2D Tiles ( Update 1.9 )/Winter/256x256/GrassCliffRight.png
  artifactKey: Guid(11e4795a82519d646a6d515430da3532) Importer(2089858483,b0f066a214c2f5e87bad3c948f4d605d)
Start importing Assets/BayatGames/Free Platform Game Assets/Tiles/2D Tiles ( Update 1.9 )/Winter/256x256/GrassCliffRight.png using Guid(11e4795a82519d646a6d515430da3532) Importer(2089858483,b0f066a214c2f5e87bad3c948f4d605d) (ScriptedImporter) -> (artifact id: '6fe6769c99d1107bb53526a177b1c798') in 0.134158 seconds
Number of updated asset objects reloaded before import = 0Number of asset objects unloaded after import = 3

========================================================================
Received Import Request.
  Time since last request: 0.000018 seconds.
  path: Assets/BayatGames/Free Platform Game Assets/Tiles/2D Tiles ( Update 1.9 )/Winter/512x512/GrassHillLeft2.png
  artifactKey: Guid(fe7fd6c782623c9488f3798d8ee97903) Importer(2089858483,b0f066a214c2f5e87bad3c948f4d605d)
Start importing Assets/BayatGames/Free Platform Game Assets/Tiles/2D Tiles ( Update 1.9 )/Winter/512x512/GrassHillLeft2.png using Guid(fe7fd6c782623c9488f3798d8ee97903) Importer(2089858483,b0f066a214c2f5e87bad3c948f4d605d) (ScriptedImporter) -> (artifact id: '07f461a689b0237e7c98bef8901aadab') in 0.0672082 seconds
Number of updated asset objects reloaded before import = 0Number of asset objects unloaded after import = 3

========================================================================
Received Import Request.
  Time since last request: 0.000020 seconds.
  path: Assets/BayatGames/Free Platform Game Assets/Tiles/2D Tiles ( Update 1.9 )/Winter/256x256/GrassHillRight2 DownShadow.png
  artifactKey: Guid(789f3d9cbca53b647a3cc33b4dbf1b08) Importer(2089858483,b0f066a214c2f5e87bad3c948f4d605d)
Start importing Assets/BayatGames/Free Platform Game Assets/Tiles/2D Tiles ( Update 1.9 )/Winter/256x256/GrassHillRight2 DownShadow.png using Guid(789f3d9cbca53b647a3cc33b4dbf1b08) Importer(2089858483,b0f066a214c2f5e87bad3c948f4d605d) (ScriptedImporter) -> (artifact id: '8d356845bef7df9b4e7857532e4a0fa7') in 0.08151 seconds
Number of updated asset objects reloaded before import = 0Number of asset objects unloaded after import = 3

========================================================================
Received Import Request.
  Time since last request: 0.000029 seconds.
  path: Assets/BayatGames/Free Platform Game Assets/Tiles/2D Tiles ( Update 1.9 )/Winter/256x256/GrassJoinHillLeft.png
  artifactKey: Guid(9997f7b321576fb44aafecaea9b52d88) Importer(2089858483,b0f066a214c2f5e87bad3c948f4d605d)
Start importing Assets/BayatGames/Free Platform Game Assets/Tiles/2D Tiles ( Update 1.9 )/Winter/256x256/GrassJoinHillLeft.png using Guid(9997f7b321576fb44aafecaea9b52d88) Importer(2089858483,b0f066a214c2f5e87bad3c948f4d605d) (ScriptedImporter) -> (artifact id: '2c52cf491f898d1eac94679811be52ae') in 0.0847438 seconds
Number of updated asset objects reloaded before import = 0Number of asset objects unloaded after import = 3

========================================================================
Received Import Request.
  Time since last request: 0.000016 seconds.
  path: Assets/BayatGames/Free Platform Game Assets/Tiles/2D Tiles ( Update 1.9 )/Winter/256x256/GrassCliffMid.png
  artifactKey: Guid(efb913ddabb5991409ac3c8fb61b1e7a) Importer(2089858483,b0f066a214c2f5e87bad3c948f4d605d)
Start importing Assets/BayatGames/Free Platform Game Assets/Tiles/2D Tiles ( Update 1.9 )/Winter/256x256/GrassCliffMid.png using Guid(efb913ddabb5991409ac3c8fb61b1e7a) Importer(2089858483,b0f066a214c2f5e87bad3c948f4d605d) (ScriptedImporter) -> (artifact id: '3f8a63c024ee59c47f0c939646330f6e') in 0.0399151 seconds
Number of updated asset objects reloaded before import = 0Number of asset objects unloaded after import = 3

========================================================================
Received Import Request.
  Time since last request: 0.000017 seconds.
  path: Assets/BayatGames/Free Platform Game Assets/Tiles/2D Tiles ( Update 1.9 )/Winter/256x256/GrassJoinHillRight&Left.png
  artifactKey: Guid(d16c40392eba5c14195c0e722310d941) Importer(2089858483,b0f066a214c2f5e87bad3c948f4d605d)
Start importing Assets/BayatGames/Free Platform Game Assets/Tiles/2D Tiles ( Update 1.9 )/Winter/256x256/GrassJoinHillRight&Left.png using Guid(d16c40392eba5c14195c0e722310d941) Importer(2089858483,b0f066a214c2f5e87bad3c948f4d605d) (ScriptedImporter) -> (artifact id: '76828e74b365c18560bd0fa93223372c') in 0.1179964 seconds
Number of updated asset objects reloaded before import = 0Number of asset objects unloaded after import = 3

========================================================================
Received Import Request.
  Time since last request: 0.000021 seconds.
  path: Assets/BayatGames/Free Platform Game Assets/Tiles/2D Tiles ( Update 1.9 )/Winter/512x512/GrassCliffLeft.png
  artifactKey: Guid(d8b421d5028ae0a4ab42068af1b3d2d2) Importer(2089858483,b0f066a214c2f5e87bad3c948f4d605d)
Start importing Assets/BayatGames/Free Platform Game Assets/Tiles/2D Tiles ( Update 1.9 )/Winter/512x512/GrassCliffLeft.png using Guid(d8b421d5028ae0a4ab42068af1b3d2d2) Importer(2089858483,b0f066a214c2f5e87bad3c948f4d605d) (ScriptedImporter) -> (artifact id: '2d2e646931ed7faf7808191dafbcc803') in 0.0635308 seconds
Number of updated asset objects reloaded before import = 0Number of asset objects unloaded after import = 3

========================================================================
Received Import Request.
  Time since last request: 0.000030 seconds.
  path: Assets/BayatGames/Free Platform Game Assets/Tiles/2D Tiles ( Update 1.9 )/Winter/256x256/GrassHillRight2.png
  artifactKey: Guid(83f64a43a7c81cf46a280c08fa61ac1c) Importer(2089858483,b0f066a214c2f5e87bad3c948f4d605d)
Start importing Assets/BayatGames/Free Platform Game Assets/Tiles/2D Tiles ( Update 1.9 )/Winter/256x256/GrassHillRight2.png using Guid(83f64a43a7c81cf46a280c08fa61ac1c) Importer(2089858483,b0f066a214c2f5e87bad3c948f4d605d) (ScriptedImporter) -> (artifact id: 'f1717a8db01992d000bf9b6e26ef68e8') in 0.2008155 seconds
Number of updated asset objects reloaded before import = 0Number of asset objects unloaded after import = 3

========================================================================
Received Import Request.
  Time since last request: 0.000020 seconds.
  path: Assets/BayatGames/Free Platform Game Assets/Tiles/2D Tiles ( Update 1.9 )/Winter/512x512/Grass.png
  artifactKey: Guid(a50c02fd9bd8995489907357331e744d) Importer(2089858483,b0f066a214c2f5e87bad3c948f4d605d)
Start importing Assets/BayatGames/Free Platform Game Assets/Tiles/2D Tiles ( Update 1.9 )/Winter/512x512/Grass.png using Guid(a50c02fd9bd8995489907357331e744d) Importer(2089858483,b0f066a214c2f5e87bad3c948f4d605d) (ScriptedImporter) -> (artifact id: 'c67cc1e669dd70add0aeb3cf2ddb3c6f') in 0.0815569 seconds
Number of updated asset objects reloaded before import = 0Number of asset objects unloaded after import = 3

========================================================================
Received Import Request.
  Time since last request: 0.000028 seconds.
  path: Assets/BayatGames/Free Platform Game Assets/Tiles/2D Tiles ( Update 1.9 )/Winter/256x256/GrassHillLeft2 DownShadow.png
  artifactKey: Guid(be55f9fe04469774eb53e3d93103a688) Importer(2089858483,b0f066a214c2f5e87bad3c948f4d605d)
Start importing Assets/BayatGames/Free Platform Game Assets/Tiles/2D Tiles ( Update 1.9 )/Winter/256x256/GrassHillLeft2 DownShadow.png using Guid(be55f9fe04469774eb53e3d93103a688) Importer(2089858483,b0f066a214c2f5e87bad3c948f4d605d) (ScriptedImporter) -> (artifact id: 'f5b195f93c00a71c973099abc53944b3') in 0.096074 seconds
Number of updated asset objects reloaded before import = 0Number of asset objects unloaded after import = 3

========================================================================
Received Import Request.
  Time since last request: 0.000020 seconds.
  path: Assets/BayatGames/Free Platform Game Assets/Tiles/2D Tiles ( Update 1.9 )/Winter/512x512/GrassHillLeft2 DownShadow.png
  artifactKey: Guid(c30adfea0cc314340ace0323338056ea) Importer(2089858483,b0f066a214c2f5e87bad3c948f4d605d)
Start importing Assets/BayatGames/Free Platform Game Assets/Tiles/2D Tiles ( Update 1.9 )/Winter/512x512/GrassHillLeft2 DownShadow.png using Guid(c30adfea0cc314340ace0323338056ea) Importer(2089858483,b0f066a214c2f5e87bad3c948f4d605d) (ScriptedImporter) -> (artifact id: 'd1bbddd7dcc9865282c5c95b2bfe9739') in 0.1149958 seconds
Number of updated asset objects reloaded before import = 0Number of asset objects unloaded after import = 3

========================================================================
Received Import Request.
  Time since last request: 0.000021 seconds.
  path: Assets/BayatGames/Free Platform Game Assets/Tiles/2D Tiles ( Update 1.9 )/Spring/256x256/GrassMid.png
  artifactKey: Guid(7d6be741cc5c597469a6e466e5a62462) Importer(2089858483,b0f066a214c2f5e87bad3c948f4d605d)
Start importing Assets/BayatGames/Free Platform Game Assets/Tiles/2D Tiles ( Update 1.9 )/Spring/256x256/GrassMid.png using Guid(7d6be741cc5c597469a6e466e5a62462) Importer(2089858483,b0f066a214c2f5e87bad3c948f4d605d) (ScriptedImporter) -> (artifact id: '1d710fbfb97ab3806d5a99acc0d9d01f') in 0.0914393 seconds
Number of updated asset objects reloaded before import = 0Number of asset objects unloaded after import = 3

========================================================================
Received Import Request.
  Time since last request: 0.000026 seconds.
  path: Assets/BayatGames/Free Platform Game Assets/Tiles/2D Tiles ( Update 1.9 )/Winter/256x256/GrassJoinHillLeft2 DownShadow.png
  artifactKey: Guid(a03488a44cade35468fa4fdd6ff408a4) Importer(2089858483,b0f066a214c2f5e87bad3c948f4d605d)
Start importing Assets/BayatGames/Free Platform Game Assets/Tiles/2D Tiles ( Update 1.9 )/Winter/256x256/GrassJoinHillLeft2 DownShadow.png using Guid(a03488a44cade35468fa4fdd6ff408a4) Importer(2089858483,b0f066a214c2f5e87bad3c948f4d605d) (ScriptedImporter) -> (artifact id: '51500ddd41c47646a46d810d30b1aad9') in 0.1390675 seconds
Number of updated asset objects reloaded before import = 0Number of asset objects unloaded after import = 3

========================================================================
Received Import Request.
  Time since last request: 0.000019 seconds.
  path: Assets/BayatGames/Free Platform Game Assets/Tiles/2D Tiles ( Update 1.9 )/Spring/256x256/GrassHillRight2.png
  artifactKey: Guid(9142a53b01f878444ae52a936564cbaa) Importer(2089858483,b0f066a214c2f5e87bad3c948f4d605d)
Start importing Assets/BayatGames/Free Platform Game Assets/Tiles/2D Tiles ( Update 1.9 )/Spring/256x256/GrassHillRight2.png using Guid(9142a53b01f878444ae52a936564cbaa) Importer(2089858483,b0f066a214c2f5e87bad3c948f4d605d) (ScriptedImporter) -> (artifact id: 'aaeb887240992aada38188b4f151d264') in 0.0608478 seconds
Number of updated asset objects reloaded before import = 0Number of asset objects unloaded after import = 3

========================================================================
Received Import Request.
  Time since last request: 0.000021 seconds.
  path: Assets/BayatGames/Free Platform Game Assets/Tiles/2D Tiles ( Update 1.9 )/Spring/512x512/GrassHillRight.png
  artifactKey: Guid(0309b004b821e8f488c5e6833d7595d7) Importer(2089858483,b0f066a214c2f5e87bad3c948f4d605d)
Start importing Assets/BayatGames/Free Platform Game Assets/Tiles/2D Tiles ( Update 1.9 )/Spring/512x512/GrassHillRight.png using Guid(0309b004b821e8f488c5e6833d7595d7) Importer(2089858483,b0f066a214c2f5e87bad3c948f4d605d) (ScriptedImporter) -> (artifact id: '9410176e1f66f76bec19555ac8224133') in 0.1055554 seconds
Number of updated asset objects reloaded before import = 0Number of asset objects unloaded after import = 3

========================================================================
Received Import Request.
  Time since last request: 0.000026 seconds.
  path: Assets/BayatGames/Free Platform Game Assets/Tiles/2D Tiles ( Update 1.9 )/Spring/512x512/GrassMid.png
  artifactKey: Guid(d51dc24fb76e034449203ada02df7950) Importer(2089858483,b0f066a214c2f5e87bad3c948f4d605d)
Start importing Assets/BayatGames/Free Platform Game Assets/Tiles/2D Tiles ( Update 1.9 )/Spring/512x512/GrassMid.png using Guid(d51dc24fb76e034449203ada02df7950) Importer(2089858483,b0f066a214c2f5e87bad3c948f4d605d) (ScriptedImporter) -> (artifact id: 'd80eb1334631a1b69bae83bb25c0bd33') in 0.2901877 seconds
Number of updated asset objects reloaded before import = 0Number of asset objects unloaded after import = 3

========================================================================
Received Import Request.
  Time since last request: 0.000019 seconds.
  path: Assets/BayatGames/Free Platform Game Assets/Water Animation/2.5D View/png/2x/image 7.png
  artifactKey: Guid(19d80c25a18b9574db01382924df0182) Importer(2089858483,b0f066a214c2f5e87bad3c948f4d605d)
Start importing Assets/BayatGames/Free Platform Game Assets/Water Animation/2.5D View/png/2x/image 7.png using Guid(19d80c25a18b9574db01382924df0182) Importer(2089858483,b0f066a214c2f5e87bad3c948f4d605d) (ScriptedImporter) -> (artifact id: '94ed28f1877111e74de22319345725a3') in 0.0643571 seconds
Number of updated asset objects reloaded before import = 0Number of asset objects unloaded after import = 3

========================================================================
Received Import Request.
  Time since last request: 0.000028 seconds.
  path: Assets/BayatGames/Free Platform Game Assets/Water Animation/2.5D View/png/2x/image 4.png
  artifactKey: Guid(57146a11a0d8fbf4091f0bdbe1333133) Importer(2089858483,b0f066a214c2f5e87bad3c948f4d605d)
Start importing Assets/BayatGames/Free Platform Game Assets/Water Animation/2.5D View/png/2x/image 4.png using Guid(57146a11a0d8fbf4091f0bdbe1333133) Importer(2089858483,b0f066a214c2f5e87bad3c948f4d605d) (ScriptedImporter) -> (artifact id: '6c348c926f0750917fb07eda8c2e52e2') in 0.1768035 seconds
Number of updated asset objects reloaded before import = 0Number of asset objects unloaded after import = 3

========================================================================
Received Import Request.
  Time since last request: 0.000022 seconds.
  path: Assets/LSL/LSL4Unity/Plugins/LSL/Windows/x64/lsl.dll
  artifactKey: Guid(84f455e7a1d9f2146b97c2c3652d492a) Importer(2089858483,b0f066a214c2f5e87bad3c948f4d605d)
Start importing Assets/LSL/LSL4Unity/Plugins/LSL/Windows/x64/lsl.dll using Guid(84f455e7a1d9f2146b97c2c3652d492a) Importer(2089858483,b0f066a214c2f5e87bad3c948f4d605d) (ScriptedImporter) -> (artifact id: 'f27ccc8bcf1cc4b9267ea425393f4458') in 0.0130817 seconds
Number of updated asset objects reloaded before import = 0Number of asset objects unloaded after import = 0

========================================================================
Received Import Request.
  Time since last request: 0.000030 seconds.
  path: Assets/BayatGames/Free Platform Game Assets/Water Animation/2.5D View/png/2x/image 14.png
  artifactKey: Guid(66f73187e6d70a3438674c592fe0ed16) Importer(2089858483,b0f066a214c2f5e87bad3c948f4d605d)
Start importing Assets/BayatGames/Free Platform Game Assets/Water Animation/2.5D View/png/2x/image 14.png using Guid(66f73187e6d70a3438674c592fe0ed16) Importer(2089858483,b0f066a214c2f5e87bad3c948f4d605d) (ScriptedImporter) -> (artifact id: '1b40c602017fdf1f623a62de46e22feb') in 0.0643156 seconds
Number of updated asset objects reloaded before import = 0Number of asset objects unloaded after import = 3

========================================================================
Received Import Request.
  Time since last request: 0.000017 seconds.
  path: Assets/BayatGames/Free Platform Game Assets/Backgrounds/Background/png/1920x1080/All/Hills_1.png
  artifactKey: Guid(bc04fcad4faea944a8bfbfe731627020) Importer(2089858483,b0f066a214c2f5e87bad3c948f4d605d)
Start importing Assets/BayatGames/Free Platform Game Assets/Backgrounds/Background/png/1920x1080/All/Hills_1.png using Guid(bc04fcad4faea944a8bfbfe731627020) Importer(2089858483,b0f066a214c2f5e87bad3c948f4d605d) (ScriptedImporter) -> (artifact id: '39b4583515facda61b59d6de5700cc81') in 0.1383119 seconds
Number of updated asset objects reloaded before import = 0Number of asset objects unloaded after import = 3

========================================================================
Received Import Request.
  Time since last request: 0.000022 seconds.
  path: Assets/BayatGames/Free Platform Game Assets/Water Animation/2.5D View/png/2x/image 11.png
  artifactKey: Guid(42768ef040ed66044b5fbb57b5026a46) Importer(2089858483,b0f066a214c2f5e87bad3c948f4d605d)
Start importing Assets/BayatGames/Free Platform Game Assets/Water Animation/2.5D View/png/2x/image 11.png using Guid(42768ef040ed66044b5fbb57b5026a46) Importer(2089858483,b0f066a214c2f5e87bad3c948f4d605d) (ScriptedImporter) -> (artifact id: '833dc6091ce841469cd0a5255e4949c4') in 0.0584401 seconds
Number of updated asset objects reloaded before import = 0Number of asset objects unloaded after import = 3

========================================================================
Received Import Request.
  Time since last request: 0.000032 seconds.
  path: Assets/BayatGames/Free Platform Game Assets/Water Animation/2.5D View/png/1x/image 7.png
  artifactKey: Guid(a08e7d5756e97314c8124a7d93d8d748) Importer(2089858483,b0f066a214c2f5e87bad3c948f4d605d)
Start importing Assets/BayatGames/Free Platform Game Assets/Water Animation/2.5D View/png/1x/image 7.png using Guid(a08e7d5756e97314c8124a7d93d8d748) Importer(2089858483,b0f066a214c2f5e87bad3c948f4d605d) (ScriptedImporter) -> (artifact id: 'aae20acff71660f2aa27534cf7187c1b') in 0.0430526 seconds
Number of updated asset objects reloaded before import = 0Number of asset objects unloaded after import = 3

========================================================================
Received Import Request.
  Time since last request: 0.000020 seconds.
  path: Assets/BayatGames/Free Platform Game Assets/Water Animation/2.5D View/png/1x/image 15.png
  artifactKey: Guid(c8db2ccc4e419ea4aac7a6d44fefcf39) Importer(2089858483,b0f066a214c2f5e87bad3c948f4d605d)
Start importing Assets/BayatGames/Free Platform Game Assets/Water Animation/2.5D View/png/1x/image 15.png using Guid(c8db2ccc4e419ea4aac7a6d44fefcf39) Importer(2089858483,b0f066a214c2f5e87bad3c948f4d605d) (ScriptedImporter) -> (artifact id: 'aa7978384ba0a922614febdd83941af6') in 0.0738913 seconds
Number of updated asset objects reloaded before import = 0Number of asset objects unloaded after import = 3

========================================================================
Received Import Request.
  Time since last request: 0.000015 seconds.
  path: Assets/BayatGames/Free Platform Game Assets/Backgrounds/Background/png/1920x1080/Background/Background.png
  artifactKey: Guid(a52c61e4d863eb24eb1a6cec742bd3ff) Importer(2089858483,b0f066a214c2f5e87bad3c948f4d605d)
Start importing Assets/BayatGames/Free Platform Game Assets/Backgrounds/Background/png/1920x1080/Background/Background.png using Guid(a52c61e4d863eb24eb1a6cec742bd3ff) Importer(2089858483,b0f066a214c2f5e87bad3c948f4d605d) (ScriptedImporter) -> (artifact id: 'd68c2593666bed4d15b2902d0b5146f9') in 0.0825138 seconds
Number of updated asset objects reloaded before import = 0Number of asset objects unloaded after import = 3

========================================================================
Received Import Request.
  Time since last request: 0.000023 seconds.
  path: Assets/BayatGames/Free Platform Game Assets/Backgrounds/Background/png/1920x1080/All/Mountain_2.png
  artifactKey: Guid(35b557e85813f0d479101c3f07f57501) Importer(2089858483,b0f066a214c2f5e87bad3c948f4d605d)
Start importing Assets/BayatGames/Free Platform Game Assets/Backgrounds/Background/png/1920x1080/All/Mountain_2.png using Guid(35b557e85813f0d479101c3f07f57501) Importer(2089858483,b0f066a214c2f5e87bad3c948f4d605d) (ScriptedImporter) -> (artifact id: '166b9bed0fa47a614dd8848d58e7bea7') in 0.1497963 seconds
Number of updated asset objects reloaded before import = 0Number of asset objects unloaded after import = 3

========================================================================
Received Import Request.
  Time since last request: 0.000027 seconds.
  path: Assets/LSL/LSL4Unity/Plugins/LSL/macOS/x64/liblsl.2.dylib
  artifactKey: Guid(c6f0e528e412e4f18806d8ed9cafa727) Importer(2089858483,b0f066a214c2f5e87bad3c948f4d605d)
Start importing Assets/LSL/LSL4Unity/Plugins/LSL/macOS/x64/liblsl.2.dylib using Guid(c6f0e528e412e4f18806d8ed9cafa727) Importer(2089858483,b0f066a214c2f5e87bad3c948f4d605d) (ScriptedImporter) -> (artifact id: '5fe92ba523d15656d7ee85b8f3d49221') in 0.0161297 seconds
Number of updated asset objects reloaded before import = 0Number of asset objects unloaded after import = 0

========================================================================
Received Import Request.
  Time since last request: 0.000083 seconds.
  path: Assets/BayatGames/Free Platform Game Assets/Water Animation/2.5D View/png/1x/image 5.png
  artifactKey: Guid(30bd945ebc1af7a4d89a10271cce64d3) Importer(2089858483,b0f066a214c2f5e87bad3c948f4d605d)
Start importing Assets/BayatGames/Free Platform Game Assets/Water Animation/2.5D View/png/1x/image 5.png using Guid(30bd945ebc1af7a4d89a10271cce64d3) Importer(2089858483,b0f066a214c2f5e87bad3c948f4d605d) (ScriptedImporter) -> (artifact id: '0ac9ba6165c7d132b7a8da71e33553df') in 0.0795988 seconds
Number of updated asset objects reloaded before import = 0Number of asset objects unloaded after import = 3

========================================================================
Received Import Request.
  Time since last request: 0.000017 seconds.
  path: Assets/BayatGames/Free Platform Game Assets/Water Animation/2.5D View/png/2x/image 2.png
  artifactKey: Guid(317210cee06a6a1419c2cc9ca265c757) Importer(2089858483,b0f066a214c2f5e87bad3c948f4d605d)
Start importing Assets/BayatGames/Free Platform Game Assets/Water Animation/2.5D View/png/2x/image 2.png using Guid(317210cee06a6a1419c2cc9ca265c757) Importer(2089858483,b0f066a214c2f5e87bad3c948f4d605d) (ScriptedImporter) -> (artifact id: '1f5c4d43f0c06eb1818e68b919d5e5af') in 0.0357749 seconds
Number of updated asset objects reloaded before import = 0Number of asset objects unloaded after import = 3

========================================================================
Received Import Request.
  Time since last request: 0.000022 seconds.
  path: Assets/LSL/LSL4Unity/Plugins/LSL/macOS/arm64/liblsl.dylib
  artifactKey: Guid(3e10491677226469db92147255e58ce4) Importer(2089858483,b0f066a214c2f5e87bad3c948f4d605d)
Start importing Assets/LSL/LSL4Unity/Plugins/LSL/macOS/arm64/liblsl.dylib using Guid(3e10491677226469db92147255e58ce4) Importer(2089858483,b0f066a214c2f5e87bad3c948f4d605d) (ScriptedImporter) -> (artifact id: 'a12911d8382502fc4648e8cbf8dbe50f') in 0.0108586 seconds
Number of updated asset objects reloaded before import = 0Number of asset objects unloaded after import = 0

========================================================================
Received Import Request.
  Time since last request: 0.000029 seconds.
  path: Assets/BayatGames/Free Platform Game Assets/Water Animation/2.5D View/png/2x/image 12.png
  artifactKey: Guid(129c0ff9fb763f142a03b24e0dd05610) Importer(2089858483,b0f066a214c2f5e87bad3c948f4d605d)
Start importing Assets/BayatGames/Free Platform Game Assets/Water Animation/2.5D View/png/2x/image 12.png using Guid(129c0ff9fb763f142a03b24e0dd05610) Importer(2089858483,b0f066a214c2f5e87bad3c948f4d605d) (ScriptedImporter) -> (artifact id: 'da5f319257420b3258074f7b99d6c1fe') in 0.0961224 seconds
Number of updated asset objects reloaded before import = 0Number of asset objects unloaded after import = 3

========================================================================
Received Import Request.
  Time since last request: 0.000105 seconds.
  path: Assets/BayatGames/Free Platform Game Assets/Backgrounds/Background/png/1920x1080/All/Mountain_1.png
  artifactKey: Guid(76236e836f3521d4488eb04dfbbd19de) Importer(2089858483,b0f066a214c2f5e87bad3c948f4d605d)
Start importing Assets/BayatGames/Free Platform Game Assets/Backgrounds/Background/png/1920x1080/All/Mountain_1.png using Guid(76236e836f3521d4488eb04dfbbd19de) Importer(2089858483,b0f066a214c2f5e87bad3c948f4d605d) (ScriptedImporter) -> (artifact id: 'a0a8aba99e08edda0d1343f821d4b21b') in 0.1762651 seconds
Number of updated asset objects reloaded before import = 0Number of asset objects unloaded after import = 3

========================================================================
Received Import Request.
  Time since last request: 0.000020 seconds.
  path: Assets/BayatGames/Free Platform Game Assets/Water Animation/2.5D View/png/1x/image 12.png
  artifactKey: Guid(ca55c671d6a0dd64eb26e2c503bf74c7) Importer(2089858483,b0f066a214c2f5e87bad3c948f4d605d)
Start importing Assets/BayatGames/Free Platform Game Assets/Water Animation/2.5D View/png/1x/image 12.png using Guid(ca55c671d6a0dd64eb26e2c503bf74c7) Importer(2089858483,b0f066a214c2f5e87bad3c948f4d605d) (ScriptedImporter) -> (artifact id: 'db7257bd366030906a096cc423d2474e') in 0.0754481 seconds
Number of updated asset objects reloaded before import = 0Number of asset objects unloaded after import = 3

========================================================================
Received Import Request.
  Time since last request: 0.000026 seconds.
  path: Assets/BayatGames/Free Platform Game Assets/Water Animation/2.5D View/png/1x/image 1.png
  artifactKey: Guid(2555f404506660042944801e604ae782) Importer(2089858483,b0f066a214c2f5e87bad3c948f4d605d)
Start importing Assets/BayatGames/Free Platform Game Assets/Water Animation/2.5D View/png/1x/image 1.png using Guid(2555f404506660042944801e604ae782) Importer(2089858483,b0f066a214c2f5e87bad3c948f4d605d) (ScriptedImporter) -> (artifact id: '0b658d9dd9c253791971cdf72d8db511') in 0.0423436 seconds
Number of updated asset objects reloaded before import = 0Number of asset objects unloaded after import = 3

========================================================================
Received Import Request.
  Time since last request: 0.000017 seconds.
  path: Assets/LSL/LSL4Unity/Plugins/LSL/Windows/x86/lsl.dll
  artifactKey: Guid(799c670a87bbcae4db410bd6526e4519) Importer(2089858483,b0f066a214c2f5e87bad3c948f4d605d)
Start importing Assets/LSL/LSL4Unity/Plugins/LSL/Windows/x86/lsl.dll using Guid(799c670a87bbcae4db410bd6526e4519) Importer(2089858483,b0f066a214c2f5e87bad3c948f4d605d) (ScriptedImporter) -> (artifact id: '06e183c667611e4cc5551975024aba5f') in 0.0105795 seconds
Number of updated asset objects reloaded before import = 0Number of asset objects unloaded after import = 0

========================================================================
Received Import Request.
  Time since last request: 0.000018 seconds.
  path: Assets/BayatGames/Free Platform Game Assets/Water Animation/2.5D View/png/1x/image 6.png
  artifactKey: Guid(8c45f43c172269a43be0f7ae81c09c7b) Importer(2089858483,b0f066a214c2f5e87bad3c948f4d605d)
Start importing Assets/BayatGames/Free Platform Game Assets/Water Animation/2.5D View/png/1x/image 6.png using Guid(8c45f43c172269a43be0f7ae81c09c7b) Importer(2089858483,b0f066a214c2f5e87bad3c948f4d605d) (ScriptedImporter) -> (artifact id: '121cc8aa8fb8ccd682021eece4411197') in 0.0601401 seconds
Number of updated asset objects reloaded before import = 0Number of asset objects unloaded after import = 3

========================================================================
Received Import Request.
  Time since last request: 0.000017 seconds.
  path: Assets/BayatGames/Free Platform Game Assets/Tiles/2D Tiles ( Update 1.9 )/Winter/256x256/GrassHillLeft.png
  artifactKey: Guid(c6ae7dfe17501df478054cb4a8592e10) Importer(2089858483,b0f066a214c2f5e87bad3c948f4d605d)
Start importing Assets/BayatGames/Free Platform Game Assets/Tiles/2D Tiles ( Update 1.9 )/Winter/256x256/GrassHillLeft.png using Guid(c6ae7dfe17501df478054cb4a8592e10) Importer(2089858483,b0f066a214c2f5e87bad3c948f4d605d) (ScriptedImporter) -> (artifact id: '34ac289b38751a53e3e754292ec8d517') in 0.1097429 seconds
Number of updated asset objects reloaded before import = 0Number of asset objects unloaded after import = 3

========================================================================
Received Import Request.
  Time since last request: 0.000030 seconds.
  path: Assets/BayatGames/Free Platform Game Assets/Tiles/2D Tiles ( Update 1.9 )/Spring/256x256/GrassHillLeft2.png
  artifactKey: Guid(72f94200b0117034b90150a90daf551f) Importer(2089858483,b0f066a214c2f5e87bad3c948f4d605d)
Start importing Assets/BayatGames/Free Platform Game Assets/Tiles/2D Tiles ( Update 1.9 )/Spring/256x256/GrassHillLeft2.png using Guid(72f94200b0117034b90150a90daf551f) Importer(2089858483,b0f066a214c2f5e87bad3c948f4d605d) (ScriptedImporter) -> (artifact id: 'd18206b9839dec86817752f9006d94e5') in 0.0524885 seconds
Number of updated asset objects reloaded before import = 0Number of asset objects unloaded after import = 3

========================================================================
Received Import Request.
  Time since last request: 0.000019 seconds.
  path: Assets/BayatGames/Free Platform Game Assets/Water Animation/2.5D View/png/1x/image 11.png
  artifactKey: Guid(e4c60e2f2f89ac74b9a0726c38578931) Importer(2089858483,b0f066a214c2f5e87bad3c948f4d605d)
Start importing Assets/BayatGames/Free Platform Game Assets/Water Animation/2.5D View/png/1x/image 11.png using Guid(e4c60e2f2f89ac74b9a0726c38578931) Importer(2089858483,b0f066a214c2f5e87bad3c948f4d605d) (ScriptedImporter) -> (artifact id: '168dc2bff94ee61d8f8f5d392d089937') in 0.0840267 seconds
Number of updated asset objects reloaded before import = 0Number of asset objects unloaded after import = 3

========================================================================
Received Import Request.
  Time since last request: 0.000019 seconds.
  path: Assets/BayatGames/Free Platform Game Assets/Tiles/2D Tiles ( Update 1.9 )/Winter/128x128/GrassHillLeft2.png
  artifactKey: Guid(2c75aebd7ee667d4a94fc779321e362c) Importer(2089858483,b0f066a214c2f5e87bad3c948f4d605d)
Start importing Assets/BayatGames/Free Platform Game Assets/Tiles/2D Tiles ( Update 1.9 )/Winter/128x128/GrassHillLeft2.png using Guid(2c75aebd7ee667d4a94fc779321e362c) Importer(2089858483,b0f066a214c2f5e87bad3c948f4d605d) (ScriptedImporter) -> (artifact id: 'cd572b9626d430ab3d58c1930c87caba') in 0.093648 seconds
Number of updated asset objects reloaded before import = 0Number of asset objects unloaded after import = 3

========================================================================
Received Import Request.
  Time since last request: 0.000015 seconds.
  path: Assets/FreePixelFood/Sprite/Food.png
  artifactKey: Guid(142ff8784e552734f9d6a895491d0ae8) Importer(2089858483,b0f066a214c2f5e87bad3c948f4d605d)
Start importing Assets/FreePixelFood/Sprite/Food.png using Guid(142ff8784e552734f9d6a895491d0ae8) Importer(2089858483,b0f066a214c2f5e87bad3c948f4d605d) (ScriptedImporter) -> (artifact id: 'bc041ac6706cace1d75f83bf9d4d3f5e') in 0.2336223 seconds
Number of updated asset objects reloaded before import = 0Number of asset objects unloaded after import = 66

========================================================================
Received Import Request.
  Time since last request: 0.000026 seconds.
  path: Assets/TextMesh Pro/Shaders/TMP_Bitmap.shader
  artifactKey: Guid(128e987d567d4e2c824d754223b3f3b0) Importer(2089858483,b0f066a214c2f5e87bad3c948f4d605d)
Start importing Assets/TextMesh Pro/Shaders/TMP_Bitmap.shader using Guid(128e987d567d4e2c824d754223b3f3b0) Importer(2089858483,b0f066a214c2f5e87bad3c948f4d605d) (ScriptedImporter) -> (artifact id: '7aa32e565082b81ae15a2199021b4b67') in 0.0582104 seconds
Number of updated asset objects reloaded before import = 0Number of asset objects unloaded after import = 1

========================================================================
Received Import Request.
  Time since last request: 0.000019 seconds.
  path: Assets/BayatGames/Free Platform Game Assets/Environments/Environments/png/All/2x/Asset 11.png
  artifactKey: Guid(d671be13068d76d478c36766419a35b0) Importer(2089858483,b0f066a214c2f5e87bad3c948f4d605d)
Start importing Assets/BayatGames/Free Platform Game Assets/Environments/Environments/png/All/2x/Asset 11.png using Guid(d671be13068d76d478c36766419a35b0) Importer(2089858483,b0f066a214c2f5e87bad3c948f4d605d) (ScriptedImporter) -> (artifact id: '7a894adab6a5212a4f3237ecc5b8abdd') in 0.0527765 seconds
Number of updated asset objects reloaded before import = 0Number of asset objects unloaded after import = 3

========================================================================
Received Import Request.
  Time since last request: 0.000016 seconds.
  path: Assets/BayatGames/Free Platform Game Assets/Environments/Environments/png/All/1x/Asset 4.png
  artifactKey: Guid(a6a122b38547e0a458af7a1d2263167f) Importer(2089858483,b0f066a214c2f5e87bad3c948f4d605d)
Start importing Assets/BayatGames/Free Platform Game Assets/Environments/Environments/png/All/1x/Asset 4.png using Guid(a6a122b38547e0a458af7a1d2263167f) Importer(2089858483,b0f066a214c2f5e87bad3c948f4d605d) (ScriptedImporter) -> (artifact id: '5b1567ae2583248b9d233cd456c0380f') in 0.0638465 seconds
Number of updated asset objects reloaded before import = 0Number of asset objects unloaded after import = 3

========================================================================
Received Import Request.
  Time since last request: 0.000020 seconds.
  path: Assets/BayatGames/Free Platform Game Assets/Character/Character Source/png/4x/Sprite Mesh/RightHand.asset
  artifactKey: Guid(b6aa305d74e359f4fb278d0bf4e540f8) Importer(2089858483,b0f066a214c2f5e87bad3c948f4d605d)
Start importing Assets/BayatGames/Free Platform Game Assets/Character/Character Source/png/4x/Sprite Mesh/RightHand.asset using Guid(b6aa305d74e359f4fb278d0bf4e540f8) Importer(2089858483,b0f066a214c2f5e87bad3c948f4d605d) (ScriptedImporter) -> (artifact id: 'df291258b3472b6ed2229e5d0bcc0084') in 0.1233185 seconds
Number of updated asset objects reloaded before import = 0Number of asset objects unloaded after import = 1

========================================================================
Received Import Request.
  Time since last request: 0.000028 seconds.
  path: Assets/BayatGames/Free Platform Game Assets/Character/Character Source/png/4x/Sprite Mesh/LeftHand.asset
  artifactKey: Guid(391b199f67121d54b93c5ffe76d01220) Importer(2089858483,b0f066a214c2f5e87bad3c948f4d605d)
Start importing Assets/BayatGames/Free Platform Game Assets/Character/Character Source/png/4x/Sprite Mesh/LeftHand.asset using Guid(391b199f67121d54b93c5ffe76d01220) Importer(2089858483,b0f066a214c2f5e87bad3c948f4d605d) (ScriptedImporter) -> (artifact id: '2631f43cc61f3a5d45da4c6f61c0414c') in 0.0112862 seconds
Number of updated asset objects reloaded before import = 0Number of asset objects unloaded after import = 1

========================================================================
Received Import Request.
  Time since last request: 0.000015 seconds.
  path: Assets/BayatGames/Free Platform Game Assets/Backgrounds/New Background ( Update 1.9 )/png/1920x1080/background/NewBackgraound 1920x1080.png
  artifactKey: Guid(f7663f2a818355d43a78a0b104c72971) Importer(2089858483,b0f066a214c2f5e87bad3c948f4d605d)
Start importing Assets/BayatGames/Free Platform Game Assets/Backgrounds/New Background ( Update 1.9 )/png/1920x1080/background/NewBackgraound 1920x1080.png using Guid(f7663f2a818355d43a78a0b104c72971) Importer(2089858483,b0f066a214c2f5e87bad3c948f4d605d) (ScriptedImporter) -> (artifact id: 'f0bb150b93c5a4bd9eeabc69b525b41c') in 0.1598271 seconds
Number of updated asset objects reloaded before import = 0Number of asset objects unloaded after import = 3

========================================================================
Received Import Request.
  Time since last request: 0.000023 seconds.
  path: Assets/BayatGames/Free Platform Game Assets/Backgrounds/New Background ( Update 1.7 )/png/2048x1536/All/Hills_1.png
  artifactKey: Guid(005e81849f522fd479b7662f6fc48298) Importer(2089858483,b0f066a214c2f5e87bad3c948f4d605d)
Start importing Assets/BayatGames/Free Platform Game Assets/Backgrounds/New Background ( Update 1.7 )/png/2048x1536/All/Hills_1.png using Guid(005e81849f522fd479b7662f6fc48298) Importer(2089858483,b0f066a214c2f5e87bad3c948f4d605d) (ScriptedImporter) -> (artifact id: '0b78a9ccfcc2d36cd9a3d82b86766779') in 0.1574837 seconds
Number of updated asset objects reloaded before import = 0Number of asset objects unloaded after import = 3

========================================================================
Received Import Request.
  Time since last request: 0.000025 seconds.
  path: Assets/BayatGames/Free Platform Game Assets/Chests/Chest/png/Separate/2x/1-2x.png
  artifactKey: Guid(b981cc118659b144b9169dbeebb8df37) Importer(2089858483,b0f066a214c2f5e87bad3c948f4d605d)
Start importing Assets/BayatGames/Free Platform Game Assets/Chests/Chest/png/Separate/2x/1-2x.png using Guid(b981cc118659b144b9169dbeebb8df37) Importer(2089858483,b0f066a214c2f5e87bad3c948f4d605d) (ScriptedImporter) -> (artifact id: '409f3db6a2026d0ab48519c821ec88f3') in 0.113449 seconds
Number of updated asset objects reloaded before import = 0Number of asset objects unloaded after import = 3

========================================================================
Received Import Request.
  Time since last request: 0.000019 seconds.
  path: Assets/BayatGames/Free Platform Game Assets/Backgrounds/New Background ( Update 1.7 )/png/1920x1080/Background/NewBackground1920x1080.png
  artifactKey: Guid(bdfa926720788184eb23c0a9a71ec9ac) Importer(2089858483,b0f066a214c2f5e87bad3c948f4d605d)
Start importing Assets/BayatGames/Free Platform Game Assets/Backgrounds/New Background ( Update 1.7 )/png/1920x1080/Background/NewBackground1920x1080.png using Guid(bdfa926720788184eb23c0a9a71ec9ac) Importer(2089858483,b0f066a214c2f5e87bad3c948f4d605d) (ScriptedImporter) -> (artifact id: '04d0e5dd7ee55168b112c0d8f28b9e62') in 0.0952484 seconds
Number of updated asset objects reloaded before import = 0Number of asset objects unloaded after import = 3

========================================================================
Received Import Request.
  Time since last request: 0.000021 seconds.
  path: Assets/BayatGames/Free Platform Game Assets/Environments/Environments/png/All/1x/Asset 13.png
  artifactKey: Guid(d221730c01058aa478acf0e7cebf2925) Importer(2089858483,b0f066a214c2f5e87bad3c948f4d605d)
Start importing Assets/BayatGames/Free Platform Game Assets/Environments/Environments/png/All/1x/Asset 13.png using Guid(d221730c01058aa478acf0e7cebf2925) Importer(2089858483,b0f066a214c2f5e87bad3c948f4d605d) (ScriptedImporter) -> (artifact id: '6493e023ed92060facfd8d212aec6074') in 0.0392995 seconds
Number of updated asset objects reloaded before import = 0Number of asset objects unloaded after import = 3

========================================================================
Received Import Request.
  Time since last request: 0.000044 seconds.
  path: Assets/BayatGames/Free Platform Game Assets/Backgrounds/Background/png/Clouds/128x128/Cloud_2.png
  artifactKey: Guid(ee0b71f75b01641449ee50230ab87913) Importer(2089858483,b0f066a214c2f5e87bad3c948f4d605d)
Start importing Assets/BayatGames/Free Platform Game Assets/Backgrounds/Background/png/Clouds/128x128/Cloud_2.png using Guid(ee0b71f75b01641449ee50230ab87913) Importer(2089858483,b0f066a214c2f5e87bad3c948f4d605d) (ScriptedImporter) -> (artifact id: '93ff2274dcf0d6adfe82d8216d49f502') in 0.0455736 seconds
Number of updated asset objects reloaded before import = 0Number of asset objects unloaded after import = 3

========================================================================
Received Import Request.
  Time since last request: 0.000016 seconds.
  path: Assets/BayatGames/Free Platform Game Assets/Environments/Environments/png/All/2x/Asset 3.png
  artifactKey: Guid(ac1d70707f98a4f41b0ce181c25614ab) Importer(2089858483,b0f066a214c2f5e87bad3c948f4d605d)
Start importing Assets/BayatGames/Free Platform Game Assets/Environments/Environments/png/All/2x/Asset 3.png using Guid(ac1d70707f98a4f41b0ce181c25614ab) Importer(2089858483,b0f066a214c2f5e87bad3c948f4d605d) (ScriptedImporter) -> (artifact id: '04064bd649cd05946229f9dfe8c2e18f') in 0.0866215 seconds
Number of updated asset objects reloaded before import = 0Number of asset objects unloaded after import = 3

========================================================================
Received Import Request.
  Time since last request: 0.000022 seconds.
  path: Assets/BayatGames/Free Platform Game Assets/Chests/Chest/png/Separate/1x/2-1x.png
  artifactKey: Guid(eaef689d2ee760e4ca477136d918bfcc) Importer(2089858483,b0f066a214c2f5e87bad3c948f4d605d)
Start importing Assets/BayatGames/Free Platform Game Assets/Chests/Chest/png/Separate/1x/2-1x.png using Guid(eaef689d2ee760e4ca477136d918bfcc) Importer(2089858483,b0f066a214c2f5e87bad3c948f4d605d) (ScriptedImporter) -> (artifact id: '5ed5b196ea2b302f8695e559fe127ebd') in 0.0599708 seconds
Number of updated asset objects reloaded before import = 0Number of asset objects unloaded after import = 3

========================================================================
Received Import Request.
  Time since last request: 0.000027 seconds.
  path: Assets/BayatGames/Free Platform Game Assets/Backgrounds/New Background ( Update 1.9 )/png/1920x1080/background/NewBackgraound 1920x1080 (2).png
  artifactKey: Guid(b165ec2539a23044ca486a2248259c5e) Importer(2089858483,b0f066a214c2f5e87bad3c948f4d605d)
Start importing Assets/BayatGames/Free Platform Game Assets/Backgrounds/New Background ( Update 1.9 )/png/1920x1080/background/NewBackgraound 1920x1080 (2).png using Guid(b165ec2539a23044ca486a2248259c5e) Importer(2089858483,b0f066a214c2f5e87bad3c948f4d605d) (ScriptedImporter) -> (artifact id: '14fef31747e4de59146e73668755e819') in 0.0886312 seconds
Number of updated asset objects reloaded before import = 0Number of asset objects unloaded after import = 3

========================================================================
Received Import Request.
  Time since last request: 0.000016 seconds.
  path: Assets/BayatGames/Free Platform Game Assets/Environments/Environments/png/All/1x/Asset 9.png
  artifactKey: Guid(4af4b868e3230b645a09a833b19dcf7c) Importer(2089858483,b0f066a214c2f5e87bad3c948f4d605d)
Start importing Assets/BayatGames/Free Platform Game Assets/Environments/Environments/png/All/1x/Asset 9.png using Guid(4af4b868e3230b645a09a833b19dcf7c) Importer(2089858483,b0f066a214c2f5e87bad3c948f4d605d) (ScriptedImporter) -> (artifact id: '50571bf3ee19d8ac3f9de3658e2dba0c') in 0.0619633 seconds
Number of updated asset objects reloaded before import = 0Number of asset objects unloaded after import = 3

========================================================================
Received Import Request.
  Time since last request: 0.000023 seconds.
  path: Assets/BayatGames/Free Platform Game Assets/Backgrounds/New Background ( Update 1.7 )/png/1920x1080/All/Hills_2.png
  artifactKey: Guid(55afc4e7a9339724895f7d6841b1acac) Importer(2089858483,b0f066a214c2f5e87bad3c948f4d605d)
Start importing Assets/BayatGames/Free Platform Game Assets/Backgrounds/New Background ( Update 1.7 )/png/1920x1080/All/Hills_2.png using Guid(55afc4e7a9339724895f7d6841b1acac) Importer(2089858483,b0f066a214c2f5e87bad3c948f4d605d) (ScriptedImporter) -> (artifact id: 'cbf3d32296e3216f946b31a286f9e697') in 0.3583535 seconds
Number of updated asset objects reloaded before import = 0Number of asset objects unloaded after import = 3

========================================================================
Received Import Request.
  Time since last request: 0.000039 seconds.
  path: Assets/BayatGames/Free Platform Game Assets/Backgrounds/New Background ( Update 1.9 )/png/1920x1080/all/Front.png
  artifactKey: Guid(b10241ef09ea0ef4eb9f23cfa77d3266) Importer(2089858483,b0f066a214c2f5e87bad3c948f4d605d)
Start importing Assets/BayatGames/Free Platform Game Assets/Backgrounds/New Background ( Update 1.9 )/png/1920x1080/all/Front.png using Guid(b10241ef09ea0ef4eb9f23cfa77d3266) Importer(2089858483,b0f066a214c2f5e87bad3c948f4d605d) (ScriptedImporter) -> (artifact id: 'a15f5a0ccae7779ec6768481f89fc22a') in 0.2028617 seconds
Number of updated asset objects reloaded before import = 0Number of asset objects unloaded after import = 3

========================================================================
Received Import Request.
  Time since last request: 0.000025 seconds.
  path: Assets/BayatGames/Free Platform Game Assets/Environments/Environments/png/All/1x/Asset 7.png
  artifactKey: Guid(d2f3bd2050e99cb4289aa80c87210a19) Importer(2089858483,b0f066a214c2f5e87bad3c948f4d605d)
Start importing Assets/BayatGames/Free Platform Game Assets/Environments/Environments/png/All/1x/Asset 7.png using Guid(d2f3bd2050e99cb4289aa80c87210a19) Importer(2089858483,b0f066a214c2f5e87bad3c948f4d605d) (ScriptedImporter) -> (artifact id: 'b327e2270c2c559d19eaf1b106dc37e8') in 0.0857254 seconds
Number of updated asset objects reloaded before import = 0Number of asset objects unloaded after import = 3

========================================================================
Received Import Request.
  Time since last request: 0.000026 seconds.
  path: Assets/BayatGames/Free Platform Game Assets/Environments/Environments/png/All/2x/Asset 12.png
  artifactKey: Guid(00ecf519adc921544825f55ab2f28177) Importer(2089858483,b0f066a214c2f5e87bad3c948f4d605d)
Start importing Assets/BayatGames/Free Platform Game Assets/Environments/Environments/png/All/2x/Asset 12.png using Guid(00ecf519adc921544825f55ab2f28177) Importer(2089858483,b0f066a214c2f5e87bad3c948f4d605d) (ScriptedImporter) -> (artifact id: '0d0acb19fc2adb54f002700a70278f43') in 0.2145962 seconds
Number of updated asset objects reloaded before import = 0Number of asset objects unloaded after import = 3

========================================================================
Received Import Request.
  Time since last request: 0.000018 seconds.
  path: Assets/BayatGames/Free Platform Game Assets/Backgrounds/New Background ( Update 1.9 )/png/2048x1024/all/Front.png
  artifactKey: Guid(f80b20e0fd5872140ad85fe0fe2f3724) Importer(2089858483,b0f066a214c2f5e87bad3c948f4d605d)
Start importing Assets/BayatGames/Free Platform Game Assets/Backgrounds/New Background ( Update 1.9 )/png/2048x1024/all/Front.png using Guid(f80b20e0fd5872140ad85fe0fe2f3724) Importer(2089858483,b0f066a214c2f5e87bad3c948f4d605d) (ScriptedImporter) -> (artifact id: '5573171f292c79855c8c249540223c06') in 0.1678547 seconds
Number of updated asset objects reloaded before import = 0Number of asset objects unloaded after import = 3

========================================================================
Received Import Request.
  Time since last request: 0.000039 seconds.
  path: Assets/BayatGames/Free Platform Game Assets/Backgrounds/New Background ( Update 1.9 )/png/2048x1024/backgraound/NewBackgraound 2048x1024 (2).png
  artifactKey: Guid(19d733bea3ea2de40bf6d0cfae1ed07b) Importer(2089858483,b0f066a214c2f5e87bad3c948f4d605d)
Start importing Assets/BayatGames/Free Platform Game Assets/Backgrounds/New Background ( Update 1.9 )/png/2048x1024/backgraound/NewBackgraound 2048x1024 (2).png using Guid(19d733bea3ea2de40bf6d0cfae1ed07b) Importer(2089858483,b0f066a214c2f5e87bad3c948f4d605d) (ScriptedImporter) -> (artifact id: 'dd4a34bc70e15ff86c41672dc3b4c0ea') in 0.1777722 seconds
Number of updated asset objects reloaded before import = 0Number of asset objects unloaded after import = 3

========================================================================
Received Import Request.
  Time since last request: 0.000019 seconds.
  path: Assets/BayatGames/Free Platform Game Assets/Environments/Environments/png/All/4x/Asset 3.png
  artifactKey: Guid(07ff8ccef6e3b484b9f4300dc6413b83) Importer(2089858483,b0f066a214c2f5e87bad3c948f4d605d)
Start importing Assets/BayatGames/Free Platform Game Assets/Environments/Environments/png/All/4x/Asset 3.png using Guid(07ff8ccef6e3b484b9f4300dc6413b83) Importer(2089858483,b0f066a214c2f5e87bad3c948f4d605d) (ScriptedImporter) -> (artifact id: '414d0e9f7dd7683668788df1d781b1b1') in 0.1968543 seconds
Number of updated asset objects reloaded before import = 0Number of asset objects unloaded after import = 3

========================================================================
Received Import Request.
  Time since last request: 0.000036 seconds.
  path: Assets/BayatGames/Free Platform Game Assets/Tiles/2.5D Tiles/Spring/png/128x128/GrassJoinHillRight&Left.png
  artifactKey: Guid(47282243012e423448251fac52a24ab4) Importer(2089858483,b0f066a214c2f5e87bad3c948f4d605d)
Start importing Assets/BayatGames/Free Platform Game Assets/Tiles/2.5D Tiles/Spring/png/128x128/GrassJoinHillRight&Left.png using Guid(47282243012e423448251fac52a24ab4) Importer(2089858483,b0f066a214c2f5e87bad3c948f4d605d) (ScriptedImporter) -> (artifact id: '9c8a5cc2903d78e633fcc839b880b600') in 0.0391601 seconds
Number of updated asset objects reloaded before import = 0Number of asset objects unloaded after import = 3

========================================================================
Received Import Request.
  Time since last request: 0.000016 seconds.
  path: Assets/BayatGames/Free Platform Game Assets/Tiles/2.5D Tiles/Spring/png/128x128/Asset 41.png
  artifactKey: Guid(d584e7f7a2c902e458bcf7db7b14c65c) Importer(2089858483,b0f066a214c2f5e87bad3c948f4d605d)
Start importing Assets/BayatGames/Free Platform Game Assets/Tiles/2.5D Tiles/Spring/png/128x128/Asset 41.png using Guid(d584e7f7a2c902e458bcf7db7b14c65c) Importer(2089858483,b0f066a214c2f5e87bad3c948f4d605d) (ScriptedImporter) -> (artifact id: 'f2574f09fb097a27a6c55a3e94d5577e') in 0.0949791 seconds
Number of updated asset objects reloaded before import = 0Number of asset objects unloaded after import = 3

========================================================================
Received Import Request.
  Time since last request: 0.000017 seconds.
  path: Assets/BayatGames/Free Platform Game Assets/Tiles/2.5D Tiles/Spring/png/128x128/DirtLeftCorner.png
  artifactKey: Guid(094c988a0734a0544bbdf5628029b1f2) Importer(2089858483,b0f066a214c2f5e87bad3c948f4d605d)
Start importing Assets/BayatGames/Free Platform Game Assets/Tiles/2.5D Tiles/Spring/png/128x128/DirtLeftCorner.png using Guid(094c988a0734a0544bbdf5628029b1f2) Importer(2089858483,b0f066a214c2f5e87bad3c948f4d605d) (ScriptedImporter) -> (artifact id: '7b1fa0f24d1d5a884b9ebb84ce090f66') in 0.1010749 seconds
Number of updated asset objects reloaded before import = 0Number of asset objects unloaded after import = 3

========================================================================
Received Import Request.
  Time since last request: 0.000018 seconds.
  path: Assets/BayatGames/Free Platform Game Assets/Tiles/2.5D Tiles/Spring/png/128x128/GrassHillRight2_Down Shadow.png
  artifactKey: Guid(1d503eb707a935a4dad46869b6c33292) Importer(2089858483,b0f066a214c2f5e87bad3c948f4d605d)
Start importing Assets/BayatGames/Free Platform Game Assets/Tiles/2.5D Tiles/Spring/png/128x128/GrassHillRight2_Down Shadow.png using Guid(1d503eb707a935a4dad46869b6c33292) Importer(2089858483,b0f066a214c2f5e87bad3c948f4d605d) (ScriptedImporter) -> (artifact id: '723ffa280bd85b7cce1f24741b2e8981') in 0.044871 seconds
Number of updated asset objects reloaded before import = 0Number of asset objects unloaded after import = 3

========================================================================
Received Import Request.
  Time since last request: 0.000028 seconds.
  path: Assets/BayatGames/Free Platform Game Assets/Tiles/2.5D Tiles/Spring/png/128x128/GrassJoinHillRight.png
  artifactKey: Guid(908c94f42d3f220499d0c189115dd74c) Importer(2089858483,b0f066a214c2f5e87bad3c948f4d605d)
Start importing Assets/BayatGames/Free Platform Game Assets/Tiles/2.5D Tiles/Spring/png/128x128/GrassJoinHillRight.png using Guid(908c94f42d3f220499d0c189115dd74c) Importer(2089858483,b0f066a214c2f5e87bad3c948f4d605d) (ScriptedImporter) -> (artifact id: 'c662427f28cfd78912659622c0708210') in 0.0628223 seconds
Number of updated asset objects reloaded before import = 0Number of asset objects unloaded after import = 3

========================================================================
Received Import Request.
  Time since last request: 0.000016 seconds.
  path: Assets/BayatGames/Free Platform Game Assets/Environments/Environments/png/All/4x/Asset 8.png
  artifactKey: Guid(354b609137916174b88790df91aabcd4) Importer(2089858483,b0f066a214c2f5e87bad3c948f4d605d)
Start importing Assets/BayatGames/Free Platform Game Assets/Environments/Environments/png/All/4x/Asset 8.png using Guid(354b609137916174b88790df91aabcd4) Importer(2089858483,b0f066a214c2f5e87bad3c948f4d605d) (ScriptedImporter) -> (artifact id: '43ad679382257bcd8b362e2444ea2dc3') in 0.0717215 seconds
Number of updated asset objects reloaded before import = 0Number of asset objects unloaded after import = 3

========================================================================
Received Import Request.
  Time since last request: 0.000019 seconds.
  path: Assets/BayatGames/Free Platform Game Assets/Tiles/2.5D Tiles/Spring/png/128x128/GrassHillLeft2_Down Shadow.png
  artifactKey: Guid(c200e6840bfe39744ac6f64bf2cc47ad) Importer(2089858483,b0f066a214c2f5e87bad3c948f4d605d)
Start importing Assets/BayatGames/Free Platform Game Assets/Tiles/2.5D Tiles/Spring/png/128x128/GrassHillLeft2_Down Shadow.png using Guid(c200e6840bfe39744ac6f64bf2cc47ad) Importer(2089858483,b0f066a214c2f5e87bad3c948f4d605d) (ScriptedImporter) -> (artifact id: '4796f4a3accff44d26783270ad3b6b07') in 0.0815534 seconds
Number of updated asset objects reloaded before import = 0Number of asset objects unloaded after import = 3

========================================================================
Received Import Request.
  Time since last request: 0.000020 seconds.
  path: Assets/BayatGames/Free Platform Game Assets/Environments/Environments/png/All/4x/Asset 5.png
  artifactKey: Guid(e189dc7549d38e44e81be5d8d55e5b48) Importer(2089858483,b0f066a214c2f5e87bad3c948f4d605d)
Start importing Assets/BayatGames/Free Platform Game Assets/Environments/Environments/png/All/4x/Asset 5.png using Guid(e189dc7549d38e44e81be5d8d55e5b48) Importer(2089858483,b0f066a214c2f5e87bad3c948f4d605d) (ScriptedImporter) -> (artifact id: '209183e7d4a670c50b28eed1b7723025') in 0.0927308 seconds
Number of updated asset objects reloaded before import = 0Number of asset objects unloaded after import = 3

========================================================================
Received Import Request.
  Time since last request: 0.000043 seconds.
  path: Assets/BayatGames/Free Platform Game Assets/Tiles/2.5D Tiles/Spring/png/128x128/GrassSample_2.png
  artifactKey: Guid(ed7de711c6ed45a419d9d0774ec2d651) Importer(2089858483,b0f066a214c2f5e87bad3c948f4d605d)
Start importing Assets/BayatGames/Free Platform Game Assets/Tiles/2.5D Tiles/Spring/png/128x128/GrassSample_2.png using Guid(ed7de711c6ed45a419d9d0774ec2d651) Importer(2089858483,b0f066a214c2f5e87bad3c948f4d605d) (ScriptedImporter) -> (artifact id: '3fa2ce2cdd80f956299baa6ac7ee7e32') in 0.0939094 seconds
Number of updated asset objects reloaded before import = 0Number of asset objects unloaded after import = 3

========================================================================
Received Import Request.
  Time since last request: 0.000017 seconds.
  path: Assets/BayatGames/Free Platform Game Assets/Tiles/2.5D Tiles/Spring/png/128x128/Dirt.png
  artifactKey: Guid(5b417972b4ee6e64488d28b5f7a8e576) Importer(2089858483,b0f066a214c2f5e87bad3c948f4d605d)
Start importing Assets/BayatGames/Free Platform Game Assets/Tiles/2.5D Tiles/Spring/png/128x128/Dirt.png using Guid(5b417972b4ee6e64488d28b5f7a8e576) Importer(2089858483,b0f066a214c2f5e87bad3c948f4d605d) (ScriptedImporter) -> (artifact id: '48bd4aee619af82cd993b214a6573d93') in 0.0384036 seconds
Number of updated asset objects reloaded before import = 0Number of asset objects unloaded after import = 3

========================================================================
Received Import Request.
  Time since last request: 0.000021 seconds.
  path: Assets/BayatGames/Free Platform Game Assets/Environments/Environments/png/All/4x/Asset 1.png
  artifactKey: Guid(c880b771ce84ecf4c92269c2a7a4d6ec) Importer(2089858483,b0f066a214c2f5e87bad3c948f4d605d)
Start importing Assets/BayatGames/Free Platform Game Assets/Environments/Environments/png/All/4x/Asset 1.png using Guid(c880b771ce84ecf4c92269c2a7a4d6ec) Importer(2089858483,b0f066a214c2f5e87bad3c948f4d605d) (ScriptedImporter) -> (artifact id: '084dad4a17c65200c3f7b07f3745d26d') in 0.1004207 seconds
Number of updated asset objects reloaded before import = 0Number of asset objects unloaded after import = 3

========================================================================
Received Import Request.
  Time since last request: 0.000022 seconds.
  path: Assets/BayatGames/Free Platform Game Assets/Tiles/2.5D Tiles/Spring/png/128x128/Asset 40.png
  artifactKey: Guid(9c400249c3a8d0449a0776ffc43ab5a7) Importer(2089858483,b0f066a214c2f5e87bad3c948f4d605d)
Start importing Assets/BayatGames/Free Platform Game Assets/Tiles/2.5D Tiles/Spring/png/128x128/Asset 40.png using Guid(9c400249c3a8d0449a0776ffc43ab5a7) Importer(2089858483,b0f066a214c2f5e87bad3c948f4d605d) (ScriptedImporter) -> (artifact id: '590c40bad60340dd8caf78efa3e6e487') in 0.1361593 seconds
Number of updated asset objects reloaded before import = 0Number of asset objects unloaded after import = 3

========================================================================
Received Import Request.
  Time since last request: 0.000027 seconds.
  path: Assets/BayatGames/Free Platform Game Assets/Environments/Environments/png/All/2x/Asset 7.png
  artifactKey: Guid(a48f3a17787d5f64aaa159674a5bd0bc) Importer(2089858483,b0f066a214c2f5e87bad3c948f4d605d)
Start importing Assets/BayatGames/Free Platform Game Assets/Environments/Environments/png/All/2x/Asset 7.png using Guid(a48f3a17787d5f64aaa159674a5bd0bc) Importer(2089858483,b0f066a214c2f5e87bad3c948f4d605d) (ScriptedImporter) -> (artifact id: 'dcf34c03f1ea8a72a69c79425a0253e7') in 0.0780412 seconds
Number of updated asset objects reloaded before import = 0Number of asset objects unloaded after import = 3

========================================================================
Received Import Request.
  Time since last request: 0.000017 seconds.
  path: Assets/BayatGames/Free Platform Game Assets/Tiles/2.5D Tiles/Spring/png/256x256/column_down.png
  artifactKey: Guid(46ad2922f94db164c887e55298f93e96) Importer(2089858483,b0f066a214c2f5e87bad3c948f4d605d)
Start importing Assets/BayatGames/Free Platform Game Assets/Tiles/2.5D Tiles/Spring/png/256x256/column_down.png using Guid(46ad2922f94db164c887e55298f93e96) Importer(2089858483,b0f066a214c2f5e87bad3c948f4d605d) (ScriptedImporter) -> (artifact id: '96fea0621fd945a6f17b3b6b8038684c') in 0.1012532 seconds
Number of updated asset objects reloaded before import = 0Number of asset objects unloaded after import = 3

========================================================================
Received Import Request.
  Time since last request: 0.000024 seconds.
  path: Assets/BayatGames/Free Platform Game Assets/Environments/Environments/png/All/4x/Asset 2.png
  artifactKey: Guid(013382efc1e90874f846e4e0e6929ea7) Importer(2089858483,b0f066a214c2f5e87bad3c948f4d605d)
Start importing Assets/BayatGames/Free Platform Game Assets/Environments/Environments/png/All/4x/Asset 2.png using Guid(013382efc1e90874f846e4e0e6929ea7) Importer(2089858483,b0f066a214c2f5e87bad3c948f4d605d) (ScriptedImporter) -> (artifact id: 'f617c19ff9c781cdb7b4dafe2be88894') in 0.2340904 seconds
Number of updated asset objects reloaded before import = 0Number of asset objects unloaded after import = 3

========================================================================
Received Import Request.
  Time since last request: 0.000027 seconds.
  path: Assets/BayatGames/Free Platform Game Assets/Tiles/2.5D Tiles/Spring/png/128x128/GrassCliffMid.png
  artifactKey: Guid(a2019109c41112544ab6ddebf4293445) Importer(2089858483,b0f066a214c2f5e87bad3c948f4d605d)
Start importing Assets/BayatGames/Free Platform Game Assets/Tiles/2.5D Tiles/Spring/png/128x128/GrassCliffMid.png using Guid(a2019109c41112544ab6ddebf4293445) Importer(2089858483,b0f066a214c2f5e87bad3c948f4d605d) (ScriptedImporter) -> (artifact id: '53f2ebab752dbeb57ef01935058e1b58') in 0.106441 seconds
Number of updated asset objects reloaded before import = 0Number of asset objects unloaded after import = 3

========================================================================
Received Import Request.
  Time since last request: 0.000017 seconds.
  path: Assets/BayatGames/Free Platform Game Assets/Environments/Environments/png/All/2x/Asset 8.png
  artifactKey: Guid(04d3492151cf07447969d611aebd70a3) Importer(2089858483,b0f066a214c2f5e87bad3c948f4d605d)
Start importing Assets/BayatGames/Free Platform Game Assets/Environments/Environments/png/All/2x/Asset 8.png using Guid(04d3492151cf07447969d611aebd70a3) Importer(2089858483,b0f066a214c2f5e87bad3c948f4d605d) (ScriptedImporter) -> (artifact id: 'f3ea2c2a2ab728b254815289a75fb3c2') in 0.0615085 seconds
Number of updated asset objects reloaded before import = 0Number of asset objects unloaded after import = 3

========================================================================
Received Import Request.
  Time since last request: 0.000018 seconds.
  path: Assets/BayatGames/Free Platform Game Assets/Chests/Chest/png/Separate/4x/1-4x.png
  artifactKey: Guid(44268e15db5b69d4eb2cf7293abe5bca) Importer(2089858483,b0f066a214c2f5e87bad3c948f4d605d)
Start importing Assets/BayatGames/Free Platform Game Assets/Chests/Chest/png/Separate/4x/1-4x.png using Guid(44268e15db5b69d4eb2cf7293abe5bca) Importer(2089858483,b0f066a214c2f5e87bad3c948f4d605d) (ScriptedImporter) -> (artifact id: 'dc629d5f188bde37ea21703ed7dfbb5c') in 0.1421351 seconds
Number of updated asset objects reloaded before import = 0Number of asset objects unloaded after import = 3

========================================================================
Received Import Request.
  Time since last request: 0.000026 seconds.
  path: Assets/BayatGames/Free Platform Game Assets/Tiles/2.5D Tiles/Spring/png/128x128/Column.png
  artifactKey: Guid(2c6da6de413f9d247857d8db01202bc2) Importer(2089858483,b0f066a214c2f5e87bad3c948f4d605d)
Start importing Assets/BayatGames/Free Platform Game Assets/Tiles/2.5D Tiles/Spring/png/128x128/Column.png using Guid(2c6da6de413f9d247857d8db01202bc2) Importer(2089858483,b0f066a214c2f5e87bad3c948f4d605d) (ScriptedImporter) -> (artifact id: '5b02fd9fd9be2f3713cf7695db52d4e1') in 0.0623397 seconds
Number of updated asset objects reloaded before import = 0Number of asset objects unloaded after import = 3

========================================================================
Received Import Request.
  Time since last request: 0.000016 seconds.
  path: Assets/BayatGames/Free Platform Game Assets/Backgrounds/Background/png/2048x1536/All/Mountain_2.png
  artifactKey: Guid(a9e3e3e5ad0c1644b8679e4cfb969bfc) Importer(2089858483,b0f066a214c2f5e87bad3c948f4d605d)
Start importing Assets/BayatGames/Free Platform Game Assets/Backgrounds/Background/png/2048x1536/All/Mountain_2.png using Guid(a9e3e3e5ad0c1644b8679e4cfb969bfc) Importer(2089858483,b0f066a214c2f5e87bad3c948f4d605d) (ScriptedImporter) -> (artifact id: '370a15f2d7fe77391b079edbe1c60536') in 0.1242301 seconds
Number of updated asset objects reloaded before import = 0Number of asset objects unloaded after import = 3

========================================================================
Received Import Request.
  Time since last request: 0.000023 seconds.
  path: Assets/LSL/LSL4Unity/Runtime/Scripts/Resolver.cs
  artifactKey: Guid(4bc033cd2cffec7459d6fa31ad6a961b) Importer(2089858483,b0f066a214c2f5e87bad3c948f4d605d)
Start importing Assets/LSL/LSL4Unity/Runtime/Scripts/Resolver.cs using Guid(4bc033cd2cffec7459d6fa31ad6a961b) Importer(2089858483,b0f066a214c2f5e87bad3c948f4d605d) (ScriptedImporter) -> (artifact id: '6af663b9030b7929f1d90feb8fa63668') in 0.0129087 seconds
Number of updated asset objects reloaded before import = 0Number of asset objects unloaded after import = 0

========================================================================
Received Import Request.
  Time since last request: 0.000028 seconds.
  path: Assets/BayatGames/Free Platform Game Assets/Tiles/2.5D Tiles/Spring/png/512x512/Grass.png
  artifactKey: Guid(69273276e1c8ccb49b6732c3e9722868) Importer(2089858483,b0f066a214c2f5e87bad3c948f4d605d)
Start importing Assets/BayatGames/Free Platform Game Assets/Tiles/2.5D Tiles/Spring/png/512x512/Grass.png using Guid(69273276e1c8ccb49b6732c3e9722868) Importer(2089858483,b0f066a214c2f5e87bad3c948f4d605d) (ScriptedImporter) -> (artifact id: 'd025b3e6b139192fa7ec7b726ac50db4') in 0.1623816 seconds
Number of updated asset objects reloaded before import = 0Number of asset objects unloaded after import = 3

========================================================================
Received Import Request.
  Time since last request: 0.000019 seconds.
  path: Assets/BayatGames/Free Platform Game Assets/Tiles/2.5D Tiles/Spring/png/256x256/DirtDown.png
  artifactKey: Guid(91e7c6b4b78bac14996a7461f3cd3648) Importer(2089858483,b0f066a214c2f5e87bad3c948f4d605d)
Start importing Assets/BayatGames/Free Platform Game Assets/Tiles/2.5D Tiles/Spring/png/256x256/DirtDown.png using Guid(91e7c6b4b78bac14996a7461f3cd3648) Importer(2089858483,b0f066a214c2f5e87bad3c948f4d605d) (ScriptedImporter) -> (artifact id: '82c51f7ae5789c37531285ac0f6ee3f8') in 0.0925161 seconds
Number of updated asset objects reloaded before import = 0Number of asset objects unloaded after import = 3

========================================================================
Received Import Request.
  Time since last request: 0.000019 seconds.
  path: Assets/BayatGames/Free Platform Game Assets/Tiles/2.5D Tiles/Spring/png/256x256/GrassCliffMid.png
  artifactKey: Guid(f495ce0d0ba0a0a43a317087f5239191) Importer(2089858483,b0f066a214c2f5e87bad3c948f4d605d)
Start importing Assets/BayatGames/Free Platform Game Assets/Tiles/2.5D Tiles/Spring/png/256x256/GrassCliffMid.png using Guid(f495ce0d0ba0a0a43a317087f5239191) Importer(2089858483,b0f066a214c2f5e87bad3c948f4d605d) (ScriptedImporter) -> (artifact id: '2dd805fd1782c29de1eae23a7f45d037') in 0.063063 seconds
Number of updated asset objects reloaded before import = 0Number of asset objects unloaded after import = 3

========================================================================
Received Import Request.
  Time since last request: 0.000027 seconds.
  path: Assets/BayatGames/Free Platform Game Assets/Backgrounds/Background/png/Clouds/256x256/Cloud_1.png
  artifactKey: Guid(5b0dd6e794df0914c8895afc55887d25) Importer(2089858483,b0f066a214c2f5e87bad3c948f4d605d)
Start importing Assets/BayatGames/Free Platform Game Assets/Backgrounds/Background/png/Clouds/256x256/Cloud_1.png using Guid(5b0dd6e794df0914c8895afc55887d25) Importer(2089858483,b0f066a214c2f5e87bad3c948f4d605d) (ScriptedImporter) -> (artifact id: 'f1d0b1d09fc6d1213b4255fde0053d69') in 0.0796246 seconds
Number of updated asset objects reloaded before import = 0Number of asset objects unloaded after import = 3

========================================================================
Received Import Request.
  Time since last request: 0.000016 seconds.
  path: Assets/BayatGames/Free Platform Game Assets/Enemies/New Enemy ( Update 1.9 )/4x/Chain-1.png
  artifactKey: Guid(1c637a633579da943bf31f5a0ad80f74) Importer(2089858483,b0f066a214c2f5e87bad3c948f4d605d)
Start importing Assets/BayatGames/Free Platform Game Assets/Enemies/New Enemy ( Update 1.9 )/4x/Chain-1.png using Guid(1c637a633579da943bf31f5a0ad80f74) Importer(2089858483,b0f066a214c2f5e87bad3c948f4d605d) (ScriptedImporter) -> (artifact id: '442783c6e11ca72734ea1183eec082c9') in 0.0631116 seconds
Number of updated asset objects reloaded before import = 0Number of asset objects unloaded after import = 3

========================================================================
Received Import Request.
  Time since last request: 0.000019 seconds.
  path: Assets/BayatGames/Free Platform Game Assets/Tiles/2.5D Tiles/Spring/png/256x256/GrassJoinHillLeft2.png
  artifactKey: Guid(e376b6821ddf01d4bb72ff7173671244) Importer(2089858483,b0f066a214c2f5e87bad3c948f4d605d)
Start importing Assets/BayatGames/Free Platform Game Assets/Tiles/2.5D Tiles/Spring/png/256x256/GrassJoinHillLeft2.png using Guid(e376b6821ddf01d4bb72ff7173671244) Importer(2089858483,b0f066a214c2f5e87bad3c948f4d605d) (ScriptedImporter) -> (artifact id: 'fd438dae3622c70597c59b85c5c77934') in 0.1318912 seconds
Number of updated asset objects reloaded before import = 0Number of asset objects unloaded after import = 3

========================================================================
Received Import Request.
  Time since last request: 0.000024 seconds.
  path: Assets/BayatGames/Free Platform Game Assets/Tiles/2.5D Tiles/Spring/png/512x512/GrassJoinHillLeft2_Down Shadow.png
  artifactKey: Guid(65cd38596b53f6d4d905906eb920e1f7) Importer(2089858483,b0f066a214c2f5e87bad3c948f4d605d)
Start importing Assets/BayatGames/Free Platform Game Assets/Tiles/2.5D Tiles/Spring/png/512x512/GrassJoinHillLeft2_Down Shadow.png using Guid(65cd38596b53f6d4d905906eb920e1f7) Importer(2089858483,b0f066a214c2f5e87bad3c948f4d605d) (ScriptedImporter) -> (artifact id: 'd909bc3ad0d88e776c4e624334e8dbcd') in 0.1171039 seconds
Number of updated asset objects reloaded before import = 0Number of asset objects unloaded after import = 3

========================================================================
Received Import Request.
  Time since last request: 0.000016 seconds.
  path: Assets/BayatGames/Free Platform Game Assets/Chests/Chest/png/Sliced/Sliced 1/1x/body-3-1x.png
  artifactKey: Guid(4cb1f0aadb856724187d7ef2c5c1a47a) Importer(2089858483,b0f066a214c2f5e87bad3c948f4d605d)
Start importing Assets/BayatGames/Free Platform Game Assets/Chests/Chest/png/Sliced/Sliced 1/1x/body-3-1x.png using Guid(4cb1f0aadb856724187d7ef2c5c1a47a) Importer(2089858483,b0f066a214c2f5e87bad3c948f4d605d) (ScriptedImporter) -> (artifact id: '72d16b3f4d6eccbbe9d30975d13f8faa') in 0.0687209 seconds
Number of updated asset objects reloaded before import = 0Number of asset objects unloaded after import = 3

========================================================================
Received Import Request.
  Time since last request: 0.000020 seconds.
  path: Assets/BayatGames/Free Platform Game Assets/Tiles/2.5D Tiles/Spring/png/256x256/DirtLeftCorner.png
  artifactKey: Guid(f55a174175c004e4d9c080fea4cc52da) Importer(2089858483,b0f066a214c2f5e87bad3c948f4d605d)
Start importing Assets/BayatGames/Free Platform Game Assets/Tiles/2.5D Tiles/Spring/png/256x256/DirtLeftCorner.png using Guid(f55a174175c004e4d9c080fea4cc52da) Importer(2089858483,b0f066a214c2f5e87bad3c948f4d605d) (ScriptedImporter) -> (artifact id: 'c2793b17d18f96e335a533d417e2a645') in 0.1088055 seconds
Number of updated asset objects reloaded before import = 0Number of asset objects unloaded after import = 3

========================================================================
Received Import Request.
  Time since last request: 0.000026 seconds.
  path: Assets/BayatGames/Free Platform Game Assets/Chests/Chest/png/Sliced/Sliced 1/1x/body-4-1x.png
  artifactKey: Guid(aebf089a0507f2049907f66691742033) Importer(2089858483,b0f066a214c2f5e87bad3c948f4d605d)
Start importing Assets/BayatGames/Free Platform Game Assets/Chests/Chest/png/Sliced/Sliced 1/1x/body-4-1x.png using Guid(aebf089a0507f2049907f66691742033) Importer(2089858483,b0f066a214c2f5e87bad3c948f4d605d) (ScriptedImporter) -> (artifact id: '0dd95be8259044ea551774dbcf697283') in 0.0701601 seconds
Number of updated asset objects reloaded before import = 0Number of asset objects unloaded after import = 3

========================================================================
Received Import Request.
  Time since last request: 0.000016 seconds.
  path: Assets/BayatGames/Free Platform Game Assets/Tiles/2.5D Tiles/Spring/png/256x256/GrassJoinHillRight2.png
  artifactKey: Guid(e0c6d788f29ac6d46a1b32045d73b33b) Importer(2089858483,b0f066a214c2f5e87bad3c948f4d605d)
Start importing Assets/BayatGames/Free Platform Game Assets/Tiles/2.5D Tiles/Spring/png/256x256/GrassJoinHillRight2.png using Guid(e0c6d788f29ac6d46a1b32045d73b33b) Importer(2089858483,b0f066a214c2f5e87bad3c948f4d605d) (ScriptedImporter) -> (artifact id: '0cbb0bf359d4d2b9ce98b2d39c4cfef4') in 0.0926445 seconds
Number of updated asset objects reloaded before import = 0Number of asset objects unloaded after import = 3

========================================================================
Received Import Request.
  Time since last request: 0.000021 seconds.
  path: Assets/BayatGames/Free Platform Game Assets/Tiles/2.5D Tiles/Spring/png/256x256/GrassJoinHillRight.png
  artifactKey: Guid(acdd4dfdb95abf74e8797112296e6d95) Importer(2089858483,b0f066a214c2f5e87bad3c948f4d605d)
Start importing Assets/BayatGames/Free Platform Game Assets/Tiles/2.5D Tiles/Spring/png/256x256/GrassJoinHillRight.png using Guid(acdd4dfdb95abf74e8797112296e6d95) Importer(2089858483,b0f066a214c2f5e87bad3c948f4d605d) (ScriptedImporter) -> (artifact id: 'c6247cec6988aed660e2bc13cda95be5') in 0.0996006 seconds
Number of updated asset objects reloaded before import = 0Number of asset objects unloaded after import = 3

========================================================================
Received Import Request.
  Time since last request: 0.000028 seconds.
  path: Assets/BayatGames/Free Platform Game Assets/Tiles/2.5D Tiles/Spring/png/512x512/GrassJoinHillRight2&Left2.png
  artifactKey: Guid(ed2e7cc1b24585d4281e04efec03c257) Importer(2089858483,b0f066a214c2f5e87bad3c948f4d605d)
Start importing Assets/BayatGames/Free Platform Game Assets/Tiles/2.5D Tiles/Spring/png/512x512/GrassJoinHillRight2&Left2.png using Guid(ed2e7cc1b24585d4281e04efec03c257) Importer(2089858483,b0f066a214c2f5e87bad3c948f4d605d) (ScriptedImporter) -> (artifact id: 'f9a4c233d1b0202139f2e7a3ecb77e37') in 0.1750414 seconds
Number of updated asset objects reloaded before import = 0Number of asset objects unloaded after import = 3

========================================================================
Received Import Request.
  Time since last request: 0.000021 seconds.
  path: Assets/BayatGames/Free Platform Game Assets/Tiles/2.5D Tiles/Spring/png/256x256/GrassSample_2.png
  artifactKey: Guid(7592fa94b55c18d41b6aa6853b622b54) Importer(2089858483,b0f066a214c2f5e87bad3c948f4d605d)
Start importing Assets/BayatGames/Free Platform Game Assets/Tiles/2.5D Tiles/Spring/png/256x256/GrassSample_2.png using Guid(7592fa94b55c18d41b6aa6853b622b54) Importer(2089858483,b0f066a214c2f5e87bad3c948f4d605d) (ScriptedImporter) -> (artifact id: 'ed06970c9f42ad7c0c9101933a2f9085') in 0.056401 seconds
Number of updated asset objects reloaded before import = 0Number of asset objects unloaded after import = 3

========================================================================
Received Import Request.
  Time since last request: 0.000033 seconds.
  path: Assets/BayatGames/Free Platform Game Assets/Tiles/2.5D Tiles/Spring/png/512x512/Asset 40.png
  artifactKey: Guid(83af88527352393498c344ea871bc465) Importer(2089858483,b0f066a214c2f5e87bad3c948f4d605d)
Start importing Assets/BayatGames/Free Platform Game Assets/Tiles/2.5D Tiles/Spring/png/512x512/Asset 40.png using Guid(83af88527352393498c344ea871bc465) Importer(2089858483,b0f066a214c2f5e87bad3c948f4d605d) (ScriptedImporter) -> (artifact id: '4cbc1c7395544fd2881141ee2aae8214') in 0.1726854 seconds
Number of updated asset objects reloaded before import = 0Number of asset objects unloaded after import = 3

========================================================================
Received Import Request.
  Time since last request: 0.000021 seconds.
  path: Assets/BayatGames/Free Platform Game Assets/Tiles/2.5D Tiles/Spring/png/512x512/GrassJoinHillRight2&Left2_Down Shadow.png
  artifactKey: Guid(c8b4a8e0ae5583c4bac2cc04faacb653) Importer(2089858483,b0f066a214c2f5e87bad3c948f4d605d)
Start importing Assets/BayatGames/Free Platform Game Assets/Tiles/2.5D Tiles/Spring/png/512x512/GrassJoinHillRight2&Left2_Down Shadow.png using Guid(c8b4a8e0ae5583c4bac2cc04faacb653) Importer(2089858483,b0f066a214c2f5e87bad3c948f4d605d) (ScriptedImporter) -> (artifact id: 'cd596ebc2b586e4277d56310bc6a23f8') in 0.0403868 seconds
Number of updated asset objects reloaded before import = 0Number of asset objects unloaded after import = 3

========================================================================
Received Import Request.
  Time since last request: 0.000028 seconds.
  path: Assets/BayatGames/Free Platform Game Assets/Tiles/2.5D Tiles/Spring/png/256x256/GrassJoinHillLeft2_Down Shadow.png
  artifactKey: Guid(25fc4c4848e472d4ca8eb73f2dbf169e) Importer(2089858483,b0f066a214c2f5e87bad3c948f4d605d)
Start importing Assets/BayatGames/Free Platform Game Assets/Tiles/2.5D Tiles/Spring/png/256x256/GrassJoinHillLeft2_Down Shadow.png using Guid(25fc4c4848e472d4ca8eb73f2dbf169e) Importer(2089858483,b0f066a214c2f5e87bad3c948f4d605d) (ScriptedImporter) -> (artifact id: '8dd27112a6e0801991ddcb26df4ba8e1') in 0.0517843 seconds
Number of updated asset objects reloaded before import = 0Number of asset objects unloaded after import = 3

========================================================================
Received Import Request.
  Time since last request: 0.000018 seconds.
  path: Assets/BayatGames/Free Platform Game Assets/Tiles/2.5D Tiles/Spring/png/512x512/GrassMid.png
  artifactKey: Guid(6a6b093decd2d4f4f953ad5b0c9f192a) Importer(2089858483,b0f066a214c2f5e87bad3c948f4d605d)
Start importing Assets/BayatGames/Free Platform Game Assets/Tiles/2.5D Tiles/Spring/png/512x512/GrassMid.png using Guid(6a6b093decd2d4f4f953ad5b0c9f192a) Importer(2089858483,b0f066a214c2f5e87bad3c948f4d605d) (ScriptedImporter) -> (artifact id: 'd6b32b60cf05199f5dfcd4ddede7c8f9') in 0.0570564 seconds
Number of updated asset objects reloaded before import = 0Number of asset objects unloaded after import = 3

========================================================================
Received Import Request.
  Time since last request: 0.000030 seconds.
  path: Assets/BayatGames/Free Platform Game Assets/Tiles/2.5D Tiles/Spring/png/512x512/DirtLeftCorner.png
  artifactKey: Guid(2aaf0252aaf76fa49b0efd7b37329ca2) Importer(2089858483,b0f066a214c2f5e87bad3c948f4d605d)
Start importing Assets/BayatGames/Free Platform Game Assets/Tiles/2.5D Tiles/Spring/png/512x512/DirtLeftCorner.png using Guid(2aaf0252aaf76fa49b0efd7b37329ca2) Importer(2089858483,b0f066a214c2f5e87bad3c948f4d605d) (ScriptedImporter) -> (artifact id: '14c5100e44ce6240ec542d7da8ab8ed0') in 0.0618661 seconds
Number of updated asset objects reloaded before import = 0Number of asset objects unloaded after import = 3

========================================================================
Received Import Request.
  Time since last request: 0.000021 seconds.
  path: Assets/BayatGames/Free Platform Game Assets/Tiles/2.5D Tiles/Spring/png/512x512/DirtLeft.png
  artifactKey: Guid(cefc0421e98962c4baa883f84e44bb72) Importer(2089858483,b0f066a214c2f5e87bad3c948f4d605d)
Start importing Assets/BayatGames/Free Platform Game Assets/Tiles/2.5D Tiles/Spring/png/512x512/DirtLeft.png using Guid(cefc0421e98962c4baa883f84e44bb72) Importer(2089858483,b0f066a214c2f5e87bad3c948f4d605d) (ScriptedImporter) -> (artifact id: '77859b19ce9e258339a1ed151c315518') in 0.623345 seconds
Number of updated asset objects reloaded before import = 0Number of asset objects unloaded after import = 3

========================================================================
Received Import Request.
  Time since last request: 0.000022 seconds.
  path: Assets/BayatGames/Free Platform Game Assets/Tiles/2.5D Tiles/Spring/png/512x512/GrassSample_2.png
  artifactKey: Guid(fa5a03052284378488c889d55a0e3e98) Importer(2089858483,b0f066a214c2f5e87bad3c948f4d605d)
Start importing Assets/BayatGames/Free Platform Game Assets/Tiles/2.5D Tiles/Spring/png/512x512/GrassSample_2.png using Guid(fa5a03052284378488c889d55a0e3e98) Importer(2089858483,b0f066a214c2f5e87bad3c948f4d605d) (ScriptedImporter) -> (artifact id: 'e40496a087bea1863d7d90e9f72d4489') in 0.0915368 seconds
Number of updated asset objects reloaded before import = 0Number of asset objects unloaded after import = 3

========================================================================
Received Import Request.
  Time since last request: 0.000018 seconds.
  path: Assets/BayatGames/Free Platform Game Assets/Tiles/2.5D Tiles/Spring/png/512x512/GrassJoinHillLeft.png
  artifactKey: Guid(8b0a2ba2d1b50b043a995aabfef6f1f7) Importer(2089858483,b0f066a214c2f5e87bad3c948f4d605d)
Start importing Assets/BayatGames/Free Platform Game Assets/Tiles/2.5D Tiles/Spring/png/512x512/GrassJoinHillLeft.png using Guid(8b0a2ba2d1b50b043a995aabfef6f1f7) Importer(2089858483,b0f066a214c2f5e87bad3c948f4d605d) (ScriptedImporter) -> (artifact id: '35ae95022a741c5cc76630d4bfa41eda') in 0.6402056 seconds
Number of updated asset objects reloaded before import = 0Number of asset objects unloaded after import = 3

========================================================================
Received Import Request.
  Time since last request: 0.000021 seconds.
  path: Assets/BayatGames/Free Platform Game Assets/Environments/Environments/png/All/2x/Asset 10.png
  artifactKey: Guid(1843a3e9b91c82b42b9ffb55ddedc4bd) Importer(2089858483,b0f066a214c2f5e87bad3c948f4d605d)
Start importing Assets/BayatGames/Free Platform Game Assets/Environments/Environments/png/All/2x/Asset 10.png using Guid(1843a3e9b91c82b42b9ffb55ddedc4bd) Importer(2089858483,b0f066a214c2f5e87bad3c948f4d605d) (ScriptedImporter) -> (artifact id: '6f4da8ab2cc560910645ff3d60459910') in 1.2826643 seconds
Number of updated asset objects reloaded before import = 0Number of asset objects unloaded after import = 3

========================================================================
Received Import Request.
  Time since last request: 0.000031 seconds.
  path: Assets/BayatGames/Free Platform Game Assets/Tiles/2.5D Tiles/Spring/png/256x256/Asset 41.png
  artifactKey: Guid(a080b135a949a26408fd97d19573af59) Importer(2089858483,b0f066a214c2f5e87bad3c948f4d605d)
Start importing Assets/BayatGames/Free Platform Game Assets/Tiles/2.5D Tiles/Spring/png/256x256/Asset 41.png using Guid(a080b135a949a26408fd97d19573af59) Importer(2089858483,b0f066a214c2f5e87bad3c948f4d605d) (ScriptedImporter) -> (artifact id: '496ae087a709573e6d05be7bff1fa1ff') in 0.3591489 seconds
Number of updated asset objects reloaded before import = 0Number of asset objects unloaded after import = 3

========================================================================
Received Import Request.
  Time since last request: 0.000020 seconds.
  path: Assets/BayatGames/Free Platform Game Assets/Tiles/2.5D Tiles/Spring/png/256x256/GrassJoinHillLeft.png
  artifactKey: Guid(3bde8b5bce7b615419f4414132340159) Importer(2089858483,b0f066a214c2f5e87bad3c948f4d605d)
Start importing Assets/BayatGames/Free Platform Game Assets/Tiles/2.5D Tiles/Spring/png/256x256/GrassJoinHillLeft.png using Guid(3bde8b5bce7b615419f4414132340159) Importer(2089858483,b0f066a214c2f5e87bad3c948f4d605d) (ScriptedImporter) -> (artifact id: '40e8432730031934dbe3b2260a42f779') in 0.2067222 seconds
Number of updated asset objects reloaded before import = 0Number of asset objects unloaded after import = 3

========================================================================
Received Import Request.
  Time since last request: 0.000028 seconds.
  path: Assets/karsiori/Sprites/Pixel Art Rock Pile Pack/Rock Pile - BEIGE -/Rock Pile 4 - BEIGE - BIG.PNG
  artifactKey: Guid(66ff18547e991124d931d3bd8c53de00) Importer(2089858483,b0f066a214c2f5e87bad3c948f4d605d)
Start importing Assets/karsiori/Sprites/Pixel Art Rock Pile Pack/Rock Pile - BEIGE -/Rock Pile 4 - BEIGE - BIG.PNG using Guid(66ff18547e991124d931d3bd8c53de00) Importer(2089858483,b0f066a214c2f5e87bad3c948f4d605d) (ScriptedImporter) -> (artifact id: 'a52bea1bf3be664f7690315452bd3a04') in 0.3989624 seconds
Number of updated asset objects reloaded before import = 0Number of asset objects unloaded after import = 3

========================================================================
Received Import Request.
  Time since last request: 0.000020 seconds.
  path: Assets/BayatGames/Free Platform Game Assets/Tiles/2.5D Tiles/Spring/png/256x256/GrassCliffRight.png
  artifactKey: Guid(a19d5dc269186c642aad2a625861d060) Importer(2089858483,b0f066a214c2f5e87bad3c948f4d605d)
Start importing Assets/BayatGames/Free Platform Game Assets/Tiles/2.5D Tiles/Spring/png/256x256/GrassCliffRight.png using Guid(a19d5dc269186c642aad2a625861d060) Importer(2089858483,b0f066a214c2f5e87bad3c948f4d605d) (ScriptedImporter) -> (artifact id: 'ca899fc00467bef910d293c4c6068362') in 0.0407518 seconds
Number of updated asset objects reloaded before import = 0Number of asset objects unloaded after import = 3

========================================================================
Received Import Request.
  Time since last request: 0.000030 seconds.
  path: Assets/BayatGames/Free Platform Game Assets/Environments/Environments/png/All/1x/Asset 15.png
  artifactKey: Guid(cd9fd908e0dbdc24c84c52e7ebcefde2) Importer(2089858483,b0f066a214c2f5e87bad3c948f4d605d)
Start importing Assets/BayatGames/Free Platform Game Assets/Environments/Environments/png/All/1x/Asset 15.png using Guid(cd9fd908e0dbdc24c84c52e7ebcefde2) Importer(2089858483,b0f066a214c2f5e87bad3c948f4d605d) (ScriptedImporter) -> (artifact id: '55bd665e498ccbcc9b2ef136b9be30e1') in 0.0573652 seconds
Number of updated asset objects reloaded before import = 0Number of asset objects unloaded after import = 3

========================================================================
Received Import Request.
  Time since last request: 0.000017 seconds.
  path: Assets/karsiori/Sprites/Pixel Art Rock Pile Pack/Rock Pile - WHITE -/Rock Pile 9 - WHITE - small.PNG
  artifactKey: Guid(1ae7c714bc7aecf489e5a209b052bff2) Importer(2089858483,b0f066a214c2f5e87bad3c948f4d605d)
Start importing Assets/karsiori/Sprites/Pixel Art Rock Pile Pack/Rock Pile - WHITE -/Rock Pile 9 - WHITE - small.PNG using Guid(1ae7c714bc7aecf489e5a209b052bff2) Importer(2089858483,b0f066a214c2f5e87bad3c948f4d605d) (ScriptedImporter) -> (artifact id: '46200376b37b976e590adb83a27a8ede') in 0.128055 seconds
Number of updated asset objects reloaded before import = 0Number of asset objects unloaded after import = 3

========================================================================
Received Import Request.
  Time since last request: 0.000020 seconds.
  path: Assets/BayatGames/Free Platform Game Assets/Tiles/2.5D Tiles/Spring/png/256x256/GrassHillRight.png
  artifactKey: Guid(ee28e32c0cbd6c846979646ef24825fb) Importer(2089858483,b0f066a214c2f5e87bad3c948f4d605d)
Start importing Assets/BayatGames/Free Platform Game Assets/Tiles/2.5D Tiles/Spring/png/256x256/GrassHillRight.png using Guid(ee28e32c0cbd6c846979646ef24825fb) Importer(2089858483,b0f066a214c2f5e87bad3c948f4d605d) (ScriptedImporter) -> (artifact id: 'd414db7807ec6b231319da60273e2dd9') in 0.3453471 seconds
Number of updated asset objects reloaded before import = 0Number of asset objects unloaded after import = 3

========================================================================
Received Import Request.
  Time since last request: 0.000028 seconds.
  path: Assets/BayatGames/Free Platform Game Assets/Chests/Chest/png/Separate/1x/5-1x.png
  artifactKey: Guid(b5fcd50a2eb656b4ca74991878433999) Importer(2089858483,b0f066a214c2f5e87bad3c948f4d605d)
Start importing Assets/BayatGames/Free Platform Game Assets/Chests/Chest/png/Separate/1x/5-1x.png using Guid(b5fcd50a2eb656b4ca74991878433999) Importer(2089858483,b0f066a214c2f5e87bad3c948f4d605d) (ScriptedImporter) -> (artifact id: '5b61c43796db7b3d1620df8cbda9976b') in 0.1051606 seconds
Number of updated asset objects reloaded before import = 0Number of asset objects unloaded after import = 3

========================================================================
Received Import Request.
  Time since last request: 0.000018 seconds.
  path: Assets/BayatGames/Free Platform Game Assets/Tiles/2D Tiles ( Update 1.9 )/Spring/512x512/GrassHillLeft2.png
  artifactKey: Guid(090374c41fd51184e99c95d0acd9fcf9) Importer(2089858483,b0f066a214c2f5e87bad3c948f4d605d)
Start importing Assets/BayatGames/Free Platform Game Assets/Tiles/2D Tiles ( Update 1.9 )/Spring/512x512/GrassHillLeft2.png using Guid(090374c41fd51184e99c95d0acd9fcf9) Importer(2089858483,b0f066a214c2f5e87bad3c948f4d605d) (ScriptedImporter) -> (artifact id: '6c53b8fbe1d4de0bb337ead6d30970d6') in 0.0971517 seconds
Number of updated asset objects reloaded before import = 0Number of asset objects unloaded after import = 3

========================================================================
Received Import Request.
  Time since last request: 0.000035 seconds.
  path: Assets/BayatGames/Free Platform Game Assets/Tiles/2D Tiles ( Update 1.9 )/Spring/256x256/GrassJoinHillRight2 DownShadow.png
  artifactKey: Guid(997e20906b83b364a8856dc9ff5ded04) Importer(2089858483,b0f066a214c2f5e87bad3c948f4d605d)
Start importing Assets/BayatGames/Free Platform Game Assets/Tiles/2D Tiles ( Update 1.9 )/Spring/256x256/GrassJoinHillRight2 DownShadow.png using Guid(997e20906b83b364a8856dc9ff5ded04) Importer(2089858483,b0f066a214c2f5e87bad3c948f4d605d) (ScriptedImporter) -> (artifact id: '081d5f46df2ffcc707ae109fb1c62691') in 0.0741043 seconds
Number of updated asset objects reloaded before import = 0Number of asset objects unloaded after import = 3

========================================================================
Received Import Request.
  Time since last request: 0.000026 seconds.
  path: Assets/BayatGames/Free Platform Game Assets/Tiles/2.5D Tiles/Spring/png/256x256/GrassHillLeft2_Down Shadow.png
  artifactKey: Guid(5e494100f0aca7d4a866eb98a26aa0be) Importer(2089858483,b0f066a214c2f5e87bad3c948f4d605d)
Start importing Assets/BayatGames/Free Platform Game Assets/Tiles/2.5D Tiles/Spring/png/256x256/GrassHillLeft2_Down Shadow.png using Guid(5e494100f0aca7d4a866eb98a26aa0be) Importer(2089858483,b0f066a214c2f5e87bad3c948f4d605d) (ScriptedImporter) -> (artifact id: 'f73da6267d3d69b57fc373db9aeea3dd') in 0.260478 seconds
Number of updated asset objects reloaded before import = 0Number of asset objects unloaded after import = 3

