[Licensing::Module] Trying to connect to existing licensing client channel...
Built from '6000.3/staging' branch; Version is '6000.3.19f1 (7689f4515d75) revision 7768564'; Using compiler version '194234433'; Build Type 'Release'
[Licensing::IpcConnector] Successfully connected to: "LicenseClient-savic" at "2026-07-09T22:31:46.959406Z"
OS: 'Windows 10  (10.0.19045) 64bit Professional' Language: 'en' Physical Memory: 16307 MB
BatchMode: 1, IsHumanControllingUs: 0, StartBugReporterOnCrash: 0, Is64bit: 1
System  architecture: x64
Process architecture: x64
Date: 2026-07-09T22:31:46Z

COMMAND LINE ARGUMENTS:
D:\Unity\installs\6000.3.19f1\Editor\Unity.exe
-adb2
-batchMode
-noUpm
-name
AssetImportWorker2
-projectPath
D:/Unity/Projects/Project 01
-logFile
Logs/AssetImportWorker2.log
-srvPort
61385
-parentPid
4688
-analyticsCloudUserId
anonymous
-analyticsCloudProjectId
-analyticsLocalProjectId
6471f5a7559037b49ac6e019424ee61c
-job-worker-count
5
-background-job-worker-count
8
-gc-helper-count
1
-name
AssetImport
Successfully changed project path to: D:/Unity/Projects/Project 01
D:/Unity/Projects/Project 01
[UnityMemory] Configuration Parameters - Can be set up in boot.config
    "memorysetup-temp-allocator-size-nav-mesh-worker=65536"
    "memorysetup-temp-allocator-size-audio-worker=65536"
    "memorysetup-temp-allocator-size-gfx=262144"
    "memorysetup-allocator-temp-initial-block-size-main=262144"
    "memorysetup-allocator-temp-initial-block-size-worker=262144"
    "memorysetup-temp-allocator-size-background-worker=32768"
    "memorysetup-temp-allocator-size-job-worker=262144"
    "memorysetup-temp-allocator-size-preload-manager=33554432"
    "memorysetup-temp-allocator-size-gi-baking-worker=262144"
    "memorysetup-temp-allocator-size-gi-baking-worker=262144"
    "memorysetup-temp-allocator-size-gi-baking-worker=262144"
    "memorysetup-temp-allocator-size-gi-baking-worker=262144"
    "memorysetup-temp-allocator-size-gi-baking-worker=262144"
    "memorysetup-bucket-allocator-granularity=16"
    "memorysetup-bucket-allocator-bucket-count=8"
    "memorysetup-bucket-allocator-block-size=33554432"
    "memorysetup-bucket-allocator-block-count=8"
    "memorysetup-main-allocator-block-size=16777216"
    "memorysetup-thread-allocator-block-size=16777216"
    "memorysetup-gfx-main-allocator-block-size=16777216"
    "memorysetup-gfx-thread-allocator-block-size=16777216"
    "memorysetup-cache-allocator-block-size=4194304"
    "memorysetup-typetree-allocator-block-size=2097152"
    "memorysetup-profiler-bucket-allocator-granularity=16"
    "memorysetup-profiler-bucket-allocator-bucket-count=8"
    "memorysetup-profiler-bucket-allocator-block-size=33554432"
    "memorysetup-profiler-bucket-allocator-block-count=8"
    "memorysetup-profiler-allocator-block-size=16777216"
    "memorysetup-profiler-editor-allocator-block-size=1048576"
    "memorysetup-temp-allocator-size-main=16777216"
    "memorysetup-job-temp-allocator-block-size=2097152"
    "memorysetup-job-temp-allocator-block-size-background=1048576"
    "memorysetup-job-temp-allocator-reduction-small-platforms=262144"
    "memorysetup-temp-allocator-size-cloud-worker=32768"
Player connection [37592]  Target information:

Player connection [37592]  * "[IP] 192.168.1.103 [Port] 0 [Flags] 2 [Guid] 417866340 [EditorId] 417866340 [Version] 1048832 [Id] WindowsEditor(7,DESKTOP-3AQQ8LQ) [Debug] 1 [PackageName] WindowsEditor [ProjectName] Editor" 

Player connection [37592] Host joined multi-casting on [225.0.0.222:54997]...
Player connection [37592] Host joined alternative multi-casting on [225.0.0.222:34997]...
JobSystem: Creating JobQueue using job-worker-count value 5
Input System module state changed to: Initialized.
[Physics::Module] Initialized fallback backend.
[Physics::Module] Id: 0xdecafbad
Library Redirect Path: Library/
[Physics::Module] Selected backend.
[Physics::Module] Name: PhysX
[Physics::Module] Id: 0xf2b8ea05
[Physics::Module] SDK Version: 4.1.2
[Physics::Module] Integration Version: 1.0.0
[Physics::Module] Threading Mode: Multi-Threaded
Refreshing native plugins compatible for Editor in 1750.73 ms, found 6 plugins.
Preloading 0 native plugins for Editor in 0.00 ms.
Initialize engine version: 6000.3.19f1 (7689f4515d75)
[Subsystems] Discovering subsystems at path D:/Unity/installs/6000.3.19f1/Editor/Data/Resources/UnitySubsystems
[Subsystems] Discovering subsystems at path D:/Unity/Projects/Project 01/Assets
GfxDevice: creating device client; kGfxThreadingModeNonThreaded
d3d12: failed to query info queue interface (0x80004002).
Direct3D:
    Version:         Direct3D 12 [level 12.2]
    Renderer:        NVIDIA GeForce RTX 2060 (ID=0x1f08)
    Vendor:          NVIDIA
    VRAM:            5954 MB
    App VRAM Budget: 5186 MB
    Driver:          32.0.16.1047
[Licensing::Client] Error: HandshakeResponse reported an error:
	ResponseCode: 505
	ResponseStatus: Unsupported protocol version '1.18.1'.
[Licensing::Module] Error: Failed to handshake to channel: "LicenseClient-savic"
[Licensing::IpcConnector] LicenseClient-savic channel disconnected successfully.
[Licensing::IpcConnector] Successfully connected to: "LicenseClient-savic-6000.3.19" at "2026-07-09T22:31:58.5382172Z"
[Licensing::Client] Code 10 while verifying Licensing Client signature (process Id: 18012, path: "D:/Unity/installs/6000.3.19f1/Editor/Data/Resources/Licensing/Client/Unity.Licensing.Client.exe")
[Licensing::Module] LicensingClient has failed validation; ignoring
[Licensing::Client] Handshaking with LicensingClient:
  Version:                 1.18.1+9fbee8e
  Session Id:              c47220a05ada4b7387f6a839dbcd1e30
  Correlation Id:          f312b2e240441a3f633838b222153879
  External correlation Id: 386279578544874164
  Machine Id:              RaxClSM2nTYIfqSompjN4c7ZjXk=
[Licensing::Module] Successfully connected to LicensingClient on channel: "LicenseClient-savic-6000.3.19" (connect: 0.00s, validation: 0.00s, handshake: 0.10s)
[Licensing::IpcConnector] Successfully connected to: "LicenseClient-savic-6000.3.19-notifications" at "2026-07-09T22:31:58.6353213Z"
[Licensing::Module] Licensing Background thread has ended after 11.68s
Initialize mono
Mono path[0] = 'D:/Unity/installs/6000.3.19f1/Editor/Data/Managed'
Mono path[1] = 'D:/Unity/installs/6000.3.19f1/Editor/Data/MonoBleedingEdge/lib/mono/unityjit-win32'
Mono config path = 'D:/Unity/installs/6000.3.19f1/Editor/Data/MonoBleedingEdge/etc'
Using monoOptions --debugger-agent=transport=dt_socket,embedding=1,server=y,suspend=n,address=127.0.0.1:56600
Begin MonoManager ReloadAssembly
Registering precompiled unity dll's ...
Register platform support module: D:/Unity/installs/6000.3.19f1/Editor/Data/PlaybackEngines/WindowsStandaloneSupport/UnityEditor.WindowsStandalone.Extensions.dll
Registered in 0.065291 seconds.
- Loaded All Assemblies, in  4.784 seconds
Native extension for WindowsStandalone target not found
Package Manager log level set to [2]
[Package Manager] Failed to launch server process. Reason: Unity was launched with the -noUpm command-line argument
[Package Manager] Unable to send message (not connected to server process).
[Package Manager] Cannot connect to Unity Package Manager local server
ScheduleIndexationOnStartup MainProcess:False IndexOnStartup:True
Mono: successfully reloaded assembly
- Finished resetting the current domain, in  3.874 seconds
Domain Reload Profiling: 8658ms
	BeginReloadAssembly (3402ms)
		ExecutionOrderSort (0ms)
		DisableScriptedObjects (0ms)
		BackupInstance (0ms)
		ReleaseScriptingObjects (0ms)
		CreateAndSetChildDomain (1ms)
	RebuildCommonClasses (46ms)
	RebuildNativeTypeToScriptingClass (17ms)
	initialDomainReloadingComplete (461ms)
	LoadAllAssembliesAndSetupDomain (857ms)
		LoadAssemblies (3400ms)
		RebuildTransferFunctionScriptingTraits (0ms)
		AnalyzeDomain (854ms)
			TypeCache.Refresh (852ms)
				TypeCache.ScanAssembly (835ms)
			BuildScriptInfoCaches (0ms)
			ResolveRequiredComponents (0ms)
	FinalizeReload (3874ms)
		ReleaseScriptCaches (0ms)
		RebuildScriptCaches (0ms)
		SetupLoadedEditorAssemblies (3813ms)
			LogAssemblyErrors (0ms)
			InitializePlatformSupportModulesInManaged (51ms)
			SetLoadedEditorAssemblies (6ms)
			BeforeProcessingInitializeOnLoad (99ms)
			ProcessInitializeOnLoadAttributes (292ms)
			ProcessInitializeOnLoadMethodAttributes (3364ms)
			AfterProcessingInitializeOnLoad (0ms)
			EditorAssembliesLoaded (0ms)
		ExecutionOrderSort2 (0ms)
		AwakeInstancesAfterBackupRestoration (0ms)
[Licensing::Client] Successfully resolved entitlement details
[Licensing::Module] License group:
  Id: 6872857124196-UnityPersXXXX
  Product: Unity Personal
  Type: Assigned
  Expiration: Unlimited
Curl error 3: URL rejected: Malformed input to a URL function
========================================================================
Worker process is ready to serve import requests
Import Worker Mode flag is 0x00
Begin MonoManager ReloadAssembly
- Loaded All Assemblies, in 14.432 seconds
Refreshing native plugins compatible for Editor in 5.05 ms, found 6 plugins.
Native extension for WindowsStandalone target not found
[Package Manager] Failed to launch server process. Reason: Unity was launched with the -noUpm command-line argument
[Package Manager] Unable to send message (not connected to server process).
[Package Manager] Cannot connect to Unity Package Manager local server
Refreshing native plugins compatible for Editor in 5.20 ms, found 6 plugins.
[Package Manager] Failed to launch server process. Reason: Unity was launched with the -noUpm command-line argument
[Package Manager] Unable to send message (not connected to server process).
[Package Manager] Cannot connect to Unity Package Manager local server
ScheduleIndexationOnStartup MainProcess:False IndexOnStartup:True
Missing types referenced from component UniversalRenderPipelineGlobalSettings on game object UniversalRenderPipelineGlobalSettings:
	UnityEngine.PathTracing.Core.WorldRenderPipelineResources, Unity.PathTracing.Runtime (1 object)
Mono: successfully reloaded assembly
- Finished resetting the current domain, in  1.894 seconds
Domain Reload Profiling: 16324ms
	BeginReloadAssembly (214ms)
		ExecutionOrderSort (0ms)
		DisableScriptedObjects (7ms)
		BackupInstance (0ms)
		ReleaseScriptingObjects (0ms)
		CreateAndSetChildDomain (32ms)
	RebuildCommonClasses (49ms)
	RebuildNativeTypeToScriptingClass (16ms)
	initialDomainReloadingComplete (44ms)
	LoadAllAssembliesAndSetupDomain (14107ms)
		LoadAssemblies (13878ms)
		RebuildTransferFunctionScriptingTraits (0ms)
		AnalyzeDomain (353ms)
			TypeCache.Refresh (238ms)
				TypeCache.ScanAssembly (218ms)
			BuildScriptInfoCaches (98ms)
			ResolveRequiredComponents (12ms)
	FinalizeReload (1894ms)
		ReleaseScriptCaches (0ms)
		RebuildScriptCaches (0ms)
		SetupLoadedEditorAssemblies (1738ms)
			LogAssemblyErrors (0ms)
			InitializePlatformSupportModulesInManaged (2ms)
			SetLoadedEditorAssemblies (6ms)
			BeforeProcessingInitializeOnLoad (183ms)
			ProcessInitializeOnLoadAttributes (515ms)
			ProcessInitializeOnLoadMethodAttributes (1029ms)
			AfterProcessingInitializeOnLoad (3ms)
			EditorAssembliesLoaded (0ms)
		ExecutionOrderSort2 (0ms)
		AwakeInstancesAfterBackupRestoration (7ms)
Launched and connected shader compiler UnityShaderCompiler.exe after 0.21 seconds
Refreshing native plugins compatible for Editor in 6.55 ms, found 6 plugins.
Preloading 0 native plugins for Editor in 0.00 ms.
Curl error 3: URL rejected: Malformed input to a URL function
Unloading 16 Unused Serialized files (Serialized files now loaded: 0)
Unloading 8174 unused Assets / (4.5 MB). Loaded Objects now: 8940.
Memory consumption went from 166.7 MB to 162.2 MB.
Total: 17.161500 ms (FindLiveObjects: 1.546800 ms CreateObjectMapping: 0.698600 ms MarkObjects: 11.901900 ms  DeleteObjects: 3.012800 ms)

========================================================================
Received Import Request.
  Time since last request: 1047402.670256 seconds.
  path: Assets/BayatGames/Free Platform Game Assets/Character/Character Source/png/2x/RightHand&Arm.png
  artifactKey: Guid(d7d5c862e10b2e7499411077faf065a4) Importer(2089858483,b0f066a214c2f5e87bad3c948f4d605d)
Start importing Assets/BayatGames/Free Platform Game Assets/Character/Character Source/png/2x/RightHand&Arm.png using Guid(d7d5c862e10b2e7499411077faf065a4) Importer(2089858483,b0f066a214c2f5e87bad3c948f4d605d) (ScriptedImporter) -> (artifact id: '31d5517a8131fb3a1a037fad812a66bb') in 0.2470664 seconds
Number of updated asset objects reloaded before import = 0Number of asset objects unloaded after import = 3

========================================================================
Received Import Request.
  Time since last request: 0.000020 seconds.
  path: Assets/BayatGames/Free Platform Game Assets/Water Animation/2D view ( Update 1.9 )/512x512/8-4x.png
  artifactKey: Guid(f6d6dc4b79c327749a2d98b6fd8567d1) Importer(2089858483,b0f066a214c2f5e87bad3c948f4d605d)
Start importing Assets/BayatGames/Free Platform Game Assets/Water Animation/2D view ( Update 1.9 )/512x512/8-4x.png using Guid(f6d6dc4b79c327749a2d98b6fd8567d1) Importer(2089858483,b0f066a214c2f5e87bad3c948f4d605d) (ScriptedImporter) -> (artifact id: '668d213193c60985c9cca75ece3804cb') in 0.1125152 seconds
Number of updated asset objects reloaded before import = 0Number of asset objects unloaded after import = 3

========================================================================
Received Import Request.
  Time since last request: 0.000028 seconds.
  path: Assets/BayatGames/Free Platform Game Assets/Character/Character Source/png/4x/LeftEye.png
  artifactKey: Guid(b7d48df2dd5700641a5a1ada209269c3) Importer(2089858483,b0f066a214c2f5e87bad3c948f4d605d)
Start importing Assets/BayatGames/Free Platform Game Assets/Character/Character Source/png/4x/LeftEye.png using Guid(b7d48df2dd5700641a5a1ada209269c3) Importer(2089858483,b0f066a214c2f5e87bad3c948f4d605d) (ScriptedImporter) -> (artifact id: '19d587c57a2cfd624372b6abe419e242') in 0.0657457 seconds
Number of updated asset objects reloaded before import = 0Number of asset objects unloaded after import = 3

========================================================================
Received Import Request.
  Time since last request: 0.000019 seconds.
  path: Assets/LSL/LSL4Unity/Plugins/LSL/linux/liblsl.so.1.15.2
  artifactKey: Guid(4a6186398b90a394cb5e26d60fd7150c) Importer(2089858483,b0f066a214c2f5e87bad3c948f4d605d)
Start importing Assets/LSL/LSL4Unity/Plugins/LSL/linux/liblsl.so.1.15.2 using Guid(4a6186398b90a394cb5e26d60fd7150c) Importer(2089858483,b0f066a214c2f5e87bad3c948f4d605d) (ScriptedImporter) -> (artifact id: '3bf0f4e361d81708363d5a60d9f349c1') in 0.1078138 seconds
Number of updated asset objects reloaded before import = 0Number of asset objects unloaded after import = 0

========================================================================
Received Import Request.
  Time since last request: 0.000015 seconds.
  path: Assets/BayatGames/Free Platform Game Assets/Character/Character Source/png/2x/Foot.png
  artifactKey: Guid(f6171bfe42e3a0f46a67151cf81c35d8) Importer(2089858483,b0f066a214c2f5e87bad3c948f4d605d)
Start importing Assets/BayatGames/Free Platform Game Assets/Character/Character Source/png/2x/Foot.png using Guid(f6171bfe42e3a0f46a67151cf81c35d8) Importer(2089858483,b0f066a214c2f5e87bad3c948f4d605d) (ScriptedImporter) -> (artifact id: '6df239cc2483fba8e014d538ae968c5a') in 0.0910541 seconds
Number of updated asset objects reloaded before import = 0Number of asset objects unloaded after import = 3

========================================================================
Received Import Request.
  Time since last request: 0.000028 seconds.
  path: Assets/BayatGames/Free Platform Game Assets/Character/Character Source/png/4x/LeftFoot.png
  artifactKey: Guid(21f1e42e8ee4400409a53c55671bd27f) Importer(2089858483,b0f066a214c2f5e87bad3c948f4d605d)
Start importing Assets/BayatGames/Free Platform Game Assets/Character/Character Source/png/4x/LeftFoot.png using Guid(21f1e42e8ee4400409a53c55671bd27f) Importer(2089858483,b0f066a214c2f5e87bad3c948f4d605d) (ScriptedImporter) -> (artifact id: '9d47cfcea5d450010fb1fd14c887061f') in 0.0991877 seconds
Number of updated asset objects reloaded before import = 0Number of asset objects unloaded after import = 3

========================================================================
Received Import Request.
  Time since last request: 0.000021 seconds.
  path: Assets/BayatGames/Free Platform Game Assets/Character/Character Source/png/1x/Foot.png
  artifactKey: Guid(f0f2d2ccf421cf04987dd480807bc932) Importer(2089858483,b0f066a214c2f5e87bad3c948f4d605d)
Start importing Assets/BayatGames/Free Platform Game Assets/Character/Character Source/png/1x/Foot.png using Guid(f0f2d2ccf421cf04987dd480807bc932) Importer(2089858483,b0f066a214c2f5e87bad3c948f4d605d) (ScriptedImporter) -> (artifact id: '20f146dae712eed1dc04e72838393f10') in 0.1360297 seconds
Number of updated asset objects reloaded before import = 0Number of asset objects unloaded after import = 3

========================================================================
Received Import Request.
  Time since last request: 0.000021 seconds.
  path: Assets/BayatGames/Free Platform Game Assets/Chests/Chest/png/Sheet/Chest 4096x1024(4x).png
  artifactKey: Guid(6f10393485ec6e74a95c7a6a2478cf3c) Importer(2089858483,b0f066a214c2f5e87bad3c948f4d605d)
Start importing Assets/BayatGames/Free Platform Game Assets/Chests/Chest/png/Sheet/Chest 4096x1024(4x).png using Guid(6f10393485ec6e74a95c7a6a2478cf3c) Importer(2089858483,b0f066a214c2f5e87bad3c948f4d605d) (ScriptedImporter) -> (artifact id: 'c64cb39c1d7de39cdf47707ee4c79815') in 0.0821599 seconds
Number of updated asset objects reloaded before import = 0Number of asset objects unloaded after import = 3

========================================================================
Received Import Request.
  Time since last request: 0.000036 seconds.
  path: Assets/LSL/LSL4Unity/Plugins/LSL/include/lsl_c.h
  artifactKey: Guid(f511fe2f12ddd2b4ba64b034bcf8aaac) Importer(2089858483,b0f066a214c2f5e87bad3c948f4d605d)
Start importing Assets/LSL/LSL4Unity/Plugins/LSL/include/lsl_c.h using Guid(f511fe2f12ddd2b4ba64b034bcf8aaac) Importer(2089858483,b0f066a214c2f5e87bad3c948f4d605d) (ScriptedImporter) -> (artifact id: 'fbdafc8f90cbcad85d08d1aeda57639e') in 0.0104265 seconds
Number of updated asset objects reloaded before import = 0Number of asset objects unloaded after import = 0

========================================================================
Received Import Request.
  Time since last request: 0.000016 seconds.
  path: Assets/BayatGames/Free Platform Game Assets/Water Animation/2D view ( Update 1.9 )/512x512/9-4x.png
  artifactKey: Guid(f8b0b99c1edb1934f91ae691d1483098) Importer(2089858483,b0f066a214c2f5e87bad3c948f4d605d)
Start importing Assets/BayatGames/Free Platform Game Assets/Water Animation/2D view ( Update 1.9 )/512x512/9-4x.png using Guid(f8b0b99c1edb1934f91ae691d1483098) Importer(2089858483,b0f066a214c2f5e87bad3c948f4d605d) (ScriptedImporter) -> (artifact id: 'd3611ca31d997921c9a6a6bf6fb57016') in 0.0498839 seconds
Number of updated asset objects reloaded before import = 0Number of asset objects unloaded after import = 3

========================================================================
Received Import Request.
  Time since last request: 0.000017 seconds.
  path: Assets/BayatGames/Free Platform Game Assets/Character/Character Source/png/1x/RightHand&Arm.png
  artifactKey: Guid(1522717752b33424eb99ca876b572985) Importer(2089858483,b0f066a214c2f5e87bad3c948f4d605d)
Start importing Assets/BayatGames/Free Platform Game Assets/Character/Character Source/png/1x/RightHand&Arm.png using Guid(1522717752b33424eb99ca876b572985) Importer(2089858483,b0f066a214c2f5e87bad3c948f4d605d) (ScriptedImporter) -> (artifact id: '3ac616570cc0d7be391c0e9fc666d3a5') in 0.0463424 seconds
Number of updated asset objects reloaded before import = 0Number of asset objects unloaded after import = 3

========================================================================
Received Import Request.
  Time since last request: 0.000017 seconds.
  path: Assets/TextMesh Pro/Examples & Extras/Resources/Fonts & Materials/Bangers SDF.asset
  artifactKey: Guid(125cb55b44b24c4393181402bc6200e6) Importer(2089858483,b0f066a214c2f5e87bad3c948f4d605d)
Start importing Assets/TextMesh Pro/Examples & Extras/Resources/Fonts & Materials/Bangers SDF.asset using Guid(125cb55b44b24c4393181402bc6200e6) Importer(2089858483,b0f066a214c2f5e87bad3c948f4d605d) (ScriptedImporter) -> (artifact id: '448b1907574789e291a23174fe95c9d3') in 0.0443149 seconds
Number of updated asset objects reloaded before import = 0Number of asset objects unloaded after import = 5

========================================================================
Received Import Request.
  Time since last request: 0.000029 seconds.
  path: Assets/BayatGames/Free Platform Game Assets/Coin Animation/png/4x/image 9.png
  artifactKey: Guid(71362eeb02d1e8c4192243e61f5a8f30) Importer(2089858483,b0f066a214c2f5e87bad3c948f4d605d)
Start importing Assets/BayatGames/Free Platform Game Assets/Coin Animation/png/4x/image 9.png using Guid(71362eeb02d1e8c4192243e61f5a8f30) Importer(2089858483,b0f066a214c2f5e87bad3c948f4d605d) (ScriptedImporter) -> (artifact id: '2615a4c2d835fe2c5e0bfa6d9b819253') in 0.0606537 seconds
Number of updated asset objects reloaded before import = 0Number of asset objects unloaded after import = 3

========================================================================
Received Import Request.
  Time since last request: 0.000016 seconds.
  path: Assets/karsiori/Sprites/Pixel Art Rock Pile Pack/Rock Pile - MOSSY -/Rock Pile 1 - MOSSY - BIG.PNG
  artifactKey: Guid(6e75c36c29eca78479845a0dccbb82ec) Importer(2089858483,b0f066a214c2f5e87bad3c948f4d605d)
Start importing Assets/karsiori/Sprites/Pixel Art Rock Pile Pack/Rock Pile - MOSSY -/Rock Pile 1 - MOSSY - BIG.PNG using Guid(6e75c36c29eca78479845a0dccbb82ec) Importer(2089858483,b0f066a214c2f5e87bad3c948f4d605d) (ScriptedImporter) -> (artifact id: 'ebc77f7844961c5167a290a18ee3cd89') in 0.1206964 seconds
Number of updated asset objects reloaded before import = 0Number of asset objects unloaded after import = 3

========================================================================
Received Import Request.
  Time since last request: 0.000017 seconds.
  path: Assets/BayatGames/Free Platform Game Assets/Backgrounds/Background/eps/Background2048x1536.eps
  artifactKey: Guid(295c1b7e9406a464487020702087beb5) Importer(2089858483,b0f066a214c2f5e87bad3c948f4d605d)
Start importing Assets/BayatGames/Free Platform Game Assets/Backgrounds/Background/eps/Background2048x1536.eps using Guid(295c1b7e9406a464487020702087beb5) Importer(2089858483,b0f066a214c2f5e87bad3c948f4d605d) (ScriptedImporter) -> (artifact id: '3d9c1c5eaaf2d1be8c05ec6f8af0e95e') in 0.0102311 seconds
Number of updated asset objects reloaded before import = 0Number of asset objects unloaded after import = 1

========================================================================
Received Import Request.
  Time since last request: 0.000026 seconds.
  path: Assets/karsiori/Sprites/Pixel Art Rock Pile Pack/Rock Pile - AZURE -/Rock Pile 5 - AZURE - small.PNG
  artifactKey: Guid(aad884d6b6f44b5498d7cd18b363739d) Importer(2089858483,b0f066a214c2f5e87bad3c948f4d605d)
Start importing Assets/karsiori/Sprites/Pixel Art Rock Pile Pack/Rock Pile - AZURE -/Rock Pile 5 - AZURE - small.PNG using Guid(aad884d6b6f44b5498d7cd18b363739d) Importer(2089858483,b0f066a214c2f5e87bad3c948f4d605d) (ScriptedImporter) -> (artifact id: '45e844998c4badaaf2b9f687c89c01c7') in 0.0363581 seconds
Number of updated asset objects reloaded before import = 0Number of asset objects unloaded after import = 3

========================================================================
Received Import Request.
  Time since last request: 0.000017 seconds.
  path: Assets/karsiori/Sprites/Pixel Art Rock Pile Pack/Rock Pile - AZURE -/Rock Pile 7 - AZURE - small.PNG
  artifactKey: Guid(896f8a7c62e8b0d48a1c595097f747fd) Importer(2089858483,b0f066a214c2f5e87bad3c948f4d605d)
Start importing Assets/karsiori/Sprites/Pixel Art Rock Pile Pack/Rock Pile - AZURE -/Rock Pile 7 - AZURE - small.PNG using Guid(896f8a7c62e8b0d48a1c595097f747fd) Importer(2089858483,b0f066a214c2f5e87bad3c948f4d605d) (ScriptedImporter) -> (artifact id: 'cbbd5e3364f47318f0d470cf38c732df') in 0.0490091 seconds
Number of updated asset objects reloaded before import = 0Number of asset objects unloaded after import = 3

========================================================================
Received Import Request.
  Time since last request: 0.000018 seconds.
  path: Assets/TextMesh Pro/Examples & Extras/Fonts/Electronic Highway Sign.TTF
  artifactKey: Guid(8a2b9e2a607dd2143b58c44bc32410b4) Importer(2089858483,b0f066a214c2f5e87bad3c948f4d605d)
Start importing Assets/TextMesh Pro/Examples & Extras/Fonts/Electronic Highway Sign.TTF using Guid(8a2b9e2a607dd2143b58c44bc32410b4) Importer(2089858483,b0f066a214c2f5e87bad3c948f4d605d) (ScriptedImporter) -> (artifact id: 'a8db4182a70fec27e049af36d44d6841') in 0.0193235 seconds
Number of updated asset objects reloaded before import = 0Number of asset objects unloaded after import = 3

========================================================================
Received Import Request.
  Time since last request: 0.000025 seconds.
  path: Assets/karsiori/Sprites/Pixel Art Rock Pile Pack/Rock Pile - AZURE -/Rock Pile 2 - AZURE - small.PNG
  artifactKey: Guid(8131612e9e04d3b4bb8dbdb59bbc07e2) Importer(2089858483,b0f066a214c2f5e87bad3c948f4d605d)
Start importing Assets/karsiori/Sprites/Pixel Art Rock Pile Pack/Rock Pile - AZURE -/Rock Pile 2 - AZURE - small.PNG using Guid(8131612e9e04d3b4bb8dbdb59bbc07e2) Importer(2089858483,b0f066a214c2f5e87bad3c948f4d605d) (ScriptedImporter) -> (artifact id: 'e9cff3fd3df06d24e932a641c713582b') in 0.0495646 seconds
Number of updated asset objects reloaded before import = 0Number of asset objects unloaded after import = 3

========================================================================
Received Import Request.
  Time since last request: 0.000029 seconds.
  path: Assets/TextMesh Pro/Examples & Extras/Scenes/04 - Word Wrapping.unity
  artifactKey: Guid(8f7137eacd7042d5b17ef0efe5e744f5) Importer(2089858483,b0f066a214c2f5e87bad3c948f4d605d)
Start importing Assets/TextMesh Pro/Examples & Extras/Scenes/04 - Word Wrapping.unity using Guid(8f7137eacd7042d5b17ef0efe5e744f5) Importer(2089858483,b0f066a214c2f5e87bad3c948f4d605d) (ScriptedImporter) -> (artifact id: '16e4cdce6d52f2ab2a2fe917b5712d96') in 0.0274119 seconds
Number of updated asset objects reloaded before import = 0Number of asset objects unloaded after import = 1

========================================================================
Received Import Request.
  Time since last request: 0.000022 seconds.
  path: Assets/karsiori/Sprites/Pixel Art Rock Pile Pack/Rock Pile - MOSSY -/Rock Pile 6 - MOSSY - BIG.PNG
  artifactKey: Guid(a71b9d12fd8f96a4791ccda3e98cdd86) Importer(2089858483,b0f066a214c2f5e87bad3c948f4d605d)
Start importing Assets/karsiori/Sprites/Pixel Art Rock Pile Pack/Rock Pile - MOSSY -/Rock Pile 6 - MOSSY - BIG.PNG using Guid(a71b9d12fd8f96a4791ccda3e98cdd86) Importer(2089858483,b0f066a214c2f5e87bad3c948f4d605d) (ScriptedImporter) -> (artifact id: '06737f0f2412b60f80a081092c67586b') in 0.0336499 seconds
Number of updated asset objects reloaded before import = 0Number of asset objects unloaded after import = 3

========================================================================
Received Import Request.
  Time since last request: 0.000019 seconds.
  path: Assets/BayatGames/Free Platform Game Assets/Coin Animation/png/4x/image 4.png
  artifactKey: Guid(76335bd232db0aa44948af7af403124d) Importer(2089858483,b0f066a214c2f5e87bad3c948f4d605d)
Start importing Assets/BayatGames/Free Platform Game Assets/Coin Animation/png/4x/image 4.png using Guid(76335bd232db0aa44948af7af403124d) Importer(2089858483,b0f066a214c2f5e87bad3c948f4d605d) (ScriptedImporter) -> (artifact id: '0debf8008d319157a20d42a5546daf49') in 0.1915674 seconds
Number of updated asset objects reloaded before import = 0Number of asset objects unloaded after import = 3

========================================================================
Received Import Request.
  Time since last request: 0.000021 seconds.
  path: Assets/karsiori/Sprites/Pixel Art Rock Pile Pack/Rock Pile - SILVER -/Rock Pile 1 - SILVER - small.PNG
  artifactKey: Guid(fea52045133c396438f27ec049d19bbf) Importer(2089858483,b0f066a214c2f5e87bad3c948f4d605d)
Start importing Assets/karsiori/Sprites/Pixel Art Rock Pile Pack/Rock Pile - SILVER -/Rock Pile 1 - SILVER - small.PNG using Guid(fea52045133c396438f27ec049d19bbf) Importer(2089858483,b0f066a214c2f5e87bad3c948f4d605d) (ScriptedImporter) -> (artifact id: '0b520e9f55ec154e9477d4efb35d3646') in 0.0647947 seconds
Number of updated asset objects reloaded before import = 0Number of asset objects unloaded after import = 3

========================================================================
Received Import Request.
  Time since last request: 0.000028 seconds.
  path: Assets/BayatGames/Free Platform Game Assets/Coin Animation/png/4x/image 3.png
  artifactKey: Guid(0a78cf85f9051204db2d29b987fdbf3c) Importer(2089858483,b0f066a214c2f5e87bad3c948f4d605d)
Start importing Assets/BayatGames/Free Platform Game Assets/Coin Animation/png/4x/image 3.png using Guid(0a78cf85f9051204db2d29b987fdbf3c) Importer(2089858483,b0f066a214c2f5e87bad3c948f4d605d) (ScriptedImporter) -> (artifact id: 'd0c22d4c0f9f123508824432ce1489bf') in 0.0565078 seconds
Number of updated asset objects reloaded before import = 0Number of asset objects unloaded after import = 3

========================================================================
Received Import Request.
  Time since last request: 0.000016 seconds.
  path: Assets/BayatGames/Free Platform Game Assets/Tiles/2.5D Tiles/Autumn ( Update 1.9 )/128x128/GrassJoinHillRight2&Left2.png
  artifactKey: Guid(86f877676106de24d83abea31d0ea644) Importer(2089858483,b0f066a214c2f5e87bad3c948f4d605d)
Start importing Assets/BayatGames/Free Platform Game Assets/Tiles/2.5D Tiles/Autumn ( Update 1.9 )/128x128/GrassJoinHillRight2&Left2.png using Guid(86f877676106de24d83abea31d0ea644) Importer(2089858483,b0f066a214c2f5e87bad3c948f4d605d) (ScriptedImporter) -> (artifact id: '7d596a54978c9a3c40ad48831fbce6c6') in 0.0511008 seconds
Number of updated asset objects reloaded before import = 0Number of asset objects unloaded after import = 3

========================================================================
Received Import Request.
  Time since last request: 0.000019 seconds.
  path: Assets/BayatGames/Free Platform Game Assets/Tiles/2.5D Tiles/Autumn ( Update 1.9 )/128x128/GrassRight.png
  artifactKey: Guid(b873e9e66b53ec64292cdafb535bcdf8) Importer(2089858483,b0f066a214c2f5e87bad3c948f4d605d)
Start importing Assets/BayatGames/Free Platform Game Assets/Tiles/2.5D Tiles/Autumn ( Update 1.9 )/128x128/GrassRight.png using Guid(b873e9e66b53ec64292cdafb535bcdf8) Importer(2089858483,b0f066a214c2f5e87bad3c948f4d605d) (ScriptedImporter) -> (artifact id: '37a07140034b074b38c514a848acaacd') in 0.036654 seconds
Number of updated asset objects reloaded before import = 0Number of asset objects unloaded after import = 3

========================================================================
Received Import Request.
  Time since last request: 0.000019 seconds.
  path: Assets/BayatGames/Free Platform Game Assets/Tiles/2.5D Tiles/Autumn ( Update 1.9 )/128x128/GrassCliffLeft.png
  artifactKey: Guid(9c1faccaee2c19e49833d708e106c238) Importer(2089858483,b0f066a214c2f5e87bad3c948f4d605d)
Start importing Assets/BayatGames/Free Platform Game Assets/Tiles/2.5D Tiles/Autumn ( Update 1.9 )/128x128/GrassCliffLeft.png using Guid(9c1faccaee2c19e49833d708e106c238) Importer(2089858483,b0f066a214c2f5e87bad3c948f4d605d) (ScriptedImporter) -> (artifact id: 'cb95514ebe3660caded7b2e23ab35c74') in 0.0663056 seconds
Number of updated asset objects reloaded before import = 0Number of asset objects unloaded after import = 3

========================================================================
Received Import Request.
  Time since last request: 0.000029 seconds.
  path: Assets/BayatGames/Free Platform Game Assets/Tiles/2.5D Tiles/Autumn ( Update 1.9 )/128x128/GrassLeft.png
  artifactKey: Guid(355ea20c28e2f8140b21fdb8ee93aa23) Importer(2089858483,b0f066a214c2f5e87bad3c948f4d605d)
Start importing Assets/BayatGames/Free Platform Game Assets/Tiles/2.5D Tiles/Autumn ( Update 1.9 )/128x128/GrassLeft.png using Guid(355ea20c28e2f8140b21fdb8ee93aa23) Importer(2089858483,b0f066a214c2f5e87bad3c948f4d605d) (ScriptedImporter) -> (artifact id: '54fd72032232e4b18dd5fa09a7e0c833') in 0.1290978 seconds
Number of updated asset objects reloaded before import = 0Number of asset objects unloaded after import = 3

========================================================================
Received Import Request.
  Time since last request: 0.000019 seconds.
  path: Assets/BayatGames/Free Platform Game Assets/Tiles/2.5D Tiles/Autumn ( Update 1.9 )/128x128/GrassJoinHillRight WithDropShadow.png
  artifactKey: Guid(fb585f74e843a8c499adae8759839591) Importer(2089858483,b0f066a214c2f5e87bad3c948f4d605d)
Start importing Assets/BayatGames/Free Platform Game Assets/Tiles/2.5D Tiles/Autumn ( Update 1.9 )/128x128/GrassJoinHillRight WithDropShadow.png using Guid(fb585f74e843a8c499adae8759839591) Importer(2089858483,b0f066a214c2f5e87bad3c948f4d605d) (ScriptedImporter) -> (artifact id: 'ec1856f0dad3aa2cf44dccec00a290f1') in 0.1212029 seconds
Number of updated asset objects reloaded before import = 0Number of asset objects unloaded after import = 3

========================================================================
Received Import Request.
  Time since last request: 0.000022 seconds.
  path: Assets/BayatGames/Free Platform Game Assets/Enemies/Enemies/png/128x128/Mac 128.png
  artifactKey: Guid(111d6ad0100b30a409730acbc80f96fb) Importer(2089858483,b0f066a214c2f5e87bad3c948f4d605d)
Start importing Assets/BayatGames/Free Platform Game Assets/Enemies/Enemies/png/128x128/Mac 128.png using Guid(111d6ad0100b30a409730acbc80f96fb) Importer(2089858483,b0f066a214c2f5e87bad3c948f4d605d) (ScriptedImporter) -> (artifact id: '50a96863cad17e88b7ded5173adbbf39') in 0.1022071 seconds
Number of updated asset objects reloaded before import = 0Number of asset objects unloaded after import = 3

========================================================================
Received Import Request.
  Time since last request: 0.000029 seconds.
  path: Assets/BayatGames/Free Platform Game Assets/Enemies/New Enemy ( Update 1.9 )/4x/2D Mac View/eye-4.png
  artifactKey: Guid(1dc7cd7ac9a0041439573efaa8af51dc) Importer(2089858483,b0f066a214c2f5e87bad3c948f4d605d)
Start importing Assets/BayatGames/Free Platform Game Assets/Enemies/New Enemy ( Update 1.9 )/4x/2D Mac View/eye-4.png using Guid(1dc7cd7ac9a0041439573efaa8af51dc) Importer(2089858483,b0f066a214c2f5e87bad3c948f4d605d) (ScriptedImporter) -> (artifact id: 'a8d19b16c2fa8de30936d4041bd9ccfb') in 0.051527 seconds
Number of updated asset objects reloaded before import = 0Number of asset objects unloaded after import = 3

========================================================================
Received Import Request.
  Time since last request: 0.000017 seconds.
  path: Assets/BayatGames/Free Platform Game Assets/Enemies/Enemies/png/512x512/Pupil 512.png
  artifactKey: Guid(34a3d5607a0ccfc4f9384976166ab7b4) Importer(2089858483,b0f066a214c2f5e87bad3c948f4d605d)
Start importing Assets/BayatGames/Free Platform Game Assets/Enemies/Enemies/png/512x512/Pupil 512.png using Guid(34a3d5607a0ccfc4f9384976166ab7b4) Importer(2089858483,b0f066a214c2f5e87bad3c948f4d605d) (ScriptedImporter) -> (artifact id: '8ce4460be7f6c0e4f65e0d0106e29dff') in 0.1113761 seconds
Number of updated asset objects reloaded before import = 0Number of asset objects unloaded after import = 3

========================================================================
Received Import Request.
  Time since last request: 0.000023 seconds.
  path: Assets/BayatGames/Free Platform Game Assets/Enemies/New Enemy ( Update 1.9 )/2x/2D Mac View/eye-5.png
  artifactKey: Guid(0e6087b58e9a0bd44aa4bd6e86f61471) Importer(2089858483,b0f066a214c2f5e87bad3c948f4d605d)
Start importing Assets/BayatGames/Free Platform Game Assets/Enemies/New Enemy ( Update 1.9 )/2x/2D Mac View/eye-5.png using Guid(0e6087b58e9a0bd44aa4bd6e86f61471) Importer(2089858483,b0f066a214c2f5e87bad3c948f4d605d) (ScriptedImporter) -> (artifact id: '64b6969a47644304e977f7c282c3587c') in 0.0853456 seconds
Number of updated asset objects reloaded before import = 0Number of asset objects unloaded after import = 3

========================================================================
Received Import Request.
  Time since last request: 0.000025 seconds.
  path: Assets/BayatGames/Free Platform Game Assets/Enemies/New Enemy ( Update 1.9 )/2x/2D Mac View/2D Mace View.png
  artifactKey: Guid(2c485f404f6b79e46bf40f28682b23d3) Importer(2089858483,b0f066a214c2f5e87bad3c948f4d605d)
Start importing Assets/BayatGames/Free Platform Game Assets/Enemies/New Enemy ( Update 1.9 )/2x/2D Mac View/2D Mace View.png using Guid(2c485f404f6b79e46bf40f28682b23d3) Importer(2089858483,b0f066a214c2f5e87bad3c948f4d605d) (ScriptedImporter) -> (artifact id: 'a52590758c1d2435bd46376d33b97d2e') in 0.0583762 seconds
Number of updated asset objects reloaded before import = 0Number of asset objects unloaded after import = 3

========================================================================
Received Import Request.
  Time since last request: 0.000022 seconds.
  path: Assets/BayatGames/Free Platform Game Assets/Environments/Environments/png/512x512/Environment.png
  artifactKey: Guid(9d5b89b9b450d3b44939437c835dfc9c) Importer(2089858483,b0f066a214c2f5e87bad3c948f4d605d)
Start importing Assets/BayatGames/Free Platform Game Assets/Environments/Environments/png/512x512/Environment.png using Guid(9d5b89b9b450d3b44939437c835dfc9c) Importer(2089858483,b0f066a214c2f5e87bad3c948f4d605d) (ScriptedImporter) -> (artifact id: '4f833acc01f165c13eea12bc0799b111') in 0.0570912 seconds
Number of updated asset objects reloaded before import = 0Number of asset objects unloaded after import = 3

========================================================================
Received Import Request.
  Time since last request: 0.000018 seconds.
  path: Assets/BayatGames/Free Platform Game Assets/Enemies/New Enemy ( Update 1.9 )/2x/2D Mac View/eye-3.png
  artifactKey: Guid(e0d8345b2eeb1e04f9c06b6f22a9860e) Importer(2089858483,b0f066a214c2f5e87bad3c948f4d605d)
Start importing Assets/BayatGames/Free Platform Game Assets/Enemies/New Enemy ( Update 1.9 )/2x/2D Mac View/eye-3.png using Guid(e0d8345b2eeb1e04f9c06b6f22a9860e) Importer(2089858483,b0f066a214c2f5e87bad3c948f4d605d) (ScriptedImporter) -> (artifact id: '82554a61c422451c9a06e334304d781a') in 0.0470005 seconds
Number of updated asset objects reloaded before import = 0Number of asset objects unloaded after import = 3

========================================================================
Received Import Request.
  Time since last request: 0.000026 seconds.
  path: Assets/BayatGames/Free Platform Game Assets/Enemies/Enemies/png/512x512/Mac 512.png
  artifactKey: Guid(a79dbc4d254271a47bc835354666ed81) Importer(2089858483,b0f066a214c2f5e87bad3c948f4d605d)
Start importing Assets/BayatGames/Free Platform Game Assets/Enemies/Enemies/png/512x512/Mac 512.png using Guid(a79dbc4d254271a47bc835354666ed81) Importer(2089858483,b0f066a214c2f5e87bad3c948f4d605d) (ScriptedImporter) -> (artifact id: '46d0f84008b53ab26472c594d4946d68') in 0.1793998 seconds
Number of updated asset objects reloaded before import = 0Number of asset objects unloaded after import = 3

========================================================================
Received Import Request.
  Time since last request: 0.000029 seconds.
  path: Assets/BayatGames/Free Platform Game Assets/Enemies/Enemies/png/256x256/Mace.png
  artifactKey: Guid(a38f2f3a00fc7e94f910aacead30a1f0) Importer(2089858483,b0f066a214c2f5e87bad3c948f4d605d)
Start importing Assets/BayatGames/Free Platform Game Assets/Enemies/Enemies/png/256x256/Mace.png using Guid(a38f2f3a00fc7e94f910aacead30a1f0) Importer(2089858483,b0f066a214c2f5e87bad3c948f4d605d) (ScriptedImporter) -> (artifact id: 'b23264aee1f59bb89c5cced18ee4e0a6') in 0.0961334 seconds
Number of updated asset objects reloaded before import = 0Number of asset objects unloaded after import = 3

========================================================================
Received Import Request.
  Time since last request: 0.000018 seconds.
  path: Assets/BayatGames/Free Platform Game Assets/Enemies/Enemies/png/32x32/Spike_Left&Right.png
  artifactKey: Guid(3560cf5b0cd02ac47bfdf0db0469d4d4) Importer(2089858483,b0f066a214c2f5e87bad3c948f4d605d)
Start importing Assets/BayatGames/Free Platform Game Assets/Enemies/Enemies/png/32x32/Spike_Left&Right.png using Guid(3560cf5b0cd02ac47bfdf0db0469d4d4) Importer(2089858483,b0f066a214c2f5e87bad3c948f4d605d) (ScriptedImporter) -> (artifact id: '29c73d10183fe896d51c3648128e2b51') in 0.1449321 seconds
Number of updated asset objects reloaded before import = 0Number of asset objects unloaded after import = 3

========================================================================
Received Import Request.
  Time since last request: 0.000018 seconds.
  path: Assets/BayatGames/Free Platform Game Assets/Tiles/2.5D Tiles/Autumn ( Update 1.9 )/128x128/GrassCliffMid.png
  artifactKey: Guid(7b79f7d249f2d2f45b408eb3a36f88d4) Importer(2089858483,b0f066a214c2f5e87bad3c948f4d605d)
Start importing Assets/BayatGames/Free Platform Game Assets/Tiles/2.5D Tiles/Autumn ( Update 1.9 )/128x128/GrassCliffMid.png using Guid(7b79f7d249f2d2f45b408eb3a36f88d4) Importer(2089858483,b0f066a214c2f5e87bad3c948f4d605d) (ScriptedImporter) -> (artifact id: 'bb697f8e0a617000e5c7f7f6d23d7862') in 1.0234348 seconds
Number of updated asset objects reloaded before import = 0Number of asset objects unloaded after import = 3

========================================================================
Received Import Request.
  Time since last request: 0.000032 seconds.
  path: Assets/BayatGames/Free Platform Game Assets/Tiles/2.5D Tiles/Autumn ( Update 1.9 )/512x512/GrassJoinHillLeft2&Right2 WithDropShadow.png
  artifactKey: Guid(d113fb6e46d9e4346ab8e1076f7ba488) Importer(2089858483,b0f066a214c2f5e87bad3c948f4d605d)
Start importing Assets/BayatGames/Free Platform Game Assets/Tiles/2.5D Tiles/Autumn ( Update 1.9 )/512x512/GrassJoinHillLeft2&Right2 WithDropShadow.png using Guid(d113fb6e46d9e4346ab8e1076f7ba488) Importer(2089858483,b0f066a214c2f5e87bad3c948f4d605d) (ScriptedImporter) -> (artifact id: '8fd1bddbcbb3774d7cc8c2dc47860d9c') in 0.6112062 seconds
Number of updated asset objects reloaded before import = 0Number of asset objects unloaded after import = 3

========================================================================
Received Import Request.
  Time since last request: 0.000019 seconds.
  path: Assets/BayatGames/Free Platform Game Assets/Tiles/2.5D Tiles/Autumn ( Update 1.9 )/512x512/Grass.png
  artifactKey: Guid(4a2e7912bf73f9744bec79947b2d2334) Importer(2089858483,b0f066a214c2f5e87bad3c948f4d605d)
Start importing Assets/BayatGames/Free Platform Game Assets/Tiles/2.5D Tiles/Autumn ( Update 1.9 )/512x512/Grass.png using Guid(4a2e7912bf73f9744bec79947b2d2334) Importer(2089858483,b0f066a214c2f5e87bad3c948f4d605d) (ScriptedImporter) -> (artifact id: '9331b03e5c838ae2623f71bf73c88647') in 0.4542932 seconds
Number of updated asset objects reloaded before import = 0Number of asset objects unloaded after import = 3

========================================================================
Received Import Request.
  Time since last request: 0.000027 seconds.
  path: Assets/BayatGames/Free Platform Game Assets/Tiles/2.5D Tiles/Autumn ( Update 1.9 )/512x512/HillLeft2 WithDropShadow.png
  artifactKey: Guid(80578aa425aaac040a4af2ee980a66ca) Importer(2089858483,b0f066a214c2f5e87bad3c948f4d605d)
Start importing Assets/BayatGames/Free Platform Game Assets/Tiles/2.5D Tiles/Autumn ( Update 1.9 )/512x512/HillLeft2 WithDropShadow.png using Guid(80578aa425aaac040a4af2ee980a66ca) Importer(2089858483,b0f066a214c2f5e87bad3c948f4d605d) (ScriptedImporter) -> (artifact id: 'b67db90286db8c20c7712813e7e445cf') in 0.4918773 seconds
Number of updated asset objects reloaded before import = 0Number of asset objects unloaded after import = 3

========================================================================
Received Import Request.
  Time since last request: 0.000022 seconds.
  path: Assets/BayatGames/Free Platform Game Assets/Tiles/2.5D Tiles/Autumn ( Update 1.9 )/256x256/GrassMid.png
  artifactKey: Guid(a4a8e7b2d8ef88c4da4b8d3aa96b65dc) Importer(2089858483,b0f066a214c2f5e87bad3c948f4d605d)
Start importing Assets/BayatGames/Free Platform Game Assets/Tiles/2.5D Tiles/Autumn ( Update 1.9 )/256x256/GrassMid.png using Guid(a4a8e7b2d8ef88c4da4b8d3aa96b65dc) Importer(2089858483,b0f066a214c2f5e87bad3c948f4d605d) (ScriptedImporter) -> (artifact id: 'cde9ae0bdea9182f5603690432f084da') in 0.3059221 seconds
Number of updated asset objects reloaded before import = 0Number of asset objects unloaded after import = 3

========================================================================
Received Import Request.
  Time since last request: 0.000028 seconds.
  path: Assets/BayatGames/Free Platform Game Assets/Tiles/2.5D Tiles/Autumn ( Update 1.9 )/512x512/GrassMid.png
  artifactKey: Guid(ceaf47234c0a38c49b911d8b8672eae2) Importer(2089858483,b0f066a214c2f5e87bad3c948f4d605d)
Start importing Assets/BayatGames/Free Platform Game Assets/Tiles/2.5D Tiles/Autumn ( Update 1.9 )/512x512/GrassMid.png using Guid(ceaf47234c0a38c49b911d8b8672eae2) Importer(2089858483,b0f066a214c2f5e87bad3c948f4d605d) (ScriptedImporter) -> (artifact id: '726eb8a8e234226d63ed2896340a42c9') in 0.1435027 seconds
Number of updated asset objects reloaded before import = 0Number of asset objects unloaded after import = 3

========================================================================
Received Import Request.
  Time since last request: 0.000016 seconds.
  path: Assets/BayatGames/Free Platform Game Assets/Tiles/2.5D Tiles/Autumn ( Update 1.9 )/256x256/HillRight.png
  artifactKey: Guid(c401a78d82536714f834215e527fc133) Importer(2089858483,b0f066a214c2f5e87bad3c948f4d605d)
Start importing Assets/BayatGames/Free Platform Game Assets/Tiles/2.5D Tiles/Autumn ( Update 1.9 )/256x256/HillRight.png using Guid(c401a78d82536714f834215e527fc133) Importer(2089858483,b0f066a214c2f5e87bad3c948f4d605d) (ScriptedImporter) -> (artifact id: '17e3857c80879e48908154c5edc02cfa') in 0.3696726 seconds
Number of updated asset objects reloaded before import = 0Number of asset objects unloaded after import = 3

========================================================================
Received Import Request.
  Time since last request: 0.000020 seconds.
  path: Assets/BayatGames/Free Platform Game Assets/Tiles/2.5D Tiles/Autumn ( Update 1.9 )/256x256/GrassCliffLeft.png
  artifactKey: Guid(9f58eac9bb4c9e748a3c5ba9674485c4) Importer(2089858483,b0f066a214c2f5e87bad3c948f4d605d)
Start importing Assets/BayatGames/Free Platform Game Assets/Tiles/2.5D Tiles/Autumn ( Update 1.9 )/256x256/GrassCliffLeft.png using Guid(9f58eac9bb4c9e748a3c5ba9674485c4) Importer(2089858483,b0f066a214c2f5e87bad3c948f4d605d) (ScriptedImporter) -> (artifact id: '29fdabecd57ff71abe6aee739f4f5624') in 0.2802148 seconds
Number of updated asset objects reloaded before import = 0Number of asset objects unloaded after import = 3

========================================================================
Received Import Request.
  Time since last request: 0.000030 seconds.
  path: Assets/BayatGames/Free Platform Game Assets/Tiles/2.5D Tiles/Autumn ( Update 1.9 )/256x256/HillLeft.png
  artifactKey: Guid(ea97d395354bb7e418e4cb2c56c3f8d8) Importer(2089858483,b0f066a214c2f5e87bad3c948f4d605d)
Start importing Assets/BayatGames/Free Platform Game Assets/Tiles/2.5D Tiles/Autumn ( Update 1.9 )/256x256/HillLeft.png using Guid(ea97d395354bb7e418e4cb2c56c3f8d8) Importer(2089858483,b0f066a214c2f5e87bad3c948f4d605d) (ScriptedImporter) -> (artifact id: '2e8b035eb3842a338b9bebef76fb4ce5') in 0.0822215 seconds
Number of updated asset objects reloaded before import = 0Number of asset objects unloaded after import = 3

========================================================================
Received Import Request.
  Time since last request: 0.000018 seconds.
  path: Assets/BayatGames/Free Platform Game Assets/Tiles/2.5D Tiles/Winter ( Update 1.9 )/128x128/GrassJoinHillRight.png
  artifactKey: Guid(c1b9ee380c365e04e87bd619f0d68bee) Importer(2089858483,b0f066a214c2f5e87bad3c948f4d605d)
Start importing Assets/BayatGames/Free Platform Game Assets/Tiles/2.5D Tiles/Winter ( Update 1.9 )/128x128/GrassJoinHillRight.png using Guid(c1b9ee380c365e04e87bd619f0d68bee) Importer(2089858483,b0f066a214c2f5e87bad3c948f4d605d) (ScriptedImporter) -> (artifact id: 'c9e61e906d0a77056c6c55eb44a788dd') in 0.1061002 seconds
Number of updated asset objects reloaded before import = 0Number of asset objects unloaded after import = 3

========================================================================
Received Import Request.
  Time since last request: 0.000024 seconds.
  path: Assets/BayatGames/Free Platform Game Assets/Tiles/2.5D Tiles/Winter ( Update 1.9 )/128x128/GrassJoinHillRight2.png
  artifactKey: Guid(75eb0a3b49a4acf4cb92371530831445) Importer(2089858483,b0f066a214c2f5e87bad3c948f4d605d)
Start importing Assets/BayatGames/Free Platform Game Assets/Tiles/2.5D Tiles/Winter ( Update 1.9 )/128x128/GrassJoinHillRight2.png using Guid(75eb0a3b49a4acf4cb92371530831445) Importer(2089858483,b0f066a214c2f5e87bad3c948f4d605d) (ScriptedImporter) -> (artifact id: '7b14df173d29ea0a0cbbcc2dd94af926') in 0.0500387 seconds
Number of updated asset objects reloaded before import = 0Number of asset objects unloaded after import = 3

========================================================================
Received Import Request.
  Time since last request: 0.000034 seconds.
  path: Assets/BayatGames/Free Platform Game Assets/Tiles/2.5D Tiles/Winter ( Update 1.9 )/128x128/GrassJoinHillRight2 WithDropShadow.png
  artifactKey: Guid(5a635123f15678648ba900dbc4a890e1) Importer(2089858483,b0f066a214c2f5e87bad3c948f4d605d)
Start importing Assets/BayatGames/Free Platform Game Assets/Tiles/2.5D Tiles/Winter ( Update 1.9 )/128x128/GrassJoinHillRight2 WithDropShadow.png using Guid(5a635123f15678648ba900dbc4a890e1) Importer(2089858483,b0f066a214c2f5e87bad3c948f4d605d) (ScriptedImporter) -> (artifact id: '52f8d1d0ad4a75df5ccafeb62728fe69') in 0.0442588 seconds
Number of updated asset objects reloaded before import = 0Number of asset objects unloaded after import = 3

========================================================================
Received Import Request.
  Time since last request: 0.000017 seconds.
  path: Assets/BayatGames/Free Platform Game Assets/Tiles/2.5D Tiles/Winter ( Update 1.9 )/128x128/HillLeft.png
  artifactKey: Guid(cf61be4bea5638e48ba95b8d08cd9572) Importer(2089858483,b0f066a214c2f5e87bad3c948f4d605d)
Start importing Assets/BayatGames/Free Platform Game Assets/Tiles/2.5D Tiles/Winter ( Update 1.9 )/128x128/HillLeft.png using Guid(cf61be4bea5638e48ba95b8d08cd9572) Importer(2089858483,b0f066a214c2f5e87bad3c948f4d605d) (ScriptedImporter) -> (artifact id: '5a5250e87a5b468fefc578dcfafc13c8') in 0.106225 seconds
Number of updated asset objects reloaded before import = 0Number of asset objects unloaded after import = 3

========================================================================
Received Import Request.
  Time since last request: 0.000023 seconds.
  path: Assets/BayatGames/Free Platform Game Assets/Tiles/2.5D Tiles/Winter ( Update 1.9 )/128x128/HillRight2.png
  artifactKey: Guid(9f21b96d1c2811845a808a5e94c66e7a) Importer(2089858483,b0f066a214c2f5e87bad3c948f4d605d)
Start importing Assets/BayatGames/Free Platform Game Assets/Tiles/2.5D Tiles/Winter ( Update 1.9 )/128x128/HillRight2.png using Guid(9f21b96d1c2811845a808a5e94c66e7a) Importer(2089858483,b0f066a214c2f5e87bad3c948f4d605d) (ScriptedImporter) -> (artifact id: '3ef934c9406db98f2e6054eacf1daf4d') in 0.0503311 seconds
Number of updated asset objects reloaded before import = 0Number of asset objects unloaded after import = 3

========================================================================
Received Import Request.
  Time since last request: 0.000027 seconds.
  path: Assets/BayatGames/Free Platform Game Assets/Tiles/2.5D Tiles/Winter ( Update 1.9 )/128x128/HillRight2 WithDropShadow.png
  artifactKey: Guid(15502f389c95ff54ca193f4aa6054029) Importer(2089858483,b0f066a214c2f5e87bad3c948f4d605d)
Start importing Assets/BayatGames/Free Platform Game Assets/Tiles/2.5D Tiles/Winter ( Update 1.9 )/128x128/HillRight2 WithDropShadow.png using Guid(15502f389c95ff54ca193f4aa6054029) Importer(2089858483,b0f066a214c2f5e87bad3c948f4d605d) (ScriptedImporter) -> (artifact id: '0ff2640f3e5ccc916c888a2c9d783c47') in 0.0569942 seconds
Number of updated asset objects reloaded before import = 0Number of asset objects unloaded after import = 3

========================================================================
Received Import Request.
  Time since last request: 0.000016 seconds.
  path: Assets/BayatGames/Free Platform Game Assets/Enemies/New Enemy ( Update 1.9 )/2x/2D Mac View/2D Mace View Body.png
  artifactKey: Guid(519cb9d1fa924d2489f39bd6fc5fbe7b) Importer(2089858483,b0f066a214c2f5e87bad3c948f4d605d)
Start importing Assets/BayatGames/Free Platform Game Assets/Enemies/New Enemy ( Update 1.9 )/2x/2D Mac View/2D Mace View Body.png using Guid(519cb9d1fa924d2489f39bd6fc5fbe7b) Importer(2089858483,b0f066a214c2f5e87bad3c948f4d605d) (ScriptedImporter) -> (artifact id: '011e94d437053074ac10b4a1761f1220') in 0.1203795 seconds
Number of updated asset objects reloaded before import = 0Number of asset objects unloaded after import = 3

========================================================================
Received Import Request.
  Time since last request: 0.000020 seconds.
  path: Assets/BayatGames/Free Platform Game Assets/Tiles/2.5D Tiles/Autumn ( Update 1.9 )/128x128/HillLeft.png
  artifactKey: Guid(1146804175835db4bbbd3bc0cb471dd4) Importer(2089858483,b0f066a214c2f5e87bad3c948f4d605d)
Start importing Assets/BayatGames/Free Platform Game Assets/Tiles/2.5D Tiles/Autumn ( Update 1.9 )/128x128/HillLeft.png using Guid(1146804175835db4bbbd3bc0cb471dd4) Importer(2089858483,b0f066a214c2f5e87bad3c948f4d605d) (ScriptedImporter) -> (artifact id: '2e35d04ddb5b63eb52e0ea2eeb20d779') in 0.0633161 seconds
Number of updated asset objects reloaded before import = 0Number of asset objects unloaded after import = 3

========================================================================
Received Import Request.
  Time since last request: 0.000032 seconds.
  path: Assets/BayatGames/Free Platform Game Assets/Tiles/2.5D Tiles/Autumn ( Update 1.9 )/256x256/Grass.png
  artifactKey: Guid(fbf17ac5d49423c409adaa56588347b5) Importer(2089858483,b0f066a214c2f5e87bad3c948f4d605d)
Start importing Assets/BayatGames/Free Platform Game Assets/Tiles/2.5D Tiles/Autumn ( Update 1.9 )/256x256/Grass.png using Guid(fbf17ac5d49423c409adaa56588347b5) Importer(2089858483,b0f066a214c2f5e87bad3c948f4d605d) (ScriptedImporter) -> (artifact id: 'b3f97bf7a7bca35736796848a98ed7a4') in 0.264538 seconds
Number of updated asset objects reloaded before import = 0Number of asset objects unloaded after import = 3

========================================================================
Received Import Request.
  Time since last request: 0.000020 seconds.
  path: Assets/BayatGames/Free Platform Game Assets/Tiles/2.5D Tiles/Autumn ( Update 1.9 )/256x256/HillLeft2 WithDropShadow.png
  artifactKey: Guid(b18b030d2dbadb141be1d753488481aa) Importer(2089858483,b0f066a214c2f5e87bad3c948f4d605d)
Start importing Assets/BayatGames/Free Platform Game Assets/Tiles/2.5D Tiles/Autumn ( Update 1.9 )/256x256/HillLeft2 WithDropShadow.png using Guid(b18b030d2dbadb141be1d753488481aa) Importer(2089858483,b0f066a214c2f5e87bad3c948f4d605d) (ScriptedImporter) -> (artifact id: 'b95e24d76ac89dbb3e84456d962485ec') in 0.1157968 seconds
Number of updated asset objects reloaded before import = 0Number of asset objects unloaded after import = 3

========================================================================
Received Import Request.
  Time since last request: 0.000026 seconds.
  path: Assets/BayatGames/Free Platform Game Assets/Enemies/Enemies/png/128x128/Saw.png
  artifactKey: Guid(613b14988f467df4dbaefa49d7784a6c) Importer(2089858483,b0f066a214c2f5e87bad3c948f4d605d)
Start importing Assets/BayatGames/Free Platform Game Assets/Enemies/Enemies/png/128x128/Saw.png using Guid(613b14988f467df4dbaefa49d7784a6c) Importer(2089858483,b0f066a214c2f5e87bad3c948f4d605d) (ScriptedImporter) -> (artifact id: 'e58a5c9afc8e9f976d41f2074f444b4b') in 0.188629 seconds
Number of updated asset objects reloaded before import = 0Number of asset objects unloaded after import = 3

========================================================================
Received Import Request.
  Time since last request: 0.000019 seconds.
  path: Assets/BayatGames/Free Platform Game Assets/Enemies/New Enemy ( Update 1.9 )/4x/2D Mac View/eye-5.png
  artifactKey: Guid(3495f8d592e03fd4bb11dec2e2c626e8) Importer(2089858483,b0f066a214c2f5e87bad3c948f4d605d)
Start importing Assets/BayatGames/Free Platform Game Assets/Enemies/New Enemy ( Update 1.9 )/4x/2D Mac View/eye-5.png using Guid(3495f8d592e03fd4bb11dec2e2c626e8) Importer(2089858483,b0f066a214c2f5e87bad3c948f4d605d) (ScriptedImporter) -> (artifact id: '116d54eb3f903849781efb82b0f9361b') in 0.0947569 seconds
Number of updated asset objects reloaded before import = 0Number of asset objects unloaded after import = 3

========================================================================
Received Import Request.
  Time since last request: 0.000029 seconds.
  path: Assets/BayatGames/Free Platform Game Assets/Tiles/2.5D Tiles/Autumn ( Update 1.9 )/512x512/HillRight2 WithDropShadow.png
  artifactKey: Guid(5105f1b35bf726c4ab7bd0d38e5ce373) Importer(2089858483,b0f066a214c2f5e87bad3c948f4d605d)
Start importing Assets/BayatGames/Free Platform Game Assets/Tiles/2.5D Tiles/Autumn ( Update 1.9 )/512x512/HillRight2 WithDropShadow.png using Guid(5105f1b35bf726c4ab7bd0d38e5ce373) Importer(2089858483,b0f066a214c2f5e87bad3c948f4d605d) (ScriptedImporter) -> (artifact id: 'b8d1a5724d766d38c89ff76ae95143f6') in 0.0946293 seconds
Number of updated asset objects reloaded before import = 0Number of asset objects unloaded after import = 3

========================================================================
Received Import Request.
  Time since last request: 0.000021 seconds.
  path: Assets/BayatGames/Free Platform Game Assets/Tiles/2.5D Tiles/Autumn ( Update 1.9 )/512x512/GrassCliffLeft.png
  artifactKey: Guid(fe882337d28b6654f939ea9f890a7db2) Importer(2089858483,b0f066a214c2f5e87bad3c948f4d605d)
Start importing Assets/BayatGames/Free Platform Game Assets/Tiles/2.5D Tiles/Autumn ( Update 1.9 )/512x512/GrassCliffLeft.png using Guid(fe882337d28b6654f939ea9f890a7db2) Importer(2089858483,b0f066a214c2f5e87bad3c948f4d605d) (ScriptedImporter) -> (artifact id: '092a4d97a9b16c9b19b5eb2ee33556c1') in 0.0365364 seconds
Number of updated asset objects reloaded before import = 0Number of asset objects unloaded after import = 3

========================================================================
Received Import Request.
  Time since last request: 0.000020 seconds.
  path: Assets/BayatGames/Free Platform Game Assets/Tiles/2.5D Tiles/Autumn ( Update 1.9 )/512x512/GrassLeft.png
  artifactKey: Guid(39d322f83e1f6e744913ef4b1acc38bf) Importer(2089858483,b0f066a214c2f5e87bad3c948f4d605d)
Start importing Assets/BayatGames/Free Platform Game Assets/Tiles/2.5D Tiles/Autumn ( Update 1.9 )/512x512/GrassLeft.png using Guid(39d322f83e1f6e744913ef4b1acc38bf) Importer(2089858483,b0f066a214c2f5e87bad3c948f4d605d) (ScriptedImporter) -> (artifact id: '87538c8075d25c4df92adab805c7ef55') in 0.0510867 seconds
Number of updated asset objects reloaded before import = 0Number of asset objects unloaded after import = 3

========================================================================
Received Import Request.
  Time since last request: 0.000024 seconds.
  path: Assets/BayatGames/Free Platform Game Assets/Tiles/2.5D Tiles/Autumn ( Update 1.9 )/128x128/GrassJoinHillLeft&Right.png
  artifactKey: Guid(041a264042118224996c09d1f7dfb2a5) Importer(2089858483,b0f066a214c2f5e87bad3c948f4d605d)
Start importing Assets/BayatGames/Free Platform Game Assets/Tiles/2.5D Tiles/Autumn ( Update 1.9 )/128x128/GrassJoinHillLeft&Right.png using Guid(041a264042118224996c09d1f7dfb2a5) Importer(2089858483,b0f066a214c2f5e87bad3c948f4d605d) (ScriptedImporter) -> (artifact id: 'b3546e2ddb52f781a0ec8e01a08ab96f') in 0.0520175 seconds
Number of updated asset objects reloaded before import = 0Number of asset objects unloaded after import = 3

========================================================================
Received Import Request.
  Time since last request: 0.000017 seconds.
  path: Assets/BayatGames/Free Platform Game Assets/Tiles/2.5D Tiles/Autumn ( Update 1.9 )/512x512/GrassJoinHillRight2.png
  artifactKey: Guid(05a40edca8366cf449610346a8aebbdb) Importer(2089858483,b0f066a214c2f5e87bad3c948f4d605d)
Start importing Assets/BayatGames/Free Platform Game Assets/Tiles/2.5D Tiles/Autumn ( Update 1.9 )/512x512/GrassJoinHillRight2.png using Guid(05a40edca8366cf449610346a8aebbdb) Importer(2089858483,b0f066a214c2f5e87bad3c948f4d605d) (ScriptedImporter) -> (artifact id: 'e225a8b5def6d9a20730c9f4598a78cf') in 0.1318719 seconds
Number of updated asset objects reloaded before import = 0Number of asset objects unloaded after import = 3

========================================================================
Received Import Request.
  Time since last request: 0.000019 seconds.
  path: Assets/karsiori/Sprites/Pixel Art Rock Pile Pack/Rock Pile - ORANGE -/Rock Pile 4 - ORANGE - small.PNG
  artifactKey: Guid(f5dfc322b857eb04ab0737669a1addb2) Importer(2089858483,b0f066a214c2f5e87bad3c948f4d605d)
Start importing Assets/karsiori/Sprites/Pixel Art Rock Pile Pack/Rock Pile - ORANGE -/Rock Pile 4 - ORANGE - small.PNG using Guid(f5dfc322b857eb04ab0737669a1addb2) Importer(2089858483,b0f066a214c2f5e87bad3c948f4d605d) (ScriptedImporter) -> (artifact id: '36147c56536d2922e3f9b2a7da30a8e0') in 0.0679532 seconds
Number of updated asset objects reloaded before import = 0Number of asset objects unloaded after import = 3

========================================================================
Received Import Request.
  Time since last request: 0.000029 seconds.
  path: Assets/BayatGames/Free Platform Game Assets/Tiles/2.5D Tiles/Autumn ( Update 1.9 )/512x512/HillLeft2.png
  artifactKey: Guid(42a95692aa7c99848b3e861073259e0d) Importer(2089858483,b0f066a214c2f5e87bad3c948f4d605d)
Start importing Assets/BayatGames/Free Platform Game Assets/Tiles/2.5D Tiles/Autumn ( Update 1.9 )/512x512/HillLeft2.png using Guid(42a95692aa7c99848b3e861073259e0d) Importer(2089858483,b0f066a214c2f5e87bad3c948f4d605d) (ScriptedImporter) -> (artifact id: '23b64a12b627af927db50285ec1eed51') in 0.1461024 seconds
Number of updated asset objects reloaded before import = 0Number of asset objects unloaded after import = 3

========================================================================
Received Import Request.
  Time since last request: 0.000043 seconds.
  path: Assets/BayatGames/Free Platform Game Assets/Enemies/Enemies/png/512x512/Eyelid 512.png
  artifactKey: Guid(cc1f52d6923505c4598451f13978778f) Importer(2089858483,b0f066a214c2f5e87bad3c948f4d605d)
Start importing Assets/BayatGames/Free Platform Game Assets/Enemies/Enemies/png/512x512/Eyelid 512.png using Guid(cc1f52d6923505c4598451f13978778f) Importer(2089858483,b0f066a214c2f5e87bad3c948f4d605d) (ScriptedImporter) -> (artifact id: 'bf1749013471f1b98ed437932acacf29') in 0.040716 seconds
Number of updated asset objects reloaded before import = 0Number of asset objects unloaded after import = 3

========================================================================
Received Import Request.
  Time since last request: 0.000021 seconds.
  path: Assets/BayatGames/Free Platform Game Assets/Tiles/2.5D Tiles/Spring/eps/New Tiles ( Upadte 1.8.5 ).eps
  artifactKey: Guid(517e51f85994c4c4cb6117c173d8ee66) Importer(2089858483,b0f066a214c2f5e87bad3c948f4d605d)
Start importing Assets/BayatGames/Free Platform Game Assets/Tiles/2.5D Tiles/Spring/eps/New Tiles ( Upadte 1.8.5 ).eps using Guid(517e51f85994c4c4cb6117c173d8ee66) Importer(2089858483,b0f066a214c2f5e87bad3c948f4d605d) (ScriptedImporter) -> (artifact id: '27ab6877dfe130dc2d2073e5f762c83d') in 0.0105957 seconds
Number of updated asset objects reloaded before import = 0Number of asset objects unloaded after import = 1

========================================================================
Received Import Request.
  Time since last request: 0.000029 seconds.
  path: Assets/BayatGames/Free Platform Game Assets/Enemies/New Enemy ( Update 1.9 )/8x/2D Mace View/eye-1.png
  artifactKey: Guid(6caebaa999d0a24468d9f4f08812c5a4) Importer(2089858483,b0f066a214c2f5e87bad3c948f4d605d)
Start importing Assets/BayatGames/Free Platform Game Assets/Enemies/New Enemy ( Update 1.9 )/8x/2D Mace View/eye-1.png using Guid(6caebaa999d0a24468d9f4f08812c5a4) Importer(2089858483,b0f066a214c2f5e87bad3c948f4d605d) (ScriptedImporter) -> (artifact id: '3f4b60a39c681136827ba4f25256e204') in 0.1192138 seconds
Number of updated asset objects reloaded before import = 0Number of asset objects unloaded after import = 3

========================================================================
Received Import Request.
  Time since last request: 0.000023 seconds.
  path: Assets/BayatGames/Free Platform Game Assets/Environments/New Details ( Update 1.9 )/4x/Flower-3.png
  artifactKey: Guid(a04161638cce6434388ac5a45598fe1e) Importer(2089858483,b0f066a214c2f5e87bad3c948f4d605d)
Start importing Assets/BayatGames/Free Platform Game Assets/Environments/New Details ( Update 1.9 )/4x/Flower-3.png using Guid(a04161638cce6434388ac5a45598fe1e) Importer(2089858483,b0f066a214c2f5e87bad3c948f4d605d) (ScriptedImporter) -> (artifact id: '4405c5a3cbf7eb796fd8c896878df151') in 0.1640921 seconds
Number of updated asset objects reloaded before import = 0Number of asset objects unloaded after import = 3

========================================================================
Received Import Request.
  Time since last request: 0.000021 seconds.
  path: Assets/FreePixelFood/Sprite/Food/Pineapple.png
  artifactKey: Guid(c2b79727230842b4d89c658c13fd4e24) Importer(2089858483,b0f066a214c2f5e87bad3c948f4d605d)
Start importing Assets/FreePixelFood/Sprite/Food/Pineapple.png using Guid(c2b79727230842b4d89c658c13fd4e24) Importer(2089858483,b0f066a214c2f5e87bad3c948f4d605d) (ScriptedImporter) -> (artifact id: '3034fa2ccb75a7b50685759734267e3f') in 0.0991507 seconds
Number of updated asset objects reloaded before import = 0Number of asset objects unloaded after import = 3

========================================================================
Received Import Request.
  Time since last request: 0.000026 seconds.
  path: Assets/BayatGames/Free Platform Game Assets/Tiles/2D Tiles ( Update 1.9 )/Autumn/128x128/GrassHillLeft.png
  artifactKey: Guid(67ff0ac2f6a9516408f3b2116d604e45) Importer(2089858483,b0f066a214c2f5e87bad3c948f4d605d)
Start importing Assets/BayatGames/Free Platform Game Assets/Tiles/2D Tiles ( Update 1.9 )/Autumn/128x128/GrassHillLeft.png using Guid(67ff0ac2f6a9516408f3b2116d604e45) Importer(2089858483,b0f066a214c2f5e87bad3c948f4d605d) (ScriptedImporter) -> (artifact id: '6576d4cbda47646b9b365971834c7af9') in 0.0734157 seconds
Number of updated asset objects reloaded before import = 0Number of asset objects unloaded after import = 3

========================================================================
Received Import Request.
  Time since last request: 0.000018 seconds.
  path: Assets/BayatGames/Free Platform Game Assets/Tiles/2.5D Tiles/Winter ( Update 1.9 )/256x256/HillRight2.png
  artifactKey: Guid(cd9097da7520bc4409eeb4e36a500f0b) Importer(2089858483,b0f066a214c2f5e87bad3c948f4d605d)
Start importing Assets/BayatGames/Free Platform Game Assets/Tiles/2.5D Tiles/Winter ( Update 1.9 )/256x256/HillRight2.png using Guid(cd9097da7520bc4409eeb4e36a500f0b) Importer(2089858483,b0f066a214c2f5e87bad3c948f4d605d) (ScriptedImporter) -> (artifact id: 'aa89ce4ba3a3e6b47f7d77cb9090526b') in 0.0520238 seconds
Number of updated asset objects reloaded before import = 0Number of asset objects unloaded after import = 3

========================================================================
Received Import Request.
  Time since last request: 0.000019 seconds.
  path: Assets/BayatGames/Free Platform Game Assets/Tiles/2D Tiles ( Update 1.9 )/Autumn/128x128/GrassHillRight.png
  artifactKey: Guid(b7918b0510151184f8eaeb13c7e8a1ae) Importer(2089858483,b0f066a214c2f5e87bad3c948f4d605d)
Start importing Assets/BayatGames/Free Platform Game Assets/Tiles/2D Tiles ( Update 1.9 )/Autumn/128x128/GrassHillRight.png using Guid(b7918b0510151184f8eaeb13c7e8a1ae) Importer(2089858483,b0f066a214c2f5e87bad3c948f4d605d) (ScriptedImporter) -> (artifact id: 'f6d7643f4e1c210687c9840140ecddd1') in 0.0419711 seconds
Number of updated asset objects reloaded before import = 0Number of asset objects unloaded after import = 3

========================================================================
Received Import Request.
  Time since last request: 0.000027 seconds.
  path: Assets/BayatGames/Free Platform Game Assets/Tiles/2.5D Tiles/Winter ( Update 1.9 )/256x256/HillRight2 WithDropShadow.png
  artifactKey: Guid(515356ebd4913fe42b73e24555dab7b9) Importer(2089858483,b0f066a214c2f5e87bad3c948f4d605d)
Start importing Assets/BayatGames/Free Platform Game Assets/Tiles/2.5D Tiles/Winter ( Update 1.9 )/256x256/HillRight2 WithDropShadow.png using Guid(515356ebd4913fe42b73e24555dab7b9) Importer(2089858483,b0f066a214c2f5e87bad3c948f4d605d) (ScriptedImporter) -> (artifact id: '1a88642c8509d4ec2197b99f8222f048') in 0.3262752 seconds
Number of updated asset objects reloaded before import = 0Number of asset objects unloaded after import = 3

========================================================================
Received Import Request.
  Time since last request: 0.000022 seconds.
  path: Assets/BayatGames/Free Platform Game Assets/Tiles/2D Tiles ( Update 1.9 )/Autumn/128x128/GrassJoinHillRight2 DownShadow.png
  artifactKey: Guid(cf009cee68ffabd4da43cef4a293d372) Importer(2089858483,b0f066a214c2f5e87bad3c948f4d605d)
Start importing Assets/BayatGames/Free Platform Game Assets/Tiles/2D Tiles ( Update 1.9 )/Autumn/128x128/GrassJoinHillRight2 DownShadow.png using Guid(cf009cee68ffabd4da43cef4a293d372) Importer(2089858483,b0f066a214c2f5e87bad3c948f4d605d) (ScriptedImporter) -> (artifact id: '52f19e8e2db45b8a724902564789b161') in 0.0444942 seconds
Number of updated asset objects reloaded before import = 0Number of asset objects unloaded after import = 3

========================================================================
Received Import Request.
  Time since last request: 0.000026 seconds.
  path: Assets/BayatGames/Free Platform Game Assets/Tiles/2D Tiles ( Update 1.9 )/Autumn/128x128/GrassJoinHillRight2&Left2.png
  artifactKey: Guid(c572dafcaa2932f4980111a2b4ab977e) Importer(2089858483,b0f066a214c2f5e87bad3c948f4d605d)
Start importing Assets/BayatGames/Free Platform Game Assets/Tiles/2D Tiles ( Update 1.9 )/Autumn/128x128/GrassJoinHillRight2&Left2.png using Guid(c572dafcaa2932f4980111a2b4ab977e) Importer(2089858483,b0f066a214c2f5e87bad3c948f4d605d) (ScriptedImporter) -> (artifact id: '8b8521f6a17cb4d699df267903d22414') in 0.0847071 seconds
Number of updated asset objects reloaded before import = 0Number of asset objects unloaded after import = 3

========================================================================
Received Import Request.
  Time since last request: 0.000016 seconds.
  path: Assets/BayatGames/Free Platform Game Assets/Tiles/2D Tiles ( Update 1.9 )/Autumn/128x128/GrassCliffMid.png
  artifactKey: Guid(7ba86cf90c6212242a19ed14895d16ac) Importer(2089858483,b0f066a214c2f5e87bad3c948f4d605d)
Start importing Assets/BayatGames/Free Platform Game Assets/Tiles/2D Tiles ( Update 1.9 )/Autumn/128x128/GrassCliffMid.png using Guid(7ba86cf90c6212242a19ed14895d16ac) Importer(2089858483,b0f066a214c2f5e87bad3c948f4d605d) (ScriptedImporter) -> (artifact id: '62280782d32d60f576003b232cfd55a6') in 0.0785865 seconds
Number of updated asset objects reloaded before import = 0Number of asset objects unloaded after import = 3

========================================================================
Received Import Request.
  Time since last request: 0.000018 seconds.
  path: Assets/BayatGames/Free Platform Game Assets/Tiles/2D Tiles ( Update 1.9 )/Autumn/128x128/GrassHillLeft2.png
  artifactKey: Guid(c4f1b75a04811774f88928aa05503459) Importer(2089858483,b0f066a214c2f5e87bad3c948f4d605d)
Start importing Assets/BayatGames/Free Platform Game Assets/Tiles/2D Tiles ( Update 1.9 )/Autumn/128x128/GrassHillLeft2.png using Guid(c4f1b75a04811774f88928aa05503459) Importer(2089858483,b0f066a214c2f5e87bad3c948f4d605d) (ScriptedImporter) -> (artifact id: '8cad6c5eb15ba6dc9494d67ff8aa6e7d') in 0.0846492 seconds
Number of updated asset objects reloaded before import = 0Number of asset objects unloaded after import = 3

========================================================================
Received Import Request.
  Time since last request: 0.000028 seconds.
  path: Assets/BayatGames/Free Platform Game Assets/Tiles/2D Tiles ( Update 1.9 )/Autumn/128x128/Grass.png
  artifactKey: Guid(ee5ab12db0b73344f9a1c89177d56025) Importer(2089858483,b0f066a214c2f5e87bad3c948f4d605d)
Start importing Assets/BayatGames/Free Platform Game Assets/Tiles/2D Tiles ( Update 1.9 )/Autumn/128x128/Grass.png using Guid(ee5ab12db0b73344f9a1c89177d56025) Importer(2089858483,b0f066a214c2f5e87bad3c948f4d605d) (ScriptedImporter) -> (artifact id: '080241b7b1d217170497d4635273afc4') in 0.0686355 seconds
Number of updated asset objects reloaded before import = 0Number of asset objects unloaded after import = 3

========================================================================
Received Import Request.
  Time since last request: 0.000018 seconds.
  path: Assets/BayatGames/Free Platform Game Assets/Tiles/2.5D Tiles/Winter ( Update 1.9 )/512x512/HillLeft2.png
  artifactKey: Guid(f0ea20b51cbf36f458dd45eb862ae599) Importer(2089858483,b0f066a214c2f5e87bad3c948f4d605d)
Start importing Assets/BayatGames/Free Platform Game Assets/Tiles/2.5D Tiles/Winter ( Update 1.9 )/512x512/HillLeft2.png using Guid(f0ea20b51cbf36f458dd45eb862ae599) Importer(2089858483,b0f066a214c2f5e87bad3c948f4d605d) (ScriptedImporter) -> (artifact id: 'de4392bb9c43ab27c949ddb854f55e38') in 0.1214426 seconds
Number of updated asset objects reloaded before import = 0Number of asset objects unloaded after import = 3

========================================================================
Received Import Request.
  Time since last request: 0.000036 seconds.
  path: Assets/BayatGames/Free Platform Game Assets/Tiles/2.5D Tiles/Winter ( Update 1.9 )/512x512/HillRight.png
  artifactKey: Guid(337feecaac1541447a2b3bb8f0268846) Importer(2089858483,b0f066a214c2f5e87bad3c948f4d605d)
Start importing Assets/BayatGames/Free Platform Game Assets/Tiles/2.5D Tiles/Winter ( Update 1.9 )/512x512/HillRight.png using Guid(337feecaac1541447a2b3bb8f0268846) Importer(2089858483,b0f066a214c2f5e87bad3c948f4d605d) (ScriptedImporter) -> (artifact id: 'd63cec89b2b18a85a6ab0ad2d42da870') in 0.2167203 seconds
Number of updated asset objects reloaded before import = 0Number of asset objects unloaded after import = 3

========================================================================
Received Import Request.
  Time since last request: 0.000034 seconds.
  path: Assets/BayatGames/Free Platform Game Assets/Tiles/2.5D Tiles/Winter ( Update 1.9 )/256x256/GrassJoinHillLeft2&Right2 WithDropShadow.png
  artifactKey: Guid(b0d60eca6776e8149a013e385a5cc2de) Importer(2089858483,b0f066a214c2f5e87bad3c948f4d605d)
Start importing Assets/BayatGames/Free Platform Game Assets/Tiles/2.5D Tiles/Winter ( Update 1.9 )/256x256/GrassJoinHillLeft2&Right2 WithDropShadow.png using Guid(b0d60eca6776e8149a013e385a5cc2de) Importer(2089858483,b0f066a214c2f5e87bad3c948f4d605d) (ScriptedImporter) -> (artifact id: 'bf3886f194c3a41d8b40773a5532431c') in 0.2062787 seconds
Number of updated asset objects reloaded before import = 0Number of asset objects unloaded after import = 3

========================================================================
Received Import Request.
  Time since last request: 0.000019 seconds.
  path: Assets/BayatGames/Free Platform Game Assets/Tiles/2.5D Tiles/Winter ( Update 1.9 )/256x256/Grass.png
  artifactKey: Guid(7fca3e9b4dd736744b43865bbd51cb1f) Importer(2089858483,b0f066a214c2f5e87bad3c948f4d605d)
Start importing Assets/BayatGames/Free Platform Game Assets/Tiles/2.5D Tiles/Winter ( Update 1.9 )/256x256/Grass.png using Guid(7fca3e9b4dd736744b43865bbd51cb1f) Importer(2089858483,b0f066a214c2f5e87bad3c948f4d605d) (ScriptedImporter) -> (artifact id: '50794d9b04d45e3763137f3d2d9abec9') in 0.099383 seconds
Number of updated asset objects reloaded before import = 0Number of asset objects unloaded after import = 3

========================================================================
Received Import Request.
  Time since last request: 0.000028 seconds.
  path: Assets/BayatGames/Free Platform Game Assets/Tiles/2D Tiles ( Update 1.9 )/Autumn/128x128/GrassJoinHillRight2&Left2 DownShadow.png
  artifactKey: Guid(b4ea590163c55db47963405e2db5f20a) Importer(2089858483,b0f066a214c2f5e87bad3c948f4d605d)
Start importing Assets/BayatGames/Free Platform Game Assets/Tiles/2D Tiles ( Update 1.9 )/Autumn/128x128/GrassJoinHillRight2&Left2 DownShadow.png using Guid(b4ea590163c55db47963405e2db5f20a) Importer(2089858483,b0f066a214c2f5e87bad3c948f4d605d) (ScriptedImporter) -> (artifact id: 'd3eb7880549595eefcde0394aaa05fe2') in 0.0821069 seconds
Number of updated asset objects reloaded before import = 0Number of asset objects unloaded after import = 3

========================================================================
Received Import Request.
  Time since last request: 0.000025 seconds.
  path: Assets/BayatGames/Free Platform Game Assets/Tiles/2.5D Tiles/Winter ( Update 1.9 )/256x256/GrassCliffLeft.png
  artifactKey: Guid(e9b4fa95f38f84d418455eb4eef91fea) Importer(2089858483,b0f066a214c2f5e87bad3c948f4d605d)
Start importing Assets/BayatGames/Free Platform Game Assets/Tiles/2.5D Tiles/Winter ( Update 1.9 )/256x256/GrassCliffLeft.png using Guid(e9b4fa95f38f84d418455eb4eef91fea) Importer(2089858483,b0f066a214c2f5e87bad3c948f4d605d) (ScriptedImporter) -> (artifact id: '523ccc501472fa0db40d47b3ef88a427') in 0.0667489 seconds
Number of updated asset objects reloaded before import = 0Number of asset objects unloaded after import = 3

========================================================================
Received Import Request.
  Time since last request: 0.000020 seconds.
  path: Assets/BayatGames/Free Platform Game Assets/Tiles/2D Tiles ( Update 1.9 )/Autumn/128x128/GrassJoinHillLeft2 DownShadow.png
  artifactKey: Guid(327a50b8eed10cf4e81f16418b093f98) Importer(2089858483,b0f066a214c2f5e87bad3c948f4d605d)
Start importing Assets/BayatGames/Free Platform Game Assets/Tiles/2D Tiles ( Update 1.9 )/Autumn/128x128/GrassJoinHillLeft2 DownShadow.png using Guid(327a50b8eed10cf4e81f16418b093f98) Importer(2089858483,b0f066a214c2f5e87bad3c948f4d605d) (ScriptedImporter) -> (artifact id: '5348648a62d0b92cb151d800d7e27eaa') in 0.0466074 seconds
Number of updated asset objects reloaded before import = 0Number of asset objects unloaded after import = 3

========================================================================
Received Import Request.
  Time since last request: 0.000031 seconds.
  path: Assets/BayatGames/Free Platform Game Assets/Tiles/2D Tiles ( Update 1.9 )/Autumn/128x128/GrassHillRight2 DownShadow.png
  artifactKey: Guid(7a066788bddaf4443ac747cea9ab415c) Importer(2089858483,b0f066a214c2f5e87bad3c948f4d605d)
Start importing Assets/BayatGames/Free Platform Game Assets/Tiles/2D Tiles ( Update 1.9 )/Autumn/128x128/GrassHillRight2 DownShadow.png using Guid(7a066788bddaf4443ac747cea9ab415c) Importer(2089858483,b0f066a214c2f5e87bad3c948f4d605d) (ScriptedImporter) -> (artifact id: '6dcc62e2434c7c29b3013d368babbe6f') in 0.0884621 seconds
Number of updated asset objects reloaded before import = 0Number of asset objects unloaded after import = 3

========================================================================
Received Import Request.
  Time since last request: 0.000016 seconds.
  path: Assets/BayatGames/Free Platform Game Assets/Tiles/2.5D Tiles/Winter ( Update 1.9 )/256x256/GrassJoindHillLeft.png
  artifactKey: Guid(49caa2091b9aad4488c2f7cf3c84951c) Importer(2089858483,b0f066a214c2f5e87bad3c948f4d605d)
Start importing Assets/BayatGames/Free Platform Game Assets/Tiles/2.5D Tiles/Winter ( Update 1.9 )/256x256/GrassJoindHillLeft.png using Guid(49caa2091b9aad4488c2f7cf3c84951c) Importer(2089858483,b0f066a214c2f5e87bad3c948f4d605d) (ScriptedImporter) -> (artifact id: 'ab1539799414fbe8393f397bfabcdb66') in 0.0545178 seconds
Number of updated asset objects reloaded before import = 0Number of asset objects unloaded after import = 3

========================================================================
Received Import Request.
  Time since last request: 0.000026 seconds.
  path: Assets/BayatGames/Free Platform Game Assets/Tiles/2.5D Tiles/Winter ( Update 1.9 )/256x256/GrassLeft.png
  artifactKey: Guid(943097577a5bb7d4b8b5a76cbb8d8903) Importer(2089858483,b0f066a214c2f5e87bad3c948f4d605d)
Start importing Assets/BayatGames/Free Platform Game Assets/Tiles/2.5D Tiles/Winter ( Update 1.9 )/256x256/GrassLeft.png using Guid(943097577a5bb7d4b8b5a76cbb8d8903) Importer(2089858483,b0f066a214c2f5e87bad3c948f4d605d) (ScriptedImporter) -> (artifact id: 'b69f40471ede50542e44bf9cafad13fb') in 0.0939994 seconds
Number of updated asset objects reloaded before import = 0Number of asset objects unloaded after import = 3

========================================================================
Received Import Request.
  Time since last request: 0.000031 seconds.
  path: Assets/BayatGames/Free Platform Game Assets/Tiles/2D Tiles ( Update 1.9 )/Autumn/512x512/GrassJoinHillLeft2.png
  artifactKey: Guid(d847bb9fed47ad64da5f917316f826ad) Importer(2089858483,b0f066a214c2f5e87bad3c948f4d605d)
Start importing Assets/BayatGames/Free Platform Game Assets/Tiles/2D Tiles ( Update 1.9 )/Autumn/512x512/GrassJoinHillLeft2.png using Guid(d847bb9fed47ad64da5f917316f826ad) Importer(2089858483,b0f066a214c2f5e87bad3c948f4d605d) (ScriptedImporter) -> (artifact id: '75853cb0dad6279ee4aaf50c0aad5048') in 0.0194535 seconds
Number of updated asset objects reloaded before import = 0Number of asset objects unloaded after import = 3

========================================================================
Received Import Request.
  Time since last request: 0.000030 seconds.
  path: Assets/BayatGames/Free Platform Game Assets/Tiles/2D Tiles ( Update 1.9 )/Autumn/256x256/GrassJoinHillLeft2 DownShadow.png
  artifactKey: Guid(2abe0c6884fe6d54490c02fe31cb3bbe) Importer(2089858483,b0f066a214c2f5e87bad3c948f4d605d)
Start importing Assets/BayatGames/Free Platform Game Assets/Tiles/2D Tiles ( Update 1.9 )/Autumn/256x256/GrassJoinHillLeft2 DownShadow.png using Guid(2abe0c6884fe6d54490c02fe31cb3bbe) Importer(2089858483,b0f066a214c2f5e87bad3c948f4d605d) (ScriptedImporter) -> (artifact id: '71fde46443eb7f34a6be52c8fbb7f74e') in 0.0528922 seconds
Number of updated asset objects reloaded before import = 0Number of asset objects unloaded after import = 3

========================================================================
Received Import Request.
  Time since last request: 0.000023 seconds.
  path: Assets/BayatGames/Free Platform Game Assets/Tiles/2D Tiles ( Update 1.9 )/Autumn/512x512/GrassJoinHillRight2.png
  artifactKey: Guid(feef1053fee14ad4e9e24adc2a5737d7) Importer(2089858483,b0f066a214c2f5e87bad3c948f4d605d)
Start importing Assets/BayatGames/Free Platform Game Assets/Tiles/2D Tiles ( Update 1.9 )/Autumn/512x512/GrassJoinHillRight2.png using Guid(feef1053fee14ad4e9e24adc2a5737d7) Importer(2089858483,b0f066a214c2f5e87bad3c948f4d605d) (ScriptedImporter) -> (artifact id: '9afa1c89efcd3edea909aa7c6b6b2d65') in 0.0791396 seconds
Number of updated asset objects reloaded before import = 0Number of asset objects unloaded after import = 3

========================================================================
Received Import Request.
  Time since last request: 0.000019 seconds.
  path: Assets/BayatGames/Free Platform Game Assets/Tiles/2D Tiles ( Update 1.9 )/Autumn/256x256/GrassJoinHillRight.png
  artifactKey: Guid(086002ad15a2a5242a7bfbac33353fa9) Importer(2089858483,b0f066a214c2f5e87bad3c948f4d605d)
Start importing Assets/BayatGames/Free Platform Game Assets/Tiles/2D Tiles ( Update 1.9 )/Autumn/256x256/GrassJoinHillRight.png using Guid(086002ad15a2a5242a7bfbac33353fa9) Importer(2089858483,b0f066a214c2f5e87bad3c948f4d605d) (ScriptedImporter) -> (artifact id: '305d0bd5dc34299b86a6f81199d356e3') in 0.0955605 seconds
Number of updated asset objects reloaded before import = 0Number of asset objects unloaded after import = 3

========================================================================
Received Import Request.
  Time since last request: 0.000029 seconds.
  path: Assets/BayatGames/Free Platform Game Assets/Tiles/2D Tiles ( Update 1.9 )/Autumn/256x256/GrassRight.png
  artifactKey: Guid(1051a7b99ed61a449a2c4701a522121d) Importer(2089858483,b0f066a214c2f5e87bad3c948f4d605d)
Start importing Assets/BayatGames/Free Platform Game Assets/Tiles/2D Tiles ( Update 1.9 )/Autumn/256x256/GrassRight.png using Guid(1051a7b99ed61a449a2c4701a522121d) Importer(2089858483,b0f066a214c2f5e87bad3c948f4d605d) (ScriptedImporter) -> (artifact id: 'dbf6da6b224831f9d5f0b69276470d25') in 0.0662899 seconds
Number of updated asset objects reloaded before import = 0Number of asset objects unloaded after import = 3

========================================================================
Received Import Request.
  Time since last request: 0.000023 seconds.
  path: Assets/BayatGames/Free Platform Game Assets/Tiles/2D Tiles ( Update 1.9 )/Autumn/256x256/GrassHillLeft.png
  artifactKey: Guid(13a295e9d3e7cee4dbc0d43988478b6d) Importer(2089858483,b0f066a214c2f5e87bad3c948f4d605d)
Start importing Assets/BayatGames/Free Platform Game Assets/Tiles/2D Tiles ( Update 1.9 )/Autumn/256x256/GrassHillLeft.png using Guid(13a295e9d3e7cee4dbc0d43988478b6d) Importer(2089858483,b0f066a214c2f5e87bad3c948f4d605d) (ScriptedImporter) -> (artifact id: '42189492dbc1ec9f3ffb44a844136914') in 0.156664 seconds
Number of updated asset objects reloaded before import = 0Number of asset objects unloaded after import = 3

========================================================================
Received Import Request.
  Time since last request: 0.000020 seconds.
  path: Assets/BayatGames/Free Platform Game Assets/Tiles/2D Tiles ( Update 1.9 )/Spring/128x128/Grass.png
  artifactKey: Guid(d9b0a0dc2578b3e44b1dd00a404b2c93) Importer(2089858483,b0f066a214c2f5e87bad3c948f4d605d)
Start importing Assets/BayatGames/Free Platform Game Assets/Tiles/2D Tiles ( Update 1.9 )/Spring/128x128/Grass.png using Guid(d9b0a0dc2578b3e44b1dd00a404b2c93) Importer(2089858483,b0f066a214c2f5e87bad3c948f4d605d) (ScriptedImporter) -> (artifact id: '2e4a66d13358dcd6f16ff7ad9e360106') in 0.1416332 seconds
Number of updated asset objects reloaded before import = 0Number of asset objects unloaded after import = 3

========================================================================
Received Import Request.
  Time since last request: 0.000028 seconds.
  path: Assets/BayatGames/Free Platform Game Assets/Tiles/2D Tiles ( Update 1.9 )/Autumn/512x512/GrassJoinHillRight2&Left2 DownShadow.png
  artifactKey: Guid(e56bdcd94393908488c4da82640b3329) Importer(2089858483,b0f066a214c2f5e87bad3c948f4d605d)
Start importing Assets/BayatGames/Free Platform Game Assets/Tiles/2D Tiles ( Update 1.9 )/Autumn/512x512/GrassJoinHillRight2&Left2 DownShadow.png using Guid(e56bdcd94393908488c4da82640b3329) Importer(2089858483,b0f066a214c2f5e87bad3c948f4d605d) (ScriptedImporter) -> (artifact id: '60656ade6c510d92dd266190b2d1490b') in 0.1890195 seconds
Number of updated asset objects reloaded before import = 0Number of asset objects unloaded after import = 3

========================================================================
Received Import Request.
  Time since last request: 0.000021 seconds.
  path: Assets/BayatGames/Free Platform Game Assets/Tiles/2D Tiles ( Update 1.9 )/Autumn/512x512/GrassJoinHillRight2 DownShadow.png
  artifactKey: Guid(fe1a7db9cb5745742835e96a2cdded33) Importer(2089858483,b0f066a214c2f5e87bad3c948f4d605d)
Start importing Assets/BayatGames/Free Platform Game Assets/Tiles/2D Tiles ( Update 1.9 )/Autumn/512x512/GrassJoinHillRight2 DownShadow.png using Guid(fe1a7db9cb5745742835e96a2cdded33) Importer(2089858483,b0f066a214c2f5e87bad3c948f4d605d) (ScriptedImporter) -> (artifact id: '9ce508de517dd97215bfc2cc865e23ec') in 0.0801175 seconds
Number of updated asset objects reloaded before import = 0Number of asset objects unloaded after import = 3

========================================================================
Received Import Request.
  Time since last request: 0.000034 seconds.
  path: Assets/BayatGames/Free Platform Game Assets/Tiles/2D Tiles ( Update 1.9 )/Autumn/256x256/GrassHillRight.png
  artifactKey: Guid(152b2b65b59347340bb65094f8e846a6) Importer(2089858483,b0f066a214c2f5e87bad3c948f4d605d)
Start importing Assets/BayatGames/Free Platform Game Assets/Tiles/2D Tiles ( Update 1.9 )/Autumn/256x256/GrassHillRight.png using Guid(152b2b65b59347340bb65094f8e846a6) Importer(2089858483,b0f066a214c2f5e87bad3c948f4d605d) (ScriptedImporter) -> (artifact id: '59dec882ade7b2118c12682a0d055b3d') in 0.0747347 seconds
Number of updated asset objects reloaded before import = 0Number of asset objects unloaded after import = 3

========================================================================
Received Import Request.
  Time since last request: 0.000019 seconds.
  path: Assets/BayatGames/Free Platform Game Assets/Tiles/2D Tiles ( Update 1.9 )/Autumn/512x512/GrassRight.png
  artifactKey: Guid(5f84cb4bd9487ed4e838c3eefbee4923) Importer(2089858483,b0f066a214c2f5e87bad3c948f4d605d)
Start importing Assets/BayatGames/Free Platform Game Assets/Tiles/2D Tiles ( Update 1.9 )/Autumn/512x512/GrassRight.png using Guid(5f84cb4bd9487ed4e838c3eefbee4923) Importer(2089858483,b0f066a214c2f5e87bad3c948f4d605d) (ScriptedImporter) -> (artifact id: '72d23741e2a2175fc1238ccd9badaa42') in 0.1401692 seconds
Number of updated asset objects reloaded before import = 0Number of asset objects unloaded after import = 3

========================================================================
Received Import Request.
  Time since last request: 0.000022 seconds.
  path: Assets/BayatGames/Free Platform Game Assets/Tiles/2D Tiles ( Update 1.9 )/Spring/128x128/GrassJoinHillRight&Left.png
  artifactKey: Guid(8f16746f33960194c91cf9c90ab154c4) Importer(2089858483,b0f066a214c2f5e87bad3c948f4d605d)
Start importing Assets/BayatGames/Free Platform Game Assets/Tiles/2D Tiles ( Update 1.9 )/Spring/128x128/GrassJoinHillRight&Left.png using Guid(8f16746f33960194c91cf9c90ab154c4) Importer(2089858483,b0f066a214c2f5e87bad3c948f4d605d) (ScriptedImporter) -> (artifact id: 'd3e7c06a7fa29dc0e98add66266986ba') in 0.0356097 seconds
Number of updated asset objects reloaded before import = 0Number of asset objects unloaded after import = 3

========================================================================
Received Import Request.
  Time since last request: 0.000034 seconds.
  path: Assets/BayatGames/Free Platform Game Assets/Tiles/2D Tiles ( Update 1.9 )/Spring/128x128/GrassHillLeft2.png
  artifactKey: Guid(a15de4807924b4d428287d0a2b3dc832) Importer(2089858483,b0f066a214c2f5e87bad3c948f4d605d)
Start importing Assets/BayatGames/Free Platform Game Assets/Tiles/2D Tiles ( Update 1.9 )/Spring/128x128/GrassHillLeft2.png using Guid(a15de4807924b4d428287d0a2b3dc832) Importer(2089858483,b0f066a214c2f5e87bad3c948f4d605d) (ScriptedImporter) -> (artifact id: 'ae16164b07956b919d5d556f06792fdc') in 0.084377 seconds
Number of updated asset objects reloaded before import = 0Number of asset objects unloaded after import = 3

========================================================================
Received Import Request.
  Time since last request: 0.000017 seconds.
  path: Assets/BayatGames/Free Platform Game Assets/Tiles/2D Tiles ( Update 1.9 )/Autumn/256x256/GrassJoinHillRight2&Left2.png
  artifactKey: Guid(b3877fb12bc2b2741b4e74a6f9540378) Importer(2089858483,b0f066a214c2f5e87bad3c948f4d605d)
Start importing Assets/BayatGames/Free Platform Game Assets/Tiles/2D Tiles ( Update 1.9 )/Autumn/256x256/GrassJoinHillRight2&Left2.png using Guid(b3877fb12bc2b2741b4e74a6f9540378) Importer(2089858483,b0f066a214c2f5e87bad3c948f4d605d) (ScriptedImporter) -> (artifact id: 'bad863bc2bc8cf05e3deb5cb01cde902') in 0.0869221 seconds
Number of updated asset objects reloaded before import = 0Number of asset objects unloaded after import = 3

========================================================================
Received Import Request.
  Time since last request: 0.000019 seconds.
  path: Assets/BayatGames/Free Platform Game Assets/Tiles/2D Tiles ( Update 1.9 )/Spring/128x128/GrassJoinHillLeft.png
  artifactKey: Guid(a8a146b2b6736984f9f272c4b20b8c0e) Importer(2089858483,b0f066a214c2f5e87bad3c948f4d605d)
Start importing Assets/BayatGames/Free Platform Game Assets/Tiles/2D Tiles ( Update 1.9 )/Spring/128x128/GrassJoinHillLeft.png using Guid(a8a146b2b6736984f9f272c4b20b8c0e) Importer(2089858483,b0f066a214c2f5e87bad3c948f4d605d) (ScriptedImporter) -> (artifact id: 'b8f89b2a820d88d41f96d521aef752ff') in 0.0599983 seconds
Number of updated asset objects reloaded before import = 0Number of asset objects unloaded after import = 3

========================================================================
Received Import Request.
  Time since last request: 0.000026 seconds.
  path: Assets/BayatGames/Free Platform Game Assets/Tiles/2D Tiles ( Update 1.9 )/Autumn/512x512/GrassJoinHillLeft.png
  artifactKey: Guid(29853250a79ce524ca05974cbe27b15c) Importer(2089858483,b0f066a214c2f5e87bad3c948f4d605d)
Start importing Assets/BayatGames/Free Platform Game Assets/Tiles/2D Tiles ( Update 1.9 )/Autumn/512x512/GrassJoinHillLeft.png using Guid(29853250a79ce524ca05974cbe27b15c) Importer(2089858483,b0f066a214c2f5e87bad3c948f4d605d) (ScriptedImporter) -> (artifact id: 'ab1fc6b7410f76e88b80c25ceafb708b') in 0.0525565 seconds
Number of updated asset objects reloaded before import = 0Number of asset objects unloaded after import = 3

========================================================================
Received Import Request.
  Time since last request: 0.000021 seconds.
  path: Assets/BayatGames/Free Platform Game Assets/Tiles/2D Tiles ( Update 1.9 )/Autumn/512x512/GrassHillLeft2 DownShadow.png
  artifactKey: Guid(2a89803a08377214ba48a3a54a1dd4d1) Importer(2089858483,b0f066a214c2f5e87bad3c948f4d605d)
Start importing Assets/BayatGames/Free Platform Game Assets/Tiles/2D Tiles ( Update 1.9 )/Autumn/512x512/GrassHillLeft2 DownShadow.png using Guid(2a89803a08377214ba48a3a54a1dd4d1) Importer(2089858483,b0f066a214c2f5e87bad3c948f4d605d) (ScriptedImporter) -> (artifact id: 'c5634a163114a9d38f2a534195fedabb') in 0.0417781 seconds
Number of updated asset objects reloaded before import = 0Number of asset objects unloaded after import = 3

========================================================================
Received Import Request.
  Time since last request: 0.000020 seconds.
  path: Assets/BayatGames/Free Platform Game Assets/Tiles/2D Tiles ( Update 1.9 )/Autumn/256x256/GrassHillLeft2.png
  artifactKey: Guid(e5977bf53b642514b9e120b34ce13480) Importer(2089858483,b0f066a214c2f5e87bad3c948f4d605d)
Start importing Assets/BayatGames/Free Platform Game Assets/Tiles/2D Tiles ( Update 1.9 )/Autumn/256x256/GrassHillLeft2.png using Guid(e5977bf53b642514b9e120b34ce13480) Importer(2089858483,b0f066a214c2f5e87bad3c948f4d605d) (ScriptedImporter) -> (artifact id: '68185ed8416737a65f98f754e3b5075c') in 0.118939 seconds
Number of updated asset objects reloaded before import = 0Number of asset objects unloaded after import = 3

========================================================================
Received Import Request.
  Time since last request: 0.000017 seconds.
  path: Assets/BayatGames/Free Platform Game Assets/Tiles/2D Tiles ( Update 1.9 )/Autumn/256x256/GrassJoinHillRight2 DownShadow.png
  artifactKey: Guid(1d3ca053d9823694ea8522c83c69f62e) Importer(2089858483,b0f066a214c2f5e87bad3c948f4d605d)
Start importing Assets/BayatGames/Free Platform Game Assets/Tiles/2D Tiles ( Update 1.9 )/Autumn/256x256/GrassJoinHillRight2 DownShadow.png using Guid(1d3ca053d9823694ea8522c83c69f62e) Importer(2089858483,b0f066a214c2f5e87bad3c948f4d605d) (ScriptedImporter) -> (artifact id: '4acf65a5b93f2144714d0d94c34e4181') in 0.0842562 seconds
Number of updated asset objects reloaded before import = 0Number of asset objects unloaded after import = 3

========================================================================
Received Import Request.
  Time since last request: 0.000026 seconds.
  path: Assets/BayatGames/Free Platform Game Assets/Tiles/2D Tiles ( Update 1.9 )/Spring/128x128/GrassHillLeft2 DownShadow.png
  artifactKey: Guid(843abc5aa8fafa2459cb325515dd951b) Importer(2089858483,b0f066a214c2f5e87bad3c948f4d605d)
Start importing Assets/BayatGames/Free Platform Game Assets/Tiles/2D Tiles ( Update 1.9 )/Spring/128x128/GrassHillLeft2 DownShadow.png using Guid(843abc5aa8fafa2459cb325515dd951b) Importer(2089858483,b0f066a214c2f5e87bad3c948f4d605d) (ScriptedImporter) -> (artifact id: '564f6a39ec4f78af772d3fac5bf61531') in 0.0730814 seconds
Number of updated asset objects reloaded before import = 0Number of asset objects unloaded after import = 3

========================================================================
Received Import Request.
  Time since last request: 0.000017 seconds.
  path: Assets/BayatGames/Free Platform Game Assets/Tiles/2D Tiles ( Update 1.9 )/Spring/128x128/GrassHillRight2 DownShadow.png
  artifactKey: Guid(afd1552bfadd012489e9ef7943d3a7d1) Importer(2089858483,b0f066a214c2f5e87bad3c948f4d605d)
Start importing Assets/BayatGames/Free Platform Game Assets/Tiles/2D Tiles ( Update 1.9 )/Spring/128x128/GrassHillRight2 DownShadow.png using Guid(afd1552bfadd012489e9ef7943d3a7d1) Importer(2089858483,b0f066a214c2f5e87bad3c948f4d605d) (ScriptedImporter) -> (artifact id: 'f585790cec0be66f1e77334e56adfc8c') in 0.0511898 seconds
Number of updated asset objects reloaded before import = 0Number of asset objects unloaded after import = 3

========================================================================
Received Import Request.
  Time since last request: 0.000020 seconds.
  path: Assets/BayatGames/Free Platform Game Assets/Tiles/2D Tiles ( Update 1.9 )/Autumn/256x256/GrassJoinHillRight2.png
  artifactKey: Guid(4a9cb17f4295c514592d7996bca929dc) Importer(2089858483,b0f066a214c2f5e87bad3c948f4d605d)
Start importing Assets/BayatGames/Free Platform Game Assets/Tiles/2D Tiles ( Update 1.9 )/Autumn/256x256/GrassJoinHillRight2.png using Guid(4a9cb17f4295c514592d7996bca929dc) Importer(2089858483,b0f066a214c2f5e87bad3c948f4d605d) (ScriptedImporter) -> (artifact id: 'd534293b9a3b694e83c786db7fa49dad') in 0.0643915 seconds
Number of updated asset objects reloaded before import = 0Number of asset objects unloaded after import = 3

========================================================================
Received Import Request.
  Time since last request: 0.000024 seconds.
  path: Assets/BayatGames/Free Platform Game Assets/Tiles/2.5D Tiles/Winter ( Update 1.9 )/512x512/GrassRight.png
  artifactKey: Guid(1b64767a338d0334d9834dbeaa4f0109) Importer(2089858483,b0f066a214c2f5e87bad3c948f4d605d)
Start importing Assets/BayatGames/Free Platform Game Assets/Tiles/2.5D Tiles/Winter ( Update 1.9 )/512x512/GrassRight.png using Guid(1b64767a338d0334d9834dbeaa4f0109) Importer(2089858483,b0f066a214c2f5e87bad3c948f4d605d) (ScriptedImporter) -> (artifact id: '41b999549d5cb228bbdba9af168448b5') in 0.0882714 seconds
Number of updated asset objects reloaded before import = 0Number of asset objects unloaded after import = 3

========================================================================
Received Import Request.
  Time since last request: 0.000029 seconds.
  path: Assets/BayatGames/Free Platform Game Assets/Tiles/2.5D Tiles/Winter ( Update 1.9 )/256x256/HillRight.png
  artifactKey: Guid(06a88eb93eba5704a9edc37500de28fc) Importer(2089858483,b0f066a214c2f5e87bad3c948f4d605d)
Start importing Assets/BayatGames/Free Platform Game Assets/Tiles/2.5D Tiles/Winter ( Update 1.9 )/256x256/HillRight.png using Guid(06a88eb93eba5704a9edc37500de28fc) Importer(2089858483,b0f066a214c2f5e87bad3c948f4d605d) (ScriptedImporter) -> (artifact id: 'e8abb3b5d06b340c8ed2a4753b37d64e') in 0.0875746 seconds
Number of updated asset objects reloaded before import = 0Number of asset objects unloaded after import = 3

========================================================================
Received Import Request.
  Time since last request: 0.000017 seconds.
  path: Assets/BayatGames/Free Platform Game Assets/Enemies/Enemies/png/512x512/Saw.png
  artifactKey: Guid(68a3834f2b1dd354787570e78cf15747) Importer(2089858483,b0f066a214c2f5e87bad3c948f4d605d)
Start importing Assets/BayatGames/Free Platform Game Assets/Enemies/Enemies/png/512x512/Saw.png using Guid(68a3834f2b1dd354787570e78cf15747) Importer(2089858483,b0f066a214c2f5e87bad3c948f4d605d) (ScriptedImporter) -> (artifact id: '7d673db149bd033519522147663d6483') in 0.3139956 seconds
Number of updated asset objects reloaded before import = 0Number of asset objects unloaded after import = 3

========================================================================
Received Import Request.
  Time since last request: 0.000019 seconds.
  path: Assets/karsiori/Sprites/Pixel Art Rock Pile Pack/Rock Pile - MOSSY -/Rock Pile 3 - MOSSY - small.PNG
  artifactKey: Guid(f1e1af4ee34c69d43b8ea28747a78df6) Importer(2089858483,b0f066a214c2f5e87bad3c948f4d605d)
Start importing Assets/karsiori/Sprites/Pixel Art Rock Pile Pack/Rock Pile - MOSSY -/Rock Pile 3 - MOSSY - small.PNG using Guid(f1e1af4ee34c69d43b8ea28747a78df6) Importer(2089858483,b0f066a214c2f5e87bad3c948f4d605d) (ScriptedImporter) -> (artifact id: '9b5b9ddea4b33bc0d35638db4106e964') in 0.1433679 seconds
Number of updated asset objects reloaded before import = 0Number of asset objects unloaded after import = 3

========================================================================
Received Import Request.
  Time since last request: 0.000029 seconds.
  path: Assets/LSL/LSL4Unity/Plugins/LSL/linux/liblsl.so
  artifactKey: Guid(a83361f9e806b1e45b520ee093e8cc21) Importer(2089858483,b0f066a214c2f5e87bad3c948f4d605d)
Start importing Assets/LSL/LSL4Unity/Plugins/LSL/linux/liblsl.so using Guid(a83361f9e806b1e45b520ee093e8cc21) Importer(2089858483,b0f066a214c2f5e87bad3c948f4d605d) (ScriptedImporter) -> (artifact id: '9db6e29d6b149eb49d6a255cb90bbdf9') in 0.0126537 seconds
Number of updated asset objects reloaded before import = 0Number of asset objects unloaded after import = 0

========================================================================
Received Import Request.
  Time since last request: 0.000019 seconds.
  path: Assets/BayatGames/Free Platform Game Assets/Tiles/2D Tiles ( Update 1.9 )/Winter/128x128/GrassHillRight2.png
  artifactKey: Guid(16903d1469b7d7b4e98d5157f3ae929c) Importer(2089858483,b0f066a214c2f5e87bad3c948f4d605d)
Start importing Assets/BayatGames/Free Platform Game Assets/Tiles/2D Tiles ( Update 1.9 )/Winter/128x128/GrassHillRight2.png using Guid(16903d1469b7d7b4e98d5157f3ae929c) Importer(2089858483,b0f066a214c2f5e87bad3c948f4d605d) (ScriptedImporter) -> (artifact id: '9408d70a9e3cb7f5bdff692b1c1eec38') in 0.1497888 seconds
Number of updated asset objects reloaded before import = 0Number of asset objects unloaded after import = 3

========================================================================
Received Import Request.
  Time since last request: 0.000019 seconds.
  path: Assets/BayatGames/Free Platform Game Assets/Tiles/2D Tiles ( Update 1.9 )/Spring/512x512/GrassCliffRight.png
  artifactKey: Guid(08595250fd6a565488e11bd469f79951) Importer(2089858483,b0f066a214c2f5e87bad3c948f4d605d)
Start importing Assets/BayatGames/Free Platform Game Assets/Tiles/2D Tiles ( Update 1.9 )/Spring/512x512/GrassCliffRight.png using Guid(08595250fd6a565488e11bd469f79951) Importer(2089858483,b0f066a214c2f5e87bad3c948f4d605d) (ScriptedImporter) -> (artifact id: '159eaf01f1205bcc55507d1b2e930822') in 0.4252611 seconds
Number of updated asset objects reloaded before import = 0Number of asset objects unloaded after import = 3

========================================================================
Received Import Request.
  Time since last request: 0.000039 seconds.
  path: Assets/BayatGames/Free Platform Game Assets/Tiles/2D Tiles ( Update 1.9 )/Spring/256x256/GrassHillLeft.png
  artifactKey: Guid(1728b528a1d879141b698788b6fd05ef) Importer(2089858483,b0f066a214c2f5e87bad3c948f4d605d)
Start importing Assets/BayatGames/Free Platform Game Assets/Tiles/2D Tiles ( Update 1.9 )/Spring/256x256/GrassHillLeft.png using Guid(1728b528a1d879141b698788b6fd05ef) Importer(2089858483,b0f066a214c2f5e87bad3c948f4d605d) (ScriptedImporter) -> (artifact id: 'b9196a5b34434efdf4a2d62b7dedba7a') in 0.1519969 seconds
Number of updated asset objects reloaded before import = 0Number of asset objects unloaded after import = 3

========================================================================
Received Import Request.
  Time since last request: 0.000020 seconds.
  path: Assets/BayatGames/Free Platform Game Assets/Tiles/2D Tiles ( Update 1.9 )/Spring/256x256/GrassHillRight2 DownShadow.png
  artifactKey: Guid(dabe91581cff3fc4d8b2185a6476ef4f) Importer(2089858483,b0f066a214c2f5e87bad3c948f4d605d)
Start importing Assets/BayatGames/Free Platform Game Assets/Tiles/2D Tiles ( Update 1.9 )/Spring/256x256/GrassHillRight2 DownShadow.png using Guid(dabe91581cff3fc4d8b2185a6476ef4f) Importer(2089858483,b0f066a214c2f5e87bad3c948f4d605d) (ScriptedImporter) -> (artifact id: '6a6cfe5e2bd6cc977d002672d4feb3ce') in 0.0681627 seconds
Number of updated asset objects reloaded before import = 0Number of asset objects unloaded after import = 3

========================================================================
Received Import Request.
  Time since last request: 0.000020 seconds.
  path: Assets/BayatGames/Free Platform Game Assets/Tiles/2D Tiles ( Update 1.9 )/Spring/512x512/GrassJoinHillRight2&Left2.png
  artifactKey: Guid(25aef3dec09b9b441a6d96d3b26f00b6) Importer(2089858483,b0f066a214c2f5e87bad3c948f4d605d)
Start importing Assets/BayatGames/Free Platform Game Assets/Tiles/2D Tiles ( Update 1.9 )/Spring/512x512/GrassJoinHillRight2&Left2.png using Guid(25aef3dec09b9b441a6d96d3b26f00b6) Importer(2089858483,b0f066a214c2f5e87bad3c948f4d605d) (ScriptedImporter) -> (artifact id: 'c6895be2b1746dd1ebedcab33becee61') in 0.135963 seconds
Number of updated asset objects reloaded before import = 0Number of asset objects unloaded after import = 3

========================================================================
Received Import Request.
  Time since last request: 0.000025 seconds.
  path: Assets/BayatGames/Free Platform Game Assets/Tiles/2D Tiles ( Update 1.9 )/Spring/512x512/GrassJoinHillLeft.png
  artifactKey: Guid(e6eae7e18ef03794086cc5e9b57d27de) Importer(2089858483,b0f066a214c2f5e87bad3c948f4d605d)
Start importing Assets/BayatGames/Free Platform Game Assets/Tiles/2D Tiles ( Update 1.9 )/Spring/512x512/GrassJoinHillLeft.png using Guid(e6eae7e18ef03794086cc5e9b57d27de) Importer(2089858483,b0f066a214c2f5e87bad3c948f4d605d) (ScriptedImporter) -> (artifact id: '872b8723ffe79630e20a2d4dec02f373') in 0.1279178 seconds
Number of updated asset objects reloaded before import = 0Number of asset objects unloaded after import = 3

========================================================================
Received Import Request.
  Time since last request: 0.000019 seconds.
  path: Assets/BayatGames/Free Platform Game Assets/Tiles/2D Tiles ( Update 1.9 )/Spring/512x512/GrassJoinHillRight2.png
  artifactKey: Guid(c2b907e7f225cab408a7186a47242495) Importer(2089858483,b0f066a214c2f5e87bad3c948f4d605d)
Start importing Assets/BayatGames/Free Platform Game Assets/Tiles/2D Tiles ( Update 1.9 )/Spring/512x512/GrassJoinHillRight2.png using Guid(c2b907e7f225cab408a7186a47242495) Importer(2089858483,b0f066a214c2f5e87bad3c948f4d605d) (ScriptedImporter) -> (artifact id: 'd2fec720631a9595f92ee7f4b9e183d1') in 0.2079995 seconds
Number of updated asset objects reloaded before import = 0Number of asset objects unloaded after import = 3

========================================================================
Received Import Request.
  Time since last request: 0.000020 seconds.
  path: Assets/BayatGames/Free Platform Game Assets/Tiles/2D Tiles ( Update 1.9 )/Spring/256x256/GrassJoinHillLeft2 DownShadow.png
  artifactKey: Guid(59c87abf501fa4647ae33e5dc7c36c94) Importer(2089858483,b0f066a214c2f5e87bad3c948f4d605d)
Start importing Assets/BayatGames/Free Platform Game Assets/Tiles/2D Tiles ( Update 1.9 )/Spring/256x256/GrassJoinHillLeft2 DownShadow.png using Guid(59c87abf501fa4647ae33e5dc7c36c94) Importer(2089858483,b0f066a214c2f5e87bad3c948f4d605d) (ScriptedImporter) -> (artifact id: 'b5b49b62f34d32c3f80bffd1b0c53e0a') in 0.0818844 seconds
Number of updated asset objects reloaded before import = 0Number of asset objects unloaded after import = 3

========================================================================
Received Import Request.
  Time since last request: 0.000026 seconds.
  path: Assets/BayatGames/Free Platform Game Assets/Tiles/2D Tiles ( Update 1.9 )/Winter/128x128/GrassJoinHillRight2 DownShadow.png
  artifactKey: Guid(904669bc7d34c1f4395678e241f8cb2e) Importer(2089858483,b0f066a214c2f5e87bad3c948f4d605d)
Start importing Assets/BayatGames/Free Platform Game Assets/Tiles/2D Tiles ( Update 1.9 )/Winter/128x128/GrassJoinHillRight2 DownShadow.png using Guid(904669bc7d34c1f4395678e241f8cb2e) Importer(2089858483,b0f066a214c2f5e87bad3c948f4d605d) (ScriptedImporter) -> (artifact id: 'f70c1a91b5ed656328f1061aafa94c8a') in 0.2640743 seconds
Number of updated asset objects reloaded before import = 0Number of asset objects unloaded after import = 3

========================================================================
Received Import Request.
  Time since last request: 0.000018 seconds.
  path: Assets/BayatGames/Free Platform Game Assets/Tiles/2D Tiles ( Update 1.9 )/Spring/256x256/GrassJoinHillRight2&Left2.png
  artifactKey: Guid(abc819e191dd6ff48b3f3883b97c7247) Importer(2089858483,b0f066a214c2f5e87bad3c948f4d605d)
Start importing Assets/BayatGames/Free Platform Game Assets/Tiles/2D Tiles ( Update 1.9 )/Spring/256x256/GrassJoinHillRight2&Left2.png using Guid(abc819e191dd6ff48b3f3883b97c7247) Importer(2089858483,b0f066a214c2f5e87bad3c948f4d605d) (ScriptedImporter) -> (artifact id: '031df8aba19425a1e7addadc692f40de') in 0.0915951 seconds
Number of updated asset objects reloaded before import = 0Number of asset objects unloaded after import = 3

========================================================================
Received Import Request.
  Time since last request: 0.000030 seconds.
  path: Assets/BayatGames/Free Platform Game Assets/Tiles/2D Tiles ( Update 1.9 )/Spring/512x512/GrassCliffMid.png
  artifactKey: Guid(7a24f3066187aeb4bb2b7d3024a672bf) Importer(2089858483,b0f066a214c2f5e87bad3c948f4d605d)
Start importing Assets/BayatGames/Free Platform Game Assets/Tiles/2D Tiles ( Update 1.9 )/Spring/512x512/GrassCliffMid.png using Guid(7a24f3066187aeb4bb2b7d3024a672bf) Importer(2089858483,b0f066a214c2f5e87bad3c948f4d605d) (ScriptedImporter) -> (artifact id: 'a3bbf25c38cf6e3308e0edf458560463') in 0.0609126 seconds
Number of updated asset objects reloaded before import = 0Number of asset objects unloaded after import = 3

========================================================================
Received Import Request.
  Time since last request: 0.000017 seconds.
  path: Assets/BayatGames/Free Platform Game Assets/Tiles/2D Tiles ( Update 1.9 )/Winter/128x128/GrassHillLeft.png
  artifactKey: Guid(075cd760ed38a224da01c0c5f350a9ba) Importer(2089858483,b0f066a214c2f5e87bad3c948f4d605d)
Start importing Assets/BayatGames/Free Platform Game Assets/Tiles/2D Tiles ( Update 1.9 )/Winter/128x128/GrassHillLeft.png using Guid(075cd760ed38a224da01c0c5f350a9ba) Importer(2089858483,b0f066a214c2f5e87bad3c948f4d605d) (ScriptedImporter) -> (artifact id: '514f0553b1cb7eef0e49e707639bbb10') in 0.1266215 seconds
Number of updated asset objects reloaded before import = 0Number of asset objects unloaded after import = 3

========================================================================
Received Import Request.
  Time since last request: 0.000020 seconds.
  path: Assets/BayatGames/Free Platform Game Assets/Tiles/2D Tiles ( Update 1.9 )/Winter/128x128/GrassJoinHillRight2&Left2 DownShadow.png
  artifactKey: Guid(38c42ef76075ec44f904b4d8f1492ca9) Importer(2089858483,b0f066a214c2f5e87bad3c948f4d605d)
Start importing Assets/BayatGames/Free Platform Game Assets/Tiles/2D Tiles ( Update 1.9 )/Winter/128x128/GrassJoinHillRight2&Left2 DownShadow.png using Guid(38c42ef76075ec44f904b4d8f1492ca9) Importer(2089858483,b0f066a214c2f5e87bad3c948f4d605d) (ScriptedImporter) -> (artifact id: '46dc1372b0be4721accb313041eea9db') in 0.0561637 seconds
Number of updated asset objects reloaded before import = 0Number of asset objects unloaded after import = 3

========================================================================
Received Import Request.
  Time since last request: 0.000033 seconds.
  path: Assets/BayatGames/Free Platform Game Assets/Tiles/2D Tiles ( Update 1.9 )/Spring/512x512/GrassLeft.png
  artifactKey: Guid(fdb4ae36eb7e50447842d13941586854) Importer(2089858483,b0f066a214c2f5e87bad3c948f4d605d)
Start importing Assets/BayatGames/Free Platform Game Assets/Tiles/2D Tiles ( Update 1.9 )/Spring/512x512/GrassLeft.png using Guid(fdb4ae36eb7e50447842d13941586854) Importer(2089858483,b0f066a214c2f5e87bad3c948f4d605d) (ScriptedImporter) -> (artifact id: '53f27209bf4926cbcdfd4df6e7e5242b') in 0.0790816 seconds
Number of updated asset objects reloaded before import = 0Number of asset objects unloaded after import = 3

========================================================================
Received Import Request.
  Time since last request: 0.000016 seconds.
  path: Assets/BayatGames/Free Platform Game Assets/Tiles/2D Tiles ( Update 1.9 )/Winter/256x256/GrassCliffLeft.png
  artifactKey: Guid(4e3170c962aff9145bc3344632d31344) Importer(2089858483,b0f066a214c2f5e87bad3c948f4d605d)
Start importing Assets/BayatGames/Free Platform Game Assets/Tiles/2D Tiles ( Update 1.9 )/Winter/256x256/GrassCliffLeft.png using Guid(4e3170c962aff9145bc3344632d31344) Importer(2089858483,b0f066a214c2f5e87bad3c948f4d605d) (ScriptedImporter) -> (artifact id: 'be169d5db70e04693124d56121f87f1f') in 0.015886 seconds
Number of updated asset objects reloaded before import = 0Number of asset objects unloaded after import = 3

========================================================================
Received Import Request.
  Time since last request: 0.000016 seconds.
  path: Assets/BayatGames/Free Platform Game Assets/Tiles/2D Tiles ( Update 1.9 )/Winter/256x256/GrassHillRight.png
  artifactKey: Guid(7abc65b5b14ba284f82c8991ab1a682f) Importer(2089858483,b0f066a214c2f5e87bad3c948f4d605d)
Start importing Assets/BayatGames/Free Platform Game Assets/Tiles/2D Tiles ( Update 1.9 )/Winter/256x256/GrassHillRight.png using Guid(7abc65b5b14ba284f82c8991ab1a682f) Importer(2089858483,b0f066a214c2f5e87bad3c948f4d605d) (ScriptedImporter) -> (artifact id: '1fe4f13995171266011f908e3e1d95a3') in 0.0633036 seconds
Number of updated asset objects reloaded before import = 0Number of asset objects unloaded after import = 3

========================================================================
Received Import Request.
  Time since last request: 0.000022 seconds.
  path: Assets/BayatGames/Free Platform Game Assets/Tiles/2D Tiles ( Update 1.9 )/Winter/512x512/GrassJoinHillRight&Left.png
  artifactKey: Guid(2980408b5c71ac34bb788f8f0e851080) Importer(2089858483,b0f066a214c2f5e87bad3c948f4d605d)
Start importing Assets/BayatGames/Free Platform Game Assets/Tiles/2D Tiles ( Update 1.9 )/Winter/512x512/GrassJoinHillRight&Left.png using Guid(2980408b5c71ac34bb788f8f0e851080) Importer(2089858483,b0f066a214c2f5e87bad3c948f4d605d) (ScriptedImporter) -> (artifact id: 'd475b8d62d9ac54f7c2a4d7434ba4888') in 0.0562519 seconds
Number of updated asset objects reloaded before import = 0Number of asset objects unloaded after import = 3

========================================================================
Received Import Request.
  Time since last request: 0.000032 seconds.
  path: Assets/BayatGames/Free Platform Game Assets/Tiles/2D Tiles ( Update 1.9 )/Winter/256x256/GrassJoinHillRight2 DownShadow.png
  artifactKey: Guid(55f1cd1e35576f24bb513cb164e4f22a) Importer(2089858483,b0f066a214c2f5e87bad3c948f4d605d)
Start importing Assets/BayatGames/Free Platform Game Assets/Tiles/2D Tiles ( Update 1.9 )/Winter/256x256/GrassJoinHillRight2 DownShadow.png using Guid(55f1cd1e35576f24bb513cb164e4f22a) Importer(2089858483,b0f066a214c2f5e87bad3c948f4d605d) (ScriptedImporter) -> (artifact id: '3b8bfe205b29a58138f481e2ed747a3b') in 0.0665268 seconds
Number of updated asset objects reloaded before import = 0Number of asset objects unloaded after import = 3

========================================================================
Received Import Request.
  Time since last request: 0.000017 seconds.
  path: Assets/BayatGames/Free Platform Game Assets/Tiles/2D Tiles ( Update 1.9 )/Winter/256x256/GrassLeft.png
  artifactKey: Guid(7de2fd2c4d6233145bcdca52e5a4d9c9) Importer(2089858483,b0f066a214c2f5e87bad3c948f4d605d)
Start importing Assets/BayatGames/Free Platform Game Assets/Tiles/2D Tiles ( Update 1.9 )/Winter/256x256/GrassLeft.png using Guid(7de2fd2c4d6233145bcdca52e5a4d9c9) Importer(2089858483,b0f066a214c2f5e87bad3c948f4d605d) (ScriptedImporter) -> (artifact id: '3970e2f7fa8180ecd6113756c0c5131f') in 0.1387165 seconds
Number of updated asset objects reloaded before import = 0Number of asset objects unloaded after import = 3

========================================================================
Received Import Request.
  Time since last request: 0.000019 seconds.
  path: Assets/BayatGames/Free Platform Game Assets/Tiles/2D Tiles ( Update 1.9 )/Winter/512x512/GrassJoinHillRight.png
  artifactKey: Guid(20e4afa497b9d4c41a08d9e27c379cff) Importer(2089858483,b0f066a214c2f5e87bad3c948f4d605d)
Start importing Assets/BayatGames/Free Platform Game Assets/Tiles/2D Tiles ( Update 1.9 )/Winter/512x512/GrassJoinHillRight.png using Guid(20e4afa497b9d4c41a08d9e27c379cff) Importer(2089858483,b0f066a214c2f5e87bad3c948f4d605d) (ScriptedImporter) -> (artifact id: '4a5695eae355906b965cb16a346748cb') in 0.1236461 seconds
Number of updated asset objects reloaded before import = 0Number of asset objects unloaded after import = 3

========================================================================
Received Import Request.
  Time since last request: 0.000037 seconds.
  path: Assets/BayatGames/Free Platform Game Assets/Tiles/2D Tiles ( Update 1.9 )/Winter/256x256/GrassJoinHillRight2&Left2 DownShadow.png
  artifactKey: Guid(c238d9e29c482414ab08efe169f4e0a6) Importer(2089858483,b0f066a214c2f5e87bad3c948f4d605d)
Start importing Assets/BayatGames/Free Platform Game Assets/Tiles/2D Tiles ( Update 1.9 )/Winter/256x256/GrassJoinHillRight2&Left2 DownShadow.png using Guid(c238d9e29c482414ab08efe169f4e0a6) Importer(2089858483,b0f066a214c2f5e87bad3c948f4d605d) (ScriptedImporter) -> (artifact id: 'd5f68cca7914ccb481e4f4d7d66d5ac6') in 0.2366319 seconds
Number of updated asset objects reloaded before import = 0Number of asset objects unloaded after import = 3

========================================================================
Received Import Request.
  Time since last request: 0.000017 seconds.
  path: Assets/BayatGames/Free Platform Game Assets/Tiles/2D Tiles ( Update 1.9 )/Winter/256x256/GrassHillLeft2.png
  artifactKey: Guid(e4e1d0ba90a912c4eb082eb9faf03604) Importer(2089858483,b0f066a214c2f5e87bad3c948f4d605d)
Start importing Assets/BayatGames/Free Platform Game Assets/Tiles/2D Tiles ( Update 1.9 )/Winter/256x256/GrassHillLeft2.png using Guid(e4e1d0ba90a912c4eb082eb9faf03604) Importer(2089858483,b0f066a214c2f5e87bad3c948f4d605d) (ScriptedImporter) -> (artifact id: 'be29e6477be39e3fc7d8df27f1e9369b') in 0.1909663 seconds
Number of updated asset objects reloaded before import = 0Number of asset objects unloaded after import = 3

========================================================================
Received Import Request.
  Time since last request: 0.000026 seconds.
  path: Assets/BayatGames/Free Platform Game Assets/Tiles/2D Tiles ( Update 1.9 )/Winter/512x512/GrassJoinHillRight2&Left2.png
  artifactKey: Guid(2a6815aa22ddf824db467d7bab51296f) Importer(2089858483,b0f066a214c2f5e87bad3c948f4d605d)
Start importing Assets/BayatGames/Free Platform Game Assets/Tiles/2D Tiles ( Update 1.9 )/Winter/512x512/GrassJoinHillRight2&Left2.png using Guid(2a6815aa22ddf824db467d7bab51296f) Importer(2089858483,b0f066a214c2f5e87bad3c948f4d605d) (ScriptedImporter) -> (artifact id: 'ffc7ea3e16b8062ef7d6baa14b84cc83') in 0.1041411 seconds
Number of updated asset objects reloaded before import = 0Number of asset objects unloaded after import = 3

========================================================================
Received Import Request.
  Time since last request: 0.000024 seconds.
  path: Assets/BayatGames/Free Platform Game Assets/Tiles/2D Tiles ( Update 1.9 )/Winter/256x256/GrassJoinHillRight2.png
  artifactKey: Guid(07954615f757c154e8242a4df84ec1c9) Importer(2089858483,b0f066a214c2f5e87bad3c948f4d605d)
Start importing Assets/BayatGames/Free Platform Game Assets/Tiles/2D Tiles ( Update 1.9 )/Winter/256x256/GrassJoinHillRight2.png using Guid(07954615f757c154e8242a4df84ec1c9) Importer(2089858483,b0f066a214c2f5e87bad3c948f4d605d) (ScriptedImporter) -> (artifact id: 'cf03649a4303de069934d19c2fcafda5') in 0.153096 seconds
Number of updated asset objects reloaded before import = 0Number of asset objects unloaded after import = 3

========================================================================
Received Import Request.
  Time since last request: 0.000019 seconds.
  path: Assets/BayatGames/Free Platform Game Assets/Tiles/2D Tiles ( Update 1.9 )/Winter/512x512/GrassJoinHillRight2&Left2 DownShadow.png
  artifactKey: Guid(42583aabc6cbcf444b9f60cc030e60d8) Importer(2089858483,b0f066a214c2f5e87bad3c948f4d605d)
Start importing Assets/BayatGames/Free Platform Game Assets/Tiles/2D Tiles ( Update 1.9 )/Winter/512x512/GrassJoinHillRight2&Left2 DownShadow.png using Guid(42583aabc6cbcf444b9f60cc030e60d8) Importer(2089858483,b0f066a214c2f5e87bad3c948f4d605d) (ScriptedImporter) -> (artifact id: '0a9ceeb37fd299676a2b665e058e3bdc') in 0.1538774 seconds
Number of updated asset objects reloaded before import = 0Number of asset objects unloaded after import = 3

========================================================================
Received Import Request.
  Time since last request: 0.000026 seconds.
  path: Assets/BayatGames/Free Platform Game Assets/Tiles/2D Tiles ( Update 1.9 )/Winter/128x128/GrassMid.png
  artifactKey: Guid(fe0fe98834797cf4ca370bafb3405623) Importer(2089858483,b0f066a214c2f5e87bad3c948f4d605d)
Start importing Assets/BayatGames/Free Platform Game Assets/Tiles/2D Tiles ( Update 1.9 )/Winter/128x128/GrassMid.png using Guid(fe0fe98834797cf4ca370bafb3405623) Importer(2089858483,b0f066a214c2f5e87bad3c948f4d605d) (ScriptedImporter) -> (artifact id: '76610dcac17890eb6f995a9711975274') in 0.0484823 seconds
Number of updated asset objects reloaded before import = 0Number of asset objects unloaded after import = 3

========================================================================
Received Import Request.
  Time since last request: 0.000018 seconds.
  path: Assets/BayatGames/Free Platform Game Assets/Tiles/2D Tiles ( Update 1.9 )/Winter/256x256/GrassJoinHillLeft2.png
  artifactKey: Guid(dbccd08ee2afa9948ad59e021ffc2503) Importer(2089858483,b0f066a214c2f5e87bad3c948f4d605d)
Start importing Assets/BayatGames/Free Platform Game Assets/Tiles/2D Tiles ( Update 1.9 )/Winter/256x256/GrassJoinHillLeft2.png using Guid(dbccd08ee2afa9948ad59e021ffc2503) Importer(2089858483,b0f066a214c2f5e87bad3c948f4d605d) (ScriptedImporter) -> (artifact id: '891b06ee363a0079aaee91b71e3b2c48') in 0.0775498 seconds
Number of updated asset objects reloaded before import = 0Number of asset objects unloaded after import = 3

========================================================================
Received Import Request.
  Time since last request: 0.000016 seconds.
  path: Assets/BayatGames/Free Platform Game Assets/Tiles/2D Tiles ( Update 1.9 )/Winter/512x512/GrassCliffRight.png
  artifactKey: Guid(346433fae2ab3b341be0b9c3770bce50) Importer(2089858483,b0f066a214c2f5e87bad3c948f4d605d)
Start importing Assets/BayatGames/Free Platform Game Assets/Tiles/2D Tiles ( Update 1.9 )/Winter/512x512/GrassCliffRight.png using Guid(346433fae2ab3b341be0b9c3770bce50) Importer(2089858483,b0f066a214c2f5e87bad3c948f4d605d) (ScriptedImporter) -> (artifact id: 'e8ce3a789805882194fdc18e682080fb') in 0.1929614 seconds
Number of updated asset objects reloaded before import = 0Number of asset objects unloaded after import = 3

========================================================================
Received Import Request.
  Time since last request: 0.000019 seconds.
  path: Assets/BayatGames/Free Platform Game Assets/Tiles/2D Tiles ( Update 1.9 )/Winter/128x128/GrassJoinHillLeft.png
  artifactKey: Guid(a2ca6dc7d892600418891a6723041545) Importer(2089858483,b0f066a214c2f5e87bad3c948f4d605d)
Start importing Assets/BayatGames/Free Platform Game Assets/Tiles/2D Tiles ( Update 1.9 )/Winter/128x128/GrassJoinHillLeft.png using Guid(a2ca6dc7d892600418891a6723041545) Importer(2089858483,b0f066a214c2f5e87bad3c948f4d605d) (ScriptedImporter) -> (artifact id: '6cb2c9ed232a6423f32cd4d52be5e8d8') in 0.1417125 seconds
Number of updated asset objects reloaded before import = 0Number of asset objects unloaded after import = 3

========================================================================
Received Import Request.
  Time since last request: 0.000028 seconds.
  path: Assets/BayatGames/Free Platform Game Assets/Tiles/2D Tiles ( Update 1.9 )/Spring/256x256/Grass.png
  artifactKey: Guid(e163d577fcee4fa4398de6ae37f554d2) Importer(2089858483,b0f066a214c2f5e87bad3c948f4d605d)
Start importing Assets/BayatGames/Free Platform Game Assets/Tiles/2D Tiles ( Update 1.9 )/Spring/256x256/Grass.png using Guid(e163d577fcee4fa4398de6ae37f554d2) Importer(2089858483,b0f066a214c2f5e87bad3c948f4d605d) (ScriptedImporter) -> (artifact id: 'aa76097c27af0b1288ae5c3026439569') in 0.1287541 seconds
Number of updated asset objects reloaded before import = 0Number of asset objects unloaded after import = 3

========================================================================
Received Import Request.
  Time since last request: 0.000015 seconds.
  path: Assets/BayatGames/Free Platform Game Assets/Tiles/2D Tiles ( Update 1.9 )/Spring/256x256/GrassLeft.png
  artifactKey: Guid(5406f9bf740fe624fa198230efceebc4) Importer(2089858483,b0f066a214c2f5e87bad3c948f4d605d)
Start importing Assets/BayatGames/Free Platform Game Assets/Tiles/2D Tiles ( Update 1.9 )/Spring/256x256/GrassLeft.png using Guid(5406f9bf740fe624fa198230efceebc4) Importer(2089858483,b0f066a214c2f5e87bad3c948f4d605d) (ScriptedImporter) -> (artifact id: '345006d2d72e4204894f158f88a3596b') in 0.185976 seconds
Number of updated asset objects reloaded before import = 0Number of asset objects unloaded after import = 3

========================================================================
Received Import Request.
  Time since last request: 0.000024 seconds.
  path: Assets/BayatGames/Free Platform Game Assets/Tiles/2D Tiles ( Update 1.9 )/Winter/128x128/GrassCliffLeft.png
  artifactKey: Guid(595a4379816455e409d18ea6587a205a) Importer(2089858483,b0f066a214c2f5e87bad3c948f4d605d)
Start importing Assets/BayatGames/Free Platform Game Assets/Tiles/2D Tiles ( Update 1.9 )/Winter/128x128/GrassCliffLeft.png using Guid(595a4379816455e409d18ea6587a205a) Importer(2089858483,b0f066a214c2f5e87bad3c948f4d605d) (ScriptedImporter) -> (artifact id: '1a53397ab1ac258898726a94ceda290e') in 0.2288327 seconds
Number of updated asset objects reloaded before import = 0Number of asset objects unloaded after import = 3

========================================================================
Received Import Request.
  Time since last request: 0.000027 seconds.
  path: Assets/BayatGames/Free Platform Game Assets/Water Animation/2.5D View/png/1x/image 17.png
  artifactKey: Guid(2b9c729e026b0514b8dde1680d8a7e90) Importer(2089858483,b0f066a214c2f5e87bad3c948f4d605d)
Start importing Assets/BayatGames/Free Platform Game Assets/Water Animation/2.5D View/png/1x/image 17.png using Guid(2b9c729e026b0514b8dde1680d8a7e90) Importer(2089858483,b0f066a214c2f5e87bad3c948f4d605d) (ScriptedImporter) -> (artifact id: '827cc7a548589205938e15c9fb343665') in 0.0654139 seconds
Number of updated asset objects reloaded before import = 0Number of asset objects unloaded after import = 3

========================================================================
Received Import Request.
  Time since last request: 0.000016 seconds.
  path: Assets/LSL/LSL4Unity/Plugins/LSL/include/lsl/xml.h
  artifactKey: Guid(2b311ac1bc1688446addb205f3881cb2) Importer(2089858483,b0f066a214c2f5e87bad3c948f4d605d)
Start importing Assets/LSL/LSL4Unity/Plugins/LSL/include/lsl/xml.h using Guid(2b311ac1bc1688446addb205f3881cb2) Importer(2089858483,b0f066a214c2f5e87bad3c948f4d605d) (ScriptedImporter) -> (artifact id: 'cd07f934351351e6a2bf8a38faf1023c') in 0.0898556 seconds
Number of updated asset objects reloaded before import = 0Number of asset objects unloaded after import = 0

========================================================================
Received Import Request.
  Time since last request: 0.000018 seconds.
  path: Assets/LSL/LSL4Unity/Plugins/LSL/include/lsl/common.h
  artifactKey: Guid(2d7b3e9ecf417334fa6fa9648f418ff1) Importer(2089858483,b0f066a214c2f5e87bad3c948f4d605d)
Start importing Assets/LSL/LSL4Unity/Plugins/LSL/include/lsl/common.h using Guid(2d7b3e9ecf417334fa6fa9648f418ff1) Importer(2089858483,b0f066a214c2f5e87bad3c948f4d605d) (ScriptedImporter) -> (artifact id: 'ab1abc5511e9ee537e43712225b310a6') in 0.0113311 seconds
Number of updated asset objects reloaded before import = 0Number of asset objects unloaded after import = 0

========================================================================
Received Import Request.
  Time since last request: 0.000032 seconds.
  path: Assets/BayatGames/Free Platform Game Assets/Water Animation/2.5D View/png/2x/image 9.png
  artifactKey: Guid(a407daa6581fb8e46ae93e1471318da7) Importer(2089858483,b0f066a214c2f5e87bad3c948f4d605d)
Start importing Assets/BayatGames/Free Platform Game Assets/Water Animation/2.5D View/png/2x/image 9.png using Guid(a407daa6581fb8e46ae93e1471318da7) Importer(2089858483,b0f066a214c2f5e87bad3c948f4d605d) (ScriptedImporter) -> (artifact id: '6f7737ac325b37ab96df560804029e40') in 0.1185144 seconds
Number of updated asset objects reloaded before import = 0Number of asset objects unloaded after import = 3

========================================================================
Received Import Request.
  Time since last request: 0.000021 seconds.
  path: Assets/BayatGames/Free Platform Game Assets/Water Animation/2.5D View/png/2x/image 10.png
  artifactKey: Guid(82d0546de9ee90748b20523f6d345293) Importer(2089858483,b0f066a214c2f5e87bad3c948f4d605d)
Start importing Assets/BayatGames/Free Platform Game Assets/Water Animation/2.5D View/png/2x/image 10.png using Guid(82d0546de9ee90748b20523f6d345293) Importer(2089858483,b0f066a214c2f5e87bad3c948f4d605d) (ScriptedImporter) -> (artifact id: 'dafdbc153309dde983802c4945f935db') in 0.158587 seconds
Number of updated asset objects reloaded before import = 0Number of asset objects unloaded after import = 3

========================================================================
Received Import Request.
  Time since last request: 0.000020 seconds.
  path: Assets/BayatGames/Free Platform Game Assets/Water Animation/2.5D View/png/1x/image 2.png
  artifactKey: Guid(ad5ba5085fc646c4c9e737cfe1f860c1) Importer(2089858483,b0f066a214c2f5e87bad3c948f4d605d)
Start importing Assets/BayatGames/Free Platform Game Assets/Water Animation/2.5D View/png/1x/image 2.png using Guid(ad5ba5085fc646c4c9e737cfe1f860c1) Importer(2089858483,b0f066a214c2f5e87bad3c948f4d605d) (ScriptedImporter) -> (artifact id: 'cfae80cead7ee2a4c2ca2a71503e0726') in 0.032049 seconds
Number of updated asset objects reloaded before import = 0Number of asset objects unloaded after import = 3

========================================================================
Received Import Request.
  Time since last request: 0.000034 seconds.
  path: Assets/LSL/LSL4Unity/Plugins/LSL/include/lsl/types.h
  artifactKey: Guid(493c5f1d573cd4148878442d3f78f621) Importer(2089858483,b0f066a214c2f5e87bad3c948f4d605d)
Start importing Assets/LSL/LSL4Unity/Plugins/LSL/include/lsl/types.h using Guid(493c5f1d573cd4148878442d3f78f621) Importer(2089858483,b0f066a214c2f5e87bad3c948f4d605d) (ScriptedImporter) -> (artifact id: '4bfbc0455210b5060c6282aecd055f48') in 0.0119418 seconds
Number of updated asset objects reloaded before import = 0Number of asset objects unloaded after import = 0

========================================================================
Received Import Request.
  Time since last request: 0.000016 seconds.
  path: Assets/BayatGames/Free Platform Game Assets/Water Animation/2.5D View/png/1x/image 13.png
  artifactKey: Guid(b6663c435cbf44043968cc512462534b) Importer(2089858483,b0f066a214c2f5e87bad3c948f4d605d)
Start importing Assets/BayatGames/Free Platform Game Assets/Water Animation/2.5D View/png/1x/image 13.png using Guid(b6663c435cbf44043968cc512462534b) Importer(2089858483,b0f066a214c2f5e87bad3c948f4d605d) (ScriptedImporter) -> (artifact id: '4480d528c0462a9fe69da1c2cff8c642') in 0.0226653 seconds
Number of updated asset objects reloaded before import = 0Number of asset objects unloaded after import = 3

========================================================================
Received Import Request.
  Time since last request: 0.000014 seconds.
  path: Assets/LSL/LSL4Unity/Plugins/LSL/macOS/x64/liblsl.dylib
  artifactKey: Guid(ef696eca291fd4b61a06f170510c4848) Importer(2089858483,b0f066a214c2f5e87bad3c948f4d605d)
Start importing Assets/LSL/LSL4Unity/Plugins/LSL/macOS/x64/liblsl.dylib using Guid(ef696eca291fd4b61a06f170510c4848) Importer(2089858483,b0f066a214c2f5e87bad3c948f4d605d) (ScriptedImporter) -> (artifact id: 'aec3ce6ff38086a0ab0b4130ca95c737') in 0.0488205 seconds
Number of updated asset objects reloaded before import = 0Number of asset objects unloaded after import = 0

========================================================================
Received Import Request.
  Time since last request: 0.000023 seconds.
  path: Assets/BayatGames/Free Platform Game Assets/Water Animation/2.5D View/png/1x/image 8.png
  artifactKey: Guid(30dcef64afd847e49874af90e4260565) Importer(2089858483,b0f066a214c2f5e87bad3c948f4d605d)
Start importing Assets/BayatGames/Free Platform Game Assets/Water Animation/2.5D View/png/1x/image 8.png using Guid(30dcef64afd847e49874af90e4260565) Importer(2089858483,b0f066a214c2f5e87bad3c948f4d605d) (ScriptedImporter) -> (artifact id: '854e24be746daebbb1fdafab6ce02b28') in 0.0527392 seconds
Number of updated asset objects reloaded before import = 0Number of asset objects unloaded after import = 3

========================================================================
Received Import Request.
  Time since last request: 0.000019 seconds.
  path: Assets/BayatGames/Free Platform Game Assets/Water Animation/2.5D View/png/2x/image 3.png
  artifactKey: Guid(01ca3fd7c5b2a2b47b1112faaf6f5504) Importer(2089858483,b0f066a214c2f5e87bad3c948f4d605d)
Start importing Assets/BayatGames/Free Platform Game Assets/Water Animation/2.5D View/png/2x/image 3.png using Guid(01ca3fd7c5b2a2b47b1112faaf6f5504) Importer(2089858483,b0f066a214c2f5e87bad3c948f4d605d) (ScriptedImporter) -> (artifact id: '18b8409c570b54f604a41b46f25401a5') in 0.0499971 seconds
Number of updated asset objects reloaded before import = 0Number of asset objects unloaded after import = 3

========================================================================
Received Import Request.
  Time since last request: 0.000026 seconds.
  path: Assets/LSL/LSL4Unity/Plugins/LSL/macOS/arm64/liblsl.2.dylib
  artifactKey: Guid(0ee53364401f84a5f9079d29fdacce29) Importer(2089858483,b0f066a214c2f5e87bad3c948f4d605d)
Start importing Assets/LSL/LSL4Unity/Plugins/LSL/macOS/arm64/liblsl.2.dylib using Guid(0ee53364401f84a5f9079d29fdacce29) Importer(2089858483,b0f066a214c2f5e87bad3c948f4d605d) (ScriptedImporter) -> (artifact id: 'aa6b4cc9da9789d4f302dd7a4a16ae76') in 0.0660992 seconds
Number of updated asset objects reloaded before import = 0Number of asset objects unloaded after import = 0

========================================================================
Received Import Request.
  Time since last request: 0.000018 seconds.
  path: Assets/BayatGames/Free Platform Game Assets/Water Animation/2.5D View/png/1x/image 16.png
  artifactKey: Guid(3329571b1b8c0d34b83f9175eec19727) Importer(2089858483,b0f066a214c2f5e87bad3c948f4d605d)
Start importing Assets/BayatGames/Free Platform Game Assets/Water Animation/2.5D View/png/1x/image 16.png using Guid(3329571b1b8c0d34b83f9175eec19727) Importer(2089858483,b0f066a214c2f5e87bad3c948f4d605d) (ScriptedImporter) -> (artifact id: 'c4e1f9cdfebe4bc2638e9e675444f57c') in 0.061866 seconds
Number of updated asset objects reloaded before import = 0Number of asset objects unloaded after import = 3

========================================================================
Received Import Request.
  Time since last request: 0.000018 seconds.
  path: Assets/BayatGames/Free Platform Game Assets/Backgrounds/Background/png/1920x1080/All/Mountain_3.png
  artifactKey: Guid(eaf1608f86beb78408fb654eed4e1982) Importer(2089858483,b0f066a214c2f5e87bad3c948f4d605d)
Start importing Assets/BayatGames/Free Platform Game Assets/Backgrounds/Background/png/1920x1080/All/Mountain_3.png using Guid(eaf1608f86beb78408fb654eed4e1982) Importer(2089858483,b0f066a214c2f5e87bad3c948f4d605d) (ScriptedImporter) -> (artifact id: '042587e6ef0bf3204d08103109a7a7df') in 0.1359849 seconds
Number of updated asset objects reloaded before import = 0Number of asset objects unloaded after import = 3

========================================================================
Received Import Request.
  Time since last request: 0.000023 seconds.
  path: Assets/LSL/LSL4Unity/Plugins/LSL/include/lsl/inlet.h
  artifactKey: Guid(5a599aa25f58b334fa30904f06c9c716) Importer(2089858483,b0f066a214c2f5e87bad3c948f4d605d)
Start importing Assets/LSL/LSL4Unity/Plugins/LSL/include/lsl/inlet.h using Guid(5a599aa25f58b334fa30904f06c9c716) Importer(2089858483,b0f066a214c2f5e87bad3c948f4d605d) (ScriptedImporter) -> (artifact id: '95ed5de74b944f9a17848fabeb3b5b96') in 0.0113519 seconds
Number of updated asset objects reloaded before import = 0Number of asset objects unloaded after import = 0

========================================================================
Received Import Request.
  Time since last request: 0.000028 seconds.
  path: Assets/LSL/LSL4Unity/Plugins/LSL/Windows/x64/lsl.lib
  artifactKey: Guid(7b063fb4701ed9649a0900751435af06) Importer(2089858483,b0f066a214c2f5e87bad3c948f4d605d)
Start importing Assets/LSL/LSL4Unity/Plugins/LSL/Windows/x64/lsl.lib using Guid(7b063fb4701ed9649a0900751435af06) Importer(2089858483,b0f066a214c2f5e87bad3c948f4d605d) (ScriptedImporter) -> (artifact id: '00c6307661b5e2fdde2c10435137a6cc') in 0.0170565 seconds
Number of updated asset objects reloaded before import = 0Number of asset objects unloaded after import = 0

========================================================================
Received Import Request.
  Time since last request: 0.000017 seconds.
  path: Assets/BayatGames/Free Platform Game Assets/Water Animation/2.5D View/png/1x/image 4.png
  artifactKey: Guid(22a149b32d216ca449c105005e6cf73c) Importer(2089858483,b0f066a214c2f5e87bad3c948f4d605d)
Start importing Assets/BayatGames/Free Platform Game Assets/Water Animation/2.5D View/png/1x/image 4.png using Guid(22a149b32d216ca449c105005e6cf73c) Importer(2089858483,b0f066a214c2f5e87bad3c948f4d605d) (ScriptedImporter) -> (artifact id: '8cf47cdc9c37e96f9361019ad1e22b67') in 0.0465866 seconds
Number of updated asset objects reloaded before import = 0Number of asset objects unloaded after import = 3

========================================================================
Received Import Request.
  Time since last request: 0.000023 seconds.
  path: Assets/BayatGames/Free Platform Game Assets/Water Animation/2.5D View/png/2x/image 8.png
  artifactKey: Guid(f820b895727e98744b9f76c339c14e0f) Importer(2089858483,b0f066a214c2f5e87bad3c948f4d605d)
Start importing Assets/BayatGames/Free Platform Game Assets/Water Animation/2.5D View/png/2x/image 8.png using Guid(f820b895727e98744b9f76c339c14e0f) Importer(2089858483,b0f066a214c2f5e87bad3c948f4d605d) (ScriptedImporter) -> (artifact id: '59f1e3906bc119263a36db51b38da440') in 0.0750747 seconds
Number of updated asset objects reloaded before import = 0Number of asset objects unloaded after import = 3

========================================================================
Received Import Request.
  Time since last request: 0.000021 seconds.
  path: Assets/BayatGames/Free Platform Game Assets/Tiles/2D Tiles ( Update 1.9 )/Spring/256x256/GrassCliffMid.png
  artifactKey: Guid(3508f1573909af1428b1c44c1ec34c3c) Importer(2089858483,b0f066a214c2f5e87bad3c948f4d605d)
Start importing Assets/BayatGames/Free Platform Game Assets/Tiles/2D Tiles ( Update 1.9 )/Spring/256x256/GrassCliffMid.png using Guid(3508f1573909af1428b1c44c1ec34c3c) Importer(2089858483,b0f066a214c2f5e87bad3c948f4d605d) (ScriptedImporter) -> (artifact id: 'e6ef44bba352698f099ccb8bdc3f0dc7') in 0.1013497 seconds
Number of updated asset objects reloaded before import = 0Number of asset objects unloaded after import = 3

========================================================================
Received Import Request.
  Time since last request: 0.000031 seconds.
  path: Assets/BayatGames/Free Platform Game Assets/Tiles/2D Tiles ( Update 1.9 )/Spring/512x512/GrassJoinHillRight2&Left2 DownShadow.png
  artifactKey: Guid(3063ecdfe31430347916848748a320fe) Importer(2089858483,b0f066a214c2f5e87bad3c948f4d605d)
Start importing Assets/BayatGames/Free Platform Game Assets/Tiles/2D Tiles ( Update 1.9 )/Spring/512x512/GrassJoinHillRight2&Left2 DownShadow.png using Guid(3063ecdfe31430347916848748a320fe) Importer(2089858483,b0f066a214c2f5e87bad3c948f4d605d) (ScriptedImporter) -> (artifact id: '67022331e0ccfa810a0b98d783df45a6') in 0.0852813 seconds
Number of updated asset objects reloaded before import = 0Number of asset objects unloaded after import = 3

========================================================================
Received Import Request.
  Time since last request: 0.000022 seconds.
  path: Assets/BayatGames/Free Platform Game Assets/Backgrounds/Background/png/1920x1080/All/Sky.png
  artifactKey: Guid(76692b579eb85b94a84a9a139e8231ec) Importer(2089858483,b0f066a214c2f5e87bad3c948f4d605d)
Start importing Assets/BayatGames/Free Platform Game Assets/Backgrounds/Background/png/1920x1080/All/Sky.png using Guid(76692b579eb85b94a84a9a139e8231ec) Importer(2089858483,b0f066a214c2f5e87bad3c948f4d605d) (ScriptedImporter) -> (artifact id: '6dcb45a27b8d2f40b16d0693ba829dc4') in 0.1076803 seconds
Number of updated asset objects reloaded before import = 0Number of asset objects unloaded after import = 3

========================================================================
Received Import Request.
  Time since last request: 0.000022 seconds.
  path: Assets/BayatGames/Free Platform Game Assets/Tiles/2D Tiles ( Update 1.9 )/Winter/512x512/GrassHillRight2 DownShadow.png
  artifactKey: Guid(1a2ffddc7bb742649a794bb1b55fb9b9) Importer(2089858483,b0f066a214c2f5e87bad3c948f4d605d)
Start importing Assets/BayatGames/Free Platform Game Assets/Tiles/2D Tiles ( Update 1.9 )/Winter/512x512/GrassHillRight2 DownShadow.png using Guid(1a2ffddc7bb742649a794bb1b55fb9b9) Importer(2089858483,b0f066a214c2f5e87bad3c948f4d605d) (ScriptedImporter) -> (artifact id: 'fc8a37b1f456c7b6257c091744cc742a') in 0.0652927 seconds
Number of updated asset objects reloaded before import = 0Number of asset objects unloaded after import = 3

========================================================================
Received Import Request.
  Time since last request: 0.000031 seconds.
  path: Assets/BayatGames/Free Platform Game Assets/Water Animation/2.5D View/png/1x/image 14.png
  artifactKey: Guid(94f50ba0351c67440a493a41651cb834) Importer(2089858483,b0f066a214c2f5e87bad3c948f4d605d)
Start importing Assets/BayatGames/Free Platform Game Assets/Water Animation/2.5D View/png/1x/image 14.png using Guid(94f50ba0351c67440a493a41651cb834) Importer(2089858483,b0f066a214c2f5e87bad3c948f4d605d) (ScriptedImporter) -> (artifact id: 'e6d58cdd3de9110b387a63161fba78af') in 0.0329396 seconds
Number of updated asset objects reloaded before import = 0Number of asset objects unloaded after import = 3

========================================================================
Received Import Request.
  Time since last request: 0.000017 seconds.
  path: Assets/BayatGames/Free Platform Game Assets/Tiles/2D Tiles ( Update 1.9 )/Winter/512x512/GrassJoinHillLeft2 DownShadow.png
  artifactKey: Guid(59816de6d00735346b0275e7bffd34c2) Importer(2089858483,b0f066a214c2f5e87bad3c948f4d605d)
Start importing Assets/BayatGames/Free Platform Game Assets/Tiles/2D Tiles ( Update 1.9 )/Winter/512x512/GrassJoinHillLeft2 DownShadow.png using Guid(59816de6d00735346b0275e7bffd34c2) Importer(2089858483,b0f066a214c2f5e87bad3c948f4d605d) (ScriptedImporter) -> (artifact id: '276943928969fa4e492842e780d7f912') in 0.0596252 seconds
Number of updated asset objects reloaded before import = 0Number of asset objects unloaded after import = 3

========================================================================
Received Import Request.
  Time since last request: 0.000021 seconds.
  path: Assets/LSL/LSL4Unity/Plugins/LSL/macOS/x64/liblsl.1.16.0.dylib
  artifactKey: Guid(565e6349038ce4486a7aea5924db4244) Importer(2089858483,b0f066a214c2f5e87bad3c948f4d605d)
Start importing Assets/LSL/LSL4Unity/Plugins/LSL/macOS/x64/liblsl.1.16.0.dylib using Guid(565e6349038ce4486a7aea5924db4244) Importer(2089858483,b0f066a214c2f5e87bad3c948f4d605d) (ScriptedImporter) -> (artifact id: '235145446ac71eb7ea0bf4d6a9ab87cf') in 0.0410497 seconds
Number of updated asset objects reloaded before import = 0Number of asset objects unloaded after import = 0

========================================================================
Received Import Request.
  Time since last request: 0.000021 seconds.
  path: Assets/BayatGames/Free Platform Game Assets/Tiles/2D Tiles ( Update 1.9 )/Spring/512x512/GrassHillLeft.png
  artifactKey: Guid(65464371f54811e4a83bd0a7586ac814) Importer(2089858483,b0f066a214c2f5e87bad3c948f4d605d)
Start importing Assets/BayatGames/Free Platform Game Assets/Tiles/2D Tiles ( Update 1.9 )/Spring/512x512/GrassHillLeft.png using Guid(65464371f54811e4a83bd0a7586ac814) Importer(2089858483,b0f066a214c2f5e87bad3c948f4d605d) (ScriptedImporter) -> (artifact id: 'c6224cc72377257d61881de0007389a4') in 0.1032475 seconds
Number of updated asset objects reloaded before import = 0Number of asset objects unloaded after import = 3

========================================================================
Received Import Request.
  Time since last request: 0.000033 seconds.
  path: Assets/BayatGames/Free Platform Game Assets/Coin Animation/png/4x/image 8.png
  artifactKey: Guid(86ed6659d27a7fe4295215628f43dfee) Importer(2089858483,b0f066a214c2f5e87bad3c948f4d605d)
Start importing Assets/BayatGames/Free Platform Game Assets/Coin Animation/png/4x/image 8.png using Guid(86ed6659d27a7fe4295215628f43dfee) Importer(2089858483,b0f066a214c2f5e87bad3c948f4d605d) (ScriptedImporter) -> (artifact id: '7de400622dcecfe3083461a4c2fede55') in 0.0520285 seconds
Number of updated asset objects reloaded before import = 0Number of asset objects unloaded after import = 3

========================================================================
Received Import Request.
  Time since last request: 0.000023 seconds.
  path: Assets/BayatGames/Free Platform Game Assets/Tiles/2.5D Tiles/Winter ( Update 1.9 )/256x256/GrassJoinHillRight2&left2.png
  artifactKey: Guid(0158d519f8ab7354e90c6d78cf99a749) Importer(2089858483,b0f066a214c2f5e87bad3c948f4d605d)
Start importing Assets/BayatGames/Free Platform Game Assets/Tiles/2.5D Tiles/Winter ( Update 1.9 )/256x256/GrassJoinHillRight2&left2.png using Guid(0158d519f8ab7354e90c6d78cf99a749) Importer(2089858483,b0f066a214c2f5e87bad3c948f4d605d) (ScriptedImporter) -> (artifact id: '95bfa90b5a6d767d3507d2bcefe28267') in 0.1364047 seconds
Number of updated asset objects reloaded before import = 0Number of asset objects unloaded after import = 3

========================================================================
Received Import Request.
  Time since last request: 0.000020 seconds.
  path: Assets/TextMesh Pro/Examples & Extras/Scenes/11 - The Style Tag.unity
  artifactKey: Guid(84ed36ad77dd4956b2ffe3769f759879) Importer(2089858483,b0f066a214c2f5e87bad3c948f4d605d)
Start importing Assets/TextMesh Pro/Examples & Extras/Scenes/11 - The Style Tag.unity using Guid(84ed36ad77dd4956b2ffe3769f759879) Importer(2089858483,b0f066a214c2f5e87bad3c948f4d605d) (ScriptedImporter) -> (artifact id: '60fa428885bb33b37dc3e1d7fbfd7f38') in 0.0492228 seconds
Number of updated asset objects reloaded before import = 0Number of asset objects unloaded after import = 1

========================================================================
Received Import Request.
  Time since last request: 0.000029 seconds.
  path: Assets/BayatGames/Free Platform Game Assets/Environments/Environments/png/All/1x/Asset 1.png
  artifactKey: Guid(3afdd869ddc947440a69ffc9ed1819dd) Importer(2089858483,b0f066a214c2f5e87bad3c948f4d605d)
Start importing Assets/BayatGames/Free Platform Game Assets/Environments/Environments/png/All/1x/Asset 1.png using Guid(3afdd869ddc947440a69ffc9ed1819dd) Importer(2089858483,b0f066a214c2f5e87bad3c948f4d605d) (ScriptedImporter) -> (artifact id: 'a9841538d1b29f4eef8300c4d1f3de96') in 0.039544 seconds
Number of updated asset objects reloaded before import = 0Number of asset objects unloaded after import = 3

========================================================================
Received Import Request.
  Time since last request: 0.000015 seconds.
  path: Assets/BayatGames/Free Platform Game Assets/Chests/Chest/png/Separate/2x/2-2x.png
  artifactKey: Guid(a2e78c3de203b4f419661ad1b0ee3573) Importer(2089858483,b0f066a214c2f5e87bad3c948f4d605d)
Start importing Assets/BayatGames/Free Platform Game Assets/Chests/Chest/png/Separate/2x/2-2x.png using Guid(a2e78c3de203b4f419661ad1b0ee3573) Importer(2089858483,b0f066a214c2f5e87bad3c948f4d605d) (ScriptedImporter) -> (artifact id: 'f6257b02e8e76ed44cb1a51b8b6fabbf') in 0.0908176 seconds
Number of updated asset objects reloaded before import = 0Number of asset objects unloaded after import = 3

========================================================================
Received Import Request.
  Time since last request: 0.000019 seconds.
  path: Assets/BayatGames/Free Platform Game Assets/Environments/Environments/png/All/1x/Asset 6.png
  artifactKey: Guid(b582390aa99e7cd4e8b6b982b0ec356f) Importer(2089858483,b0f066a214c2f5e87bad3c948f4d605d)
Start importing Assets/BayatGames/Free Platform Game Assets/Environments/Environments/png/All/1x/Asset 6.png using Guid(b582390aa99e7cd4e8b6b982b0ec356f) Importer(2089858483,b0f066a214c2f5e87bad3c948f4d605d) (ScriptedImporter) -> (artifact id: '58ed510152bbd146a77b57b2f9867802') in 0.1326338 seconds
Number of updated asset objects reloaded before import = 0Number of asset objects unloaded after import = 3

========================================================================
Received Import Request.
  Time since last request: 0.000021 seconds.
  path: Assets/BayatGames/Free Platform Game Assets/Character/Character Source/png/4x/Sprite Mesh/Body.asset
  artifactKey: Guid(ee067ee8670fa3e47829b0d74eec99c0) Importer(2089858483,b0f066a214c2f5e87bad3c948f4d605d)
Start importing Assets/BayatGames/Free Platform Game Assets/Character/Character Source/png/4x/Sprite Mesh/Body.asset using Guid(ee067ee8670fa3e47829b0d74eec99c0) Importer(2089858483,b0f066a214c2f5e87bad3c948f4d605d) (ScriptedImporter) -> (artifact id: 'e42131479ded58bc5ca29e073838e9f5') in 0.0702259 seconds
Number of updated asset objects reloaded before import = 0Number of asset objects unloaded after import = 1

========================================================================
Received Import Request.
  Time since last request: 0.000025 seconds.
  path: Assets/BayatGames/Free Platform Game Assets/Character/Character Source/png/4x/Sprite Mesh/LeftEye.asset
  artifactKey: Guid(3a5079f65a64a294bb858ad4f0c42481) Importer(2089858483,b0f066a214c2f5e87bad3c948f4d605d)
Start importing Assets/BayatGames/Free Platform Game Assets/Character/Character Source/png/4x/Sprite Mesh/LeftEye.asset using Guid(3a5079f65a64a294bb858ad4f0c42481) Importer(2089858483,b0f066a214c2f5e87bad3c948f4d605d) (ScriptedImporter) -> (artifact id: '10160e610de41d975514cd3ca6a3ef05') in 0.0273577 seconds
Number of updated asset objects reloaded before import = 0Number of asset objects unloaded after import = 1

========================================================================
Received Import Request.
  Time since last request: 0.000015 seconds.
  path: Assets/BayatGames/Free Platform Game Assets/Environments/Environments/png/All/2x/Asset 13.png
  artifactKey: Guid(a09def66ddbd2154d8527411fec4cf32) Importer(2089858483,b0f066a214c2f5e87bad3c948f4d605d)
Start importing Assets/BayatGames/Free Platform Game Assets/Environments/Environments/png/All/2x/Asset 13.png using Guid(a09def66ddbd2154d8527411fec4cf32) Importer(2089858483,b0f066a214c2f5e87bad3c948f4d605d) (ScriptedImporter) -> (artifact id: '3b40a94e2e640b7cdb140fd8bd45dcbb') in 0.0897585 seconds
Number of updated asset objects reloaded before import = 0Number of asset objects unloaded after import = 3

========================================================================
Received Import Request.
  Time since last request: 0.000017 seconds.
  path: Assets/BayatGames/Free Platform Game Assets/Environments/Environments/png/All/2x/Asset 1.png
  artifactKey: Guid(a8446295fd31a954c8ca931a37fc89b4) Importer(2089858483,b0f066a214c2f5e87bad3c948f4d605d)
Start importing Assets/BayatGames/Free Platform Game Assets/Environments/Environments/png/All/2x/Asset 1.png using Guid(a8446295fd31a954c8ca931a37fc89b4) Importer(2089858483,b0f066a214c2f5e87bad3c948f4d605d) (ScriptedImporter) -> (artifact id: '7ba54ff2a8d0c4d7f9c8f3b1ca91cc44') in 0.066851 seconds
Number of updated asset objects reloaded before import = 0Number of asset objects unloaded after import = 3

========================================================================
Received Import Request.
  Time since last request: 0.000022 seconds.
  path: Assets/BayatGames/Free Platform Game Assets/Environments/Environments/png/All/1x/Asset 10.png
  artifactKey: Guid(180b37af7b13c0d439f3258d017f7b81) Importer(2089858483,b0f066a214c2f5e87bad3c948f4d605d)
Start importing Assets/BayatGames/Free Platform Game Assets/Environments/Environments/png/All/1x/Asset 10.png using Guid(180b37af7b13c0d439f3258d017f7b81) Importer(2089858483,b0f066a214c2f5e87bad3c948f4d605d) (ScriptedImporter) -> (artifact id: 'f19eea464dbd94022e7b2d4b409ea4c1') in 0.0765867 seconds
Number of updated asset objects reloaded before import = 0Number of asset objects unloaded after import = 3

========================================================================
Received Import Request.
  Time since last request: 0.000025 seconds.
  path: Assets/BayatGames/Free Platform Game Assets/Backgrounds/Background/png/Clouds/512x512/Cloud_1.png
  artifactKey: Guid(6569f050eb039b347b19b50bd2aa4c7a) Importer(2089858483,b0f066a214c2f5e87bad3c948f4d605d)
Start importing Assets/BayatGames/Free Platform Game Assets/Backgrounds/Background/png/Clouds/512x512/Cloud_1.png using Guid(6569f050eb039b347b19b50bd2aa4c7a) Importer(2089858483,b0f066a214c2f5e87bad3c948f4d605d) (ScriptedImporter) -> (artifact id: '5e8b5c25cfcb6080d1d8ab961fc170fb') in 0.0786183 seconds
Number of updated asset objects reloaded before import = 0Number of asset objects unloaded after import = 3

========================================================================
Received Import Request.
  Time since last request: 0.000018 seconds.
  path: Assets/BayatGames/Free Platform Game Assets/Backgrounds/New Background ( Update 1.9 )/png/2048x1024/all/Back.png
  artifactKey: Guid(1e2e16f0016b1b94d88e240e78fd93af) Importer(2089858483,b0f066a214c2f5e87bad3c948f4d605d)
Start importing Assets/BayatGames/Free Platform Game Assets/Backgrounds/New Background ( Update 1.9 )/png/2048x1024/all/Back.png using Guid(1e2e16f0016b1b94d88e240e78fd93af) Importer(2089858483,b0f066a214c2f5e87bad3c948f4d605d) (ScriptedImporter) -> (artifact id: 'a7cb0abcc9ddb80f8a60cbfdb244e908') in 0.096868 seconds
Number of updated asset objects reloaded before import = 0Number of asset objects unloaded after import = 3

========================================================================
Received Import Request.
  Time since last request: 0.000019 seconds.
  path: Assets/BayatGames/Free Platform Game Assets/Chests/Chest/png/Separate/4x/2-4x.png
  artifactKey: Guid(31570e0e3725cf545aa6feb4d4b42336) Importer(2089858483,b0f066a214c2f5e87bad3c948f4d605d)
Start importing Assets/BayatGames/Free Platform Game Assets/Chests/Chest/png/Separate/4x/2-4x.png using Guid(31570e0e3725cf545aa6feb4d4b42336) Importer(2089858483,b0f066a214c2f5e87bad3c948f4d605d) (ScriptedImporter) -> (artifact id: '544e1cdabbae08062e48b01a4481b794') in 0.1248176 seconds
Number of updated asset objects reloaded before import = 0Number of asset objects unloaded after import = 3

========================================================================
Received Import Request.
  Time since last request: 0.000031 seconds.
  path: Assets/BayatGames/Free Platform Game Assets/Character/Character Source/png/4x/Sprite Mesh/LeftArm.asset
  artifactKey: Guid(158eb4fe651be6245a10e399346cf547) Importer(2089858483,b0f066a214c2f5e87bad3c948f4d605d)
Start importing Assets/BayatGames/Free Platform Game Assets/Character/Character Source/png/4x/Sprite Mesh/LeftArm.asset using Guid(158eb4fe651be6245a10e399346cf547) Importer(2089858483,b0f066a214c2f5e87bad3c948f4d605d) (ScriptedImporter) -> (artifact id: '6bb8cdf1458f9c75b273d3d71c0b51a3') in 0.0310273 seconds
Number of updated asset objects reloaded before import = 0Number of asset objects unloaded after import = 1

========================================================================
Received Import Request.
  Time since last request: 0.000015 seconds.
  path: Assets/BayatGames/Free Platform Game Assets/Chests/Chest/png/Separate/2x/4-2x.png
  artifactKey: Guid(2270d738f6b17db4c949cf7db502e29e) Importer(2089858483,b0f066a214c2f5e87bad3c948f4d605d)
Start importing Assets/BayatGames/Free Platform Game Assets/Chests/Chest/png/Separate/2x/4-2x.png using Guid(2270d738f6b17db4c949cf7db502e29e) Importer(2089858483,b0f066a214c2f5e87bad3c948f4d605d) (ScriptedImporter) -> (artifact id: '9ac519d8d5c3d027b183756a0e0859f6') in 0.1689287 seconds
Number of updated asset objects reloaded before import = 0Number of asset objects unloaded after import = 3

========================================================================
Received Import Request.
  Time since last request: 0.000022 seconds.
  path: Assets/BayatGames/Free Platform Game Assets/Backgrounds/New Background ( Update 1.7 )/png/2048x1536/Background/NewBackground2048x1536.png
  artifactKey: Guid(1fca858e6a4b42b4e89903d4daa662c7) Importer(2089858483,b0f066a214c2f5e87bad3c948f4d605d)
Start importing Assets/BayatGames/Free Platform Game Assets/Backgrounds/New Background ( Update 1.7 )/png/2048x1536/Background/NewBackground2048x1536.png using Guid(1fca858e6a4b42b4e89903d4daa662c7) Importer(2089858483,b0f066a214c2f5e87bad3c948f4d605d) (ScriptedImporter) -> (artifact id: '4b7bcfb6e85832cdd40473b9c85cd136') in 0.289533 seconds
Number of updated asset objects reloaded before import = 0Number of asset objects unloaded after import = 3

========================================================================
Received Import Request.
  Time since last request: 0.000027 seconds.
  path: Assets/BayatGames/Free Platform Game Assets/Environments/Environments/png/All/2x/Asset 14.png
  artifactKey: Guid(748557b8dbecec641818c746fb730e52) Importer(2089858483,b0f066a214c2f5e87bad3c948f4d605d)
Start importing Assets/BayatGames/Free Platform Game Assets/Environments/Environments/png/All/2x/Asset 14.png using Guid(748557b8dbecec641818c746fb730e52) Importer(2089858483,b0f066a214c2f5e87bad3c948f4d605d) (ScriptedImporter) -> (artifact id: '29efe22fdbfb09bef57347a89df7b940') in 0.0670038 seconds
Number of updated asset objects reloaded before import = 0Number of asset objects unloaded after import = 3

========================================================================
Received Import Request.
  Time since last request: 0.000015 seconds.
  path: Assets/BayatGames/Free Platform Game Assets/Backgrounds/New Background ( Update 1.9 )/png/2048x1024/all/Mid (2).png
  artifactKey: Guid(cefcb578291447e4ea3017aa8c45e657) Importer(2089858483,b0f066a214c2f5e87bad3c948f4d605d)
Start importing Assets/BayatGames/Free Platform Game Assets/Backgrounds/New Background ( Update 1.9 )/png/2048x1024/all/Mid (2).png using Guid(cefcb578291447e4ea3017aa8c45e657) Importer(2089858483,b0f066a214c2f5e87bad3c948f4d605d) (ScriptedImporter) -> (artifact id: '7cba7e9a723c22af2bc690339cf75122') in 0.132172 seconds
Number of updated asset objects reloaded before import = 0Number of asset objects unloaded after import = 3

========================================================================
Received Import Request.
  Time since last request: 0.000020 seconds.
  path: Assets/BayatGames/Free Platform Game Assets/Backgrounds/Background/png/Clouds/512x512/Cloud_2.png
  artifactKey: Guid(53e9bcf30a85ac849b8601b8740d4f41) Importer(2089858483,b0f066a214c2f5e87bad3c948f4d605d)
Start importing Assets/BayatGames/Free Platform Game Assets/Backgrounds/Background/png/Clouds/512x512/Cloud_2.png using Guid(53e9bcf30a85ac849b8601b8740d4f41) Importer(2089858483,b0f066a214c2f5e87bad3c948f4d605d) (ScriptedImporter) -> (artifact id: 'bda5ffb418c20a447e2ddb11525d24ee') in 0.1232434 seconds
Number of updated asset objects reloaded before import = 0Number of asset objects unloaded after import = 3

========================================================================
Received Import Request.
  Time since last request: 0.000030 seconds.
  path: Assets/BayatGames/Free Platform Game Assets/Environments/Environments/png/All/1x/Asset 5.png
  artifactKey: Guid(439a79f9aadd354418ff2bab60524e4e) Importer(2089858483,b0f066a214c2f5e87bad3c948f4d605d)
Start importing Assets/BayatGames/Free Platform Game Assets/Environments/Environments/png/All/1x/Asset 5.png using Guid(439a79f9aadd354418ff2bab60524e4e) Importer(2089858483,b0f066a214c2f5e87bad3c948f4d605d) (ScriptedImporter) -> (artifact id: 'cc497939b1eb069070ccc59fa74b218a') in 0.3218556 seconds
Number of updated asset objects reloaded before import = 0Number of asset objects unloaded after import = 3

========================================================================
Received Import Request.
  Time since last request: 0.000021 seconds.
  path: Assets/BayatGames/Free Platform Game Assets/Backgrounds/Background/png/2048x1536/All/Mountain_1.png
  artifactKey: Guid(50fa225e0edcf4047abb3588a8e87d2a) Importer(2089858483,b0f066a214c2f5e87bad3c948f4d605d)
Start importing Assets/BayatGames/Free Platform Game Assets/Backgrounds/Background/png/2048x1536/All/Mountain_1.png using Guid(50fa225e0edcf4047abb3588a8e87d2a) Importer(2089858483,b0f066a214c2f5e87bad3c948f4d605d) (ScriptedImporter) -> (artifact id: '1ab9c4ed55f792f4e930998a009bdd0a') in 0.1402723 seconds
Number of updated asset objects reloaded before import = 0Number of asset objects unloaded after import = 3

========================================================================
Received Import Request.
  Time since last request: 0.000033 seconds.
  path: Assets/BayatGames/Free Platform Game Assets/Backgrounds/New Background ( Update 1.7 )/png/2048x1536/All/Hills_2.png
  artifactKey: Guid(6d6b4ccfa4f877d489ed08d4d8ad19d2) Importer(2089858483,b0f066a214c2f5e87bad3c948f4d605d)
Start importing Assets/BayatGames/Free Platform Game Assets/Backgrounds/New Background ( Update 1.7 )/png/2048x1536/All/Hills_2.png using Guid(6d6b4ccfa4f877d489ed08d4d8ad19d2) Importer(2089858483,b0f066a214c2f5e87bad3c948f4d605d) (ScriptedImporter) -> (artifact id: 'aaee53a1265a999d7e43719efdfda18e') in 0.1341545 seconds
Number of updated asset objects reloaded before import = 0Number of asset objects unloaded after import = 3

========================================================================
Received Import Request.
  Time since last request: 0.000017 seconds.
  path: Assets/BayatGames/Free Platform Game Assets/Tiles/2.5D Tiles/Spring/png/128x128/GrassRight.png
  artifactKey: Guid(1566c2951bcbc9d429763df0ca916c6a) Importer(2089858483,b0f066a214c2f5e87bad3c948f4d605d)
Start importing Assets/BayatGames/Free Platform Game Assets/Tiles/2.5D Tiles/Spring/png/128x128/GrassRight.png using Guid(1566c2951bcbc9d429763df0ca916c6a) Importer(2089858483,b0f066a214c2f5e87bad3c948f4d605d) (ScriptedImporter) -> (artifact id: '584a84c38319c73edd23c042b08c167a') in 0.0443768 seconds
Number of updated asset objects reloaded before import = 0Number of asset objects unloaded after import = 3

========================================================================
Received Import Request.
  Time since last request: 0.000019 seconds.
  path: Assets/BayatGames/Free Platform Game Assets/Tiles/2.5D Tiles/Spring/png/128x128/GrassJoinHillLeft2.png
  artifactKey: Guid(3624a44ba6181aa47bef3868d26f9f4a) Importer(2089858483,b0f066a214c2f5e87bad3c948f4d605d)
Start importing Assets/BayatGames/Free Platform Game Assets/Tiles/2.5D Tiles/Spring/png/128x128/GrassJoinHillLeft2.png using Guid(3624a44ba6181aa47bef3868d26f9f4a) Importer(2089858483,b0f066a214c2f5e87bad3c948f4d605d) (ScriptedImporter) -> (artifact id: '2be6a2dfdd56152b38c8011bb0be9a0c') in 0.0890267 seconds
Number of updated asset objects reloaded before import = 0Number of asset objects unloaded after import = 3

========================================================================
Received Import Request.
  Time since last request: 0.000033 seconds.
  path: Assets/BayatGames/Free Platform Game Assets/Tiles/2.5D Tiles/Spring/png/128x128/DirtRight.png
  artifactKey: Guid(133e6794d166c4d4594417a1d8523cf3) Importer(2089858483,b0f066a214c2f5e87bad3c948f4d605d)
Start importing Assets/BayatGames/Free Platform Game Assets/Tiles/2.5D Tiles/Spring/png/128x128/DirtRight.png using Guid(133e6794d166c4d4594417a1d8523cf3) Importer(2089858483,b0f066a214c2f5e87bad3c948f4d605d) (ScriptedImporter) -> (artifact id: '38efe2cac81bce269fb2f2e79bf7a349') in 0.0727623 seconds
Number of updated asset objects reloaded before import = 0Number of asset objects unloaded after import = 3

========================================================================
Received Import Request.
  Time since last request: 0.000017 seconds.
  path: Assets/BayatGames/Free Platform Game Assets/Tiles/2.5D Tiles/Spring/png/128x128/GrassJoinHillLeft.png
  artifactKey: Guid(383dea8737240104281d17c2d10d9eb5) Importer(2089858483,b0f066a214c2f5e87bad3c948f4d605d)
Start importing Assets/BayatGames/Free Platform Game Assets/Tiles/2.5D Tiles/Spring/png/128x128/GrassJoinHillLeft.png using Guid(383dea8737240104281d17c2d10d9eb5) Importer(2089858483,b0f066a214c2f5e87bad3c948f4d605d) (ScriptedImporter) -> (artifact id: 'd7f6918afb9e74471e79d9981f132409') in 0.1115029 seconds
Number of updated asset objects reloaded before import = 0Number of asset objects unloaded after import = 3

========================================================================
Received Import Request.
  Time since last request: 0.000022 seconds.
  path: Assets/BayatGames/Free Platform Game Assets/Tiles/2.5D Tiles/Spring/png/128x128/Grass.png
  artifactKey: Guid(d3400777b23b54143a1b71d432f5791c) Importer(2089858483,b0f066a214c2f5e87bad3c948f4d605d)
Start importing Assets/BayatGames/Free Platform Game Assets/Tiles/2.5D Tiles/Spring/png/128x128/Grass.png using Guid(d3400777b23b54143a1b71d432f5791c) Importer(2089858483,b0f066a214c2f5e87bad3c948f4d605d) (ScriptedImporter) -> (artifact id: 'a32fe5be3d17056b30e0c87bf6ace2fc') in 0.096384 seconds
Number of updated asset objects reloaded before import = 0Number of asset objects unloaded after import = 3

========================================================================
Received Import Request.
  Time since last request: 0.000023 seconds.
  path: Assets/BayatGames/Free Platform Game Assets/Tiles/2.5D Tiles/Spring/png/128x128/GrassJoinHillRight2&Left2_Down Shadow.png
  artifactKey: Guid(a2ad6f6ba1345e544a054e9e7a78f5e5) Importer(2089858483,b0f066a214c2f5e87bad3c948f4d605d)
Start importing Assets/BayatGames/Free Platform Game Assets/Tiles/2.5D Tiles/Spring/png/128x128/GrassJoinHillRight2&Left2_Down Shadow.png using Guid(a2ad6f6ba1345e544a054e9e7a78f5e5) Importer(2089858483,b0f066a214c2f5e87bad3c948f4d605d) (ScriptedImporter) -> (artifact id: 'c25e27f64c29b64af12a30933eb3d342') in 0.0790613 seconds
Number of updated asset objects reloaded before import = 0Number of asset objects unloaded after import = 3

========================================================================
Received Import Request.
  Time since last request: 0.000016 seconds.
  path: Assets/BayatGames/Free Platform Game Assets/Tiles/2.5D Tiles/Spring/png/256x256/Column.png
  artifactKey: Guid(58d505ee0adadac4281e31a5c5bd7464) Importer(2089858483,b0f066a214c2f5e87bad3c948f4d605d)
Start importing Assets/BayatGames/Free Platform Game Assets/Tiles/2.5D Tiles/Spring/png/256x256/Column.png using Guid(58d505ee0adadac4281e31a5c5bd7464) Importer(2089858483,b0f066a214c2f5e87bad3c948f4d605d) (ScriptedImporter) -> (artifact id: 'a424ed9b7b2cbfebc4ec8b9393cd6963') in 0.041614 seconds
Number of updated asset objects reloaded before import = 0Number of asset objects unloaded after import = 3

========================================================================
Received Import Request.
  Time since last request: 0.000017 seconds.
  path: Assets/BayatGames/Free Platform Game Assets/Environments/Environments/png/All/4x/Asset 15.png
  artifactKey: Guid(ec17f2142c3b7fc4c81e3432a4dbf986) Importer(2089858483,b0f066a214c2f5e87bad3c948f4d605d)
Start importing Assets/BayatGames/Free Platform Game Assets/Environments/Environments/png/All/4x/Asset 15.png using Guid(ec17f2142c3b7fc4c81e3432a4dbf986) Importer(2089858483,b0f066a214c2f5e87bad3c948f4d605d) (ScriptedImporter) -> (artifact id: 'fc4d4dd96ac45a4358f0f7be12dbbf19') in 0.0713716 seconds
Number of updated asset objects reloaded before import = 0Number of asset objects unloaded after import = 3

========================================================================
Received Import Request.
  Time since last request: 0.000024 seconds.
  path: Assets/BayatGames/Free Platform Game Assets/Tiles/2.5D Tiles/Spring/png/128x128/GrassJoinHillLeft2_Down Shadow.png
  artifactKey: Guid(4802eb907cb033d4cbc3e33c64afc176) Importer(2089858483,b0f066a214c2f5e87bad3c948f4d605d)
Start importing Assets/BayatGames/Free Platform Game Assets/Tiles/2.5D Tiles/Spring/png/128x128/GrassJoinHillLeft2_Down Shadow.png using Guid(4802eb907cb033d4cbc3e33c64afc176) Importer(2089858483,b0f066a214c2f5e87bad3c948f4d605d) (ScriptedImporter) -> (artifact id: '380b911206e440c5dadf2a374172f63f') in 0.0397809 seconds
Number of updated asset objects reloaded before import = 0Number of asset objects unloaded after import = 3

========================================================================
Received Import Request.
  Time since last request: 0.000027 seconds.
  path: Assets/BayatGames/Free Platform Game Assets/Environments/Environments/png/All/2x/Asset 5.png
  artifactKey: Guid(b4bb6b3e8fdd3bd469b2c50c7d8db642) Importer(2089858483,b0f066a214c2f5e87bad3c948f4d605d)
Start importing Assets/BayatGames/Free Platform Game Assets/Environments/Environments/png/All/2x/Asset 5.png using Guid(b4bb6b3e8fdd3bd469b2c50c7d8db642) Importer(2089858483,b0f066a214c2f5e87bad3c948f4d605d) (ScriptedImporter) -> (artifact id: '7c5eca2a0885d9e63f26d595a8655187') in 0.0866054 seconds
Number of updated asset objects reloaded before import = 0Number of asset objects unloaded after import = 3

========================================================================
Received Import Request.
  Time since last request: 0.000017 seconds.
  path: Assets/BayatGames/Free Platform Game Assets/Tiles/2.5D Tiles/Spring/png/128x128/GrassJoinHillRight2&Left2.png
  artifactKey: Guid(43a54f29aea59314d9c0f01802d1a1b6) Importer(2089858483,b0f066a214c2f5e87bad3c948f4d605d)
Start importing Assets/BayatGames/Free Platform Game Assets/Tiles/2.5D Tiles/Spring/png/128x128/GrassJoinHillRight2&Left2.png using Guid(43a54f29aea59314d9c0f01802d1a1b6) Importer(2089858483,b0f066a214c2f5e87bad3c948f4d605d) (ScriptedImporter) -> (artifact id: '3484c7c9c18abff8ea8116dd65301c8d') in 0.0561873 seconds
Number of updated asset objects reloaded before import = 0Number of asset objects unloaded after import = 3

========================================================================
Received Import Request.
  Time since last request: 0.000020 seconds.
  path: Assets/BayatGames/Free Platform Game Assets/Environments/Environments/png/All/4x/Asset 7.png
  artifactKey: Guid(a1eba9de1c2bf6c4782304ab5dbcec8b) Importer(2089858483,b0f066a214c2f5e87bad3c948f4d605d)
Start importing Assets/BayatGames/Free Platform Game Assets/Environments/Environments/png/All/4x/Asset 7.png using Guid(a1eba9de1c2bf6c4782304ab5dbcec8b) Importer(2089858483,b0f066a214c2f5e87bad3c948f4d605d) (ScriptedImporter) -> (artifact id: 'f724d17ded0510cc7ef25119882c2720') in 0.0822409 seconds
Number of updated asset objects reloaded before import = 0Number of asset objects unloaded after import = 3

========================================================================
Received Import Request.
  Time since last request: 0.000029 seconds.
  path: Assets/BayatGames/Free Platform Game Assets/Tiles/2.5D Tiles/Spring/png/128x128/GrassHillLeft.png
  artifactKey: Guid(4fb12cb17d6793c48af241272932de0b) Importer(2089858483,b0f066a214c2f5e87bad3c948f4d605d)
Start importing Assets/BayatGames/Free Platform Game Assets/Tiles/2.5D Tiles/Spring/png/128x128/GrassHillLeft.png using Guid(4fb12cb17d6793c48af241272932de0b) Importer(2089858483,b0f066a214c2f5e87bad3c948f4d605d) (ScriptedImporter) -> (artifact id: '1fd1ece56b8fad26ad70a9338d702b24') in 0.0808169 seconds
Number of updated asset objects reloaded before import = 0Number of asset objects unloaded after import = 3

========================================================================
Received Import Request.
  Time since last request: 0.000018 seconds.
  path: Assets/BayatGames/Free Platform Game Assets/Tiles/2.5D Tiles/Spring/png/128x128/GrassCliffLeft.png
  artifactKey: Guid(000207c915a540846881f1fd39478908) Importer(2089858483,b0f066a214c2f5e87bad3c948f4d605d)
Start importing Assets/BayatGames/Free Platform Game Assets/Tiles/2.5D Tiles/Spring/png/128x128/GrassCliffLeft.png using Guid(000207c915a540846881f1fd39478908) Importer(2089858483,b0f066a214c2f5e87bad3c948f4d605d) (ScriptedImporter) -> (artifact id: '86827282bec3140157e97f677073e527') in 0.0591885 seconds
Number of updated asset objects reloaded before import = 0Number of asset objects unloaded after import = 3

========================================================================
Received Import Request.
  Time since last request: 0.000018 seconds.
  path: Assets/BayatGames/Free Platform Game Assets/Environments/Environments/png/All/4x/Asset 11.png
  artifactKey: Guid(b51b0e52d434ca649b8aea2ad9518986) Importer(2089858483,b0f066a214c2f5e87bad3c948f4d605d)
Start importing Assets/BayatGames/Free Platform Game Assets/Environments/Environments/png/All/4x/Asset 11.png using Guid(b51b0e52d434ca649b8aea2ad9518986) Importer(2089858483,b0f066a214c2f5e87bad3c948f4d605d) (ScriptedImporter) -> (artifact id: '7df1e831999029cf0b96b1f1333701ff') in 0.0600385 seconds
Number of updated asset objects reloaded before import = 0Number of asset objects unloaded after import = 3

========================================================================
Received Import Request.
  Time since last request: 0.000026 seconds.
  path: Assets/BayatGames/Free Platform Game Assets/Tiles/2.5D Tiles/Spring/png/128x128/GrassLeft.png
  artifactKey: Guid(7584d6bb868caee47b24d330c3c5b849) Importer(2089858483,b0f066a214c2f5e87bad3c948f4d605d)
Start importing Assets/BayatGames/Free Platform Game Assets/Tiles/2.5D Tiles/Spring/png/128x128/GrassLeft.png using Guid(7584d6bb868caee47b24d330c3c5b849) Importer(2089858483,b0f066a214c2f5e87bad3c948f4d605d) (ScriptedImporter) -> (artifact id: 'e47c14ecda6fed09055aca397525b50d') in 0.1292089 seconds
Number of updated asset objects reloaded before import = 0Number of asset objects unloaded after import = 3

========================================================================
Received Import Request.
  Time since last request: 0.000018 seconds.
  path: Assets/BayatGames/Free Platform Game Assets/Tiles/2.5D Tiles/Spring/png/256x256/Asset 40.png
  artifactKey: Guid(e7d1a49545d934a4ba75f11016f91c26) Importer(2089858483,b0f066a214c2f5e87bad3c948f4d605d)
Start importing Assets/BayatGames/Free Platform Game Assets/Tiles/2.5D Tiles/Spring/png/256x256/Asset 40.png using Guid(e7d1a49545d934a4ba75f11016f91c26) Importer(2089858483,b0f066a214c2f5e87bad3c948f4d605d) (ScriptedImporter) -> (artifact id: '24f4258cd01e0a4ad92bc35c13d9a4bb') in 0.0556906 seconds
Number of updated asset objects reloaded before import = 0Number of asset objects unloaded after import = 3

========================================================================
Received Import Request.
  Time since last request: 0.000024 seconds.
  path: Assets/BayatGames/Free Platform Game Assets/Environments/Environments/png/All/1x/Asset 3.png
  artifactKey: Guid(179847ce42cb60d479d0f6c68f21bad1) Importer(2089858483,b0f066a214c2f5e87bad3c948f4d605d)
Start importing Assets/BayatGames/Free Platform Game Assets/Environments/Environments/png/All/1x/Asset 3.png using Guid(179847ce42cb60d479d0f6c68f21bad1) Importer(2089858483,b0f066a214c2f5e87bad3c948f4d605d) (ScriptedImporter) -> (artifact id: '014a0e5a6c86bcbf748c3c3b0f2f25c5') in 0.1507696 seconds
Number of updated asset objects reloaded before import = 0Number of asset objects unloaded after import = 3

========================================================================
Received Import Request.
  Time since last request: 0.000040 seconds.
  path: Assets/BayatGames/Free Platform Game Assets/Backgrounds/New Background ( Update 1.9 )/png/2048x1024/all/Mid.png
  artifactKey: Guid(ecb9f102759322a4899c647542197151) Importer(2089858483,b0f066a214c2f5e87bad3c948f4d605d)
Start importing Assets/BayatGames/Free Platform Game Assets/Backgrounds/New Background ( Update 1.9 )/png/2048x1024/all/Mid.png using Guid(ecb9f102759322a4899c647542197151) Importer(2089858483,b0f066a214c2f5e87bad3c948f4d605d) (ScriptedImporter) -> (artifact id: '834e3e63fad997160fb33365acd1fe8a') in 0.208339 seconds
Number of updated asset objects reloaded before import = 0Number of asset objects unloaded after import = 3

========================================================================
Received Import Request.
  Time since last request: 0.000027 seconds.
  path: Assets/BayatGames/Free Platform Game Assets/Environments/Environments/png/All/1x/Asset 14.png
  artifactKey: Guid(0c548135114f2294facebd4e6387ee0a) Importer(2089858483,b0f066a214c2f5e87bad3c948f4d605d)
Start importing Assets/BayatGames/Free Platform Game Assets/Environments/Environments/png/All/1x/Asset 14.png using Guid(0c548135114f2294facebd4e6387ee0a) Importer(2089858483,b0f066a214c2f5e87bad3c948f4d605d) (ScriptedImporter) -> (artifact id: 'ba2d09439ff03783f5d3ea8cdf63b9ea') in 0.12562 seconds
Number of updated asset objects reloaded before import = 0Number of asset objects unloaded after import = 3

========================================================================
Received Import Request.
  Time since last request: 0.000027 seconds.
  path: Assets/BayatGames/Free Platform Game Assets/Chests/Chest/png/Separate/4x/6-4x.png
  artifactKey: Guid(914ad629b6531ce498accd6bcba30c9e) Importer(2089858483,b0f066a214c2f5e87bad3c948f4d605d)
Start importing Assets/BayatGames/Free Platform Game Assets/Chests/Chest/png/Separate/4x/6-4x.png using Guid(914ad629b6531ce498accd6bcba30c9e) Importer(2089858483,b0f066a214c2f5e87bad3c948f4d605d) (ScriptedImporter) -> (artifact id: 'fc91b3d005db5e14dd8774f8c3c02475') in 0.0704956 seconds
Number of updated asset objects reloaded before import = 0Number of asset objects unloaded after import = 3

========================================================================
Received Import Request.
  Time since last request: 0.000018 seconds.
  path: Assets/BayatGames/Free Platform Game Assets/Character/Character Source/png/4x/Sprite Mesh/RightFoot.asset
  artifactKey: Guid(5ff121e36eddf704f85167abbb32b4be) Importer(2089858483,b0f066a214c2f5e87bad3c948f4d605d)
Start importing Assets/BayatGames/Free Platform Game Assets/Character/Character Source/png/4x/Sprite Mesh/RightFoot.asset using Guid(5ff121e36eddf704f85167abbb32b4be) Importer(2089858483,b0f066a214c2f5e87bad3c948f4d605d) (ScriptedImporter) -> (artifact id: '7a1ce557321c81a918844fe5ad64cdac') in 0.0521714 seconds
Number of updated asset objects reloaded before import = 0Number of asset objects unloaded after import = 1

========================================================================
Received Import Request.
  Time since last request: 0.000016 seconds.
  path: Assets/BayatGames/Free Platform Game Assets/Backgrounds/Background/png/2048x1536/Background/Background.png
  artifactKey: Guid(f222fb00e3182624888826a2fc58db96) Importer(2089858483,b0f066a214c2f5e87bad3c948f4d605d)
Start importing Assets/BayatGames/Free Platform Game Assets/Backgrounds/Background/png/2048x1536/Background/Background.png using Guid(f222fb00e3182624888826a2fc58db96) Importer(2089858483,b0f066a214c2f5e87bad3c948f4d605d) (ScriptedImporter) -> (artifact id: '6ae82366e7de92fb9fe1fea8af636af7') in 0.1098473 seconds
Number of updated asset objects reloaded before import = 0Number of asset objects unloaded after import = 3

========================================================================
Received Import Request.
  Time since last request: 0.000023 seconds.
  path: Assets/BayatGames/Free Platform Game Assets/Chests/Chest/png/Separate/1x/6-1x.png
  artifactKey: Guid(c7193651d506bac45b537a27d37aa181) Importer(2089858483,b0f066a214c2f5e87bad3c948f4d605d)
Start importing Assets/BayatGames/Free Platform Game Assets/Chests/Chest/png/Separate/1x/6-1x.png using Guid(c7193651d506bac45b537a27d37aa181) Importer(2089858483,b0f066a214c2f5e87bad3c948f4d605d) (ScriptedImporter) -> (artifact id: 'c8409db5ecdf2a5510110682a6fd5503') in 0.055347 seconds
Number of updated asset objects reloaded before import = 0Number of asset objects unloaded after import = 3

========================================================================
Received Import Request.
  Time since last request: 0.000028 seconds.
  path: Assets/BayatGames/Free Platform Game Assets/Backgrounds/Background/png/Clouds/128x128/Cloud_1.png
  artifactKey: Guid(53a92b61ea7dbdb45a0b3db4c15903c6) Importer(2089858483,b0f066a214c2f5e87bad3c948f4d605d)
Start importing Assets/BayatGames/Free Platform Game Assets/Backgrounds/Background/png/Clouds/128x128/Cloud_1.png using Guid(53a92b61ea7dbdb45a0b3db4c15903c6) Importer(2089858483,b0f066a214c2f5e87bad3c948f4d605d) (ScriptedImporter) -> (artifact id: '975aafc3741be888c32d91dff99bb959') in 0.0633401 seconds
Number of updated asset objects reloaded before import = 0Number of asset objects unloaded after import = 3

========================================================================
Received Import Request.
  Time since last request: 0.000017 seconds.
  path: Assets/TextMesh Pro/Examples & Extras/Scenes/06 - Extra Rich Text Examples.unity
  artifactKey: Guid(39a1fa96ad2a449b908fca29d4297a74) Importer(2089858483,b0f066a214c2f5e87bad3c948f4d605d)
Start importing Assets/TextMesh Pro/Examples & Extras/Scenes/06 - Extra Rich Text Examples.unity using Guid(39a1fa96ad2a449b908fca29d4297a74) Importer(2089858483,b0f066a214c2f5e87bad3c948f4d605d) (ScriptedImporter) -> (artifact id: '71d3b5250bc3f6e6869487b1d4d06a25') in 0.1892972 seconds
Number of updated asset objects reloaded before import = 0Number of asset objects unloaded after import = 1

========================================================================
Received Import Request.
  Time since last request: 0.000020 seconds.
  path: Assets/BayatGames/Free Platform Game Assets/Tiles/2.5D Tiles/Spring/png/256x256/GrassLeft.png
  artifactKey: Guid(2fa3cbfa3d618894cb2540a17bee8da1) Importer(2089858483,b0f066a214c2f5e87bad3c948f4d605d)
Start importing Assets/BayatGames/Free Platform Game Assets/Tiles/2.5D Tiles/Spring/png/256x256/GrassLeft.png using Guid(2fa3cbfa3d618894cb2540a17bee8da1) Importer(2089858483,b0f066a214c2f5e87bad3c948f4d605d) (ScriptedImporter) -> (artifact id: '7d20d0627c306adb9112790d3d5ff096') in 0.0394958 seconds
Number of updated asset objects reloaded before import = 0Number of asset objects unloaded after import = 3

========================================================================
Received Import Request.
  Time since last request: 0.000027 seconds.
  path: Assets/karsiori/Sprites/Pixel Art Rock Pile Pack/Rock Pile - SILVER -/Rock Pile 14 - SILVER - BIG.PNG
  artifactKey: Guid(b3ca7cceee89a694788d6baa2f93da6c) Importer(2089858483,b0f066a214c2f5e87bad3c948f4d605d)
Start importing Assets/karsiori/Sprites/Pixel Art Rock Pile Pack/Rock Pile - SILVER -/Rock Pile 14 - SILVER - BIG.PNG using Guid(b3ca7cceee89a694788d6baa2f93da6c) Importer(2089858483,b0f066a214c2f5e87bad3c948f4d605d) (ScriptedImporter) -> (artifact id: '85500cfb66425f275a6785baf0caa5c8') in 0.10028 seconds
Number of updated asset objects reloaded before import = 0Number of asset objects unloaded after import = 3

========================================================================
Received Import Request.
  Time since last request: 0.000019 seconds.
  path: Assets/BayatGames/Free Platform Game Assets/Chests/Chest/png/Separate/1x/4-1x.png
  artifactKey: Guid(10d787177c704bd4084a4d0a584d8222) Importer(2089858483,b0f066a214c2f5e87bad3c948f4d605d)
Start importing Assets/BayatGames/Free Platform Game Assets/Chests/Chest/png/Separate/1x/4-1x.png using Guid(10d787177c704bd4084a4d0a584d8222) Importer(2089858483,b0f066a214c2f5e87bad3c948f4d605d) (ScriptedImporter) -> (artifact id: 'ec071530be41d1ea9eb650d41f5f7468') in 0.0929427 seconds
Number of updated asset objects reloaded before import = 0Number of asset objects unloaded after import = 3

========================================================================
Received Import Request.
  Time since last request: 0.000022 seconds.
  path: Assets/BayatGames/Free Platform Game Assets/Chests/Chest/png/Sliced/Sliced 1/1x/body-5-1x.png
  artifactKey: Guid(e55cbddfd05142c41be69394aeb62a0d) Importer(2089858483,b0f066a214c2f5e87bad3c948f4d605d)
Start importing Assets/BayatGames/Free Platform Game Assets/Chests/Chest/png/Sliced/Sliced 1/1x/body-5-1x.png using Guid(e55cbddfd05142c41be69394aeb62a0d) Importer(2089858483,b0f066a214c2f5e87bad3c948f4d605d) (ScriptedImporter) -> (artifact id: '24ce16e5543400f9f80579bf808bd917') in 0.0858811 seconds
Number of updated asset objects reloaded before import = 0Number of asset objects unloaded after import = 3

========================================================================
Received Import Request.
  Time since last request: 0.000030 seconds.
  path: Assets/BayatGames/Free Platform Game Assets/Chests/Chest/png/Sliced/Sliced 1/1x/body-1-1x.png
  artifactKey: Guid(084b84757a7d8dd44994f7bb0f0a20b3) Importer(2089858483,b0f066a214c2f5e87bad3c948f4d605d)
Start importing Assets/BayatGames/Free Platform Game Assets/Chests/Chest/png/Sliced/Sliced 1/1x/body-1-1x.png using Guid(084b84757a7d8dd44994f7bb0f0a20b3) Importer(2089858483,b0f066a214c2f5e87bad3c948f4d605d) (ScriptedImporter) -> (artifact id: 'c89ebacf44d19647bca05f491c505ab7') in 0.075938 seconds
Number of updated asset objects reloaded before import = 0Number of asset objects unloaded after import = 3

========================================================================
Received Import Request.
  Time since last request: 0.000017 seconds.
  path: Assets/BayatGames/Free Platform Game Assets/Tiles/2.5D Tiles/Spring/png/256x256/GrassHillRight2.png
  artifactKey: Guid(df8cad076e2f3ef47951d4e3fe662550) Importer(2089858483,b0f066a214c2f5e87bad3c948f4d605d)
Start importing Assets/BayatGames/Free Platform Game Assets/Tiles/2.5D Tiles/Spring/png/256x256/GrassHillRight2.png using Guid(df8cad076e2f3ef47951d4e3fe662550) Importer(2089858483,b0f066a214c2f5e87bad3c948f4d605d) (ScriptedImporter) -> (artifact id: 'a7b092f70dde4e40837c87289f72c21b') in 0.0796004 seconds
Number of updated asset objects reloaded before import = 0Number of asset objects unloaded after import = 3

========================================================================
Received Import Request.
  Time since last request: 0.000024 seconds.
  path: Assets/BayatGames/Free Platform Game Assets/Tiles/2.5D Tiles/Spring/png/256x256/GrassJoinHillRight2&Left2.png
  artifactKey: Guid(98f877c6dbb35ae409b5a369abb5d65c) Importer(2089858483,b0f066a214c2f5e87bad3c948f4d605d)
Start importing Assets/BayatGames/Free Platform Game Assets/Tiles/2.5D Tiles/Spring/png/256x256/GrassJoinHillRight2&Left2.png using Guid(98f877c6dbb35ae409b5a369abb5d65c) Importer(2089858483,b0f066a214c2f5e87bad3c948f4d605d) (ScriptedImporter) -> (artifact id: 'ad61d2943e3d1e14ae5c1c767e33c2ec') in 0.0849961 seconds
Number of updated asset objects reloaded before import = 0Number of asset objects unloaded after import = 3

========================================================================
Received Import Request.
  Time since last request: 0.000031 seconds.
  path: Assets/BayatGames/Free Platform Game Assets/Tiles/2.5D Tiles/Spring/png/256x256/GrassMid.png
  artifactKey: Guid(0ca22b74d58659c438cd630b98174fb3) Importer(2089858483,b0f066a214c2f5e87bad3c948f4d605d)
Start importing Assets/BayatGames/Free Platform Game Assets/Tiles/2.5D Tiles/Spring/png/256x256/GrassMid.png using Guid(0ca22b74d58659c438cd630b98174fb3) Importer(2089858483,b0f066a214c2f5e87bad3c948f4d605d) (ScriptedImporter) -> (artifact id: '851d0bee105a01ab35832010891dc3b1') in 0.0597515 seconds
Number of updated asset objects reloaded before import = 0Number of asset objects unloaded after import = 3

========================================================================
Received Import Request.
  Time since last request: 0.000016 seconds.
  path: Assets/BayatGames/Free Platform Game Assets/Tiles/2.5D Tiles/Spring/png/512x512/GrassHillLeft2.png
  artifactKey: Guid(6a6c4353903055d40be13d0d3c64f657) Importer(2089858483,b0f066a214c2f5e87bad3c948f4d605d)
Start importing Assets/BayatGames/Free Platform Game Assets/Tiles/2.5D Tiles/Spring/png/512x512/GrassHillLeft2.png using Guid(6a6c4353903055d40be13d0d3c64f657) Importer(2089858483,b0f066a214c2f5e87bad3c948f4d605d) (ScriptedImporter) -> (artifact id: 'bdce6527059e319fe7350086c78df4b3') in 0.0547098 seconds
Number of updated asset objects reloaded before import = 0Number of asset objects unloaded after import = 3

========================================================================
Received Import Request.
  Time since last request: 0.000017 seconds.
  path: Assets/BayatGames/Free Platform Game Assets/Tiles/2.5D Tiles/Spring/png/512x512/GrassHillRight2_Down Shadow.png
  artifactKey: Guid(8b9f7b98aa858544a9bca8c25c24970f) Importer(2089858483,b0f066a214c2f5e87bad3c948f4d605d)
Start importing Assets/BayatGames/Free Platform Game Assets/Tiles/2.5D Tiles/Spring/png/512x512/GrassHillRight2_Down Shadow.png using Guid(8b9f7b98aa858544a9bca8c25c24970f) Importer(2089858483,b0f066a214c2f5e87bad3c948f4d605d) (ScriptedImporter) -> (artifact id: 'fa62af8da29c738af04d98df8e9f8766') in 0.0855953 seconds
Number of updated asset objects reloaded before import = 0Number of asset objects unloaded after import = 3

========================================================================
Received Import Request.
  Time since last request: 0.000024 seconds.
  path: Assets/BayatGames/Free Platform Game Assets/Tiles/2.5D Tiles/Spring/png/512x512/GrassCliffMid.png
  artifactKey: Guid(e40a5b60190c1684c9a77d8aba2a3c7d) Importer(2089858483,b0f066a214c2f5e87bad3c948f4d605d)
Start importing Assets/BayatGames/Free Platform Game Assets/Tiles/2.5D Tiles/Spring/png/512x512/GrassCliffMid.png using Guid(e40a5b60190c1684c9a77d8aba2a3c7d) Importer(2089858483,b0f066a214c2f5e87bad3c948f4d605d) (ScriptedImporter) -> (artifact id: 'c02b29d2cf347770ea95c2a36b039cef') in 0.0996605 seconds
Number of updated asset objects reloaded before import = 0Number of asset objects unloaded after import = 3

========================================================================
Received Import Request.
  Time since last request: 0.000028 seconds.
  path: Assets/BayatGames/Free Platform Game Assets/Tiles/2.5D Tiles/Spring/png/256x256/GrassRight.png
  artifactKey: Guid(2c62264155282ae4e8331ecdbb71f3a5) Importer(2089858483,b0f066a214c2f5e87bad3c948f4d605d)
Start importing Assets/BayatGames/Free Platform Game Assets/Tiles/2.5D Tiles/Spring/png/256x256/GrassRight.png using Guid(2c62264155282ae4e8331ecdbb71f3a5) Importer(2089858483,b0f066a214c2f5e87bad3c948f4d605d) (ScriptedImporter) -> (artifact id: '4ff3790ebab0293ba7f911a2f3262583') in 0.2903788 seconds
Number of updated asset objects reloaded before import = 0Number of asset objects unloaded after import = 3

========================================================================
Received Import Request.
  Time since last request: 0.000022 seconds.
  path: Assets/BayatGames/Free Platform Game Assets/Tiles/2.5D Tiles/Spring/png/256x256/GrassHillLeft.png
  artifactKey: Guid(4e1cce33c4b28e24cbf240cc2a64c5ba) Importer(2089858483,b0f066a214c2f5e87bad3c948f4d605d)
Start importing Assets/BayatGames/Free Platform Game Assets/Tiles/2.5D Tiles/Spring/png/256x256/GrassHillLeft.png using Guid(4e1cce33c4b28e24cbf240cc2a64c5ba) Importer(2089858483,b0f066a214c2f5e87bad3c948f4d605d) (ScriptedImporter) -> (artifact id: 'a160ce2e467df5f7b2af38bea1c68db7') in 0.0630552 seconds
Number of updated asset objects reloaded before import = 0Number of asset objects unloaded after import = 3

========================================================================
Received Import Request.
  Time since last request: 0.000019 seconds.
  path: Assets/BayatGames/Free Platform Game Assets/Tiles/2.5D Tiles/Spring/png/512x512/GrassRight.png
  artifactKey: Guid(84c0ea01a5a6f444a9297fe9ab4740b2) Importer(2089858483,b0f066a214c2f5e87bad3c948f4d605d)
Start importing Assets/BayatGames/Free Platform Game Assets/Tiles/2.5D Tiles/Spring/png/512x512/GrassRight.png using Guid(84c0ea01a5a6f444a9297fe9ab4740b2) Importer(2089858483,b0f066a214c2f5e87bad3c948f4d605d) (ScriptedImporter) -> (artifact id: '3ed18a9ae4b50cd8d27faf0f0fb35a94') in 0.1033711 seconds
Number of updated asset objects reloaded before import = 0Number of asset objects unloaded after import = 3

========================================================================
Received Import Request.
  Time since last request: 0.000017 seconds.
  path: Assets/BayatGames/Free Platform Game Assets/Tiles/2.5D Tiles/Spring/png/256x256/Dirt.png
  artifactKey: Guid(818f5c33f57454540951217553efbe57) Importer(2089858483,b0f066a214c2f5e87bad3c948f4d605d)
Start importing Assets/BayatGames/Free Platform Game Assets/Tiles/2.5D Tiles/Spring/png/256x256/Dirt.png using Guid(818f5c33f57454540951217553efbe57) Importer(2089858483,b0f066a214c2f5e87bad3c948f4d605d) (ScriptedImporter) -> (artifact id: '04452dbf954fc4871b0fd5cdf5fb93ea') in 0.0665155 seconds
Number of updated asset objects reloaded before import = 0Number of asset objects unloaded after import = 3

========================================================================
Received Import Request.
  Time since last request: 0.000019 seconds.
  path: Assets/BayatGames/Free Platform Game Assets/Tiles/2.5D Tiles/Spring/png/512x512/column_down.png
  artifactKey: Guid(73ec061e7811d0a4cac3fdc4a1077ec1) Importer(2089858483,b0f066a214c2f5e87bad3c948f4d605d)
Start importing Assets/BayatGames/Free Platform Game Assets/Tiles/2.5D Tiles/Spring/png/512x512/column_down.png using Guid(73ec061e7811d0a4cac3fdc4a1077ec1) Importer(2089858483,b0f066a214c2f5e87bad3c948f4d605d) (ScriptedImporter) -> (artifact id: '2917c8194b6a4b3f14276b31a2fb4a30') in 0.1519737 seconds
Number of updated asset objects reloaded before import = 0Number of asset objects unloaded after import = 3

========================================================================
Received Import Request.
  Time since last request: 0.000034 seconds.
  path: Assets/BayatGames/Free Platform Game Assets/Tiles/2.5D Tiles/Spring/png/512x512/column_up.png
  artifactKey: Guid(bcee5f9dfde2e2b46a25ac3129b47408) Importer(2089858483,b0f066a214c2f5e87bad3c948f4d605d)
Start importing Assets/BayatGames/Free Platform Game Assets/Tiles/2.5D Tiles/Spring/png/512x512/column_up.png using Guid(bcee5f9dfde2e2b46a25ac3129b47408) Importer(2089858483,b0f066a214c2f5e87bad3c948f4d605d) (ScriptedImporter) -> (artifact id: 'eb5d0ff2e09094230fc2ca31e003f884') in 0.042159 seconds
Number of updated asset objects reloaded before import = 0Number of asset objects unloaded after import = 3

========================================================================
Received Import Request.
  Time since last request: 0.000018 seconds.
  path: Assets/BayatGames/Free Platform Game Assets/Tiles/2.5D Tiles/Spring/png/256x256/column_up.png
  artifactKey: Guid(75713212eb3c98d44a192e2273fb1abd) Importer(2089858483,b0f066a214c2f5e87bad3c948f4d605d)
Start importing Assets/BayatGames/Free Platform Game Assets/Tiles/2.5D Tiles/Spring/png/256x256/column_up.png using Guid(75713212eb3c98d44a192e2273fb1abd) Importer(2089858483,b0f066a214c2f5e87bad3c948f4d605d) (ScriptedImporter) -> (artifact id: 'f7aee2dc49ed20fb0eaef41d4bb1cc1e') in 0.0434222 seconds
Number of updated asset objects reloaded before import = 0Number of asset objects unloaded after import = 3

========================================================================
Received Import Request.
  Time since last request: 0.000017 seconds.
  path: Assets/BayatGames/Free Platform Game Assets/Tiles/2.5D Tiles/Spring/png/512x512/GrassJoinHillRight2_Downshadow.png
  artifactKey: Guid(35b587aa7e877ef4da9cc87577070eb0) Importer(2089858483,b0f066a214c2f5e87bad3c948f4d605d)
Start importing Assets/BayatGames/Free Platform Game Assets/Tiles/2.5D Tiles/Spring/png/512x512/GrassJoinHillRight2_Downshadow.png using Guid(35b587aa7e877ef4da9cc87577070eb0) Importer(2089858483,b0f066a214c2f5e87bad3c948f4d605d) (ScriptedImporter) -> (artifact id: '5bb6f75e8a1131145cdc19b4b93e5547') in 0.5865054 seconds
Number of updated asset objects reloaded before import = 0Number of asset objects unloaded after import = 3

========================================================================
Received Import Request.
  Time since last request: 0.000021 seconds.
  path: Assets/BayatGames/Free Platform Game Assets/Tiles/2.5D Tiles/Spring/png/256x256/GrassJoinHillRight&Left.png
  artifactKey: Guid(25360da582ddb8549b7254b2b7cd5d8d) Importer(2089858483,b0f066a214c2f5e87bad3c948f4d605d)
Start importing Assets/BayatGames/Free Platform Game Assets/Tiles/2.5D Tiles/Spring/png/256x256/GrassJoinHillRight&Left.png using Guid(25360da582ddb8549b7254b2b7cd5d8d) Importer(2089858483,b0f066a214c2f5e87bad3c948f4d605d) (ScriptedImporter) -> (artifact id: '971b7a35024b8d4b9a0b51cce20dc401') in 0.0946477 seconds
Number of updated asset objects reloaded before import = 0Number of asset objects unloaded after import = 3

========================================================================
Received Import Request.
  Time since last request: 0.000024 seconds.
  path: Assets/BayatGames/Free Platform Game Assets/Tiles/2.5D Tiles/Spring/png/256x256/GrassHillRight2_Down Shadow.png
  artifactKey: Guid(317442dc9511fa744aa68803a37b63f3) Importer(2089858483,b0f066a214c2f5e87bad3c948f4d605d)
Start importing Assets/BayatGames/Free Platform Game Assets/Tiles/2.5D Tiles/Spring/png/256x256/GrassHillRight2_Down Shadow.png using Guid(317442dc9511fa744aa68803a37b63f3) Importer(2089858483,b0f066a214c2f5e87bad3c948f4d605d) (ScriptedImporter) -> (artifact id: '90a5b11425995e22739b16e3ca741057') in 0.6039315 seconds
Number of updated asset objects reloaded before import = 0Number of asset objects unloaded after import = 3

========================================================================
Received Import Request.
  Time since last request: 0.000021 seconds.
  path: Assets/BayatGames/Free Platform Game Assets/Tiles/2.5D Tiles/Spring/png/128x128/column_up.png
  artifactKey: Guid(a5e452d9c123fca4ba97036b370efebe) Importer(2089858483,b0f066a214c2f5e87bad3c948f4d605d)
Start importing Assets/BayatGames/Free Platform Game Assets/Tiles/2.5D Tiles/Spring/png/128x128/column_up.png using Guid(a5e452d9c123fca4ba97036b370efebe) Importer(2089858483,b0f066a214c2f5e87bad3c948f4d605d) (ScriptedImporter) -> (artifact id: 'ec6d2f23a234ff892c654b13ba219a39') in 1.3188117 seconds
Number of updated asset objects reloaded before import = 0Number of asset objects unloaded after import = 3

========================================================================
Received Import Request.
  Time since last request: 0.000027 seconds.
  path: Assets/BayatGames/Free Platform Game Assets/Chests/Chest/png/Separate/1x/3-1x.png
  artifactKey: Guid(9346397d970baf14da6d41949c0f35da) Importer(2089858483,b0f066a214c2f5e87bad3c948f4d605d)
Start importing Assets/BayatGames/Free Platform Game Assets/Chests/Chest/png/Separate/1x/3-1x.png using Guid(9346397d970baf14da6d41949c0f35da) Importer(2089858483,b0f066a214c2f5e87bad3c948f4d605d) (ScriptedImporter) -> (artifact id: 'f0d7c881a3a09593fa772491ac2d221d') in 0.5072663 seconds
Number of updated asset objects reloaded before import = 0Number of asset objects unloaded after import = 3

========================================================================
Received Import Request.
  Time since last request: 0.000020 seconds.
  path: Assets/BayatGames/Free Platform Game Assets/Environments/Environments/png/All/2x/Asset 4.png
  artifactKey: Guid(6215e52046168f94fafa3616b65c7098) Importer(2089858483,b0f066a214c2f5e87bad3c948f4d605d)
Start importing Assets/BayatGames/Free Platform Game Assets/Environments/Environments/png/All/2x/Asset 4.png using Guid(6215e52046168f94fafa3616b65c7098) Importer(2089858483,b0f066a214c2f5e87bad3c948f4d605d) (ScriptedImporter) -> (artifact id: '7b36b64c34a5d00310362ffd93c01a7f') in 0.6432452 seconds
Number of updated asset objects reloaded before import = 0Number of asset objects unloaded after import = 3

========================================================================
Received Import Request.
  Time since last request: 0.000028 seconds.
  path: Assets/BayatGames/Free Platform Game Assets/Environments/Environments/png/All/4x/Asset 10.png
  artifactKey: Guid(88d78802102224f42af0fa14f9beb3af) Importer(2089858483,b0f066a214c2f5e87bad3c948f4d605d)
Start importing Assets/BayatGames/Free Platform Game Assets/Environments/Environments/png/All/4x/Asset 10.png using Guid(88d78802102224f42af0fa14f9beb3af) Importer(2089858483,b0f066a214c2f5e87bad3c948f4d605d) (ScriptedImporter) -> (artifact id: '6694c262c740b32d80051f1fdb222e0b') in 0.1540364 seconds
Number of updated asset objects reloaded before import = 0Number of asset objects unloaded after import = 3

========================================================================
Received Import Request.
  Time since last request: 0.000018 seconds.
  path: Assets/BayatGames/Free Platform Game Assets/Chests/Chest/png/Separate/4x/3-4x.png
  artifactKey: Guid(533a95ed23b0f50489c8079420ffea0c) Importer(2089858483,b0f066a214c2f5e87bad3c948f4d605d)
Start importing Assets/BayatGames/Free Platform Game Assets/Chests/Chest/png/Separate/4x/3-4x.png using Guid(533a95ed23b0f50489c8079420ffea0c) Importer(2089858483,b0f066a214c2f5e87bad3c948f4d605d) (ScriptedImporter) -> (artifact id: 'ee506ca99d35650b2742b9b8286315ab') in 0.1660799 seconds
Number of updated asset objects reloaded before import = 0Number of asset objects unloaded after import = 3

========================================================================
Received Import Request.
  Time since last request: 0.000022 seconds.
  path: Assets/BayatGames/Free Platform Game Assets/Character/Character Source/png/4x/Sprite Mesh/RightEye.asset
  artifactKey: Guid(17c571d91f206054c828dd3851b48b3b) Importer(2089858483,b0f066a214c2f5e87bad3c948f4d605d)
Start importing Assets/BayatGames/Free Platform Game Assets/Character/Character Source/png/4x/Sprite Mesh/RightEye.asset using Guid(17c571d91f206054c828dd3851b48b3b) Importer(2089858483,b0f066a214c2f5e87bad3c948f4d605d) (ScriptedImporter) -> (artifact id: 'f8b2fe62d047ba7875479169053af640') in 0.1791746 seconds
Number of updated asset objects reloaded before import = 0Number of asset objects unloaded after import = 1

========================================================================
Received Import Request.
  Time since last request: 0.000029 seconds.
  path: Assets/BayatGames/Free Platform Game Assets/Tiles/2.5D Tiles/Spring/png/512x512/DirtRight.png
  artifactKey: Guid(df2e34fa16892e54799fdc5c9b78851b) Importer(2089858483,b0f066a214c2f5e87bad3c948f4d605d)
Start importing Assets/BayatGames/Free Platform Game Assets/Tiles/2.5D Tiles/Spring/png/512x512/DirtRight.png using Guid(df2e34fa16892e54799fdc5c9b78851b) Importer(2089858483,b0f066a214c2f5e87bad3c948f4d605d) (ScriptedImporter) -> (artifact id: 'c4ea6a2fbaa930839bdeb56e6b3b4684') in 0.2127684 seconds
Number of updated asset objects reloaded before import = 0Number of asset objects unloaded after import = 3

========================================================================
Received Import Request.
  Time since last request: 0.000020 seconds.
  path: Assets/BayatGames/Free Platform Game Assets/Tiles/2.5D Tiles/Spring/png/512x512/GrassJoinHillLeft2.png
  artifactKey: Guid(a5c53868494123c41aa13b085219200a) Importer(2089858483,b0f066a214c2f5e87bad3c948f4d605d)
Start importing Assets/BayatGames/Free Platform Game Assets/Tiles/2.5D Tiles/Spring/png/512x512/GrassJoinHillLeft2.png using Guid(a5c53868494123c41aa13b085219200a) Importer(2089858483,b0f066a214c2f5e87bad3c948f4d605d) (ScriptedImporter) -> (artifact id: 'f1a1035043f14fe53818df84b0310843') in 0.1167294 seconds
Number of updated asset objects reloaded before import = 0Number of asset objects unloaded after import = 3

========================================================================
Received Import Request.
  Time since last request: 0.000034 seconds.
  path: Assets/BayatGames/Free Platform Game Assets/Tiles/2.5D Tiles/Spring/png/512x512/GrassJoinHillRight&Left.png
  artifactKey: Guid(9ac3bf5a5f4d47f4eb82316a3c26e550) Importer(2089858483,b0f066a214c2f5e87bad3c948f4d605d)
Start importing Assets/BayatGames/Free Platform Game Assets/Tiles/2.5D Tiles/Spring/png/512x512/GrassJoinHillRight&Left.png using Guid(9ac3bf5a5f4d47f4eb82316a3c26e550) Importer(2089858483,b0f066a214c2f5e87bad3c948f4d605d) (ScriptedImporter) -> (artifact id: '811fe18204ea38b83971d9527d58c0c6') in 0.3689162 seconds
Number of updated asset objects reloaded before import = 0Number of asset objects unloaded after import = 3

