[Licensing::Module] Trying to connect to existing licensing client channel...
Built from '6000.5/staging' branch; Version is '6000.5.0f1 (88b47c5e7076) revision 8959100'; Using compiler version '194234433'; Build Type 'Release'
[Licensing::IpcConnector] Successfully connected to: "LicenseClient-savic" at "2026-06-23T13:04:36.1939992Z"
OS: 'Windows 10  (10.0.19045) 64bit Professional' Language: 'en' Physical Memory: 16307 MB
BatchMode: 0, IsHumanControllingUs: 1, StartBugReporterOnCrash: 1, Is64bit: 1
System  architecture: x64
Process architecture: x64
Date: 2026-06-23T13:04:36Z

COMMAND LINE ARGUMENTS:
D:\Unity\installs\6000.5.0f1\Editor\Unity.exe
-projectpath
D:\Unity\Projects\Project 01
-acceptSoftwareTermsForThisRunOnly
-useHub
-hubIPC
-cloudEnvironment
production
-licensingIpc
LicenseClient-savic
-hubSessionId
d084739e-f5b7-414a-98dd-fe571b3955cd
-accessToken
eAtzxhMgttyG0bz-Nbd2_psDmG4Ogfz2r9t8hVUNQ8Q006f
Successfully changed project path to: D:\Unity\Projects\Project 01
D:/Unity/Projects/Project 01
[UnityMemory] Configuration Parameters - Can be set up in boot.config
    "memorysetup-temp-allocator-size-gi-baking-worker=262144"
    "memorysetup-temp-allocator-size-gi-baking-worker=262144"
    "memorysetup-temp-allocator-size-gi-baking-worker=262144"
    "memorysetup-temp-allocator-size-gi-baking-worker=262144"
    "memorysetup-temp-allocator-size-gi-baking-worker=262144"
    "memorysetup-temp-allocator-size-nav-mesh-worker=65536"
    "memorysetup-temp-allocator-size-audio-worker=65536"
    "memorysetup-temp-allocator-size-cloud-worker=32768"
    "memorysetup-temp-allocator-size-gfx=262144"
    "memorysetup-temp-allocator-size-preload-manager=33554432"
    "memorysetup-allocator-temp-initial-block-size-main=262144"
    "memorysetup-allocator-temp-initial-block-size-worker=262144"
    "memorysetup-temp-allocator-size-job-worker=262144"
    "memorysetup-temp-allocator-size-background-worker=32768"
    "memorysetup-bucket-allocator-granularity=16"
    "memorysetup-bucket-allocator-bucket-count=8"
    "memorysetup-bucket-allocator-block-size=33554432"
    "memorysetup-bucket-allocator-block-count=8"
    "memorysetup-main-allocator-block-size=16777216"
    "memorysetup-thread-allocator-block-size=16777216"
    "memorysetup-main-allocator-mimalloc-enabled=0"
    "memorysetup-gfx-main-allocator-block-size=16777216"
    "memorysetup-gfx-thread-allocator-block-size=16777216"
    "memorysetup-cache-allocator-block-size=4194304"
    "memorysetup-typetree-allocator-block-size=2097152"
    "memorysetup-profiler-bucket-allocator-granularity=16"
    "memorysetup-profiler-bucket-allocator-bucket-count=8"
    "memorysetup-profiler-bucket-allocator-block-size=33554432"
    "memorysetup-profiler-bucket-allocator-block-count=8"
    "memorysetup-profiler-allocator-block-size=16777216"
    "memorysetup-profiler-editor-allocator-block-size=1048576"
    "memorysetup-temp-allocator-size-main=16777216"
    "memorysetup-job-temp-allocator-block-size=2097152"
    "memorysetup-job-temp-allocator-block-size-background=1048576"
    "memorysetup-job-temp-allocator-reduction-small-platforms=262144"
Player connection [25956]  Target information:

Player connection [25956]  * "[IP] 192.168.1.103 [Port] 55504 [Flags] 2 [Guid] 3373059035 [EditorId] 3373059035 [Version] 1048832 [Id] WindowsEditor(7,DESKTOP-3AQQ8LQ) [Debug] 1 [PackageName] WindowsEditor [ProjectName] Editor" 

Player connection [25956] Host joined multi-casting on [225.0.0.222:54997]...
Player connection [25956] Host joined alternative multi-casting on [225.0.0.222:34997]...
Input System module state changed to: Initialized.
[Physics::Module] Initialized fallback backend.
[Physics::Module] Id: 0xdecafbad
[Package Manager] Connected to IPC stream "Upm-26736" after 0.8 seconds.
[Licensing::Module] Licensing is not yet initialized.
[Licensing::Client] Error: HandshakeResponse reported an error:
	ResponseCode: 505
	ResponseStatus: Unsupported protocol version '1.18.1'.
[Licensing::Module] Error: Failed to handshake to channel: "LicenseClient-savic"
[Licensing::IpcConnector] LicenseClient-savic channel disconnected successfully.
[Licensing::IpcConnector] Channel LicenseClient-savic-6000.5.0 doesn't exist
[Licensing::Module] Successfully launched the LicensingClient (PId: 16100)
Starting IPC server.
Waiting for clients to connect on \\.\pipe\Unity-LicenseClient-savic-6000.5.0, press Ctrl-C to exit.
[Licensing::IpcConnector] Successfully connected to: "LicenseClient-savic-6000.5.0" at "2026-06-23T13:04:52.8456002Z"
[Licensing::Client] Code 10 while verifying Licensing Client signature (process Id: 16100, path: "D:/Unity/installs/6000.5.0f1/Editor/Data/Resources/Licensing/Client/Unity.Licensing.Client.exe")
[Licensing::Module] LicensingClient has failed validation; ignoring
[Licensing::Client] Handshaking with LicensingClient:
  Version:                 1.18.1+9fbee8e
  Session Id:              c7bbb5ec10234d51a978a873a2ec063e
  Correlation Id:          c9ad5aab997009520dcaf103434bf631
  External correlation Id: 3240760359098369728
  Machine Id:              RaxClSM2nTYIfqSompjN4c7ZjXk=
[Licensing::Module] Successfully connected to LicensingClient on channel: "LicenseClient-savic-6000.5.0" (connect: 9.84s, validation: 1.58s, handshake: 0.02s)
[Licensing::IpcConnector] Successfully connected to: "LicenseClient-savic-6000.5.0-notifications" at "2026-06-23T13:04:54.4434826Z"
[Licensing::Module] Connected to LicensingClient (PId: 16100, launch time: 0.07, total connection time: 11.44s)
[Licensing::Client] Successfully updated the access token
[Licensing::Module] Successfully updated the access token eAtzxhMgtt...
[Licensing::Client] Successfully resolved entitlement details
[Licensing::Module] License group:
  Id: 6872857124196-UnityPersXXXX
  Product: Unity Personal
  Type: Assigned
  Expiration: Unlimited
[Licensing::Client] Successfully updated license, isAsync: True, time: 0.06
[Licensing::Client] Successfully resolved entitlement details
[Licensing::Module] Licensing Background thread has ended after 18.41s
[Licensing::Module] Licensing is initialized (took 13.67s).
[Licensing::Client] Successfully resolved entitlement details
Library Redirect Path: Library/
[Physics::Module] Selected backend.
[Physics::Module] Name: PhysX
[Physics::Module] Id: 0xf2b8ea05
[Physics::Module] SDK Version: 4.1.2
[Physics::Module] Integration Version: 1.0.0
[Physics::Module] Threading Mode: Multi-Threaded
Refreshing native plugins compatible for Editor in 458.71 ms, found 1 plugins.
Initialize engine version: 6000.5.0f1 (88b47c5e7076)
[Subsystems] Discovering subsystems at path D:/Unity/installs/6000.5.0f1/Editor/Data/Resources/UnitySubsystems
[Subsystems] Discovering subsystems at path D:/Unity/Projects/Project 01/Assets
[D3D12 Device Filter] Vendor Name: NVIDIA
[D3D12 Device Filter] Device Name: NVIDIA GeForce RTX 2060
[D3D12 Device Filter] Driver Version: 32.0.16.1047
[D3D12 Device Filter] Feature Level: 12.2
[D3D12 Device Filter] Graphics Memory: 5954 MB
[D3D12 Device Filter] Processor Count: 12
[D3D12 Device Filter] Device Type: Discrete
GfxDevice: creating device client; kGfxThreadingModeSplitJobs
d3d12: failed to query info queue interface (0x80004002).
Direct3D:
    Version:         Direct3D 12 [level 12.2]
    Renderer:        NVIDIA GeForce RTX 2060 (ID=0x1f08)
    Vendor:          NVIDIA
    VRAM:            5954 MB
    App VRAM Budget: 5186 MB
    Driver:          32.0.16.1047
Initialize mono
Mono path[0] = 'D:/Unity/installs/6000.5.0f1/Editor/Data/Managed'
Mono path[1] = 'D:/Unity/installs/6000.5.0f1/Editor/Data/BCLExtensions/runtime/netstandard2.1'
Mono path[2] = 'D:/Unity/installs/6000.5.0f1/Editor/Data/MonoBleedingEdge/lib/mono/unityjit-win32'
Mono config path = 'D:/Unity/installs/6000.5.0f1/Editor/Data/MonoBleedingEdge/etc'
Using monoOptions --debugger-agent=transport=dt_socket,embedding=1,server=y,suspend=n,address=127.0.0.1:56736
CodeReloadManager initialized
ImportWorker Server TCP listen port: 0
AcceleratorClientConnectionCallback - disconnected - :0
Begin MonoManager ReloadAssembly
Registering precompiled unity dll's ...
Register platform support module: D:/Unity/installs/6000.5.0f1/Editor/Data/PlaybackEngines/WebGLSupport/UnityEditor.WebGL.Extensions.dll
Register platform support module: D:/Unity/installs/6000.5.0f1/Editor/Data/PlaybackEngines/WindowsStandaloneSupport/UnityEditor.WindowsStandalone.Extensions.dll
Registered in 0.928442 seconds.
Native extension for WindowsStandalone target not found
Native extension for WebGL target not found
Package Manager log level set to [2]
ScheduleIndexationOnStartup MainProcess:False IndexOnStartup:True
Mono: successfully reloaded assembly
- Finished resetting the current domain, in  3.638 seconds
Domain Reload Profiling: 9385ms
	BeginReloadAssembly (695ms)
		CreateAndSetChildDomain (4ms)
	RebuildCommonClasses (5ms)
	RebuildNativeTypeToScriptingClass (348ms)
	initialDomainReloadingComplete (1374ms)
	LoadAllAssembliesAndSetupDomain (3323ms)
		LoadAssemblies (719ms)
		AnalyzeDomain (3208ms)
			TypeCache.Refresh (3206ms)
				TypeCache.ScanAssembly (2740ms)
	FinalizeReload (3639ms)
		SetupLoadedEditorAssemblies (0ms)
			InitializePlatformSupportModulesInManaged (3ms)
			BeforeProcessingInitializeOnLoad (97ms)
			ProcessInitializeOnLoadAttributes (245ms)
			ProcessInitializeOnLoadMethodAttributes (3191ms)
[Licensing::Client] Successfully resolved entitlement details
Application.AssetDatabase Initial Refresh Start
[Package Manager] Restoring resolved packages state from cache
[Licensing::Client] Successfully resolved entitlement details
[Package Manager] Registered 72 packages:
  Packages from [https://packages.unity.com]:
    com.unity.2d.animation@15.1.0 (location: D:\Unity\Projects\Project 01\Library\PackageCache\com.unity.2d.animation@6d5a363ae647)
    com.unity.2d.aseprite@5.0.3 (location: D:\Unity\Projects\Project 01\Library\PackageCache\com.unity.2d.aseprite@d13865913efa)
    com.unity.2d.psdimporter@14.0.3 (location: D:\Unity\Projects\Project 01\Library\PackageCache\com.unity.2d.psdimporter@5d82044f9e43)
    com.unity.2d.spriteshape@15.0.3 (location: D:\Unity\Projects\Project 01\Library\PackageCache\com.unity.2d.spriteshape@fcb7ec61a58b)
    com.unity.2d.tilemap.extras@8.0.3 (location: D:\Unity\Projects\Project 01\Library\PackageCache\com.unity.2d.tilemap.extras@a80140457adc)
    com.unity.2d.tooling@3.0.1 (location: D:\Unity\Projects\Project 01\Library\PackageCache\com.unity.2d.tooling@6f06ffb033c0)
    com.unity.ai.navigation@2.0.13 (location: D:\Unity\Projects\Project 01\Library\PackageCache\com.unity.ai.navigation@42d896194035)
    com.unity.analytics@3.8.2 (location: D:\Unity\Projects\Project 01\Library\PackageCache\com.unity.analytics@c9d14a6bdec6)
    com.unity.collab-proxy@2.12.4 (location: D:\Unity\Projects\Project 01\Library\PackageCache\com.unity.collab-proxy@0b1559bcd34e)
    com.unity.ide.rider@3.0.38 (location: D:\Unity\Projects\Project 01\Library\PackageCache\com.unity.ide.rider@1f60b3138684)
    com.unity.ide.visualstudio@2.0.26 (location: D:\Unity\Projects\Project 01\Library\PackageCache\com.unity.ide.visualstudio@a99d56dec63f)
    com.unity.inputsystem@1.19.0 (location: D:\Unity\Projects\Project 01\Library\PackageCache\com.unity.inputsystem@21a28c3a6c83)
    com.unity.purchasing@4.15.1 (location: D:\Unity\Projects\Project 01\Library\PackageCache\com.unity.purchasing@265595791a69)
    com.unity.timeline@1.8.12 (location: D:\Unity\Projects\Project 01\Library\PackageCache\com.unity.timeline@8cd8509afae5)
    com.unity.visualscripting@1.9.11 (location: D:\Unity\Projects\Project 01\Library\PackageCache\com.unity.visualscripting@8bed5ad90189)
    com.unity.xr.legacyinputhelpers@3.0.1 (location: D:\Unity\Projects\Project 01\Library\PackageCache\com.unity.xr.legacyinputhelpers@3f62d634f63b)
    com.unity.services.core@1.18.0 (location: D:\Unity\Projects\Project 01\Library\PackageCache\com.unity.services.core@3464cb68d709)
    com.unity.services.analytics@6.3.0 (location: D:\Unity\Projects\Project 01\Library\PackageCache\com.unity.services.analytics@cde4e6cf92f9)
    com.unity.2d.common@14.0.1 (location: D:\Unity\Projects\Project 01\Library\PackageCache\com.unity.2d.common@73badf92ba8b)
    com.unity.searcher@4.9.4 (location: D:\Unity\Projects\Project 01\Library\PackageCache\com.unity.searcher@d45a78918735)
    com.unity.burst@1.8.29 (location: D:\Unity\Projects\Project 01\Library\PackageCache\com.unity.burst@6bb9aca3ef38)
    com.unity.nuget.newtonsoft-json@3.2.2 (location: D:\Unity\Projects\Project 01\Library\PackageCache\com.unity.nuget.newtonsoft-json@4dfd81071c64)
    com.unity.nuget.mono-cecil@1.11.6 (location: D:\Unity\Projects\Project 01\Library\PackageCache\com.unity.nuget.mono-cecil@ecb9724e46ff)
    com.unity.test-framework.performance@3.5.0 (location: D:\Unity\Projects\Project 01\Library\PackageCache\com.unity.test-framework.performance@8b56083ec0f0)
  Built-in packages:
    com.unity.2d.sprite@1.0.0 (location: D:\Unity\Projects\Project 01\Library\PackageCache\com.unity.2d.sprite@053a968eab56)
    com.unity.2d.tilemap@1.0.0 (location: D:\Unity\Projects\Project 01\Library\PackageCache\com.unity.2d.tilemap@be0bacb99591)
    com.unity.multiplayer.center@1.0.1 (location: D:\Unity\Projects\Project 01\Library\PackageCache\com.unity.multiplayer.center@b860850997d0)
    com.unity.render-pipelines.universal@17.5.0 (location: D:\Unity\Projects\Project 01\Library\PackageCache\com.unity.render-pipelines.universal@0c18adc4ff89)
    com.unity.test-framework@1.7.0 (location: D:\Unity\Projects\Project 01\Library\PackageCache\com.unity.test-framework@f3e6c9a02477)
    com.unity.ugui@2.5.0 (location: D:\Unity\Projects\Project 01\Library\PackageCache\com.unity.ugui@4f9b15fd1386)
    com.unity.modules.accessibility@1.0.0 (location: D:\Unity\Projects\Project 01\Library\PackageCache\com.unity.modules.accessibility)
    com.unity.modules.adaptiveperformance@1.0.0 (location: D:\Unity\Projects\Project 01\Library\PackageCache\com.unity.modules.adaptiveperformance)
    com.unity.modules.ai@1.0.0 (location: D:\Unity\Projects\Project 01\Library\PackageCache\com.unity.modules.ai)
    com.unity.modules.androidjni@1.0.0 (location: D:\Unity\Projects\Project 01\Library\PackageCache\com.unity.modules.androidjni)
    com.unity.modules.animation@1.0.0 (location: D:\Unity\Projects\Project 01\Library\PackageCache\com.unity.modules.animation)
    com.unity.modules.assetbundle@1.0.0 (location: D:\Unity\Projects\Project 01\Library\PackageCache\com.unity.modules.assetbundle)
    com.unity.modules.audio@1.0.0 (location: D:\Unity\Projects\Project 01\Library\PackageCache\com.unity.modules.audio)
    com.unity.modules.cloth@1.0.0 (location: D:\Unity\Projects\Project 01\Library\PackageCache\com.unity.modules.cloth)
    com.unity.modules.director@1.0.0 (location: D:\Unity\Projects\Project 01\Library\PackageCache\com.unity.modules.director)
    com.unity.modules.imageconversion@1.0.0 (location: D:\Unity\Projects\Project 01\Library\PackageCache\com.unity.modules.imageconversion)
    com.unity.modules.imgui@1.0.0 (location: D:\Unity\Projects\Project 01\Library\PackageCache\com.unity.modules.imgui)
    com.unity.modules.jsonserialize@1.0.0 (location: D:\Unity\Projects\Project 01\Library\PackageCache\com.unity.modules.jsonserialize)
    com.unity.modules.particlesystem@1.0.0 (location: D:\Unity\Projects\Project 01\Library\PackageCache\com.unity.modules.particlesystem)
    com.unity.modules.physics@1.0.0 (location: D:\Unity\Projects\Project 01\Library\PackageCache\com.unity.modules.physics)
    com.unity.modules.physics2d@1.0.0 (location: D:\Unity\Projects\Project 01\Library\PackageCache\com.unity.modules.physics2d)
    com.unity.modules.physicscore2d@1.0.0 (location: D:\Unity\Projects\Project 01\Library\PackageCache\com.unity.modules.physicscore2d)
    com.unity.modules.screencapture@1.0.0 (location: D:\Unity\Projects\Project 01\Library\PackageCache\com.unity.modules.screencapture)
    com.unity.modules.terrain@1.0.0 (location: D:\Unity\Projects\Project 01\Library\PackageCache\com.unity.modules.terrain)
    com.unity.modules.terrainphysics@1.0.0 (location: D:\Unity\Projects\Project 01\Library\PackageCache\com.unity.modules.terrainphysics)
    com.unity.modules.tilemap@1.0.0 (location: D:\Unity\Projects\Project 01\Library\PackageCache\com.unity.modules.tilemap)
    com.unity.modules.ui@1.0.0 (location: D:\Unity\Projects\Project 01\Library\PackageCache\com.unity.modules.ui)
    com.unity.modules.uielements@1.0.0 (location: D:\Unity\Projects\Project 01\Library\PackageCache\com.unity.modules.uielements)
    com.unity.modules.umbra@1.0.0 (location: D:\Unity\Projects\Project 01\Library\PackageCache\com.unity.modules.umbra)
    com.unity.modules.unityanalytics@1.0.0 (location: D:\Unity\Projects\Project 01\Library\PackageCache\com.unity.modules.unityanalytics)
    com.unity.modules.unitywebrequest@1.0.0 (location: D:\Unity\Projects\Project 01\Library\PackageCache\com.unity.modules.unitywebrequest)
    com.unity.modules.unitywebrequestassetbundle@1.0.0 (location: D:\Unity\Projects\Project 01\Library\PackageCache\com.unity.modules.unitywebrequestassetbundle)
    com.unity.modules.unitywebrequestaudio@1.0.0 (location: D:\Unity\Projects\Project 01\Library\PackageCache\com.unity.modules.unitywebrequestaudio)
    com.unity.modules.unitywebrequesttexture@1.0.0 (location: D:\Unity\Projects\Project 01\Library\PackageCache\com.unity.modules.unitywebrequesttexture)
    com.unity.modules.unitywebrequestwww@1.0.0 (location: D:\Unity\Projects\Project 01\Library\PackageCache\com.unity.modules.unitywebrequestwww)
    com.unity.modules.vectorgraphics@1.0.0 (location: D:\Unity\Projects\Project 01\Library\PackageCache\com.unity.modules.vectorgraphics)
    com.unity.modules.vehicles@1.0.0 (location: D:\Unity\Projects\Project 01\Library\PackageCache\com.unity.modules.vehicles)
    com.unity.modules.video@1.0.0 (location: D:\Unity\Projects\Project 01\Library\PackageCache\com.unity.modules.video)
    com.unity.modules.wind@1.0.0 (location: D:\Unity\Projects\Project 01\Library\PackageCache\com.unity.modules.wind)
    com.unity.modules.xr@1.0.0 (location: D:\Unity\Projects\Project 01\Library\PackageCache\com.unity.modules.xr)
    com.unity.modules.subsystems@1.0.0 (location: D:\Unity\Projects\Project 01\Library\PackageCache\com.unity.modules.subsystems)
    com.unity.modules.hierarchycore@1.0.0 (location: D:\Unity\Projects\Project 01\Library\PackageCache\com.unity.modules.hierarchycore)
    com.unity.ext.nunit@2.1.0 (location: D:\Unity\Projects\Project 01\Library\PackageCache\com.unity.ext.nunit@44f7d31723bd)
    com.unity.render-pipelines.core@17.5.0 (location: D:\Unity\Projects\Project 01\Library\PackageCache\com.unity.render-pipelines.core@f43b729f1f6e)
    com.unity.shadergraph@17.5.0 (location: D:\Unity\Projects\Project 01\Library\PackageCache\com.unity.shadergraph@3fa956880a81)
    com.unity.render-pipelines.universal-config@17.5.0 (location: D:\Unity\Projects\Project 01\Library\PackageCache\com.unity.render-pipelines.universal-config@fdda01c80fe3)
    com.unity.mathematics@1.4.0 (location: D:\Unity\Projects\Project 01\Library\PackageCache\com.unity.mathematics@981956d94fb6)
    com.unity.collections@6.5.0 (location: D:\Unity\Projects\Project 01\Library\PackageCache\com.unity.collections@a43cabe808ca)
[Subsystems] No new subsystems found in resolved package list.
[Package Manager] Done registering packages in 0.02 seconds
info: Microsoft.Hosting.Lifetime[14]
      Now listening on: http://localhost:80
info: Microsoft.Hosting.Lifetime[0]
      Application started. Press Ctrl+C to shut down.
info: Microsoft.Hosting.Lifetime[0]
      Hosting environment: Production
info: Microsoft.Hosting.Lifetime[0]
      Content root path: D:\Unity\Projects\Project 01
info: Microsoft.AspNetCore.Hosting.Diagnostics[1]
      Request starting HTTP/2 POST http://ilpp/UnityILPP.PostProcessing/Ping - application/grpc -
info: Microsoft.AspNetCore.Routing.EndpointMiddleware[0]
      Executing endpoint 'gRPC - /UnityILPP.PostProcessing/Ping'
info: Microsoft.AspNetCore.Routing.EndpointMiddleware[1]
      Executed endpoint 'gRPC - /UnityILPP.PostProcessing/Ping'
info: Microsoft.AspNetCore.Hosting.Diagnostics[2]
      Request finished HTTP/2 POST http://ilpp/UnityILPP.PostProcessing/Ping - 200 - application/grpc 212.4956ms
Starting: D:\Unity\installs\6000.5.0f1\Editor\Data\Tools\BuildPipeline\bee_backend.exe --ipc --defer-dag-verification --dagfile="Library/Bee/1900b0aE.dag" --continue-on-failure --profile="Library/Bee/backend1.traceevents" ScriptAssemblies
WorkingDir: D:/Unity/Projects/Project 01
info: Microsoft.AspNetCore.Hosting.Diagnostics[1]
      Request starting HTTP/2 POST http://ilpp/UnityILPP.PostProcessing/ConfigurePostProcessors - application/grpc -
info: Microsoft.AspNetCore.Routing.EndpointMiddleware[0]
      Executing endpoint 'gRPC - /UnityILPP.PostProcessing/ConfigurePostProcessors'
warn: Unity.ILPP.Runner.PostProcessingAssemblyLoadContext[0]
      Assembly system.runtime.interopservices.windowsruntime has duplicate hint path. Ignoring "D:\Unity\installs\6000.5.0f1\Editor\Data\UnityReferenceAssemblies\unity-4.8-api\Facades\System.Runtime.InteropServices.WindowsRuntime.dll" in favor of "D:\Unity\installs\6000.5.0f1\Editor\Data\NetStandard\Extensions\2.0.0\System.Runtime.InteropServices.WindowsRuntime.dll"
warn: Unity.ILPP.Runner.PostProcessingAssemblyLoadContext[0]
      Assembly system.componentmodel.composition has duplicate hint path. Ignoring "D:\Unity\installs\6000.5.0f1\Editor\Data\UnityReferenceAssemblies\unity-4.8-api\System.ComponentModel.Composition.dll" in favor of "D:\Unity\installs\6000.5.0f1\Editor\Data\NetStandard\compat\2.1.0\shims\netfx\System.ComponentModel.Composition.dll"
info: Unity.ILPP.Runner.PostProcessingAssemblyLoadContext[0]
      Resolved Unity.Burst.Cecil, Version=0.11.6.0, Culture=neutral, PublicKeyToken=50cebf1cceb9d05e with Library\PackageCache\com.unity.burst@6bb9aca3ef38\Unity.Burst.CodeGen\Unity.Burst.Cecil.dll
info: Unity.ILPP.Runner.PostProcessingAssemblyLoadContext[0]
      Resolved Mono.Cecil, Version=0.11.5.0, Culture=neutral, PublicKeyToken=50cebf1cceb9d05e with Library\PackageCache\com.unity.nuget.mono-cecil@ecb9724e46ff\Mono.Cecil.dll
info: Microsoft.AspNetCore.Routing.EndpointMiddleware[1]
      Executed endpoint 'gRPC - /UnityILPP.PostProcessing/ConfigurePostProcessors'
info: Microsoft.AspNetCore.Hosting.Diagnostics[2]
      Request finished HTTP/2 POST http://ilpp/UnityILPP.PostProcessing/ConfigurePostProcessors - 200 - application/grpc 2194.8016ms
ExitCode: 0 Duration: 6s561ms
[1198/1571  2s] ILPP-Configuration Library/ilpp-configuration.nevergeneratedoutput
*** Tundra build success (4.56 seconds), 1 items updated, 1571 evaluated
AssetDatabase: script compilation time: 13.434239s
Total cache size 40788464
Total cache size after purge 40788464, took 00:00:00.2307314
Begin MonoManager ReloadAssembly
Symbol file LoadedFromMemory is not a mono symbol file
Refreshing native plugins compatible for Editor in 393.77 ms, found 6 plugins.
Native extension for WindowsStandalone target not found
Native extension for WebGL target not found
Refreshing native plugins compatible for Editor in 5.43 ms, found 6 plugins.
[Licensing::Client] Successfully resolved entitlement details
ScheduleIndexationOnStartup MainProcess:True IndexOnStartup:True
Mono: successfully reloaded assembly
- Finished resetting the current domain, in 10.786 seconds
Domain Reload Profiling: 20344ms
	BeginReloadAssembly (290ms)
		DisableScriptedObjects (71ms)
		CreateAndSetChildDomain (45ms)
	RebuildCommonClasses (10ms)
	RebuildNativeTypeToScriptingClass (22ms)
	initialDomainReloadingComplete (58ms)
	LoadAllAssembliesAndSetupDomain (9177ms)
		LoadAssemblies (8511ms)
		AnalyzeDomain (656ms)
			TypeCache.Refresh (538ms)
				TypeCache.ScanAssembly (518ms)
			BuildScriptInfoCaches (106ms)
			ResolveRequiredComponents (9ms)
	FinalizeReload (10787ms)
		SetupLoadedEditorAssemblies (0ms)
			BeforeProcessingInitializeOnLoad (104ms)
			ProcessInitializeOnLoadAttributes (5126ms)
			ProcessInitializeOnLoadMethodAttributes (4101ms)
			AfterProcessingInitializeOnLoad (4ms)
		AwakeInstancesAfterBackupRestoration (27ms)
Starting new worker id: 0 with log in D:/Unity/Projects/Project 01/Logs/AssetImportWorkerHW0.log

Asset Pipeline Refresh (id=1a35d722d6b387d498f4641c7e25bf25): Total: 78.295 seconds - Initiated by InitialRefreshV2(ForceSynchronousImport)
	(Values over 0.05ms)
	Summary:
		Imports: total=0 (actual=0, local cache=0, cache server=0)
		Asset DB Process Time: managed=0 ms, native=54913 ms
		Asset DB Callback time: managed=120 ms, native=82 ms
		Scripting: domain reloads=1, domain reload time=9645 ms, compile time=13436 ms, other=97 ms
		Project Asset Count: scripts=2116, non-scripts=5027
		Asset File Changes: new=0, changed=0, moved=0, deleted=0
		Scan Filter Count: 0
	InvokePackagesCallback: 84.116ms
	ApplyChangesToAssetFolders: 0.614ms
	Scan: 21398.906ms
	Collect global state as custom dependencies: 110.398ms
	CategorizeScriptCompilationAssets: 5994.360ms
	ProcessAssetsWithTransientArtifactChanges: 111.254ms
	CategorizeAssets: 96.056ms
	CompileScripts: 13436.033ms
	ImportOutOfDateAssets: 11579.814ms (11488.744ms without children)
		UnloadImportedAssets: 0.995ms
		EnsureUptoDateAssetsAreRegisteredWithGuidPM: 1.358ms
		ImportSchedulerStart: 88.671ms
	PostProcessAllAssets: 120.588ms
		MonoPostProcessAllAssets: 120.508ms
			UniversalRenderPipelineGlobalSettingsPostprocessor.OnPostprocessAllAssets 14.330ms
			SyncVS.PostprocessSyncProject 4.260ms
			WindowAssetPostprocessingWatcher.OnPostprocessAllAssets 2.327ms
			SpeedTree9Postprocessor.OnPostprocessAllAssets 2.103ms
			RenderPipelineGlobalSettingsPostprocessor.OnPostprocessAllAssets 0.833ms
			ReferencedClipsPostProcessor.OnPostprocessAllAssets 0.383ms
			ShaderReflectionAssetPostProcessor.OnPostprocessAllAssets 0.372ms
			InputActionAssetPostprocessor.OnPostprocessAllAssets 0.298ms
			TerrainToolbarOverlayPostProcessor.OnPostprocessAllAssets 0.212ms
			AssetDatabaseCallbacks.OnPostprocessAllAssets 0.180ms
			ProjectSettingsPostprocessor.OnPostprocessAllAssets 0.144ms
	UnloadStreamsBegin: 3.246ms
	PersistCurrentRevisions: 0.193ms
	GenerateScriptTypeHashes: 3.654ms
	GenerateScriptTypeSerializationHashes: 7.024ms
	Untracked: 25317.756ms

Application.AssetDatabase Initial Refresh End
Launched and connected shader compiler UnityShaderCompiler.exe after 0.24 seconds
Worker ready: AssetImportWorkerHW0 0
Scanning for USB devices : 6.395ms
Initializing Unity extensions:
[MODES] ModeService[none].Initialize
[MODES] ModeService[none].LoadModes
[MODES] Loading mode Default (0) for mode-current-id-Project 01
Unloading 31 Unused Serialized files (Serialized files now loaded: 0)
Loaded scene 'Assets/asdads.unity'
	Deserialize:            365.598 ms
	Integration:            828.387 ms
	Integration of assets:  104.344 ms
	Thread Wait Time:       0.004 ms
	Total Operation Time:   1298.332 ms
[Licensing::Client] Successfully resolved entitlement details
Unloading 8172 unused Assets / (5.8 MB). Loaded Objects now: 9168.
Memory consumption went from 469.3 MB to 463.5 MB.
Total: 25.861300 ms (FindLiveObjects: 1.673500 ms CreateObjectMapping: 3.635300 ms MarkObjects: 14.547500 ms  DeleteObjects: 6.001600 ms)

[LAYOUT] About to load UserSettings\Layouts\default-6000.dwlt, keepMainWindow=False
[LAYOUT] About to save layout D:\Unity\Projects\Project 01\UserSettings\Layouts\default-6000.dwlt
[LAYOUT] About to save layout C:/Users/savic/AppData/Roaming/Unity/Editor-5.x/Preferences\Layouts\current\default-6000.dwlt
[MODES] ModeService[default].InitializeCurrentMode
[MODES] ModeService[default].RaiseModeChanged(default, default)
<RI> Initializing input.
Using Windows.Gaming.Input
[Project] Loading completed in 146.237 seconds
	Project init time: 				141.704 seconds
		Template init time: 		0.000 seconds
		Package Manager init time: 		14.466 seconds
		Asset Database init time: 		8.524 seconds
		Global illumination init time: 	0.116 seconds
		Assemblies load time: 			22.339 seconds
		Unity extensions init time: 	0.047 seconds
		Asset Database refresh time: 	78.295 seconds
	Scene opening time: 			4.219 seconds
##utp:{"type":"ProjectInfo","version":2,"phase":"Immediate","time":1782220022411,"processId":26736,"projectLoad":146.2366008,"projectInit":141.7036607,"templateInit":0.0,"packageManagerInit":14.4658692,"assetDatabaseInit":8.5238119,"globalIlluminationInit":0.1158504,"assembliesLoad":22.3385132,"unityExtensionsInit":0.0474035,"assetDatabaseRefresh":78.2952271,"sceneOpening":4.2190877}
##utp:{"type":"EditorInfo","version":2,"phase":"Immediate","time":1782220022412,"processId":26736,"editorVersion":"6000.5.0f1 (88b47c5e7076)","branch":"6000.5/staging","buildType":"Release","platform":"Windows"}
[Licensing::Client] Successfully resolved entitlement details
Created GICache directory at C:/Users/savic/AppData/LocalLow/Unity/Caches/GiCache. Took: 0.086s, timestamps: [154.675 - 154.761]
[Licensing::Client] Successfully resolved entitlement details
[Licensing::Client] Successfully resolved entitlement details
[Licensing::Client] Successfully resolved entitlement details
[Licensing::Client] Successfully resolved entitlement details
[Licensing::Client] Successfully updated the access token
[Licensing::Module] Successfully updated access token: "eAtzxhMg"... (expires: 2026-06-23T15:02:48Z)
[Licensing::Client] Successfully resolved entitlement details
TrimDiskCacheJob: Current cache size 0mb
Asset Pipeline Refresh (id=4e0f122816c8f674499d519b5c76eacf): Total: 0.149 seconds - Initiated by RefreshV2(AllowForceSynchronousImport)
Start Indexing on Editor startup
[Indexing] Starting Initial Indexing for Assets
Refreshing native plugins compatible for Editor in 6.28 ms, found 6 plugins.

Asset Pipeline Refresh (id=ae0ca77e5516e0040ad3cf98a70f161c): Total: 0.359 seconds - Initiated by StopAssetImportingV2(NoUpdateAssetOptions)
	(Values over 0.05ms)
	Summary:
		Imports: total=0 (actual=0, local cache=0, cache server=0)
		Asset DB Process Time: managed=0 ms, native=138 ms
		Asset DB Callback time: managed=199 ms, native=20 ms
		Scripting: domain reloads=0, domain reload time=0 ms, compile time=0 ms, other=0 ms
		Project Asset Count: scripts=2102, non-scripts=4893
		Asset File Changes: new=0, changed=0, moved=0, deleted=148
		Scan Filter Count: 2
	ApplyChangesToAssetFolders: 0.290ms
	Scan: 47.260ms
	Collect global state as custom dependencies: 0.062ms
	OnSourceAssetsModified: 1.660ms
	CategorizeScriptCompilationAssets: 0.269ms
	ProcessAssetsWithTransientArtifactChanges: 0.089ms
	CategorizeAssets: 20.022ms
	ImportOutOfDateAssets: 63.053ms (12.742ms without children)
		UnloadImportedAssets: 0.211ms
		EnsureUptoDateAssetsAreRegisteredWithGuidPM: 0.992ms
		ImportSchedulerStart: 49.056ms
	PostProcessAllAssets: 203.546ms
		XRBuildSystem.XRAssetImported 9.700ms
		LocalizationDatabase.AssetDatabasePostprocessCallback 0.175ms
		AssemblyValidation.PostprocessAllAssets 0.111ms
		MonoPostProcessAllAssets: 190.055ms
			AssetPostprocessor.OnPostprocessAllAssets 162.379ms
			BuilderAssetPostprocessor.OnPostprocessAllAssets 6.776ms
			ShaderGraphAssetPostProcessor.OnPostprocessAllAssets 6.156ms
			AssetChangedListener.OnPostprocessAllAssets 1.290ms
			RetainedModeAssetPostprocessor.OnPostprocessAllAssets 1.202ms
			InputActionJsonNameModifierAssetProcessor.OnPostprocessAllAssets 1.001ms
			InputActionAssetPostprocessor.OnPostprocessAllAssets 0.735ms
			SpriteEditorTexturePostprocessor.OnPostprocessAllAssets 0.720ms
			SyncVS.PostprocessSyncProject 0.602ms
			MaterialPostprocessor.OnPostprocessAllAssets 0.591ms
			ArtifactBrowserPostProcessor.OnPostprocessAllAssets 0.479ms
			AssetProcessor.OnPostprocessAllAssets 0.432ms
			UVCSAssetPostprocessor.OnPostprocessAllAssets 0.428ms
			AudioMixerPostprocessor.OnPostprocessAllAssets 0.395ms
			SampleDependencyImporterPostProcessor.OnPostprocessAllAssets 0.329ms
			StyleCatalogPostProcessor.OnPostprocessAllAssets 0.325ms
			TMPro_TexturePostProcessor.OnPostprocessAllAssets 0.321ms
			TextAssetPostProcessor.OnPostprocessAllAssets 0.300ms
			SpriteSlicePostprocessor.OnPostprocessAllAssets 0.279ms
			AssetEvents.OnPostprocessAllAssets 0.240ms
			SpriteLibraryAssetPostprocessor.OnPostprocessAllAssets 0.228ms
			PostProcessor.OnPostprocessAllAssets 0.213ms
			SpriteShapeAssetPostProcessor.OnPostprocessAllAssets 0.178ms
			ConfigAssetsTracker.OnPostprocessAllAssets 0.176ms
			SamplePostprocessor.OnPostprocessAllAssets 0.151ms
			SpeedTreePostProcessor.OnPostprocessAllAssets 0.151ms
			PSDImportPostProcessor.OnPostprocessAllAssets 0.140ms
			ScenarioDriftAssetsTracker.OnPostprocessAllAssets 0.137ms
			AudioContainerPostProcessor.OnPostprocessAllAssets 0.099ms
			PSDImporterAssetPostProcessor.OnPostprocessAllAssets 0.094ms
			RenderPipelineGlobalSettingsPostprocessor.OnPostprocessAllAssets 0.074ms
	PostAssetChangesProfiler: 15.808ms
	GatherAllCurrentPrimaryImportResultRevisions: 0.501ms
	PersistCurrentRevisions: 1.178ms
	Untracked: 5.303ms

Asset Pipeline Refresh (id=edf79de9a6a14154dbca18d8b8c038f4): Total: 0.010 seconds - Initiated by RefreshV2(ForceSynchronousImport)
Starting new worker id: 1 with log in D:/Unity/Projects/Project 01/Logs/AssetImportWorkerHW1.log
[Worker0] Imported GUID: 772bbd023d079cb4e954f71a17969f65 - Path: Assets/karsiori/Inspector Settings Preset.preset - Importer: PreviewImporter -> (ImportResultId: '51ddafc3171688802a8a36b9b22a5ee9') in 0.0447671 seconds
Worker ready: AssetImportWorkerHW1 1
Refreshing native plugins compatible for Editor in 6.79 ms, found 6 plugins.
Asset Pipeline Refresh (id=4335a998e4d1ace4892216b98932c9a7): Total: 0.136 seconds - Initiated by StopAssetImportingV2(NoUpdateAssetOptions)
Asset Pipeline Refresh (id=bb993d3943cc6b3429b0399d63ec385a): Total: 0.011 seconds - Initiated by RefreshV2(ForceSynchronousImport)
Asset Pipeline Refresh (id=904e199f38f0eb64786c76c8ce2cbf5e): Total: 0.003 seconds - Initiated by RefreshV2(AllowForceSynchronousImport)
Asset Pipeline Refresh (id=33287f4c31acc534e98f7447bf8a97fa): Total: 0.003 seconds - Initiated by RefreshV2(AllowForceSynchronousImport)
Asset Pipeline Refresh (id=3db24f3d087d5c6498ef918be5d03022): Total: 0.015 seconds - Initiated by RefreshV2(AllowForceSynchronousImport)
Asset Pipeline Refresh (id=894e292a00770994fa5ed41eea65a11c): Total: 0.003 seconds - Initiated by RefreshV2(AllowForceSynchronousImport)
Request Asset Garbage Collect because used heap size increased from 463.8 MB to 0.71 GB, exceeding the threshold of 256.0 MB.
Unloading 14 Unused Serialized files (Serialized files now loaded: 0)
Unloading 149 unused Assets / (17.1 MB). Loaded Objects now: 10410.
Memory consumption went from 0.71 GB to 0.69 GB.
Total: 60.954900 ms (FindLiveObjects: 0.822800 ms CreateObjectMapping: 1.079800 ms MarkObjects: 52.349000 ms  DeleteObjects: 6.701500 ms)

[Licensing::Client] Successfully resolved entitlement details
[Licensing::Client] Successfully resolved entitlement details
[Licensing::Client] Successfully resolved entitlement details
[Licensing::Client] Successfully resolved entitlement details
[Licensing::Client] Successfully resolved entitlement details
[Licensing::Client] Successfully resolved entitlement details
[Licensing::Client] Successfully resolved entitlement details
[Licensing::Client] Successfully resolved entitlement details
[Licensing::Client] Successfully resolved entitlement details
[Licensing::Client] Successfully resolved entitlement details
[Licensing::Client] Successfully resolved entitlement details
[Licensing::Client] Successfully resolved entitlement details
[Licensing::Client] Successfully resolved entitlement details
[Licensing::Client] Successfully resolved entitlement details
[Licensing::Client] Successfully resolved entitlement details
Importing 'GUID: cdeb359a401eb654ea95db21e83a7c22 - Path: Assets/Settings/Build Profiles' with importer (DefaultImporter)
Imported 'GUID: cdeb359a401eb654ea95db21e83a7c22' -> (Import Result ID: '346886ee0758764dd4149c78251e1d63') in 0.052 seconds [static dependencies only]. Details - ImportResultOutputID=35616dc72509e1400ba0cce889561aea DependenciesID=44c4e86eaa05d8ce4e5ea34fade82e18 StaticDependenciesID=dc63e22ac67f4dea292bb344b6e4dff4 
Refreshing native plugins compatible for Editor in 5.58 ms, found 6 plugins.

Asset Pipeline Refresh (id=349c085b8b2a68d4a9b25f704f43357f): Total: 0.494 seconds - Initiated by StopAssetImportingV2(NoUpdateAssetOptions)
	(Values over 0.05ms)
	Summary:
		Imports: total=1 (actual=1, local cache=0, cache server=0)
		Asset DB Process Time: managed=7 ms, native=265 ms
		Asset DB Callback time: managed=7 ms, native=212 ms
		Scripting: domain reloads=0, domain reload time=0 ms, compile time=0 ms, other=0 ms
		Project Asset Count: scripts=2068, non-scripts=4780
		Asset File Changes: new=1, changed=1, moved=0, deleted=0
		Scan Filter Count: 3
	ApplyChangesToAssetFolders: 0.149ms
	Scan: 126.126ms
	Collect global state as custom dependencies: 0.055ms
	OnSourceAssetsModified: 0.069ms
	ProcessAssetsWithTransientArtifactChanges: 0.081ms
	CategorizeAssets: 20.942ms
	ImportOutOfDateAssets: 117.946ms (13.100ms without children)
		ImportManagerImport: 57.659ms (5.585ms without children)
		ReloadNativeAssets: 0.052ms
		UnloadImportedAssets: 0.216ms
		EnsureUptoDateAssetsAreRegisteredWithGuidPM: 0.932ms
		ImportSchedulerStart: 45.985ms
	PostProcessAllAssets: 209.154ms
		XRBuildSystem.XRAssetImported 206.644ms
		MonoPostProcessAllAssets: 2.271ms
			SyncVS.PostprocessSyncProject 0.420ms
			AssetPostprocessor.OnPostprocessAllAssets 0.328ms
			ShaderGraphAssetPostProcessor.OnPostprocessAllAssets 0.325ms
			SpriteShapeAssetPostProcessor.OnPostprocessAllAssets 0.204ms
			SpriteEditorTexturePostprocessor.OnPostprocessAllAssets 0.142ms
			SpriteSlicePostprocessor.OnPostprocessAllAssets 0.120ms
			StyleCatalogPostProcessor.OnPostprocessAllAssets 0.111ms
			RetainedModeAssetPostprocessor.OnPostprocessAllAssets 0.089ms
			AssetChangedListener.OnPostprocessAllAssets 0.051ms
	PostAssetChangesProfiler: 11.421ms
	GatherAllCurrentPrimaryImportResultRevisions: 0.267ms
	UnloadStreamsBegin: 1.812ms
	PersistCurrentRevisions: 0.266ms
	Untracked: 5.453ms

Importing 'GUID: df1804b8181293240acc73dca78c6755 - Path: Assets/Settings/Build Profiles/Windows.asset' with importer (NativeFormatImporter)
Imported 'GUID: df1804b8181293240acc73dca78c6755' -> (Import Result ID: 'df90ee69f51430fae55c28d96d810b49') in 0.084 seconds [static dependencies only]. Details - ImportResultOutputID=a4c65c08d099ec8867278caf3dab2f79 DependenciesID=a9317c530ec73ef0bc5d24b3e9545741 StaticDependenciesID=b6f6495168eb701e89103eed99c2bad4 
Refreshing native plugins compatible for Editor in 5.35 ms, found 6 plugins.
Asset Pipeline Refresh (id=7f87ce13a93e47f4c86a78f95d2d983e): Total: 0.197 seconds - Initiated by StopAssetImportingV2(NoUpdateAssetOptions)
Importing 'GUID: df1804b8181293240acc73dca78c6755 - Path: Assets/Settings/Build Profiles/Windows.asset' with importer (NativeFormatImporter)
Imported 'GUID: df1804b8181293240acc73dca78c6755' -> (Import Result ID: 'b846b791797aee0e7d0276b7debd4a7f') in 0.001 seconds [static dependencies only]. Details - ImportResultOutputID=a4c65c08d099ec8867278caf3dab2f79 DependenciesID=635285b20316e97ff445235eb46066ac StaticDependenciesID=ef1fda37ce55dff0a3ff79abe2393b07 
Refreshing native plugins compatible for Editor in 5.74 ms, found 6 plugins.
Asset Pipeline Refresh (id=224caec22a1d3f94897e7593d20e5264): Total: 0.105 seconds - Initiated by StopAssetImportingV2(NoUpdateAssetOptions)
[Worker1] Imported GUID: cdeb359a401eb654ea95db21e83a7c22 - Path: Assets/Settings/Build Profiles - Importer: ScriptedImporter/UnityEditor.QuickSearchModule:UnityEditor.Search:ASIAI0B -> (ImportResultId: 'c0df470f08552373b89d0b2ed4f6467e') in 0.1050679 seconds
[Worker0] Imported GUID: df1804b8181293240acc73dca78c6755 - Path: Assets/Settings/Build Profiles/Windows.asset - Importer: ScriptedImporter/UnityEditor.QuickSearchModule:UnityEditor.Search:ASIAI0B -> (ImportResultId: 'b41fc7baf98a619003c2a8ab0742af78') in 0.1992517 seconds
Importing 'GUID: 681886c5eb7344803b6206f758bf0b1c - Path: Assets/Settings/UniversalRP.asset' with importer (NativeFormatImporter)
Imported 'GUID: 681886c5eb7344803b6206f758bf0b1c' -> (Import Result ID: '8c55fe111487ee4aac95a1fc7019b4e5') in 0.008 seconds [static dependencies only]. Details - ImportResultOutputID=e489e02c007be4736342cf00ae79c2d3 DependenciesID=a7017b1f6813c9ffed684db2b1fa4db7 StaticDependenciesID=1eccabf624ed69e2a1fb40024c26a2d1 
Refreshing native plugins compatible for Editor in 7.25 ms, found 6 plugins.
Asset Pipeline Refresh (id=ca4c4b99ec16cdf4ab05c40fc5ac4cfe): Total: 0.115 seconds - Initiated by StopAssetImportingV2(NoUpdateAssetOptions)
[Licensing::Client] Successfully resolved entitlement details
Default Volume Profile has been modified to ensure all overrides are present. This is required to avoid missing overrides at runtime which can lead to unexpected rendering issues. Please save these changes to avoid this message in the future.
UnityEngine.Debug:ExtractStackTraceNoAlloc (byte*,int,string)
UnityEngine.StackTraceUtility:ExtractStackTrace ()
UnityEngine.DebugLogHandler:Internal_Log (UnityEngine.LogType,UnityEngine.LogOption,string,UnityEngine.Object)
UnityEngine.DebugLogHandler:LogFormat (UnityEngine.LogType,UnityEngine.Object,string,object[])
UnityEngine.Logger:Log (UnityEngine.LogType,object)
UnityEngine.Debug:Log (object)
UnityEditor.Rendering.Universal.URPPreprocessBuild:EnsureVolumeProfile () (at ./Library/PackageCache/com.unity.render-pipelines.universal@0c18adc4ff89/Editor/BuildProcessors/URPPreprocessBuild.cs:50)
UnityEditor.Rendering.Universal.URPPreprocessBuild:OnPreprocessBuild (UnityEditor.Build.Reporting.BuildReport) (at ./Library/PackageCache/com.unity.render-pipelines.universal@0c18adc4ff89/Editor/BuildProcessors/URPPreprocessBuild.cs:30)
UnityEditor.Build.BuildPipelineInterfaces/<>c__DisplayClass17_0:<OnBuildPreProcess>b__1 (UnityEditor.Build.IPreprocessBuildWithReport)
UnityEditor.Build.BuildPipelineInterfaces:InvokeCallbackInterfacesPair<UnityEditor.Build.IPreprocessBuild, UnityEditor.Build.IPreprocessBuildWithReport> (System.Collections.Generic.List`1<UnityEditor.Build.IPreprocessBuild>,System.Action`1<UnityEditor.Build.IPreprocessBuild>,System.Collections.Generic.List`1<UnityEditor.Build.IPreprocessBuildWithReport>,System.Action`1<UnityEditor.Build.IPreprocessBuildWithReport>,bool)
UnityEditor.Build.BuildPipelineInterfaces:OnBuildPreProcess (UnityEditor.Build.Reporting.BuildReport)
UnityEditor.BuildPipeline:BuildPlayerInternal (string[],string,string,UnityEditor.BuildTargetGroup,UnityEditor.BuildTarget,int,UnityEditor.BuildOptions,string[],string[],bool)
UnityEditor.BuildPipeline:BuildPlayerFromUI (UnityEditor.BuildPlayerOptions,bool)
UnityEditor.BuildPlayerWindow/DefaultBuildMethods:BuildPlayer (UnityEditor.BuildPlayerOptions)
UnityEditor.BuildPlayerWindow:CallBuildMethods (bool,UnityEditor.BuildOptions)
UnityEditor.Build.Profile.BuildProfileModuleUtil:CallInternalBuildMethods (bool,UnityEditor.BuildOptions)
UnityEditor.Build.Profile.BuildProfileWindow/<>c__DisplayClass55_0:<OnBuildButtonClicked>b__0 ()
UnityEditor.EditorApplication:Internal_CallDelayFunctions ()

(Filename: ./Library/PackageCache/com.unity.render-pipelines.universal@0c18adc4ff89/Editor/BuildProcessors/URPPreprocessBuild.cs Line: 50)

1 URP assets included in build
- UniversalRP - Assets/Settings/UniversalRP.asset
	 - Renderer2D - Assets/Settings/Renderer2D.asset - UnityEngine.Rendering.Universal.Renderer2DData
UnityEngine.Debug:ExtractStackTraceNoAlloc (byte*,int,string)
UnityEngine.StackTraceUtility:ExtractStackTrace ()
UnityEngine.DebugLogHandler:Internal_Log (UnityEngine.LogType,UnityEngine.LogOption,string,UnityEngine.Object)
UnityEngine.DebugLogHandler:LogFormat (UnityEngine.LogType,UnityEngine.Object,string,object[])
UnityEngine.Logger:Log (UnityEngine.LogType,object)
UnityEngine.Debug:Log (object)
UnityEditor.Rendering.Universal.URPPreprocessBuild:LogIncludedAssets (System.Collections.Generic.List`1<UnityEngine.Rendering.Universal.UniversalRenderPipelineAsset>) (at ./Library/PackageCache/com.unity.render-pipelines.universal@0c18adc4ff89/Editor/BuildProcessors/URPPreprocessBuild.cs:73)
UnityEditor.Rendering.Universal.URPPreprocessBuild:OnPreprocessBuild (UnityEditor.Build.Reporting.BuildReport) (at ./Library/PackageCache/com.unity.render-pipelines.universal@0c18adc4ff89/Editor/BuildProcessors/URPPreprocessBuild.cs:32)
UnityEditor.Build.BuildPipelineInterfaces/<>c__DisplayClass17_0:<OnBuildPreProcess>b__1 (UnityEditor.Build.IPreprocessBuildWithReport)
UnityEditor.Build.BuildPipelineInterfaces:InvokeCallbackInterfacesPair<UnityEditor.Build.IPreprocessBuild, UnityEditor.Build.IPreprocessBuildWithReport> (System.Collections.Generic.List`1<UnityEditor.Build.IPreprocessBuild>,System.Action`1<UnityEditor.Build.IPreprocessBuild>,System.Collections.Generic.List`1<UnityEditor.Build.IPreprocessBuildWithReport>,System.Action`1<UnityEditor.Build.IPreprocessBuildWithReport>,bool)
UnityEditor.Build.BuildPipelineInterfaces:OnBuildPreProcess (UnityEditor.Build.Reporting.BuildReport)
UnityEditor.BuildPipeline:BuildPlayerInternal (string[],string,string,UnityEditor.BuildTargetGroup,UnityEditor.BuildTarget,int,UnityEditor.BuildOptions,string[],string[],bool)
UnityEditor.BuildPipeline:BuildPlayerFromUI (UnityEditor.BuildPlayerOptions,bool)
UnityEditor.BuildPlayerWindow/DefaultBuildMethods:BuildPlayer (UnityEditor.BuildPlayerOptions)
UnityEditor.BuildPlayerWindow:CallBuildMethods (bool,UnityEditor.BuildOptions)
UnityEditor.Build.Profile.BuildProfileModuleUtil:CallInternalBuildMethods (bool,UnityEditor.BuildOptions)
UnityEditor.Build.Profile.BuildProfileWindow/<>c__DisplayClass55_0:<OnBuildButtonClicked>b__0 ()
UnityEditor.EditorApplication:Internal_CallDelayFunctions ()

(Filename: ./Library/PackageCache/com.unity.render-pipelines.universal@0c18adc4ff89/Editor/BuildProcessors/URPPreprocessBuild.cs Line: 73)

[TestRunBuilder] Creating new file 'Assets/Resources/PerformanceTestRunInfo.json' (3377 bytes)
UnityEngine.Debug:ExtractStackTraceNoAlloc (byte*,int,string)
UnityEngine.StackTraceUtility:ExtractStackTrace ()
UnityEngine.DebugLogHandler:Internal_Log (UnityEngine.LogType,UnityEngine.LogOption,string,UnityEngine.Object)
UnityEngine.DebugLogHandler:LogFormat (UnityEngine.LogType,UnityEngine.Object,string,object[])
UnityEngine.Logger:Log (UnityEngine.LogType,object)
UnityEngine.Debug:Log (object)
Unity.PerformanceTesting.Editor.TestRunBuilder:SaveToStorage (object,string) (at ./Library/PackageCache/com.unity.test-framework.performance@8b56083ec0f0/Editor/TestRunBuilder.cs:242)
Unity.PerformanceTesting.Editor.TestRunBuilder:OnPreprocessBuild (UnityEditor.Build.Reporting.BuildReport) (at ./Library/PackageCache/com.unity.test-framework.performance@8b56083ec0f0/Editor/TestRunBuilder.cs:35)
UnityEditor.Build.BuildPipelineInterfaces/<>c__DisplayClass17_0:<OnBuildPreProcess>b__1 (UnityEditor.Build.IPreprocessBuildWithReport)
UnityEditor.Build.BuildPipelineInterfaces:InvokeCallbackInterfacesPair<UnityEditor.Build.IPreprocessBuild, UnityEditor.Build.IPreprocessBuildWithReport> (System.Collections.Generic.List`1<UnityEditor.Build.IPreprocessBuild>,System.Action`1<UnityEditor.Build.IPreprocessBuild>,System.Collections.Generic.List`1<UnityEditor.Build.IPreprocessBuildWithReport>,System.Action`1<UnityEditor.Build.IPreprocessBuildWithReport>,bool)
UnityEditor.Build.BuildPipelineInterfaces:OnBuildPreProcess (UnityEditor.Build.Reporting.BuildReport)
UnityEditor.BuildPipeline:BuildPlayerInternal (string[],string,string,UnityEditor.BuildTargetGroup,UnityEditor.BuildTarget,int,UnityEditor.BuildOptions,string[],string[],bool)
UnityEditor.BuildPipeline:BuildPlayerFromUI (UnityEditor.BuildPlayerOptions,bool)
UnityEditor.BuildPlayerWindow/DefaultBuildMethods:BuildPlayer (UnityEditor.BuildPlayerOptions)
UnityEditor.BuildPlayerWindow:CallBuildMethods (bool,UnityEditor.BuildOptions)
UnityEditor.Build.Profile.BuildProfileModuleUtil:CallInternalBuildMethods (bool,UnityEditor.BuildOptions)
UnityEditor.Build.Profile.BuildProfileWindow/<>c__DisplayClass55_0:<OnBuildButtonClicked>b__0 ()
UnityEditor.EditorApplication:Internal_CallDelayFunctions ()

(Filename: ./Library/PackageCache/com.unity.test-framework.performance@8b56083ec0f0/Editor/TestRunBuilder.cs Line: 242)

[TestRunBuilder] Creating new file 'Assets/Resources/PerformanceTestRunSettings.json' (23 bytes)
UnityEngine.Debug:ExtractStackTraceNoAlloc (byte*,int,string)
UnityEngine.StackTraceUtility:ExtractStackTrace ()
UnityEngine.DebugLogHandler:Internal_Log (UnityEngine.LogType,UnityEngine.LogOption,string,UnityEngine.Object)
UnityEngine.DebugLogHandler:LogFormat (UnityEngine.LogType,UnityEngine.Object,string,object[])
UnityEngine.Logger:Log (UnityEngine.LogType,object)
UnityEngine.Debug:Log (object)
Unity.PerformanceTesting.Editor.TestRunBuilder:SaveToStorage (object,string) (at ./Library/PackageCache/com.unity.test-framework.performance@8b56083ec0f0/Editor/TestRunBuilder.cs:242)
Unity.PerformanceTesting.Editor.TestRunBuilder:OnPreprocessBuild (UnityEditor.Build.Reporting.BuildReport) (at ./Library/PackageCache/com.unity.test-framework.performance@8b56083ec0f0/Editor/TestRunBuilder.cs:38)
UnityEditor.Build.BuildPipelineInterfaces/<>c__DisplayClass17_0:<OnBuildPreProcess>b__1 (UnityEditor.Build.IPreprocessBuildWithReport)
UnityEditor.Build.BuildPipelineInterfaces:InvokeCallbackInterfacesPair<UnityEditor.Build.IPreprocessBuild, UnityEditor.Build.IPreprocessBuildWithReport> (System.Collections.Generic.List`1<UnityEditor.Build.IPreprocessBuild>,System.Action`1<UnityEditor.Build.IPreprocessBuild>,System.Collections.Generic.List`1<UnityEditor.Build.IPreprocessBuildWithReport>,System.Action`1<UnityEditor.Build.IPreprocessBuildWithReport>,bool)
UnityEditor.Build.BuildPipelineInterfaces:OnBuildPreProcess (UnityEditor.Build.Reporting.BuildReport)
UnityEditor.BuildPipeline:BuildPlayerInternal (string[],string,string,UnityEditor.BuildTargetGroup,UnityEditor.BuildTarget,int,UnityEditor.BuildOptions,string[],string[],bool)
UnityEditor.BuildPipeline:BuildPlayerFromUI (UnityEditor.BuildPlayerOptions,bool)
UnityEditor.BuildPlayerWindow/DefaultBuildMethods:BuildPlayer (UnityEditor.BuildPlayerOptions)
UnityEditor.BuildPlayerWindow:CallBuildMethods (bool,UnityEditor.BuildOptions)
UnityEditor.Build.Profile.BuildProfileModuleUtil:CallInternalBuildMethods (bool,UnityEditor.BuildOptions)
UnityEditor.Build.Profile.BuildProfileWindow/<>c__DisplayClass55_0:<OnBuildButtonClicked>b__0 ()
UnityEditor.EditorApplication:Internal_CallDelayFunctions ()

(Filename: ./Library/PackageCache/com.unity.test-framework.performance@8b56083ec0f0/Editor/TestRunBuilder.cs Line: 242)

Importing 'GUID: 681886c5eb7344803b6206f758bf0b1c - Path: Assets/Settings/UniversalRP.asset' with importer (NativeFormatImporter)
Imported 'GUID: 681886c5eb7344803b6206f758bf0b1c' -> (Import Result ID: '8c55fe111487ee4aac95a1fc7019b4e5') in 0.001 seconds [static dependencies only]. Details - ImportResultOutputID=e489e02c007be4736342cf00ae79c2d3 DependenciesID=a7017b1f6813c9ffed684db2b1fa4db7 StaticDependenciesID=1eccabf624ed69e2a1fb40024c26a2d1 
Refreshing native plugins compatible for Editor in 6.30 ms, found 6 plugins.
Asset Pipeline Refresh (id=751c6473522a361478acf155d3ade9a2): Total: 0.092 seconds - Initiated by StopAssetImportingV2(NoUpdateAssetOptions)
[ServicesCore]: To use Unity's dashboard services, you need to link your Unity project to a project ID. To do this, go to Project Settings to select your organization, select your project and then link a project ID. You also need to make sure your organization has access to the required products. Visit https://dashboard.unity3d.com to sign up.
UnityEngine.Debug:ExtractStackTraceNoAlloc (byte*,int,string)
UnityEngine.StackTraceUtility:ExtractStackTrace ()
UnityEngine.DebugLogHandler:Internal_Log (UnityEngine.LogType,UnityEngine.LogOption,string,UnityEngine.Object)
UnityEngine.DebugLogHandler:LogFormat (UnityEngine.LogType,UnityEngine.Object,string,object[])
UnityEngine.Logger:LogWarning (string,object)
Unity.Services.Core.Internal.CoreLogger:LogWarning (object) (at ./Library/PackageCache/com.unity.services.core@3464cb68d709/Runtime/Core.Internal/Logging/CoreLogger.cs:15)
Unity.Services.Core.Editor.ProjectUnlinkBuildWarning:OnPreprocessBuild (UnityEditor.Build.Reporting.BuildReport) (at ./Library/PackageCache/com.unity.services.core@3464cb68d709/Editor/Core/Build/ProjectUnlinkBuildWarning.cs:29)
UnityEditor.Build.BuildPipelineInterfaces/<>c__DisplayClass17_0:<OnBuildPreProcess>b__1 (UnityEditor.Build.IPreprocessBuildWithReport)
UnityEditor.Build.BuildPipelineInterfaces:InvokeCallbackInterfacesPair<UnityEditor.Build.IPreprocessBuild, UnityEditor.Build.IPreprocessBuildWithReport> (System.Collections.Generic.List`1<UnityEditor.Build.IPreprocessBuild>,System.Action`1<UnityEditor.Build.IPreprocessBuild>,System.Collections.Generic.List`1<UnityEditor.Build.IPreprocessBuildWithReport>,System.Action`1<UnityEditor.Build.IPreprocessBuildWithReport>,bool)
UnityEditor.Build.BuildPipelineInterfaces:OnBuildPreProcess (UnityEditor.Build.Reporting.BuildReport)
UnityEditor.BuildPipeline:BuildPlayerInternal (string[],string,string,UnityEditor.BuildTargetGroup,UnityEditor.BuildTarget,int,UnityEditor.BuildOptions,string[],string[],bool)
UnityEditor.BuildPipeline:BuildPlayerFromUI (UnityEditor.BuildPlayerOptions,bool)
UnityEditor.BuildPlayerWindow/DefaultBuildMethods:BuildPlayer (UnityEditor.BuildPlayerOptions)
UnityEditor.BuildPlayerWindow:CallBuildMethods (bool,UnityEditor.BuildOptions)
UnityEditor.Build.Profile.BuildProfileModuleUtil:CallInternalBuildMethods (bool,UnityEditor.BuildOptions)
UnityEditor.Build.Profile.BuildProfileWindow/<>c__DisplayClass55_0:<OnBuildButtonClicked>b__0 ()
UnityEditor.EditorApplication:Internal_CallDelayFunctions ()

(Filename: ./Library/PackageCache/com.unity.services.core@3464cb68d709/Editor/Core/Build/ProjectUnlinkBuildWarning.cs Line: 29)

AcceleratorClientConnectionCallback - disconnected - :0
Importing 'GUID: 00000000000000004000000000000000 - Path: ProjectSettings/ProjectSettings.asset' with importer (LibraryAssetImporter)
Imported 'GUID: 00000000000000004000000000000000' -> (Import Result ID: '7ed35810384bde453041d832be7ad5f7') in 0.001 seconds [static dependencies only]. Details - ImportResultOutputID=276a810dac73e1f29404d5e5f692e214 DependenciesID=253b4290d9b8473dbef8a0963a50e52a StaticDependenciesID=9a5769592a76041df7236a91c440cca0 
Importing 'GUID: 00000000000000006100000000000000 - Path: ProjectSettings/GraphicsSettings.asset' with importer (LibraryAssetImporter)
Imported 'GUID: 00000000000000006100000000000000' -> (Import Result ID: 'fe1c65bc316b58b9691a59f1972e7937') in 0.001 seconds [static dependencies only]. Details - ImportResultOutputID=f9600466f06a676b7a4f639f6629ea48 DependenciesID=d04b8c5f7082604c767271eeb1e59141 StaticDependenciesID=db73957384f60bf6b040d9d608c5f6a9 
Importing 'GUID: 0000000000000000a100000000000000 - Path: ProjectSettings/UnityConnectSettings.asset' with importer (LibraryAssetImporter)
Imported 'GUID: 0000000000000000a100000000000000' -> (Import Result ID: '1fe8e299e1b898af472c42f78257d12b') in 0.001 seconds [static dependencies only]. Details - ImportResultOutputID=1989c27f310e62ee2c72d63f16a698d0 DependenciesID=048963b2dba65b86ca5602dc58eb6074 StaticDependenciesID=4cbb7b6372b8aae2ee54ca1dcf33542c 
Importing 'GUID: 93b439a37f63240aca3dd4e01d978a9f - Path: Assets/UniversalRenderPipelineGlobalSettings.asset' with importer (NativeFormatImporter)
Imported 'GUID: 93b439a37f63240aca3dd4e01d978a9f' -> (Import Result ID: '612c1bedb74aaeada5b27dfef29180b0') in 0.002 seconds [static dependencies only]. Details - ImportResultOutputID=ecc13003a17edc7e9a942a09539c31a7 DependenciesID=6ad1f7a7d6939859dfb336b58a3e53bb StaticDependenciesID=165247cf8552427d9e71a5b0dc5ac55c 
Importing 'GUID: 3f9215ea0144899419cfbc0957140d3f - Path: Assets/DefaultVolumeProfile.asset' with importer (NativeFormatImporter)
Imported 'GUID: 3f9215ea0144899419cfbc0957140d3f' -> (Import Result ID: '7c7ad261773223683c73d97771a67e77') in 0.008 seconds [static dependencies only]. Details - ImportResultOutputID=547dda1624de4b0e660d870610c2b8c3 DependenciesID=36b4eacc287d568b44faee21f66c23b2 StaticDependenciesID=78c9773d50a72e0d72642f6ac9af50cc 
Importing 'GUID: df1804b8181293240acc73dca78c6755 - Path: Assets/Settings/Build Profiles/Windows.asset' with importer (NativeFormatImporter)
Imported 'GUID: df1804b8181293240acc73dca78c6755' -> (Import Result ID: '98459c0e5caac0e82f76b9c481a89d87') in 0.001 seconds [static dependencies only]. Details - ImportResultOutputID=a4c65c08d099ec8867278caf3dab2f79 DependenciesID=656bc40f2f4072aad97496d1bfa85798 StaticDependenciesID=b395037438d3f57c11b3c65e9bf0873c 
Refreshing native plugins compatible for Editor in 6.31 ms, found 6 plugins.
Asset Pipeline Refresh (id=fdc03da916352d046a4d156711079dc3): Total: 0.132 seconds - Initiated by StopAssetImportingV2(NoUpdateAssetOptions)
info: Microsoft.AspNetCore.Hosting.Diagnostics[1]
      Request starting HTTP/2 POST http://ilpp/UnityILPP.PostProcessing/Ping - application/grpc -
info: Microsoft.AspNetCore.Routing.EndpointMiddleware[0]
      Executing endpoint 'gRPC - /UnityILPP.PostProcessing/Ping'
info: Microsoft.AspNetCore.Routing.EndpointMiddleware[1]
      Executed endpoint 'gRPC - /UnityILPP.PostProcessing/Ping'
info: Microsoft.AspNetCore.Hosting.Diagnostics[2]
      Request finished HTTP/2 POST http://ilpp/UnityILPP.PostProcessing/Ping - 200 - application/grpc 6.7659ms
Starting: D:\Unity\installs\6000.5.0f1\Editor\Data\Tools\BuildPipeline\bee_backend.exe --ipc --defer-dag-verification --dagfile="Library/Bee/1900b0aESkipCompile.dag" --continue-on-failure --profile="Library/Bee/backend1.traceevents" ScriptAssembliesAndTypeDB
WorkingDir: D:/Unity/Projects/Project 01
ExitCode: 4 Duration: 0s474ms
[             ] Require frontend run.  Library/Bee/1900b0aESkipCompile.dag couldn't be loaded
Starting: D:\Unity\installs\6000.5.0f1\Editor\Data\netcorerun\netcorerun.exe "D:\Unity\installs\6000.5.0f1\Editor\Data\Tools\BuildPipeline\ScriptCompilationBuildProgram.exe" "Library/Bee/1900b0aESkipCompile.dag.json" "Library/Bee/1900b0aESkipCompile-inputdata.json" "Library\Bee\buildprogram0.traceevents"
WorkingDir: D:/Unity/Projects/Project 01
ExitCode: 0 Duration: 4s422ms
Starting: D:\Unity\installs\6000.5.0f1\Editor\Data\Tools\BuildPipeline\bee_backend.exe --ipc --defer-dag-verification --dagfile="Library/Bee/1900b0aESkipCompile.dag" --continue-on-failure --dagfilejson="Library\Bee\1900b0aESkipCompile.dag.json" --profile="Library/Bee/backend2.traceevents" ScriptAssembliesAndTypeDB
WorkingDir: D:/Unity/Projects/Project 01
ExitCode: 0 Duration: 10s
Finished compiling graph: 5 nodes, 7 flattened edges (7 ToBuild, 0 ToUse), maximum node priority 5
[2/4        0s] WriteResponseFile Library/Bee/artifacts/rsp/6097564273297756792.rsp
[3/4        5s] BuildPlayerDataGenerator Library/BuildPlayerData/Editor/TypeDb-All.json
*** Tundra build success (10.03 seconds), 2 items updated, 4 evaluated
Total cache size 40788464
Total cache size after purge 40788464, took 00:00:00.1210971
Importing 'GUID: b47fab54623d97d48abc5e5f37abeaac - Path: Assets/Resources/PerformanceTestRunInfo.json' with importer (TextScriptImporter)
Imported 'GUID: b47fab54623d97d48abc5e5f37abeaac' -> (Import Result ID: '54111bc61731d393a1a465186ebb831a') in 0.010 seconds [static dependencies only]. Details - ImportResultOutputID=eed0f3487e5286a2d17742def2f5b9a5 DependenciesID=07fa13d0d791290279ac885be3f69f65 StaticDependenciesID=32b1f1ad3224e07e94696e9dbbc8ad39 
Importing 'GUID: 76410a3a93a552f4cb60c00c5e6ed7f8 - Path: Assets/Resources/PerformanceTestRunSettings.json' with importer (TextScriptImporter)
Imported 'GUID: 76410a3a93a552f4cb60c00c5e6ed7f8' -> (Import Result ID: 'ae5f2ae694ae39d76853a221c092fb5a') in 0.009 seconds [static dependencies only]. Details - ImportResultOutputID=06d82e6a5d6a02ab0f64f3315b279dab DependenciesID=8415f8e88958c6e2bdf6ed7719229449 StaticDependenciesID=b65f1b3e317b9aadd39cc47c131d4bdd 
Refreshing native plugins compatible for Editor in 5.75 ms, found 6 plugins.
Asset Pipeline Refresh (id=7e8def607eb3be04cb4534308526d89f): Total: 0.144 seconds - Initiated by RefreshV2(NoUpdateAssetOptions)
[ScriptCompilation] Requested script compilation because: Recompiling scripts for player build.
BuildPlayer: start building target 19
info: Microsoft.AspNetCore.Hosting.Diagnostics[1]
      Request starting HTTP/2 POST http://ilpp/UnityILPP.PostProcessing/Ping - application/grpc -
info: Microsoft.AspNetCore.Routing.EndpointMiddleware[0]
      Executing endpoint 'gRPC - /UnityILPP.PostProcessing/Ping'
info: Microsoft.AspNetCore.Routing.EndpointMiddleware[1]
      Executed endpoint 'gRPC - /UnityILPP.PostProcessing/Ping'
info: Microsoft.AspNetCore.Hosting.Diagnostics[2]
      Request finished HTTP/2 POST http://ilpp/UnityILPP.PostProcessing/Ping - 200 - application/grpc 0.1657ms
Starting: D:\Unity\installs\6000.5.0f1\Editor\Data\Tools\BuildPipeline\bee_backend.exe --ipc --defer-dag-verification --dagfile="Library/Bee/1900b0aP.dag" --continue-on-failure --profile="Library/Bee/backend1.traceevents" ScriptAssembliesAndTypeDB
WorkingDir: D:/Unity/Projects/Project 01
ExitCode: 4 Duration: 0s23ms
[             ] Require frontend run.  Library/Bee/1900b0aP.dag couldn't be loaded
Starting: D:\Unity\installs\6000.5.0f1\Editor\Data\netcorerun\netcorerun.exe "D:\Unity\installs\6000.5.0f1\Editor\Data\Tools\BuildPipeline\ScriptCompilationBuildProgram.exe" "Library/Bee/1900b0aP.dag.json" "Library/Bee/1900b0aP-inputdata.json" "Library\Bee\buildprogram0.traceevents"
WorkingDir: D:/Unity/Projects/Project 01
ExitCode: 0 Duration: 1s282ms
Starting: D:\Unity\installs\6000.5.0f1\Editor\Data\Tools\BuildPipeline\bee_backend.exe --ipc --defer-dag-verification --dagfile="Library/Bee/1900b0aP.dag" --continue-on-failure --dagfilejson="Library\Bee\1900b0aP.dag.json" --profile="Library/Bee/backend2.traceevents" ScriptAssembliesAndTypeDB
WorkingDir: D:/Unity/Projects/Project 01
info: Microsoft.AspNetCore.Hosting.Diagnostics[1]
      Request starting HTTP/2 POST http://ilpp/UnityILPP.PostProcessing/ConfigurePostProcessors - application/grpc -
info: Microsoft.AspNetCore.Routing.EndpointMiddleware[0]
      Executing endpoint 'gRPC - /UnityILPP.PostProcessing/ConfigurePostProcessors'
info: Unity.ILPP.Runner.PostProcessingAssemblyLoadContext[0]
      ALC ILPP context 1 is unloading
warn: Unity.ILPP.Runner.PostProcessingAssemblyLoadContext[0]
      Assembly system.runtime.interopservices.windowsruntime has duplicate hint path. Ignoring "D:\Unity\installs\6000.5.0f1\Editor\Data\UnityReferenceAssemblies\unity-4.8-api\Facades\System.Runtime.InteropServices.WindowsRuntime.dll" in favor of "D:\Unity\installs\6000.5.0f1\Editor\Data\NetStandard\Extensions\2.0.0\System.Runtime.InteropServices.WindowsRuntime.dll"
warn: Unity.ILPP.Runner.PostProcessingAssemblyLoadContext[0]
      Assembly system.componentmodel.composition has duplicate hint path. Ignoring "D:\Unity\installs\6000.5.0f1\Editor\Data\UnityReferenceAssemblies\unity-4.8-api\System.ComponentModel.Composition.dll" in favor of "D:\Unity\installs\6000.5.0f1\Editor\Data\NetStandard\compat\2.1.0\shims\netfx\System.ComponentModel.Composition.dll"
info: Unity.ILPP.Runner.PostProcessingAssemblyLoadContext[0]
      Resolved Unity.Burst.Cecil, Version=0.11.6.0, Culture=neutral, PublicKeyToken=50cebf1cceb9d05e with Library\PackageCache\com.unity.burst@6bb9aca3ef38\Unity.Burst.CodeGen\Unity.Burst.Cecil.dll
info: Unity.ILPP.Runner.PostProcessingAssemblyLoadContext[0]
      Resolved Mono.Cecil, Version=0.11.5.0, Culture=neutral, PublicKeyToken=50cebf1cceb9d05e with Library\PackageCache\com.unity.nuget.mono-cecil@ecb9724e46ff\Mono.Cecil.dll
info: Microsoft.AspNetCore.Routing.EndpointMiddleware[1]
      Executed endpoint 'gRPC - /UnityILPP.PostProcessing/ConfigurePostProcessors'
info: Microsoft.AspNetCore.Hosting.Diagnostics[2]
      Request finished HTTP/2 POST http://ilpp/UnityILPP.PostProcessing/ConfigurePostProcessors - 200 - application/grpc 274.7338ms
info: Microsoft.AspNetCore.Hosting.Diagnostics[1]
      Request starting HTTP/2 POST http://ilpp/UnityILPP.PostProcessing/PostProcessAssembly - application/grpc -
info: Microsoft.AspNetCore.Hosting.Diagnostics[1]
      Request starting HTTP/2 POST http://ilpp/UnityILPP.PostProcessing/PostProcessAssembly - application/grpc -
info: Microsoft.AspNetCore.Routing.EndpointMiddleware[0]
      Executing endpoint 'gRPC - /UnityILPP.PostProcessing/PostProcessAssembly'
info: Microsoft.AspNetCore.Hosting.Diagnostics[1]
      Request starting HTTP/2 POST http://ilpp/UnityILPP.PostProcessing/PostProcessAssembly - application/grpc -
info: Microsoft.AspNetCore.Routing.EndpointMiddleware[0]
      Executing endpoint 'gRPC - /UnityILPP.PostProcessing/PostProcessAssembly'
info: Microsoft.AspNetCore.Routing.EndpointMiddleware[0]
      Executing endpoint 'gRPC - /UnityILPP.PostProcessing/PostProcessAssembly'
info: Microsoft.AspNetCore.Hosting.Diagnostics[1]
      Request starting HTTP/2 POST http://ilpp/UnityILPP.PostProcessing/PostProcessAssembly - application/grpc -
info: Microsoft.AspNetCore.Routing.EndpointMiddleware[0]
      Executing endpoint 'gRPC - /UnityILPP.PostProcessing/PostProcessAssembly'
info: Microsoft.AspNetCore.Hosting.Diagnostics[1]
      Request starting HTTP/2 POST http://ilpp/UnityILPP.PostProcessing/PostProcessAssembly - application/grpc -
info: Microsoft.AspNetCore.Routing.EndpointMiddleware[0]
      Executing endpoint 'gRPC - /UnityILPP.PostProcessing/PostProcessAssembly'
info: Microsoft.AspNetCore.Hosting.Diagnostics[1]
      Request starting HTTP/2 POST http://ilpp/UnityILPP.PostProcessing/PostProcessAssembly - application/grpc -
info: Microsoft.AspNetCore.Routing.EndpointMiddleware[0]
      Executing endpoint 'gRPC - /UnityILPP.PostProcessing/PostProcessAssembly'
info: Microsoft.AspNetCore.Hosting.Diagnostics[1]
      Request starting HTTP/2 POST http://ilpp/UnityILPP.PostProcessing/PostProcessAssembly - application/grpc -
info: Microsoft.AspNetCore.Routing.EndpointMiddleware[0]
      Executing endpoint 'gRPC - /UnityILPP.PostProcessing/PostProcessAssembly'
info: Microsoft.AspNetCore.Hosting.Diagnostics[1]
      Request starting HTTP/2 POST http://ilpp/UnityILPP.PostProcessing/PostProcessAssembly - application/grpc -
info: Microsoft.AspNetCore.Routing.EndpointMiddleware[0]
      Executing endpoint 'gRPC - /UnityILPP.PostProcessing/PostProcessAssembly'
info: Microsoft.AspNetCore.Hosting.Diagnostics[1]
      Request starting HTTP/2 POST http://ilpp/UnityILPP.PostProcessing/PostProcessAssembly - application/grpc -
info: Microsoft.AspNetCore.Routing.EndpointMiddleware[0]
      Executing endpoint 'gRPC - /UnityILPP.PostProcessing/PostProcessAssembly'
info: Microsoft.AspNetCore.Hosting.Diagnostics[1]
      Request starting HTTP/2 POST http://ilpp/UnityILPP.PostProcessing/PostProcessAssembly - application/grpc -
info: Microsoft.AspNetCore.Routing.EndpointMiddleware[0]
      Executing endpoint 'gRPC - /UnityILPP.PostProcessing/PostProcessAssembly'
info: Unity.ILPP.Runner.PostProcessingPipeline[0]
      Processing assembly Library/Bee/artifacts/1900b0aP.dag/Unity.VisualScripting.State.dll, with 130 defines and 221 references
info: Unity.ILPP.Runner.PostProcessingPipeline[0]
      Processing assembly Library/Bee/artifacts/1900b0aP.dag/Unity.TextMeshPro.dll, with 131 defines and 220 references
info: Unity.ILPP.Runner.PostProcessingPipeline[0]
      Processing assembly Library/Bee/artifacts/1900b0aP.dag/Unity.VisualScripting.DocCodeExamples.dll, with 130 defines and 217 references
info: Unity.ILPP.Runner.PostProcessingPipeline[0]
      Processing assembly Library/Bee/artifacts/1900b0aP.dag/Unity.Services.Core.Components.dll, with 130 defines and 222 references
info: Unity.ILPP.Runner.PostProcessingPipeline[0]
      Processing assembly Library/Bee/artifacts/1900b0aP.dag/Unity.Analytics.DataPrivacy.dll, with 130 defines and 219 references
info: Unity.ILPP.Runner.PostProcessingPipeline[0]
      Processing assembly Library/Bee/artifacts/1900b0aP.dag/Unity.Services.Core.Threading.dll, with 130 defines and 221 references
info: Unity.ILPP.Runner.PostProcessingPipeline[0]
      Processing assembly Library/Bee/artifacts/1900b0aP.dag/Unity.InternalAPIEngineBridge.001.dll, with 130 defines and 219 references
info: Unity.ILPP.Runner.PostProcessingPipeline[0]
      Processing assembly Library/Bee/artifacts/1900b0aP.dag/UnityEngine.Purchasing.SecurityStub.dll, with 130 defines and 220 references
info: Unity.ILPP.Runner.PostProcessingPipeline[0]
      Processing assembly Library/Bee/artifacts/1900b0aP.dag/Unity.VisualScripting.Core.dll, with 135 defines and 220 references
info: Unity.ILPP.Runner.PostProcessingPipeline[0]
      Processing assembly Library/Bee/artifacts/1900b0aP.dag/Unity.Services.Core.Configuration.dll, with 130 defines and 221 references
info: Unity.ILPP.Runner.PostProcessingPipeline[0]
      processors: Unity.Jobs.CodeGen.JobsILPostProcessor, zzzUnity.Burst.CodeGen.BurstILPostProcessor
info: Unity.ILPP.Runner.PostProcessingPipeline[0]
      processors: Unity.Jobs.CodeGen.JobsILPostProcessor, zzzUnity.Burst.CodeGen.BurstILPostProcessor
info: Unity.ILPP.Runner.PostProcessingPipeline[0]
      processors: Unity.Jobs.CodeGen.JobsILPostProcessor, zzzUnity.Burst.CodeGen.BurstILPostProcessor
info: Unity.ILPP.Runner.PostProcessingPipeline[0]
      processors: Unity.Jobs.CodeGen.JobsILPostProcessor, zzzUnity.Burst.CodeGen.BurstILPostProcessor
info: Unity.ILPP.Runner.PostProcessingPipeline[0]
      processors: Unity.Jobs.CodeGen.JobsILPostProcessor, zzzUnity.Burst.CodeGen.BurstILPostProcessor
info: Unity.ILPP.Runner.PostProcessingPipeline[0]
      processors: Unity.Jobs.CodeGen.JobsILPostProcessor, zzzUnity.Burst.CodeGen.BurstILPostProcessor
info: Unity.ILPP.Runner.PostProcessingPipeline[0]
      processors: Unity.Jobs.CodeGen.JobsILPostProcessor, zzzUnity.Burst.CodeGen.BurstILPostProcessor
info: Unity.ILPP.Runner.PostProcessingPipeline[0]
      processors: Unity.Jobs.CodeGen.JobsILPostProcessor, zzzUnity.Burst.CodeGen.BurstILPostProcessor
info: Unity.ILPP.Runner.PostProcessingPipeline[0]
      processors: Unity.Jobs.CodeGen.JobsILPostProcessor, zzzUnity.Burst.CodeGen.BurstILPostProcessor
info: Unity.ILPP.Runner.PostProcessingPipeline[0]
      processors: Unity.Jobs.CodeGen.JobsILPostProcessor, zzzUnity.Burst.CodeGen.BurstILPostProcessor
info: Unity.ILPP.Runner.PostProcessingPipeline[0]
      running Unity.Jobs.CodeGen.JobsILPostProcessor
info: Unity.ILPP.Runner.PostProcessingPipeline[0]
      running zzzUnity.Burst.CodeGen.BurstILPostProcessor
info: Unity.ILPP.Runner.PostProcessingPipeline[0]
      running Unity.Jobs.CodeGen.JobsILPostProcessor
info: Unity.ILPP.Runner.PostProcessingPipeline[0]
      running zzzUnity.Burst.CodeGen.BurstILPostProcessor
info: Unity.ILPP.Runner.PostProcessingPipeline[0]
      running Unity.Jobs.CodeGen.JobsILPostProcessor
info: Unity.ILPP.Runner.PostProcessingPipeline[0]
      running zzzUnity.Burst.CodeGen.BurstILPostProcessor
info: Unity.ILPP.Runner.PostProcessingPipeline[0]
      running Unity.Jobs.CodeGen.JobsILPostProcessor
info: Unity.ILPP.Runner.PostProcessingPipeline[0]
      running zzzUnity.Burst.CodeGen.BurstILPostProcessor
info: Unity.ILPP.Runner.PostProcessingPipeline[0]
      running Unity.Jobs.CodeGen.JobsILPostProcessor
info: Unity.ILPP.Runner.PostProcessingPipeline[0]
      running zzzUnity.Burst.CodeGen.BurstILPostProcessor
info: Unity.ILPP.Runner.PostProcessingPipeline[0]
      running Unity.Jobs.CodeGen.JobsILPostProcessor
info: Unity.ILPP.Runner.PostProcessingPipeline[0]
      running zzzUnity.Burst.CodeGen.BurstILPostProcessor
info: Unity.ILPP.Runner.PostProcessingPipeline[0]
      running Unity.Jobs.CodeGen.JobsILPostProcessor
info: Unity.ILPP.Runner.PostProcessingPipeline[0]
      running zzzUnity.Burst.CodeGen.BurstILPostProcessor
info: Unity.ILPP.Runner.PostProcessingPipeline[0]
      running Unity.Jobs.CodeGen.JobsILPostProcessor
info: Unity.ILPP.Runner.PostProcessingPipeline[0]
      running zzzUnity.Burst.CodeGen.BurstILPostProcessor
info: Microsoft.AspNetCore.Routing.EndpointMiddleware[1]
      Executed endpoint 'gRPC - /UnityILPP.PostProcessing/PostProcessAssembly'
info: Microsoft.AspNetCore.Hosting.Diagnostics[2]
      Request finished HTTP/2 POST http://ilpp/UnityILPP.PostProcessing/PostProcessAssembly - 200 - application/grpc 982.2290ms
info: Microsoft.AspNetCore.Hosting.Diagnostics[1]
      Request starting HTTP/2 POST http://ilpp/UnityILPP.PostProcessing/PostProcessAssembly - application/grpc -
info: Microsoft.AspNetCore.Routing.EndpointMiddleware[0]
      Executing endpoint 'gRPC - /UnityILPP.PostProcessing/PostProcessAssembly'
info: Microsoft.AspNetCore.Hosting.Diagnostics[1]
      Request starting HTTP/2 POST http://ilpp/UnityILPP.PostProcessing/PostProcessAssembly - application/grpc -
info: Microsoft.AspNetCore.Routing.EndpointMiddleware[0]
      Executing endpoint 'gRPC - /UnityILPP.PostProcessing/PostProcessAssembly'
info: Microsoft.AspNetCore.Routing.EndpointMiddleware[1]
      Executed endpoint 'gRPC - /UnityILPP.PostProcessing/PostProcessAssembly'
info: Microsoft.AspNetCore.Hosting.Diagnostics[2]
      Request finished HTTP/2 POST http://ilpp/UnityILPP.PostProcessing/PostProcessAssembly - 200 - application/grpc 1000.6746ms
info: Microsoft.AspNetCore.Routing.EndpointMiddleware[1]
      Executed endpoint 'gRPC - /UnityILPP.PostProcessing/PostProcessAssembly'
info: Microsoft.AspNetCore.Hosting.Diagnostics[2]
      Request finished HTTP/2 POST http://ilpp/UnityILPP.PostProcessing/PostProcessAssembly - 200 - application/grpc 1001.2753ms
info: Unity.ILPP.Runner.PostProcessingPipeline[0]
      running Unity.Jobs.CodeGen.JobsILPostProcessor
info: Unity.ILPP.Runner.PostProcessingPipeline[0]
      running Unity.Jobs.CodeGen.JobsILPostProcessor
info: Unity.ILPP.Runner.PostProcessingPipeline[0]
      running zzzUnity.Burst.CodeGen.BurstILPostProcessor
info: Unity.ILPP.Runner.PostProcessingPipeline[0]
      Processing assembly Library/Bee/artifacts/1900b0aP.dag/Unity.Services.Core.Device.dll, with 130 defines and 220 references
info: Unity.ILPP.Runner.PostProcessingPipeline[0]
      processors: Unity.Jobs.CodeGen.JobsILPostProcessor, zzzUnity.Burst.CodeGen.BurstILPostProcessor
info: Unity.ILPP.Runner.PostProcessingPipeline[0]
      Processing assembly Library/Bee/artifacts/1900b0aP.dag/Unity.RenderPipeline.Universal.ShaderLibrary.dll, with 130 defines and 220 references
info: Unity.ILPP.Runner.PostProcessingPipeline[0]
      processors: Unity.Jobs.CodeGen.JobsILPostProcessor, zzzUnity.Burst.CodeGen.BurstILPostProcessor
info: Unity.ILPP.Runner.PostProcessingPipeline[0]
      running zzzUnity.Burst.CodeGen.BurstILPostProcessor
info: Unity.ILPP.Runner.PostProcessingPipeline[0]
      running Unity.Jobs.CodeGen.JobsILPostProcessor
info: Unity.ILPP.Runner.PostProcessingPipeline[0]
      running zzzUnity.Burst.CodeGen.BurstILPostProcessor
info: Unity.ILPP.Runner.PostProcessingPipeline[0]
      running Unity.Jobs.CodeGen.JobsILPostProcessor
info: Unity.ILPP.Runner.PostProcessingPipeline[0]
      running zzzUnity.Burst.CodeGen.BurstILPostProcessor
info: Microsoft.AspNetCore.Routing.EndpointMiddleware[1]
      Executed endpoint 'gRPC - /UnityILPP.PostProcessing/PostProcessAssembly'
info: Microsoft.AspNetCore.Hosting.Diagnostics[2]
      Request finished HTTP/2 POST http://ilpp/UnityILPP.PostProcessing/PostProcessAssembly - 200 - application/grpc 1028.3519ms
info: Microsoft.AspNetCore.Routing.EndpointMiddleware[1]
      Executed endpoint 'gRPC - /UnityILPP.PostProcessing/PostProcessAssembly'
info: Microsoft.AspNetCore.Hosting.Diagnostics[2]
      Request finished HTTP/2 POST http://ilpp/UnityILPP.PostProcessing/PostProcessAssembly - 200 - application/grpc 34.5623ms
info: Microsoft.AspNetCore.Routing.EndpointMiddleware[1]
      Executed endpoint 'gRPC - /UnityILPP.PostProcessing/PostProcessAssembly'
info: Microsoft.AspNetCore.Hosting.Diagnostics[2]
      Request finished HTTP/2 POST http://ilpp/UnityILPP.PostProcessing/PostProcessAssembly - 200 - application/grpc 34.7566ms
info: Microsoft.AspNetCore.Routing.EndpointMiddleware[1]
      Executed endpoint 'gRPC - /UnityILPP.PostProcessing/PostProcessAssembly'
info: Microsoft.AspNetCore.Hosting.Diagnostics[2]
      Request finished HTTP/2 POST http://ilpp/UnityILPP.PostProcessing/PostProcessAssembly - 200 - application/grpc 1048.1266ms
info: Microsoft.AspNetCore.Routing.EndpointMiddleware[1]
      Executed endpoint 'gRPC - /UnityILPP.PostProcessing/PostProcessAssembly'
info: Microsoft.AspNetCore.Hosting.Diagnostics[2]
      Request finished HTTP/2 POST http://ilpp/UnityILPP.PostProcessing/PostProcessAssembly - 200 - application/grpc 1049.2669ms
info: Microsoft.AspNetCore.Routing.EndpointMiddleware[1]
      Executed endpoint 'gRPC - /UnityILPP.PostProcessing/PostProcessAssembly'
info: Microsoft.AspNetCore.Hosting.Diagnostics[2]
      Request finished HTTP/2 POST http://ilpp/UnityILPP.PostProcessing/PostProcessAssembly - 200 - application/grpc 1058.7717ms
info: Microsoft.AspNetCore.Routing.EndpointMiddleware[1]
      Executed endpoint 'gRPC - /UnityILPP.PostProcessing/PostProcessAssembly'
info: Microsoft.AspNetCore.Routing.EndpointMiddleware[1]
      Executed endpoint 'gRPC - /UnityILPP.PostProcessing/PostProcessAssembly'
info: Microsoft.AspNetCore.Hosting.Diagnostics[2]
      Request finished HTTP/2 POST http://ilpp/UnityILPP.PostProcessing/PostProcessAssembly - 200 - application/grpc 1049.9737ms
info: Microsoft.AspNetCore.Routing.EndpointMiddleware[1]
      Executed endpoint 'gRPC - /UnityILPP.PostProcessing/PostProcessAssembly'
info: Microsoft.AspNetCore.Hosting.Diagnostics[2]
      Request finished HTTP/2 POST http://ilpp/UnityILPP.PostProcessing/PostProcessAssembly - 200 - application/grpc 1083.2176ms
info: Microsoft.AspNetCore.Hosting.Diagnostics[2]
      Request finished HTTP/2 POST http://ilpp/UnityILPP.PostProcessing/PostProcessAssembly - 200 - application/grpc 1051.2719ms
info: Microsoft.AspNetCore.Hosting.Diagnostics[1]
      Request starting HTTP/2 POST http://ilpp/UnityILPP.PostProcessing/PostProcessAssembly - application/grpc -
info: Microsoft.AspNetCore.Routing.EndpointMiddleware[0]
      Executing endpoint 'gRPC - /UnityILPP.PostProcessing/PostProcessAssembly'
info: Microsoft.AspNetCore.Hosting.Diagnostics[1]
      Request starting HTTP/2 POST http://ilpp/UnityILPP.PostProcessing/PostProcessAssembly - application/grpc -
info: Microsoft.AspNetCore.Routing.EndpointMiddleware[0]
      Executing endpoint 'gRPC - /UnityILPP.PostProcessing/PostProcessAssembly'
info: Unity.ILPP.Runner.PostProcessingPipeline[0]
      Processing assembly Library/Bee/artifacts/1900b0aP.dag/Unity.UnifiedRayTracing.Runtime.dll, with 131 defines and 222 references
info: Unity.ILPP.Runner.PostProcessingPipeline[0]
      processors: Unity.Jobs.CodeGen.JobsILPostProcessor, zzzUnity.Burst.CodeGen.BurstILPostProcessor
info: Unity.ILPP.Runner.PostProcessingPipeline[0]
      Processing assembly Library/Bee/artifacts/1900b0aP.dag/Unity.RenderPipelines.ShaderGraph.ShaderGraphLibrary.dll, with 130 defines and 219 references
info: Unity.ILPP.Runner.PostProcessingPipeline[0]
      processors: Unity.Jobs.CodeGen.JobsILPostProcessor, zzzUnity.Burst.CodeGen.BurstILPostProcessor
info: Microsoft.AspNetCore.Hosting.Diagnostics[1]
      Request starting HTTP/2 POST http://ilpp/UnityILPP.PostProcessing/PostProcessAssembly - application/grpc -
info: Microsoft.AspNetCore.Routing.EndpointMiddleware[0]
      Executing endpoint 'gRPC - /UnityILPP.PostProcessing/PostProcessAssembly'
info: Unity.ILPP.Runner.PostProcessingPipeline[0]
      running Unity.Jobs.CodeGen.JobsILPostProcessor
info: Unity.ILPP.Runner.PostProcessingPipeline[0]
      running Unity.Jobs.CodeGen.JobsILPostProcessor
info: Unity.ILPP.Runner.PostProcessingPipeline[0]
      running zzzUnity.Burst.CodeGen.BurstILPostProcessor
info: Unity.ILPP.Runner.PostProcessingPipeline[0]
      Processing assembly Library/Bee/artifacts/1900b0aP.dag/Unity.2D.IK.Runtime.dll, with 130 defines and 223 references
info: Unity.ILPP.Runner.PostProcessingPipeline[0]
      processors: Unity.Jobs.CodeGen.JobsILPostProcessor, zzzUnity.Burst.CodeGen.BurstILPostProcessor
info: Microsoft.AspNetCore.Hosting.Diagnostics[1]
      Request starting HTTP/2 POST http://ilpp/UnityILPP.PostProcessing/PostProcessAssembly - application/grpc -
info: Microsoft.AspNetCore.Routing.EndpointMiddleware[0]
      Executing endpoint 'gRPC - /UnityILPP.PostProcessing/PostProcessAssembly'
info: Microsoft.AspNetCore.Hosting.Diagnostics[1]
      Request starting HTTP/2 POST http://ilpp/UnityILPP.PostProcessing/PostProcessAssembly - application/grpc -
info: Unity.ILPP.Runner.PostProcessingPipeline[0]
      running Unity.Jobs.CodeGen.JobsILPostProcessor
info: Microsoft.AspNetCore.Routing.EndpointMiddleware[0]
      Executing endpoint 'gRPC - /UnityILPP.PostProcessing/PostProcessAssembly'
info: Microsoft.AspNetCore.Hosting.Diagnostics[1]
      Request starting HTTP/2 POST http://ilpp/UnityILPP.PostProcessing/PostProcessAssembly - application/grpc -
info: Microsoft.AspNetCore.Routing.EndpointMiddleware[0]
      Executing endpoint 'gRPC - /UnityILPP.PostProcessing/PostProcessAssembly'
info: Unity.ILPP.Runner.PostProcessingPipeline[0]
      running zzzUnity.Burst.CodeGen.BurstILPostProcessor
info: Unity.ILPP.Runner.PostProcessingPipeline[0]
      Processing assembly Library/Bee/artifacts/1900b0aP.dag/UnityEngine.Purchasing.AppleMacosStub.dll, with 130 defines and 221 references
info: Unity.ILPP.Runner.PostProcessingPipeline[0]
      processors: Unity.Jobs.CodeGen.JobsILPostProcessor, zzzUnity.Burst.CodeGen.BurstILPostProcessor
info: Unity.ILPP.Runner.PostProcessingPipeline[0]
      running Unity.Jobs.CodeGen.JobsILPostProcessor
info: Unity.ILPP.Runner.PostProcessingPipeline[0]
      running zzzUnity.Burst.CodeGen.BurstILPostProcessor
info: Microsoft.AspNetCore.Hosting.Diagnostics[1]
      Request starting HTTP/2 POST http://ilpp/UnityILPP.PostProcessing/PostProcessAssembly - application/grpc -
info: Microsoft.AspNetCore.Routing.EndpointMiddleware[0]
      Executing endpoint 'gRPC - /UnityILPP.PostProcessing/PostProcessAssembly'
info: Microsoft.AspNetCore.Hosting.Diagnostics[1]
      Request starting HTTP/2 POST http://ilpp/UnityILPP.PostProcessing/PostProcessAssembly - application/grpc -
info: Microsoft.AspNetCore.Routing.EndpointMiddleware[0]
      Executing endpoint 'gRPC - /UnityILPP.PostProcessing/PostProcessAssembly'
info: Unity.ILPP.Runner.PostProcessingPipeline[0]
      Processing assembly Library/Bee/artifacts/1900b0aP.dag/Unity.VisualScripting.Flow.dll, with 138 defines and 221 references
info: Unity.ILPP.Runner.PostProcessingPipeline[0]
      processors: Unity.Jobs.CodeGen.JobsILPostProcessor, zzzUnity.Burst.CodeGen.BurstILPostProcessor
info: Unity.ILPP.Runner.PostProcessingPipeline[0]
      Processing assembly Library/Bee/artifacts/1900b0aP.dag/UnityEngine.Purchasing.AppleStub.dll, with 130 defines and 221 references
info: Unity.ILPP.Runner.PostProcessingPipeline[0]
      processors: Unity.Jobs.CodeGen.JobsILPostProcessor, zzzUnity.Burst.CodeGen.BurstILPostProcessor
info: Unity.ILPP.Runner.PostProcessingPipeline[0]
      Processing assembly Library/Bee/artifacts/1900b0aP.dag/Unity.2D.SpriteShape.Runtime.dll, with 131 defines and 223 references
info: Unity.ILPP.Runner.PostProcessingPipeline[0]
      processors: Unity.Jobs.CodeGen.JobsILPostProcessor, zzzUnity.Burst.CodeGen.BurstILPostProcessor
info: Microsoft.AspNetCore.Routing.EndpointMiddleware[1]
      Executed endpoint 'gRPC - /UnityILPP.PostProcessing/PostProcessAssembly'
info: Microsoft.AspNetCore.Hosting.Diagnostics[2]
      Request finished HTTP/2 POST http://ilpp/UnityILPP.PostProcessing/PostProcessAssembly - 200 - application/grpc 89.0400ms
info: Unity.ILPP.Runner.PostProcessingPipeline[0]
      Processing assembly Library/Bee/artifacts/1900b0aP.dag/Unity.RenderPipelines.Universal.Shaders.dll, with 130 defines and 219 references
info: Unity.ILPP.Runner.PostProcessingPipeline[0]
      processors: Unity.Jobs.CodeGen.JobsILPostProcessor, zzzUnity.Burst.CodeGen.BurstILPostProcessor
info: Microsoft.AspNetCore.Routing.EndpointMiddleware[1]
      Executed endpoint 'gRPC - /UnityILPP.PostProcessing/PostProcessAssembly'
info: Unity.ILPP.Runner.PostProcessingPipeline[0]
      running Unity.Jobs.CodeGen.JobsILPostProcessor
info: Unity.ILPP.Runner.PostProcessingPipeline[0]
      running Unity.Jobs.CodeGen.JobsILPostProcessor
info: Unity.ILPP.Runner.PostProcessingPipeline[0]
      running zzzUnity.Burst.CodeGen.BurstILPostProcessor
info: Unity.ILPP.Runner.PostProcessingPipeline[0]
      running zzzUnity.Burst.CodeGen.BurstILPostProcessor
info: Microsoft.AspNetCore.Hosting.Diagnostics[2]
      Request finished HTTP/2 POST http://ilpp/UnityILPP.PostProcessing/PostProcessAssembly - 200 - application/grpc 67.0334ms
info: Unity.ILPP.Runner.PostProcessingPipeline[0]
      running Unity.Jobs.CodeGen.JobsILPostProcessor
info: Microsoft.AspNetCore.Hosting.Diagnostics[1]
      Request starting HTTP/2 POST http://ilpp/UnityILPP.PostProcessing/PostProcessAssembly - application/grpc -
info: Unity.ILPP.Runner.PostProcessingPipeline[0]
      running zzzUnity.Burst.CodeGen.BurstILPostProcessor
info: Microsoft.AspNetCore.Routing.EndpointMiddleware[0]
      Executing endpoint 'gRPC - /UnityILPP.PostProcessing/PostProcessAssembly'
info: Microsoft.AspNetCore.Hosting.Diagnostics[1]
      Request starting HTTP/2 POST http://ilpp/UnityILPP.PostProcessing/PostProcessAssembly - application/grpc -
info: Microsoft.AspNetCore.Routing.EndpointMiddleware[0]
      Executing endpoint 'gRPC - /UnityILPP.PostProcessing/PostProcessAssembly'
info: Microsoft.AspNetCore.Hosting.Diagnostics[1]
      Request starting HTTP/2 POST http://ilpp/UnityILPP.PostProcessing/PostProcessAssembly - application/grpc -
info: Microsoft.AspNetCore.Routing.EndpointMiddleware[0]
      Executing endpoint 'gRPC - /UnityILPP.PostProcessing/PostProcessAssembly'
info: Microsoft.AspNetCore.Hosting.Diagnostics[1]
      Request starting HTTP/2 POST http://ilpp/UnityILPP.PostProcessing/PostProcessAssembly - application/grpc -
info: Microsoft.AspNetCore.Routing.EndpointMiddleware[0]
      Executing endpoint 'gRPC - /UnityILPP.PostProcessing/PostProcessAssembly'
info: Unity.ILPP.Runner.PostProcessingPipeline[0]
      Processing assembly Library/Bee/artifacts/1900b0aP.dag/Unity.SurfaceCache.Runtime.dll, with 130 defines and 223 references
info: Unity.ILPP.Runner.PostProcessingPipeline[0]
      processors: Unity.Jobs.CodeGen.JobsILPostProcessor, zzzUnity.Burst.CodeGen.BurstILPostProcessor
info: Unity.ILPP.Runner.PostProcessingPipeline[0]
      running Unity.Jobs.CodeGen.JobsILPostProcessor
info: Unity.ILPP.Runner.PostProcessingPipeline[0]
      running zzzUnity.Burst.CodeGen.BurstILPostProcessor
info: Unity.ILPP.Runner.PostProcessingPipeline[0]
      running Unity.Jobs.CodeGen.JobsILPostProcessor
info: Unity.ILPP.Runner.PostProcessingPipeline[0]
      running zzzUnity.Burst.CodeGen.BurstILPostProcessor
info: Unity.ILPP.Runner.PostProcessingPipeline[0]
      Processing assembly Library/Bee/artifacts/1900b0aP.dag/UnityEngine.Purchasing.Stores.dll, with 130 defines and 226 references
info: Unity.ILPP.Runner.PostProcessingPipeline[0]
      processors: Unity.Jobs.CodeGen.JobsILPostProcessor, zzzUnity.Burst.CodeGen.BurstILPostProcessor
info: Unity.ILPP.Runner.PostProcessingPipeline[0]
      Processing assembly Library/Bee/artifacts/1900b0aP.dag/Unity.InputSystem.dll, with 142 defines and 219 references
info: Unity.ILPP.Runner.PostProcessingPipeline[0]
      processors: Unity.Jobs.CodeGen.JobsILPostProcessor, zzzUnity.Burst.CodeGen.BurstILPostProcessor
info: Unity.ILPP.Runner.PostProcessingPipeline[0]
      Processing assembly Library/Bee/artifacts/1900b0aP.dag/Unity.RenderPipelines.Core.Runtime.Shared.dll, with 130 defines and 222 references
info: Unity.ILPP.Runner.PostProcessingPipeline[0]
      processors: Unity.Jobs.CodeGen.JobsILPostProcessor, zzzUnity.Burst.CodeGen.BurstILPostProcessor
info: Unity.ILPP.Runner.PostProcessingPipeline[0]
      running Unity.Jobs.CodeGen.JobsILPostProcessor
info: Unity.ILPP.Runner.PostProcessingPipeline[0]
      running Unity.Jobs.CodeGen.JobsILPostProcessor
info: Unity.ILPP.Runner.PostProcessingPipeline[0]
      running zzzUnity.Burst.CodeGen.BurstILPostProcessor
info: Unity.ILPP.Runner.PostProcessingPipeline[0]
      running Unity.Jobs.CodeGen.JobsILPostProcessor
info: Unity.ILPP.Runner.PostProcessingPipeline[0]
      running zzzUnity.Burst.CodeGen.BurstILPostProcessor
info: Microsoft.AspNetCore.Routing.EndpointMiddleware[1]
      Executed endpoint 'gRPC - /UnityILPP.PostProcessing/PostProcessAssembly'
info: Microsoft.AspNetCore.Hosting.Diagnostics[2]
      Request finished HTTP/2 POST http://ilpp/UnityILPP.PostProcessing/PostProcessAssembly - 200 - application/grpc 77.5037ms
info: Microsoft.AspNetCore.Routing.EndpointMiddleware[1]
      Executed endpoint 'gRPC - /UnityILPP.PostProcessing/PostProcessAssembly'
info: Microsoft.AspNetCore.Hosting.Diagnostics[2]
      Request finished HTTP/2 POST http://ilpp/UnityILPP.PostProcessing/PostProcessAssembly - 200 - application/grpc 12.6117ms
info: Microsoft.AspNetCore.Routing.EndpointMiddleware[1]
      Executed endpoint 'gRPC - /UnityILPP.PostProcessing/PostProcessAssembly'
info: Microsoft.AspNetCore.Hosting.Diagnostics[2]
      Request finished HTTP/2 POST http://ilpp/UnityILPP.PostProcessing/PostProcessAssembly - 200 - application/grpc 93.5449ms
info: Microsoft.AspNetCore.Routing.EndpointMiddleware[1]
      Executed endpoint 'gRPC - /UnityILPP.PostProcessing/PostProcessAssembly'
info: Microsoft.AspNetCore.Hosting.Diagnostics[2]
      Request finished HTTP/2 POST http://ilpp/UnityILPP.PostProcessing/PostProcessAssembly - 200 - application/grpc 33.6287ms
info: Microsoft.AspNetCore.Routing.EndpointMiddleware[1]
      Executed endpoint 'gRPC - /UnityILPP.PostProcessing/PostProcessAssembly'
info: Microsoft.AspNetCore.Hosting.Diagnostics[2]
      Request finished HTTP/2 POST http://ilpp/UnityILPP.PostProcessing/PostProcessAssembly - 200 - application/grpc 99.8824ms
info: Microsoft.AspNetCore.Routing.EndpointMiddleware[1]
      Executed endpoint 'gRPC - /UnityILPP.PostProcessing/PostProcessAssembly'
info: Microsoft.AspNetCore.Hosting.Diagnostics[2]
      Request finished HTTP/2 POST http://ilpp/UnityILPP.PostProcessing/PostProcessAssembly - 200 - application/grpc 35.5231ms
info: Unity.ILPP.Runner.PostProcessingAssemblyLoadContext[0]
      Resolved Unity.Collections, Version=0.0.0.0, Culture=neutral, PublicKeyToken=null with Library\Bee\artifacts\StandaloneWindows64_CodeGen\Unity.Collections.dll
info: Microsoft.AspNetCore.Hosting.Diagnostics[1]
      Request starting HTTP/2 POST http://ilpp/UnityILPP.PostProcessing/PostProcessAssembly - application/grpc -
info: Microsoft.AspNetCore.Routing.EndpointMiddleware[0]
      Executing endpoint 'gRPC - /UnityILPP.PostProcessing/PostProcessAssembly'
info: Unity.ILPP.Runner.PostProcessingPipeline[0]
      Processing assembly Library/Bee/artifacts/1900b0aP.dag/Unity.RenderPipelines.Universal.Runtime.dll, with 137 defines and 229 references
info: Unity.ILPP.Runner.PostProcessingPipeline[0]
      processors: Unity.Jobs.CodeGen.JobsILPostProcessor, zzzUnity.Burst.CodeGen.BurstILPostProcessor
info: Unity.ILPP.Runner.PostProcessingPipeline[0]
      running Unity.Jobs.CodeGen.JobsILPostProcessor
info: Unity.ILPP.Runner.PostProcessingPipeline[0]
      running zzzUnity.Burst.CodeGen.BurstILPostProcessor
info: Microsoft.AspNetCore.Hosting.Diagnostics[1]
      Request starting HTTP/2 POST http://ilpp/UnityILPP.PostProcessing/PostProcessAssembly - application/grpc -
info: Microsoft.AspNetCore.Routing.EndpointMiddleware[0]
      Executing endpoint 'gRPC - /UnityILPP.PostProcessing/PostProcessAssembly'
info: Microsoft.AspNetCore.Hosting.Diagnostics[1]
      Request starting HTTP/2 POST http://ilpp/UnityILPP.PostProcessing/PostProcessAssembly - application/grpc -
info: Microsoft.AspNetCore.Routing.EndpointMiddleware[0]
      Executing endpoint 'gRPC - /UnityILPP.PostProcessing/PostProcessAssembly'
info: Unity.ILPP.Runner.PostProcessingPipeline[0]
      Processing assembly Library/Bee/artifacts/1900b0aP.dag/Unity.Services.Core.Scheduler.dll, with 130 defines and 221 references
info: Unity.ILPP.Runner.PostProcessingPipeline[0]
      processors: Unity.Jobs.CodeGen.JobsILPostProcessor, zzzUnity.Burst.CodeGen.BurstILPostProcessor
info: Unity.ILPP.Runner.PostProcessingAssemblyLoadContext[0]
      Resolved Unity.Burst.Cecil.Rocks, Version=0.11.6.0, Culture=neutral, PublicKeyToken=50cebf1cceb9d05e with Library\PackageCache\com.unity.burst@6bb9aca3ef38\Unity.Burst.CodeGen\Unity.Burst.Cecil.Rocks.dll
info: Microsoft.AspNetCore.Routing.EndpointMiddleware[1]
      Executed endpoint 'gRPC - /UnityILPP.PostProcessing/PostProcessAssembly'
info: Unity.ILPP.Runner.PostProcessingPipeline[0]
      running Unity.Jobs.CodeGen.JobsILPostProcessor
info: Unity.ILPP.Runner.PostProcessingPipeline[0]
      running zzzUnity.Burst.CodeGen.BurstILPostProcessor
info: Microsoft.AspNetCore.Hosting.Diagnostics[2]
      Request finished HTTP/2 POST http://ilpp/UnityILPP.PostProcessing/PostProcessAssembly - 200 - application/grpc 317.2856ms
info: Microsoft.AspNetCore.Hosting.Diagnostics[1]
      Request starting HTTP/2 POST http://ilpp/UnityILPP.PostProcessing/PostProcessAssembly - application/grpc -
info: Microsoft.AspNetCore.Routing.EndpointMiddleware[0]
      Executing endpoint 'gRPC - /UnityILPP.PostProcessing/PostProcessAssembly'
info: Unity.ILPP.Runner.PostProcessingPipeline[0]
      Processing assembly Library/Bee/artifacts/1900b0aP.dag/Unity.2D.Common.Runtime.dll, with 130 defines and 222 references
info: Unity.ILPP.Runner.PostProcessingPipeline[0]
      processors: Unity.Jobs.CodeGen.JobsILPostProcessor, zzzUnity.Burst.CodeGen.BurstILPostProcessor
info: Microsoft.AspNetCore.Routing.EndpointMiddleware[1]
      Executed endpoint 'gRPC - /UnityILPP.PostProcessing/PostProcessAssembly'
info: Microsoft.AspNetCore.Hosting.Diagnostics[2]
      Request finished HTTP/2 POST http://ilpp/UnityILPP.PostProcessing/PostProcessAssembly - 200 - application/grpc 303.9915ms
info: Unity.ILPP.Runner.PostProcessingPipeline[0]
      running Unity.Jobs.CodeGen.JobsILPostProcessor
info: Unity.ILPP.Runner.PostProcessingPipeline[0]
      Processing assembly Library/Bee/artifacts/1900b0aP.dag/Unity.Services.Core.Telemetry.dll, with 130 defines and 221 references
info: Unity.ILPP.Runner.PostProcessingPipeline[0]
      processors: Unity.Jobs.CodeGen.JobsILPostProcessor, zzzUnity.Burst.CodeGen.BurstILPostProcessor
info: Microsoft.AspNetCore.Hosting.Diagnostics[1]
      Request starting HTTP/2 POST http://ilpp/UnityILPP.PostProcessing/PostProcessAssembly - application/grpc -
info: Microsoft.AspNetCore.Routing.EndpointMiddleware[0]
      Executing endpoint 'gRPC - /UnityILPP.PostProcessing/PostProcessAssembly'
info: Microsoft.AspNetCore.Hosting.Diagnostics[1]
      Request starting HTTP/2 POST http://ilpp/UnityILPP.PostProcessing/PostProcessAssembly - application/grpc -
info: Microsoft.AspNetCore.Hosting.Diagnostics[1]
      Request starting HTTP/2 POST http://ilpp/UnityILPP.PostProcessing/PostProcessAssembly - application/grpc -
info: Microsoft.AspNetCore.Routing.EndpointMiddleware[0]
      Executing endpoint 'gRPC - /UnityILPP.PostProcessing/PostProcessAssembly'
info: Microsoft.AspNetCore.Hosting.Diagnostics[1]
      Request starting HTTP/2 POST http://ilpp/UnityILPP.PostProcessing/PostProcessAssembly - application/grpc -
info: Microsoft.AspNetCore.Routing.EndpointMiddleware[0]
      Executing endpoint 'gRPC - /UnityILPP.PostProcessing/PostProcessAssembly'
info: Microsoft.AspNetCore.Routing.EndpointMiddleware[1]
      Executed endpoint 'gRPC - /UnityILPP.PostProcessing/PostProcessAssembly'
info: Unity.ILPP.Runner.PostProcessingPipeline[0]
      Processing assembly Library/Bee/artifacts/1900b0aP.dag/Unity.PathTracing.Runtime.dll, with 131 defines and 223 references
info: Unity.ILPP.Runner.PostProcessingPipeline[0]
      processors: Unity.Jobs.CodeGen.JobsILPostProcessor, zzzUnity.Burst.CodeGen.BurstILPostProcessor
info: Microsoft.AspNetCore.Hosting.Diagnostics[2]
      Request finished HTTP/2 POST http://ilpp/UnityILPP.PostProcessing/PostProcessAssembly - 200 - application/grpc 805.0486ms
info: Microsoft.AspNetCore.Routing.EndpointMiddleware[1]
      Executed endpoint 'gRPC - /UnityILPP.PostProcessing/PostProcessAssembly'
info: Microsoft.AspNetCore.Hosting.Diagnostics[2]
      Request finished HTTP/2 POST http://ilpp/UnityILPP.PostProcessing/PostProcessAssembly - 200 - application/grpc 815.5487ms
info: Unity.ILPP.Runner.PostProcessingPipeline[0]
      Processing assembly Library/Bee/artifacts/1900b0aP.dag/Unity.RenderPipelines.Universal.Config.Runtime.dll, with 130 defines and 220 references
info: Unity.ILPP.Runner.PostProcessingPipeline[0]
      processors: Unity.Jobs.CodeGen.JobsILPostProcessor, zzzUnity.Burst.CodeGen.BurstILPostProcessor
info: Unity.ILPP.Runner.PostProcessingPipeline[0]
      running Unity.Jobs.CodeGen.JobsILPostProcessor
info: Microsoft.AspNetCore.Hosting.Diagnostics[1]
      Request starting HTTP/2 POST http://ilpp/UnityILPP.PostProcessing/PostProcessAssembly - application/grpc -
info: Unity.ILPP.Runner.PostProcessingPipeline[0]
      Processing assembly Library/Bee/artifacts/1900b0aP.dag/Unity.Timeline.dll, with 131 defines and 219 references
info: Unity.ILPP.Runner.PostProcessingPipeline[0]
      processors: Unity.Jobs.CodeGen.JobsILPostProcessor, zzzUnity.Burst.CodeGen.BurstILPostProcessor
info: Microsoft.AspNetCore.Routing.EndpointMiddleware[0]
      Executing endpoint 'gRPC - /UnityILPP.PostProcessing/PostProcessAssembly'
info: Microsoft.AspNetCore.Routing.EndpointMiddleware[0]
      Executing endpoint 'gRPC - /UnityILPP.PostProcessing/PostProcessAssembly'
info: Unity.ILPP.Runner.PostProcessingPipeline[0]
      running Unity.Jobs.CodeGen.JobsILPostProcessor
info: Unity.ILPP.Runner.PostProcessingPipeline[0]
      running zzzUnity.Burst.CodeGen.BurstILPostProcessor
info: Unity.ILPP.Runner.PostProcessingPipeline[0]
      running Unity.Jobs.CodeGen.JobsILPostProcessor
info: Unity.ILPP.Runner.PostProcessingPipeline[0]
      running zzzUnity.Burst.CodeGen.BurstILPostProcessor
info: Unity.ILPP.Runner.PostProcessingPipeline[0]
      running Unity.Jobs.CodeGen.JobsILPostProcessor
info: Unity.ILPP.Runner.PostProcessingPipeline[0]
      Processing assembly Library/Bee/artifacts/1900b0aP.dag/Assembly-CSharp.dll, with 130 defines and 267 references
info: Unity.ILPP.Runner.PostProcessingPipeline[0]
      processors: Unity.Jobs.CodeGen.JobsILPostProcessor, zzzUnity.Burst.CodeGen.BurstILPostProcessor
info: Unity.ILPP.Runner.PostProcessingPipeline[0]
      running zzzUnity.Burst.CodeGen.BurstILPostProcessor
info: Unity.ILPP.Runner.PostProcessingPipeline[0]
      running Unity.Jobs.CodeGen.JobsILPostProcessor
info: Unity.ILPP.Runner.PostProcessingPipeline[0]
      Processing assembly Library/Bee/artifacts/1900b0aP.dag/Unity.Mathematics.dll, with 130 defines and 219 references
info: Unity.ILPP.Runner.PostProcessingPipeline[0]
      processors: Unity.Jobs.CodeGen.JobsILPostProcessor, zzzUnity.Burst.CodeGen.BurstILPostProcessor
info: Unity.ILPP.Runner.PostProcessingPipeline[0]
      running Unity.Jobs.CodeGen.JobsILPostProcessor
info: Unity.ILPP.Runner.PostProcessingPipeline[0]
      running zzzUnity.Burst.CodeGen.BurstILPostProcessor
info: Microsoft.AspNetCore.Routing.EndpointMiddleware[1]
      Executed endpoint 'gRPC - /UnityILPP.PostProcessing/PostProcessAssembly'
info: Microsoft.AspNetCore.Hosting.Diagnostics[2]
      Request finished HTTP/2 POST http://ilpp/UnityILPP.PostProcessing/PostProcessAssembly - 200 - application/grpc 55.0970ms
info: Microsoft.AspNetCore.Routing.EndpointMiddleware[1]
      Executed endpoint 'gRPC - /UnityILPP.PostProcessing/PostProcessAssembly'
info: Microsoft.AspNetCore.Hosting.Diagnostics[2]
      Request finished HTTP/2 POST http://ilpp/UnityILPP.PostProcessing/PostProcessAssembly - 200 - application/grpc 69.0994ms
info: Microsoft.AspNetCore.Routing.EndpointMiddleware[1]
      Executed endpoint 'gRPC - /UnityILPP.PostProcessing/PostProcessAssembly'
info: Microsoft.AspNetCore.Hosting.Diagnostics[2]
      Request finished HTTP/2 POST http://ilpp/UnityILPP.PostProcessing/PostProcessAssembly - 200 - application/grpc 695.2237ms
info: Microsoft.AspNetCore.Routing.EndpointMiddleware[1]
      Executed endpoint 'gRPC - /UnityILPP.PostProcessing/PostProcessAssembly'
info: Microsoft.AspNetCore.Hosting.Diagnostics[2]
      Request finished HTTP/2 POST http://ilpp/UnityILPP.PostProcessing/PostProcessAssembly - 200 - application/grpc 76.8802ms
info: Microsoft.AspNetCore.Hosting.Diagnostics[1]
      Request starting HTTP/2 POST http://ilpp/UnityILPP.PostProcessing/PostProcessAssembly - application/grpc -
info: Microsoft.AspNetCore.Routing.EndpointMiddleware[0]
      Executing endpoint 'gRPC - /UnityILPP.PostProcessing/PostProcessAssembly'
info: Unity.ILPP.Runner.PostProcessingPipeline[0]
      Processing assembly Library/Bee/artifacts/1900b0aP.dag/Unity.Services.Core.Environments.dll, with 130 defines and 221 references
info: Unity.ILPP.Runner.PostProcessingPipeline[0]
      processors: Unity.Jobs.CodeGen.JobsILPostProcessor, zzzUnity.Burst.CodeGen.BurstILPostProcessor
info: Unity.ILPP.Runner.PostProcessingPipeline[0]
      running Unity.Jobs.CodeGen.JobsILPostProcessor
info: Unity.ILPP.Runner.PostProcessingPipeline[0]
      running zzzUnity.Burst.CodeGen.BurstILPostProcessor
info: Microsoft.AspNetCore.Routing.EndpointMiddleware[1]
      Executed endpoint 'gRPC - /UnityILPP.PostProcessing/PostProcessAssembly'
info: Microsoft.AspNetCore.Hosting.Diagnostics[2]
      Request finished HTTP/2 POST http://ilpp/UnityILPP.PostProcessing/PostProcessAssembly - 200 - application/grpc 6.0923ms
info: Microsoft.AspNetCore.Hosting.Diagnostics[1]
      Request starting HTTP/2 POST http://ilpp/UnityILPP.PostProcessing/PostProcessAssembly - application/grpc -
info: Microsoft.AspNetCore.Routing.EndpointMiddleware[0]
      Executing endpoint 'gRPC - /UnityILPP.PostProcessing/PostProcessAssembly'
info: Unity.ILPP.Runner.PostProcessingPipeline[0]
      Processing assembly Library/Bee/artifacts/1900b0aP.dag/Unity.InputSystem.ForUI.dll, with 130 defines and 220 references
info: Unity.ILPP.Runner.PostProcessingPipeline[0]
      processors: Unity.Jobs.CodeGen.JobsILPostProcessor, zzzUnity.Burst.CodeGen.BurstILPostProcessor
info: Unity.ILPP.Runner.PostProcessingPipeline[0]
      running Unity.Jobs.CodeGen.JobsILPostProcessor
info: Unity.ILPP.Runner.PostProcessingPipeline[0]
      running zzzUnity.Burst.CodeGen.BurstILPostProcessor
info: Microsoft.AspNetCore.Hosting.Diagnostics[1]
      Request starting HTTP/2 POST http://ilpp/UnityILPP.PostProcessing/PostProcessAssembly - application/grpc -
info: Microsoft.AspNetCore.Routing.EndpointMiddleware[0]
      Executing endpoint 'gRPC - /UnityILPP.PostProcessing/PostProcessAssembly'
info: Microsoft.AspNetCore.Routing.EndpointMiddleware[1]
      Executed endpoint 'gRPC - /UnityILPP.PostProcessing/PostProcessAssembly'
info: Microsoft.AspNetCore.Hosting.Diagnostics[2]
      Request finished HTTP/2 POST http://ilpp/UnityILPP.PostProcessing/PostProcessAssembly - 200 - application/grpc 6.6813ms
info: Unity.ILPP.Runner.PostProcessingPipeline[0]
      Processing assembly Library/Bee/artifacts/1900b0aP.dag/Unity.Burst.dll, with 130 defines and 216 references
info: Unity.ILPP.Runner.PostProcessingPipeline[0]
      processors: Unity.Jobs.CodeGen.JobsILPostProcessor, zzzUnity.Burst.CodeGen.BurstILPostProcessor
info: Unity.ILPP.Runner.PostProcessingPipeline[0]
      running Unity.Jobs.CodeGen.JobsILPostProcessor
info: Unity.ILPP.Runner.PostProcessingPipeline[0]
      running zzzUnity.Burst.CodeGen.BurstILPostProcessor
info: Unity.ILPP.Runner.PostProcessingAssemblyLoadContext[0]
      Resolved UnityEditor.CoreModule, Version=0.0.0.0, Culture=neutral, PublicKeyToken=null with D:\Unity\installs\6000.5.0f1\Editor\Data\Managed\UnityEngine\UnityEditor.CoreModule.dll
info: Unity.ILPP.Runner.PostProcessingAssemblyLoadContext[0]
      Resolved UnityEngine.CoreModule, Version=0.0.0.0, Culture=neutral, PublicKeyToken=null with D:\Unity\installs\6000.5.0f1\Editor\Data\Managed\UnityEngine\UnityEngine.CoreModule.dll
info: Microsoft.AspNetCore.Routing.EndpointMiddleware[1]
      Executed endpoint 'gRPC - /UnityILPP.PostProcessing/PostProcessAssembly'
info: Microsoft.AspNetCore.Hosting.Diagnostics[2]
      Request finished HTTP/2 POST http://ilpp/UnityILPP.PostProcessing/PostProcessAssembly - 200 - application/grpc 801.5094ms
info: Microsoft.AspNetCore.Hosting.Diagnostics[1]
      Request starting HTTP/2 POST http://ilpp/UnityILPP.PostProcessing/PostProcessAssembly - application/grpc -
info: Microsoft.AspNetCore.Hosting.Diagnostics[1]
      Request starting HTTP/2 POST http://ilpp/UnityILPP.PostProcessing/PostProcessAssembly - application/grpc -
info: Microsoft.AspNetCore.Routing.EndpointMiddleware[0]
      Executing endpoint 'gRPC - /UnityILPP.PostProcessing/PostProcessAssembly'
info: Microsoft.AspNetCore.Routing.EndpointMiddleware[0]
      Executing endpoint 'gRPC - /UnityILPP.PostProcessing/PostProcessAssembly'
info: Unity.ILPP.Runner.PostProcessingPipeline[0]
      Processing assembly Library/Bee/artifacts/1900b0aP.dag/Unity.Services.Core.Networking.dll, with 130 defines and 221 references
info: Unity.ILPP.Runner.PostProcessingPipeline[0]
      Processing assembly Library/Bee/artifacts/1900b0aP.dag/UnityEngine.Purchasing.SecurityCore.dll, with 130 defines and 219 references
info: Unity.ILPP.Runner.PostProcessingPipeline[0]
      processors: Unity.Jobs.CodeGen.JobsILPostProcessor, zzzUnity.Burst.CodeGen.BurstILPostProcessor
info: Unity.ILPP.Runner.PostProcessingPipeline[0]
      processors: Unity.Jobs.CodeGen.JobsILPostProcessor, zzzUnity.Burst.CodeGen.BurstILPostProcessor
info: Unity.ILPP.Runner.PostProcessingAssemblyLoadContext[0]
      Resolved Unity.Scripting, Version=0.0.0.0, Culture=neutral, PublicKeyToken=null with D:\Unity\installs\6000.5.0f1\Editor\Data\Managed\UnityEngine\Unity.Scripting.dll
info: Unity.ILPP.Runner.PostProcessingPipeline[0]
      running zzzUnity.Burst.CodeGen.BurstILPostProcessor
info: Unity.ILPP.Runner.PostProcessingPipeline[0]
      running zzzUnity.Burst.CodeGen.BurstILPostProcessor
info: Unity.ILPP.Runner.PostProcessingPipeline[0]
      running zzzUnity.Burst.CodeGen.BurstILPostProcessor
info: Microsoft.AspNetCore.Routing.EndpointMiddleware[1]
      Executed endpoint 'gRPC - /UnityILPP.PostProcessing/PostProcessAssembly'
info: Unity.ILPP.Runner.PostProcessingPipeline[0]
      running Unity.Jobs.CodeGen.JobsILPostProcessor
info: Unity.ILPP.Runner.PostProcessingPipeline[0]
      running zzzUnity.Burst.CodeGen.BurstILPostProcessor
info: Microsoft.AspNetCore.Hosting.Diagnostics[2]
      Request finished HTTP/2 POST http://ilpp/UnityILPP.PostProcessing/PostProcessAssembly - 200 - application/grpc 1788.5325ms
info: Unity.ILPP.Runner.PostProcessingPipeline[0]
      running Unity.Jobs.CodeGen.JobsILPostProcessor
info: Unity.ILPP.Runner.PostProcessingPipeline[0]
      running zzzUnity.Burst.CodeGen.BurstILPostProcessor
info: Microsoft.AspNetCore.Routing.EndpointMiddleware[1]
      Executed endpoint 'gRPC - /UnityILPP.PostProcessing/PostProcessAssembly'
info: Microsoft.AspNetCore.Hosting.Diagnostics[1]
      Request starting HTTP/2 POST http://ilpp/UnityILPP.PostProcessing/PostProcessAssembly - application/grpc -
info: Microsoft.AspNetCore.Routing.EndpointMiddleware[0]
      Executing endpoint 'gRPC - /UnityILPP.PostProcessing/PostProcessAssembly'
info: Unity.ILPP.Runner.PostProcessingPipeline[0]
      Processing assembly Library/Bee/artifacts/1900b0aP.dag/UnityEngine.UI.dll, with 136 defines and 218 references
info: Unity.ILPP.Runner.PostProcessingPipeline[0]
      processors: Unity.Jobs.CodeGen.JobsILPostProcessor, zzzUnity.Burst.CodeGen.BurstILPostProcessor
info: Microsoft.AspNetCore.Hosting.Diagnostics[2]
      Request finished HTTP/2 POST http://ilpp/UnityILPP.PostProcessing/PostProcessAssembly - 200 - application/grpc 155.6892ms
info: Microsoft.AspNetCore.Hosting.Diagnostics[1]
      Request starting HTTP/2 POST http://ilpp/UnityILPP.PostProcessing/PostProcessAssembly - application/grpc -
info: Microsoft.AspNetCore.Routing.EndpointMiddleware[0]
      Executing endpoint 'gRPC - /UnityILPP.PostProcessing/PostProcessAssembly'
info: Unity.ILPP.Runner.PostProcessingPipeline[0]
      Processing assembly Library/Bee/artifacts/1900b0aP.dag/Unity.Services.Core.Environments.Internal.dll, with 130 defines and 220 references
info: Unity.ILPP.Runner.PostProcessingPipeline[0]
      processors: Unity.Jobs.CodeGen.JobsILPostProcessor, zzzUnity.Burst.CodeGen.BurstILPostProcessor
info: Microsoft.AspNetCore.Routing.EndpointMiddleware[1]
      Executed endpoint 'gRPC - /UnityILPP.PostProcessing/PostProcessAssembly'
info: Microsoft.AspNetCore.Hosting.Diagnostics[2]
      Request finished HTTP/2 POST http://ilpp/UnityILPP.PostProcessing/PostProcessAssembly - 200 - application/grpc 157.7809ms
info: Unity.ILPP.Runner.PostProcessingPipeline[0]
      running Unity.Jobs.CodeGen.JobsILPostProcessor
info: Microsoft.AspNetCore.Hosting.Diagnostics[1]
      Request starting HTTP/2 POST http://ilpp/UnityILPP.PostProcessing/PostProcessAssembly - application/grpc -
info: Unity.ILPP.Runner.PostProcessingPipeline[0]
      running zzzUnity.Burst.CodeGen.BurstILPostProcessor
info: Microsoft.AspNetCore.Routing.EndpointMiddleware[0]
      Executing endpoint 'gRPC - /UnityILPP.PostProcessing/PostProcessAssembly'
info: Unity.ILPP.Runner.PostProcessingPipeline[0]
      Processing assembly Library/Bee/artifacts/1900b0aP.dag/Unity.Services.Analytics.dll, with 130 defines and 217 references
info: Unity.ILPP.Runner.PostProcessingPipeline[0]
      processors: Unity.Jobs.CodeGen.JobsILPostProcessor, zzzUnity.Burst.CodeGen.BurstILPostProcessor
info: Microsoft.AspNetCore.Hosting.Diagnostics[1]
      Request starting HTTP/2 POST http://ilpp/UnityILPP.PostProcessing/PostProcessAssembly - application/grpc -
info: Microsoft.AspNetCore.Routing.EndpointMiddleware[0]
      Executing endpoint 'gRPC - /UnityILPP.PostProcessing/PostProcessAssembly'
info: Unity.ILPP.Runner.PostProcessingPipeline[0]
      Processing assembly Library/Bee/artifacts/1900b0aP.dag/Unity.Services.Core.dll, with 130 defines and 219 references
info: Unity.ILPP.Runner.PostProcessingPipeline[0]
      processors: Unity.Jobs.CodeGen.JobsILPostProcessor, zzzUnity.Burst.CodeGen.BurstILPostProcessor
info: Microsoft.AspNetCore.Hosting.Diagnostics[1]
      Request starting HTTP/2 POST http://ilpp/UnityILPP.PostProcessing/PostProcessAssembly - application/grpc -
info: Microsoft.AspNetCore.Routing.EndpointMiddleware[0]
      Executing endpoint 'gRPC - /UnityILPP.PostProcessing/PostProcessAssembly'
info: Unity.ILPP.Runner.PostProcessingPipeline[0]
      Processing assembly Library/Bee/artifacts/1900b0aP.dag/Unity.InternalAPIEngineBridge.RenderPipelines.Core.Runtime.Shared.dll, with 130 defines and 219 references
info: Unity.ILPP.Runner.PostProcessingPipeline[0]
      processors: Unity.Jobs.CodeGen.JobsILPostProcessor, zzzUnity.Burst.CodeGen.BurstILPostProcessor
info: Unity.ILPP.Runner.PostProcessingPipeline[0]
      running Unity.Jobs.CodeGen.JobsILPostProcessor
info: Unity.ILPP.Runner.PostProcessingPipeline[0]
      running zzzUnity.Burst.CodeGen.BurstILPostProcessor
info: Unity.ILPP.Runner.PostProcessingPipeline[0]
      running Unity.Jobs.CodeGen.JobsILPostProcessor
info: Unity.ILPP.Runner.PostProcessingPipeline[0]
      running zzzUnity.Burst.CodeGen.BurstILPostProcessor
info: Unity.ILPP.Runner.PostProcessingPipeline[0]
      running Unity.Jobs.CodeGen.JobsILPostProcessor
info: Unity.ILPP.Runner.PostProcessingPipeline[0]
      running zzzUnity.Burst.CodeGen.BurstILPostProcessor
info: Microsoft.AspNetCore.Routing.EndpointMiddleware[1]
      Executed endpoint 'gRPC - /UnityILPP.PostProcessing/PostProcessAssembly'
info: Microsoft.AspNetCore.Hosting.Diagnostics[2]
      Request finished HTTP/2 POST http://ilpp/UnityILPP.PostProcessing/PostProcessAssembly - 200 - application/grpc 16.5986ms
info: Unity.ILPP.Runner.PostProcessingPipeline[0]
      running Unity.Jobs.CodeGen.JobsILPostProcessor
info: Unity.ILPP.Runner.PostProcessingPipeline[0]
      running zzzUnity.Burst.CodeGen.BurstILPostProcessor
info: Microsoft.AspNetCore.Routing.EndpointMiddleware[1]
      Executed endpoint 'gRPC - /UnityILPP.PostProcessing/PostProcessAssembly'
info: Microsoft.AspNetCore.Hosting.Diagnostics[2]
      Request finished HTTP/2 POST http://ilpp/UnityILPP.PostProcessing/PostProcessAssembly - 200 - application/grpc 27.6693ms
info: Microsoft.AspNetCore.Routing.EndpointMiddleware[1]
      Executed endpoint 'gRPC - /UnityILPP.PostProcessing/PostProcessAssembly'
info: Microsoft.AspNetCore.Hosting.Diagnostics[2]
      Request finished HTTP/2 POST http://ilpp/UnityILPP.PostProcessing/PostProcessAssembly - 200 - application/grpc 1117.6528ms
info: Microsoft.AspNetCore.Routing.EndpointMiddleware[1]
      Executed endpoint 'gRPC - /UnityILPP.PostProcessing/PostProcessAssembly'
info: Microsoft.AspNetCore.Hosting.Diagnostics[2]
      Request finished HTTP/2 POST http://ilpp/UnityILPP.PostProcessing/PostProcessAssembly - 200 - application/grpc 65.8574ms
info: Unity.ILPP.Runner.PostProcessingAssemblyLoadContext[0]
      Resolved Mono.Cecil.Rocks, Version=0.11.5.0, Culture=neutral, PublicKeyToken=50cebf1cceb9d05e with Library\PackageCache\com.unity.nuget.mono-cecil@ecb9724e46ff\Mono.Cecil.Rocks.dll
info: Microsoft.AspNetCore.Routing.EndpointMiddleware[1]
      Executed endpoint 'gRPC - /UnityILPP.PostProcessing/PostProcessAssembly'
info: Microsoft.AspNetCore.Hosting.Diagnostics[2]
      Request finished HTTP/2 POST http://ilpp/UnityILPP.PostProcessing/PostProcessAssembly - 200 - application/grpc 1478.7575ms
info: Microsoft.AspNetCore.Routing.EndpointMiddleware[1]
      Executed endpoint 'gRPC - /UnityILPP.PostProcessing/PostProcessAssembly'
info: Microsoft.AspNetCore.Hosting.Diagnostics[2]
      Request finished HTTP/2 POST http://ilpp/UnityILPP.PostProcessing/PostProcessAssembly - 200 - application/grpc 97.8005ms
info: Microsoft.AspNetCore.Routing.EndpointMiddleware[1]
      Executed endpoint 'gRPC - /UnityILPP.PostProcessing/PostProcessAssembly'
info: Microsoft.AspNetCore.Hosting.Diagnostics[1]
      Request starting HTTP/2 POST http://ilpp/UnityILPP.PostProcessing/PostProcessAssembly - application/grpc -
info: Microsoft.AspNetCore.Hosting.Diagnostics[2]
      Request finished HTTP/2 POST http://ilpp/UnityILPP.PostProcessing/PostProcessAssembly - 200 - application/grpc 96.6549ms
info: Microsoft.AspNetCore.Routing.EndpointMiddleware[0]
      Executing endpoint 'gRPC - /UnityILPP.PostProcessing/PostProcessAssembly'
info: Unity.ILPP.Runner.PostProcessingPipeline[0]
      Processing assembly Library/Bee/artifacts/1900b0aP.dag/Unity.Services.Core.Registration.dll, with 130 defines and 228 references
info: Unity.ILPP.Runner.PostProcessingPipeline[0]
      processors: Unity.Jobs.CodeGen.JobsILPostProcessor, zzzUnity.Burst.CodeGen.BurstILPostProcessor
info: Unity.ILPP.Runner.PostProcessingPipeline[0]
      running Unity.Jobs.CodeGen.JobsILPostProcessor
info: Unity.ILPP.Runner.PostProcessingPipeline[0]
      running zzzUnity.Burst.CodeGen.BurstILPostProcessor
info: Microsoft.AspNetCore.Routing.EndpointMiddleware[1]
      Executed endpoint 'gRPC - /UnityILPP.PostProcessing/PostProcessAssembly'
info: Microsoft.AspNetCore.Hosting.Diagnostics[2]
      Request finished HTTP/2 POST http://ilpp/UnityILPP.PostProcessing/PostProcessAssembly - 200 - application/grpc 40.8747ms
info: Microsoft.AspNetCore.Hosting.Diagnostics[1]
      Request starting HTTP/2 POST http://ilpp/UnityILPP.PostProcessing/PostProcessAssembly - application/grpc -
info: Microsoft.AspNetCore.Hosting.Diagnostics[1]
      Request starting HTTP/2 POST http://ilpp/UnityILPP.PostProcessing/PostProcessAssembly - application/grpc -
info: Microsoft.AspNetCore.Routing.EndpointMiddleware[0]
      Executing endpoint 'gRPC - /UnityILPP.PostProcessing/PostProcessAssembly'
info: Microsoft.AspNetCore.Routing.EndpointMiddleware[0]
      Executing endpoint 'gRPC - /UnityILPP.PostProcessing/PostProcessAssembly'
info: Unity.ILPP.Runner.PostProcessingPipeline[0]
      Processing assembly Library/Bee/artifacts/1900b0aP.dag/Purchasing.Common.dll, with 130 defines and 221 references
info: Unity.ILPP.Runner.PostProcessingPipeline[0]
      processors: Unity.Jobs.CodeGen.JobsILPostProcessor, zzzUnity.Burst.CodeGen.BurstILPostProcessor
info: Unity.ILPP.Runner.PostProcessingPipeline[0]
      Processing assembly Library/Bee/artifacts/1900b0aP.dag/Unity.Multiplayer.Center.Common.dll, with 130 defines and 219 references
info: Unity.ILPP.Runner.PostProcessingPipeline[0]
      processors: Unity.Jobs.CodeGen.JobsILPostProcessor, zzzUnity.Burst.CodeGen.BurstILPostProcessor
info: Unity.ILPP.Runner.PostProcessingPipeline[0]
      running Unity.Jobs.CodeGen.JobsILPostProcessor
info: Unity.ILPP.Runner.PostProcessingPipeline[0]
      running zzzUnity.Burst.CodeGen.BurstILPostProcessor
info: Microsoft.AspNetCore.Hosting.Diagnostics[1]
      Request starting HTTP/2 POST http://ilpp/UnityILPP.PostProcessing/PostProcessAssembly - application/grpc -
info: Microsoft.AspNetCore.Routing.EndpointMiddleware[0]
      Executing endpoint 'gRPC - /UnityILPP.PostProcessing/PostProcessAssembly'
info: Unity.ILPP.Runner.PostProcessingPipeline[0]
      running Unity.Jobs.CodeGen.JobsILPostProcessor
info: Unity.ILPP.Runner.PostProcessingPipeline[0]
      running zzzUnity.Burst.CodeGen.BurstILPostProcessor
info: Unity.ILPP.Runner.PostProcessingPipeline[0]
      Processing assembly Library/Bee/artifacts/1900b0aP.dag/Unity.2D.Animation.Runtime.dll, with 132 defines and 225 references
info: Microsoft.AspNetCore.Hosting.Diagnostics[1]
      Request starting HTTP/2 POST http://ilpp/UnityILPP.PostProcessing/PostProcessAssembly - application/grpc -
info: Unity.ILPP.Runner.PostProcessingPipeline[0]
      processors: Unity.Jobs.CodeGen.JobsILPostProcessor, zzzUnity.Burst.CodeGen.BurstILPostProcessor
info: Microsoft.AspNetCore.Routing.EndpointMiddleware[0]
      Executing endpoint 'gRPC - /UnityILPP.PostProcessing/PostProcessAssembly'
info: Unity.ILPP.Runner.PostProcessingPipeline[0]
      Processing assembly Library/Bee/artifacts/1900b0aP.dag/Unity.Services.Core.Internal.dll, with 130 defines and 220 references
info: Unity.ILPP.Runner.PostProcessingPipeline[0]
      processors: Unity.Jobs.CodeGen.JobsILPostProcessor, zzzUnity.Burst.CodeGen.BurstILPostProcessor
info: Unity.ILPP.Runner.PostProcessingPipeline[0]
      running Unity.Jobs.CodeGen.JobsILPostProcessor
info: Unity.ILPP.Runner.PostProcessingPipeline[0]
      running Unity.Jobs.CodeGen.JobsILPostProcessor
info: Unity.ILPP.Runner.PostProcessingPipeline[0]
      running zzzUnity.Burst.CodeGen.BurstILPostProcessor
info: Microsoft.AspNetCore.Hosting.Diagnostics[1]
      Request starting HTTP/2 POST http://ilpp/UnityILPP.PostProcessing/PostProcessAssembly - application/grpc -
info: Microsoft.AspNetCore.Hosting.Diagnostics[1]
      Request starting HTTP/2 POST http://ilpp/UnityILPP.PostProcessing/PostProcessAssembly - application/grpc -
info: Microsoft.AspNetCore.Routing.EndpointMiddleware[0]
      Executing endpoint 'gRPC - /UnityILPP.PostProcessing/PostProcessAssembly'
info: Microsoft.AspNetCore.Routing.EndpointMiddleware[0]
      Executing endpoint 'gRPC - /UnityILPP.PostProcessing/PostProcessAssembly'
info: Microsoft.AspNetCore.Hosting.Diagnostics[1]
      Request starting HTTP/2 POST http://ilpp/UnityILPP.PostProcessing/PostProcessAssembly - application/grpc -
info: Microsoft.AspNetCore.Routing.EndpointMiddleware[0]
      Executing endpoint 'gRPC - /UnityILPP.PostProcessing/PostProcessAssembly'
info: Unity.ILPP.Runner.PostProcessingPipeline[0]
      Processing assembly Library/Bee/artifacts/1900b0aP.dag/Unity.RenderPipelines.Universal.2D.Runtime.dll, with 136 defines and 227 references
info: Unity.ILPP.Runner.PostProcessingPipeline[0]
      processors: Unity.Jobs.CodeGen.JobsILPostProcessor, zzzUnity.Burst.CodeGen.BurstILPostProcessor
info: Unity.ILPP.Runner.PostProcessingPipeline[0]
      Processing assembly Library/Bee/artifacts/1900b0aP.dag/UnityEngine.Purchasing.Codeless.dll, with 130 defines and 222 references
info: Unity.ILPP.Runner.PostProcessingPipeline[0]
      processors: Unity.Jobs.CodeGen.JobsILPostProcessor, zzzUnity.Burst.CodeGen.BurstILPostProcessor
info: Unity.ILPP.Runner.PostProcessingPipeline[0]
      running Unity.Jobs.CodeGen.JobsILPostProcessor
info: Unity.ILPP.Runner.PostProcessingPipeline[0]
      Processing assembly Library/Bee/artifacts/1900b0aP.dag/Unity.InternalAPIEngineBridge.004.dll, with 130 defines and 219 references
info: Unity.ILPP.Runner.PostProcessingPipeline[0]
      processors: Unity.Jobs.CodeGen.JobsILPostProcessor, zzzUnity.Burst.CodeGen.BurstILPostProcessor
info: Unity.ILPP.Runner.PostProcessingPipeline[0]
      running zzzUnity.Burst.CodeGen.BurstILPostProcessor
info: Unity.ILPP.Runner.PostProcessingPipeline[0]
      running Unity.Jobs.CodeGen.JobsILPostProcessor
info: Unity.ILPP.Runner.PostProcessingPipeline[0]
      running zzzUnity.Burst.CodeGen.BurstILPostProcessor
info: Unity.ILPP.Runner.PostProcessingPipeline[0]
      running Unity.Jobs.CodeGen.JobsILPostProcessor
info: Unity.ILPP.Runner.PostProcessingPipeline[0]
      running zzzUnity.Burst.CodeGen.BurstILPostProcessor
info: Microsoft.AspNetCore.Hosting.Diagnostics[1]
      Request starting HTTP/2 POST http://ilpp/UnityILPP.PostProcessing/PostProcessAssembly - application/grpc -
info: Microsoft.AspNetCore.Routing.EndpointMiddleware[0]
      Executing endpoint 'gRPC - /UnityILPP.PostProcessing/PostProcessAssembly'
info: Unity.ILPP.Runner.PostProcessingPipeline[0]
      Processing assembly Library/Bee/artifacts/1900b0aP.dag/Unity.2D.Tilemap.Extras.dll, with 130 defines and 219 references
info: Unity.ILPP.Runner.PostProcessingPipeline[0]
      processors: Unity.Jobs.CodeGen.JobsILPostProcessor, zzzUnity.Burst.CodeGen.BurstILPostProcessor
info: Unity.ILPP.Runner.PostProcessingPipeline[0]
      running Unity.Jobs.CodeGen.JobsILPostProcessor
info: Microsoft.AspNetCore.Routing.EndpointMiddleware[1]
      Executed endpoint 'gRPC - /UnityILPP.PostProcessing/PostProcessAssembly'
info: Unity.ILPP.Runner.PostProcessingPipeline[0]
      running zzzUnity.Burst.CodeGen.BurstILPostProcessor
info: Microsoft.AspNetCore.Routing.EndpointMiddleware[1]
      Executed endpoint 'gRPC - /UnityILPP.PostProcessing/PostProcessAssembly'
info: Microsoft.AspNetCore.Hosting.Diagnostics[2]
      Request finished HTTP/2 POST http://ilpp/UnityILPP.PostProcessing/PostProcessAssembly - 200 - application/grpc 2.7266ms
info: Microsoft.AspNetCore.Hosting.Diagnostics[2]
      Request finished HTTP/2 POST http://ilpp/UnityILPP.PostProcessing/PostProcessAssembly - 200 - application/grpc 2.5099ms
info: Microsoft.AspNetCore.Routing.EndpointMiddleware[1]
      Executed endpoint 'gRPC - /UnityILPP.PostProcessing/PostProcessAssembly'
info: Microsoft.AspNetCore.Hosting.Diagnostics[2]
      Request finished HTTP/2 POST http://ilpp/UnityILPP.PostProcessing/PostProcessAssembly - 200 - application/grpc 2.6255ms
info: Microsoft.AspNetCore.Hosting.Diagnostics[1]
      Request starting HTTP/2 POST http://ilpp/UnityILPP.PostProcessing/PostProcessAssembly - application/grpc -
info: Microsoft.AspNetCore.Routing.EndpointMiddleware[0]
      Executing endpoint 'gRPC - /UnityILPP.PostProcessing/PostProcessAssembly'
info: Microsoft.AspNetCore.Routing.EndpointMiddleware[1]
      Executed endpoint 'gRPC - /UnityILPP.PostProcessing/PostProcessAssembly'
info: Unity.ILPP.Runner.PostProcessingPipeline[0]
      Processing assembly Library/Bee/artifacts/1900b0aP.dag/Unity.RenderPipelines.GPUDriven.Runtime.dll, with 130 defines and 223 references
info: Unity.ILPP.Runner.PostProcessingPipeline[0]
      processors: Unity.Jobs.CodeGen.JobsILPostProcessor, zzzUnity.Burst.CodeGen.BurstILPostProcessor
info: Microsoft.AspNetCore.Hosting.Diagnostics[2]
      Request finished HTTP/2 POST http://ilpp/UnityILPP.PostProcessing/PostProcessAssembly - 200 - application/grpc 126.3889ms
info: Microsoft.AspNetCore.Hosting.Diagnostics[1]
      Request starting HTTP/2 POST http://ilpp/UnityILPP.PostProcessing/PostProcessAssembly - application/grpc -
info: Unity.ILPP.Runner.PostProcessingPipeline[0]
      running Unity.Jobs.CodeGen.JobsILPostProcessor
info: Microsoft.AspNetCore.Hosting.Diagnostics[1]
      Request starting HTTP/2 POST http://ilpp/UnityILPP.PostProcessing/PostProcessAssembly - application/grpc -
info: Microsoft.AspNetCore.Routing.EndpointMiddleware[0]
      Executing endpoint 'gRPC - /UnityILPP.PostProcessing/PostProcessAssembly'
info: Unity.ILPP.Runner.PostProcessingPipeline[0]
      Processing assembly Library/Bee/artifacts/1900b0aP.dag/UnityEngine.Purchasing.WinRTStub.dll, with 130 defines and 220 references
info: Unity.ILPP.Runner.PostProcessingPipeline[0]
      processors: Unity.Jobs.CodeGen.JobsILPostProcessor, zzzUnity.Burst.CodeGen.BurstILPostProcessor
info: Unity.ILPP.Runner.PostProcessingPipeline[0]
      running Unity.Jobs.CodeGen.JobsILPostProcessor
info: Unity.ILPP.Runner.PostProcessingPipeline[0]
      running zzzUnity.Burst.CodeGen.BurstILPostProcessor
info: Microsoft.AspNetCore.Routing.EndpointMiddleware[1]
      Executed endpoint 'gRPC - /UnityILPP.PostProcessing/PostProcessAssembly'
info: Microsoft.AspNetCore.Hosting.Diagnostics[2]
      Request finished HTTP/2 POST http://ilpp/UnityILPP.PostProcessing/PostProcessAssembly - 200 - application/grpc 151.1201ms
info: Microsoft.AspNetCore.Routing.EndpointMiddleware[0]
      Executing endpoint 'gRPC - /UnityILPP.PostProcessing/PostProcessAssembly'
info: Unity.ILPP.Runner.PostProcessingPipeline[0]
      Processing assembly Library/Bee/artifacts/1900b0aP.dag/UnityEngine.Purchasing.AppleCore.dll, with 130 defines and 220 references
info: Unity.ILPP.Runner.PostProcessingPipeline[0]
      processors: Unity.Jobs.CodeGen.JobsILPostProcessor, zzzUnity.Burst.CodeGen.BurstILPostProcessor
info: Microsoft.AspNetCore.Hosting.Diagnostics[1]
      Request starting HTTP/2 POST http://ilpp/UnityILPP.PostProcessing/PostProcessAssembly - application/grpc -
info: Microsoft.AspNetCore.Routing.EndpointMiddleware[0]
      Executing endpoint 'gRPC - /UnityILPP.PostProcessing/PostProcessAssembly'
info: Unity.ILPP.Runner.PostProcessingPipeline[0]
      Processing assembly Library/Bee/artifacts/1900b0aP.dag/Unity.Collections.dll, with 132 defines and 221 references
info: Unity.ILPP.Runner.PostProcessingPipeline[0]
      processors: Unity.Jobs.CodeGen.JobsILPostProcessor, zzzUnity.Burst.CodeGen.BurstILPostProcessor
info: Unity.ILPP.Runner.PostProcessingPipeline[0]
      running Unity.Jobs.CodeGen.JobsILPostProcessor
info: Microsoft.AspNetCore.Routing.EndpointMiddleware[1]
      Executed endpoint 'gRPC - /UnityILPP.PostProcessing/PostProcessAssembly'
info: Microsoft.AspNetCore.Hosting.Diagnostics[2]
      Request finished HTTP/2 POST http://ilpp/UnityILPP.PostProcessing/PostProcessAssembly - 200 - application/grpc 164.3076ms
info: Microsoft.AspNetCore.Routing.EndpointMiddleware[1]
      Executed endpoint 'gRPC - /UnityILPP.PostProcessing/PostProcessAssembly'
info: Microsoft.AspNetCore.Hosting.Diagnostics[2]
      Request finished HTTP/2 POST http://ilpp/UnityILPP.PostProcessing/PostProcessAssembly - 200 - application/grpc 22.4736ms
info: Unity.ILPP.Runner.PostProcessingPipeline[0]
      running Unity.Jobs.CodeGen.JobsILPostProcessor
info: Unity.ILPP.Runner.PostProcessingPipeline[0]
      running zzzUnity.Burst.CodeGen.BurstILPostProcessor
info: Microsoft.AspNetCore.Routing.EndpointMiddleware[1]
      Executed endpoint 'gRPC - /UnityILPP.PostProcessing/PostProcessAssembly'
info: Microsoft.AspNetCore.Hosting.Diagnostics[2]
      Request finished HTTP/2 POST http://ilpp/UnityILPP.PostProcessing/PostProcessAssembly - 200 - application/grpc 81.6385ms
info: Microsoft.AspNetCore.Routing.EndpointMiddleware[1]
      Executed endpoint 'gRPC - /UnityILPP.PostProcessing/PostProcessAssembly'
info: Microsoft.AspNetCore.Hosting.Diagnostics[2]
      Request finished HTTP/2 POST http://ilpp/UnityILPP.PostProcessing/PostProcessAssembly - 200 - application/grpc 225.9251ms
info: Microsoft.AspNetCore.Hosting.Diagnostics[1]
      Request starting HTTP/2 POST http://ilpp/UnityILPP.PostProcessing/PostProcessAssembly - application/grpc -
info: Microsoft.AspNetCore.Hosting.Diagnostics[1]
      Request starting HTTP/2 POST http://ilpp/UnityILPP.PostProcessing/PostProcessAssembly - application/grpc -
info: Microsoft.AspNetCore.Routing.EndpointMiddleware[0]
      Executing endpoint 'gRPC - /UnityILPP.PostProcessing/PostProcessAssembly'
info: Microsoft.AspNetCore.Routing.EndpointMiddleware[0]
      Executing endpoint 'gRPC - /UnityILPP.PostProcessing/PostProcessAssembly'
info: Unity.ILPP.Runner.PostProcessingPipeline[0]
      Processing assembly Library/Bee/artifacts/1900b0aP.dag/Unity.Services.Core.Analytics.dll, with 130 defines and 220 references
info: Unity.ILPP.Runner.PostProcessingPipeline[0]
      Processing assembly Library/Bee/artifacts/1900b0aP.dag/Unity.RenderPipelines.Core.Runtime.dll, with 134 defines and 223 references
info: Unity.ILPP.Runner.PostProcessingPipeline[0]
      processors: Unity.Jobs.CodeGen.JobsILPostProcessor, zzzUnity.Burst.CodeGen.BurstILPostProcessor
info: Unity.ILPP.Runner.PostProcessingPipeline[0]
      processors: Unity.Jobs.CodeGen.JobsILPostProcessor, zzzUnity.Burst.CodeGen.BurstILPostProcessor
info: Unity.ILPP.Runner.PostProcessingPipeline[0]
      running zzzUnity.Burst.CodeGen.BurstILPostProcessor
info: Unity.ILPP.Runner.PostProcessingPipeline[0]
      running zzzUnity.Burst.CodeGen.BurstILPostProcessor
info: Unity.ILPP.Runner.PostProcessingPipeline[0]
      running zzzUnity.Burst.CodeGen.BurstILPostProcessor
info: Unity.ILPP.Runner.PostProcessingPipeline[0]
      running Unity.Jobs.CodeGen.JobsILPostProcessor
info: Microsoft.AspNetCore.Routing.EndpointMiddleware[1]
      Executed endpoint 'gRPC - /UnityILPP.PostProcessing/PostProcessAssembly'
info: Unity.ILPP.Runner.PostProcessingPipeline[0]
      running zzzUnity.Burst.CodeGen.BurstILPostProcessor
info: Microsoft.AspNetCore.Hosting.Diagnostics[2]
      Request finished HTTP/2 POST http://ilpp/UnityILPP.PostProcessing/PostProcessAssembly - 200 - application/grpc 1886.0132ms
info: Microsoft.AspNetCore.Hosting.Diagnostics[1]
      Request starting HTTP/2 POST http://ilpp/UnityILPP.PostProcessing/PostProcessAssembly - application/grpc -
info: Microsoft.AspNetCore.Routing.EndpointMiddleware[0]
      Executing endpoint 'gRPC - /UnityILPP.PostProcessing/PostProcessAssembly'
info: Unity.ILPP.Runner.PostProcessingPipeline[0]
      Processing assembly Library/Bee/artifacts/1900b0aP.dag/UnityEngine.XR.LegacyInputHelpers.dll, with 130 defines and 220 references
info: Unity.ILPP.Runner.PostProcessingPipeline[0]
      processors: Unity.Jobs.CodeGen.JobsILPostProcessor, zzzUnity.Burst.CodeGen.BurstILPostProcessor
info: Unity.ILPP.Runner.PostProcessingPipeline[0]
      running Unity.Jobs.CodeGen.JobsILPostProcessor
info: Unity.ILPP.Runner.PostProcessingPipeline[0]
      running zzzUnity.Burst.CodeGen.BurstILPostProcessor
info: Microsoft.AspNetCore.Routing.EndpointMiddleware[1]
      Executed endpoint 'gRPC - /UnityILPP.PostProcessing/PostProcessAssembly'
info: Microsoft.AspNetCore.Hosting.Diagnostics[2]
      Request finished HTTP/2 POST http://ilpp/UnityILPP.PostProcessing/PostProcessAssembly - 200 - application/grpc 461.6362ms
info: Unity.ILPP.Runner.PostProcessingPipeline[0]
      running Unity.Jobs.CodeGen.JobsILPostProcessor
info: Unity.ILPP.Runner.PostProcessingPipeline[0]
      running zzzUnity.Burst.CodeGen.BurstILPostProcessor
info: Microsoft.AspNetCore.Hosting.Diagnostics[1]
      Request starting HTTP/2 POST http://ilpp/UnityILPP.PostProcessing/PostProcessAssembly - application/grpc -
info: Microsoft.AspNetCore.Routing.EndpointMiddleware[0]
      Executing endpoint 'gRPC - /UnityILPP.PostProcessing/PostProcessAssembly'
info: Unity.ILPP.Runner.PostProcessingPipeline[0]
      Processing assembly Library/Bee/artifacts/1900b0aP.dag/UnityEngine.Purchasing.dll, with 132 defines and 224 references
info: Unity.ILPP.Runner.PostProcessingPipeline[0]
      processors: Unity.Jobs.CodeGen.JobsILPostProcessor, zzzUnity.Burst.CodeGen.BurstILPostProcessor
info: Microsoft.AspNetCore.Routing.EndpointMiddleware[1]
      Executed endpoint 'gRPC - /UnityILPP.PostProcessing/PostProcessAssembly'
info: Microsoft.AspNetCore.Hosting.Diagnostics[2]
      Request finished HTTP/2 POST http://ilpp/UnityILPP.PostProcessing/PostProcessAssembly - 200 - application/grpc 2807.2034ms
info: Microsoft.AspNetCore.Routing.EndpointMiddleware[1]
      Executed endpoint 'gRPC - /UnityILPP.PostProcessing/PostProcessAssembly'
info: Unity.ILPP.Runner.PostProcessingPipeline[0]
      running Unity.Jobs.CodeGen.JobsILPostProcessor
info: Unity.ILPP.Runner.PostProcessingPipeline[0]
      running zzzUnity.Burst.CodeGen.BurstILPostProcessor
info: Microsoft.AspNetCore.Hosting.Diagnostics[2]
      Request finished HTTP/2 POST http://ilpp/UnityILPP.PostProcessing/PostProcessAssembly - 200 - application/grpc 93.7518ms
info: Microsoft.AspNetCore.Hosting.Diagnostics[1]
      Request starting HTTP/2 POST http://ilpp/UnityILPP.PostProcessing/PostProcessAssembly - application/grpc -
info: Microsoft.AspNetCore.Routing.EndpointMiddleware[0]
      Executing endpoint 'gRPC - /UnityILPP.PostProcessing/PostProcessAssembly'
info: Unity.ILPP.Runner.PostProcessingPipeline[0]
      Processing assembly Library/Bee/artifacts/1900b0aP.dag/Unity.RenderPipelines.Core.ShaderLibrary.dll, with 130 defines and 219 references
info: Unity.ILPP.Runner.PostProcessingPipeline[0]
      processors: Unity.Jobs.CodeGen.JobsILPostProcessor, zzzUnity.Burst.CodeGen.BurstILPostProcessor
info: Unity.ILPP.Runner.PostProcessingPipeline[0]
      running Unity.Jobs.CodeGen.JobsILPostProcessor
info: Unity.ILPP.Runner.PostProcessingPipeline[0]
      running zzzUnity.Burst.CodeGen.BurstILPostProcessor
info: Microsoft.AspNetCore.Routing.EndpointMiddleware[1]
      Executed endpoint 'gRPC - /UnityILPP.PostProcessing/PostProcessAssembly'
info: Microsoft.AspNetCore.Hosting.Diagnostics[2]
      Request finished HTTP/2 POST http://ilpp/UnityILPP.PostProcessing/PostProcessAssembly - 200 - application/grpc 6.2470ms
info: Microsoft.AspNetCore.Hosting.Diagnostics[1]
      Request starting HTTP/2 POST http://ilpp/UnityILPP.PostProcessing/PostProcessAssembly - application/grpc -
info: Microsoft.AspNetCore.Routing.EndpointMiddleware[0]
      Executing endpoint 'gRPC - /UnityILPP.PostProcessing/PostProcessAssembly'
info: Unity.ILPP.Runner.PostProcessingPipeline[0]
      Processing assembly Library/Bee/artifacts/1900b0aP.dag/UnityEngine.SpatialTracking.dll, with 130 defines and 219 references
info: Unity.ILPP.Runner.PostProcessingPipeline[0]
      processors: Unity.Jobs.CodeGen.JobsILPostProcessor, zzzUnity.Burst.CodeGen.BurstILPostProcessor
info: Unity.ILPP.Runner.PostProcessingPipeline[0]
      running Unity.Jobs.CodeGen.JobsILPostProcessor
info: Microsoft.AspNetCore.Routing.EndpointMiddleware[1]
      Executed endpoint 'gRPC - /UnityILPP.PostProcessing/PostProcessAssembly'
info: Microsoft.AspNetCore.Hosting.Diagnostics[2]
      Request finished HTTP/2 POST http://ilpp/UnityILPP.PostProcessing/PostProcessAssembly - 200 - application/grpc 16.3232ms
info: Unity.ILPP.Runner.PostProcessingPipeline[0]
      running zzzUnity.Burst.CodeGen.BurstILPostProcessor
info: Microsoft.AspNetCore.Routing.EndpointMiddleware[1]
      Executed endpoint 'gRPC - /UnityILPP.PostProcessing/PostProcessAssembly'
info: Microsoft.AspNetCore.Hosting.Diagnostics[2]
      Request finished HTTP/2 POST http://ilpp/UnityILPP.PostProcessing/PostProcessAssembly - 200 - application/grpc 787.8953ms
info: Microsoft.AspNetCore.Routing.EndpointMiddleware[1]
      Executed endpoint 'gRPC - /UnityILPP.PostProcessing/PostProcessAssembly'
info: Microsoft.AspNetCore.Hosting.Diagnostics[2]
      Request finished HTTP/2 POST http://ilpp/UnityILPP.PostProcessing/PostProcessAssembly - 200 - application/grpc 40.4030ms
info: Unity.ILPP.Runner.PostProcessingPipeline[0]
      running zzzUnity.Burst.CodeGen.BurstILPostProcessor
info: Microsoft.AspNetCore.Hosting.Diagnostics[1]
      Request starting HTTP/2 POST http://ilpp/UnityILPP.PostProcessing/PostProcessAssembly - application/grpc -
info: Microsoft.AspNetCore.Hosting.Diagnostics[1]
      Request starting HTTP/2 POST http://ilpp/UnityILPP.PostProcessing/PostProcessAssembly - application/grpc -
info: Microsoft.AspNetCore.Routing.EndpointMiddleware[0]
      Executing endpoint 'gRPC - /UnityILPP.PostProcessing/PostProcessAssembly'
info: Microsoft.AspNetCore.Routing.EndpointMiddleware[0]
      Executing endpoint 'gRPC - /UnityILPP.PostProcessing/PostProcessAssembly'
info: Unity.ILPP.Runner.PostProcessingPipeline[0]
      Processing assembly Library/Bee/artifacts/1900b0aP.dag/UnityEngine.Purchasing.WinRTCore.dll, with 130 defines and 219 references
info: Unity.ILPP.Runner.PostProcessingPipeline[0]
      Processing assembly Library/Bee/artifacts/1900b0aP.dag/Unity.AI.Navigation.dll, with 131 defines and 219 references
info: Unity.ILPP.Runner.PostProcessingPipeline[0]
      processors: Unity.Jobs.CodeGen.JobsILPostProcessor, zzzUnity.Burst.CodeGen.BurstILPostProcessor
info: Unity.ILPP.Runner.PostProcessingPipeline[0]
      processors: Unity.Jobs.CodeGen.JobsILPostProcessor, zzzUnity.Burst.CodeGen.BurstILPostProcessor
info: Unity.ILPP.Runner.PostProcessingPipeline[0]
      running Unity.Jobs.CodeGen.JobsILPostProcessor
info: Unity.ILPP.Runner.PostProcessingPipeline[0]
      running Unity.Jobs.CodeGen.JobsILPostProcessor
info: Unity.ILPP.Runner.PostProcessingPipeline[0]
      running zzzUnity.Burst.CodeGen.BurstILPostProcessor
info: Unity.ILPP.Runner.PostProcessingPipeline[0]
      running zzzUnity.Burst.CodeGen.BurstILPostProcessor
info: Microsoft.AspNetCore.Routing.EndpointMiddleware[1]
      Executed endpoint 'gRPC - /UnityILPP.PostProcessing/PostProcessAssembly'
info: Microsoft.AspNetCore.Hosting.Diagnostics[2]
      Request finished HTTP/2 POST http://ilpp/UnityILPP.PostProcessing/PostProcessAssembly - 200 - application/grpc 76.5267ms
info: Microsoft.AspNetCore.Routing.EndpointMiddleware[1]
      Executed endpoint 'gRPC - /UnityILPP.PostProcessing/PostProcessAssembly'
info: Microsoft.AspNetCore.Hosting.Diagnostics[2]
      Request finished HTTP/2 POST http://ilpp/UnityILPP.PostProcessing/PostProcessAssembly - 200 - application/grpc 78.2429ms
info: Microsoft.AspNetCore.Hosting.Diagnostics[1]
      Request starting HTTP/2 POST http://ilpp/UnityILPP.PostProcessing/PostProcessAssembly - application/grpc -
info: Microsoft.AspNetCore.Routing.EndpointMiddleware[0]
      Executing endpoint 'gRPC - /UnityILPP.PostProcessing/PostProcessAssembly'
info: Unity.ILPP.Runner.PostProcessingPipeline[0]
      Processing assembly Library/Bee/artifacts/1900b0aP.dag/labstreaminglayer.LSL4Unity.Runtime.dll, with 130 defines and 215 references
info: Unity.ILPP.Runner.PostProcessingPipeline[0]
      processors: Unity.Jobs.CodeGen.JobsILPostProcessor, zzzUnity.Burst.CodeGen.BurstILPostProcessor
info: Unity.ILPP.Runner.PostProcessingPipeline[0]
      running Unity.Jobs.CodeGen.JobsILPostProcessor
info: Unity.ILPP.Runner.PostProcessingPipeline[0]
      running zzzUnity.Burst.CodeGen.BurstILPostProcessor
info: Microsoft.AspNetCore.Routing.EndpointMiddleware[1]
      Executed endpoint 'gRPC - /UnityILPP.PostProcessing/PostProcessAssembly'
info: Microsoft.AspNetCore.Hosting.Diagnostics[2]
      Request finished HTTP/2 POST http://ilpp/UnityILPP.PostProcessing/PostProcessAssembly - 200 - application/grpc 7.4791ms
info: Unity.ILPP.Runner.PostProcessingPipeline[0]
      running zzzUnity.Burst.CodeGen.BurstILPostProcessor
info: Microsoft.AspNetCore.Routing.EndpointMiddleware[1]
      Executed endpoint 'gRPC - /UnityILPP.PostProcessing/PostProcessAssembly'
info: Microsoft.AspNetCore.Hosting.Diagnostics[2]
      Request finished HTTP/2 POST http://ilpp/UnityILPP.PostProcessing/PostProcessAssembly - 200 - application/grpc 1021.1652ms
info: Microsoft.AspNetCore.Routing.EndpointMiddleware[1]
      Executed endpoint 'gRPC - /UnityILPP.PostProcessing/PostProcessAssembly'
info: Microsoft.AspNetCore.Hosting.Diagnostics[2]
      Request finished HTTP/2 POST http://ilpp/UnityILPP.PostProcessing/PostProcessAssembly - 200 - application/grpc 1059.2077ms
info: Microsoft.AspNetCore.Routing.EndpointMiddleware[1]
      Executed endpoint 'gRPC - /UnityILPP.PostProcessing/PostProcessAssembly'
info: Microsoft.AspNetCore.Hosting.Diagnostics[2]
      Request finished HTTP/2 POST http://ilpp/UnityILPP.PostProcessing/PostProcessAssembly - 200 - application/grpc 1173.5510ms
ExitCode: 0 Duration: 1m:01s
Finished compiling graph: 1026 nodes, 13172 flattened edges (10562 ToBuild, 148 ToUse), maximum node priority 593
[ 129/1025  0s] WriteText Library/Bee/artifacts/StandaloneWindows64_CodeGen/UnityEngine.TestRunner.UnityAdditionalFile.txt
[ 146/1025  0s] WriteText Library/Bee/artifacts/StandaloneWindows64_CodeGen/UnityEngine.TestRunner.rsp2
[ 150/1025  0s] WriteText Library/Bee/artifacts/1900b0aP.dag/UnityEngine.UI.UnityAdditionalFile.txt
[ 151/1025  0s] WriteText Library/Bee/artifacts/StandaloneWindows64_CodeGen/UnityEngine.UI.UnityAdditionalFile.txt
[ 152/1025  0s] WriteText Library/Bee/artifacts/StandaloneWindows64_CodeGen/UnityEngine.UI.rsp2
[ 153/1025  0s] WriteText Library/Bee/artifacts/StandaloneWindows64_CodeGen/UnityEditor.TestRunner.rsp2
[ 154/1025  0s] WriteText Library/Bee/artifacts/StandaloneWindows64_CodeGen/UnityEngine.TestRunner.rsp
[ 155/1025  0s] WriteText Library/Bee/artifacts/StandaloneWindows64_CodeGen/UnityEngine.TestRunner.dll.mvfrm.rsp
[ 156/1025  0s] WriteText Library/Bee/artifacts/StandaloneWindows64_CodeGen/UnityEditor.TestRunner.UnityAdditionalFile.txt
[ 157/1025  0s] WriteText Library/Bee/artifacts/1900b0aP.dag/UnityEngine.UI.rsp2
[ 158/1025  0s] MovedFromExtractor-Combine Library/Bee/artifacts/StandaloneWindows64_CodeGen/UnityEngine.TestRunner.dll.mvfrm
[ 159/1025  0s] MovedFromExtractor Library/Bee/artifacts/mvdfrm/UnityEngine.UnityWebRequestModule.dll_EF65C5D0289D19EF.mvfrm
[ 160/1025  0s] MovedFromExtractor Library/Bee/artifacts/mvdfrm/UnityEngine.WindModule.dll_6D382656228527AD.mvfrm
[ 161/1025  0s] MovedFromExtractor Library/Bee/artifacts/mvdfrm/UnityEngine.UnityWebRequestAssetBundleModule.dll_90F5096DF12AEC37.mvfrm
[ 162/1025  0s] MovedFromExtractor Library/Bee/artifacts/mvdfrm/UnityEngine.UnityWebRequestWWWModule.dll_F7F3B77D545FB3CC.mvfrm
[ 163/1025  0s] MovedFromExtractor Library/Bee/artifacts/mvdfrm/UnityEngine.UnityWebRequestTextureModule.dll_28F8B2BB6C5453D0.mvfrm
[ 164/1025  0s] MovedFromExtractor Library/Bee/artifacts/mvdfrm/UnityEngine.VectorGraphicsModule.dll_DC52BEB666FDB133.mvfrm
[ 165/1025  0s] MovedFromExtractor Library/Bee/artifacts/mvdfrm/UnityEngine.VideoModule.dll_77824B91EAEE5DDA.mvfrm
[ 166/1025  0s] MovedFromExtractor Library/Bee/artifacts/mvdfrm/UnityEngine.VirtualTexturingModule.dll_BC2F4701F83AC6E2.mvfrm
[ 167/1025  0s] MovedFromExtractor Library/Bee/artifacts/mvdfrm/UnityEngine.UnityWebRequestAudioModule.dll_AAF851A20F434C9B.mvfrm
[ 168/1025  0s] MovedFromExtractor Library/Bee/artifacts/mvdfrm/UnityEngine.VFXModule.dll_8B0825D2D8B75667.mvfrm
[ 169/1025  0s] MovedFromExtractor Library/Bee/artifacts/mvdfrm/UnityEngine.UnityCurlModule.dll_CE470460C3658BF0.mvfrm
[           0s] Csc Library/Bee/artifacts/StandaloneWindows64_CodeGen/UnityEngine.TestRunner.dll (+2 others) [CacheMiss ae486eba14a3e7654ead4d666771e56700000000000000000000000000000006]
[ 170/1025  0s] MovedFromExtractor Library/Bee/artifacts/mvdfrm/UnityEngine.GridModule.dll_D45A671BA9A33F3B.mvfrm
[ 171/1025  0s] MovedFromExtractor Library/Bee/artifacts/mvdfrm/UnityEngine.VehiclesModule.dll_313C4EC34E00F7FC.mvfrm
[ 172/1025  0s] MovedFromExtractor Library/Bee/artifacts/mvdfrm/UnityEngine.HotReloadModule.dll_1C7321352E84B585.mvfrm
[ 173/1025  0s] MovedFromExtractor Library/Bee/artifacts/mvdfrm/UnityEngine.StreamingModule.dll_4FBF507FA2D95141.mvfrm
[ 174/1025  0s] MovedFromExtractor Library/Bee/artifacts/mvdfrm/UnityEngine.dll_5F907AC39C283D11.mvfrm
[ 175/1025  0s] MovedFromExtractor Library/Bee/artifacts/mvdfrm/UnityEngine.ImageConversionModule.dll_DDC6BE261DA87F70.mvfrm
[ 176/1025  0s] MovedFromExtractor Library/Bee/artifacts/mvdfrm/UnityEngine.IdentifiersModule.dll_3395DEDC2E1C2DA9.mvfrm
[ 177/1025  0s] MovedFromExtractor Library/Bee/artifacts/mvdfrm/UnityEngine.HierarchyCoreModule.dll_CD7A774F761D8393.mvfrm
[ 178/1025  0s] MovedFromExtractor Library/Bee/artifacts/mvdfrm/UnityEngine.XRModule.dll_9763DEE2A3C89BCF.mvfrm
[ 179/1025  0s] MovedFromExtractor Library/Bee/artifacts/mvdfrm/Unity.Scripting.dll_8A6912737B9F60D8.mvfrm
[ 180/1025  0s] MovedFromExtractor Library/Bee/artifacts/mvdfrm/UnityEngine.IMGUIModule.dll_8AD8668DEE8DD616.mvfrm
[ 181/1025  0s] MovedFromExtractor Library/Bee/artifacts/mvdfrm/UnityEngine.GraphicsStateCollectionSerializerModule.dll_4CE15B9DF480C905.mvfrm
[ 182/1025  0s] MovedFromExtractor Library/Bee/artifacts/mvdfrm/UnityEngine.GIModule.dll_AE9BA038B83BAB67.mvfrm
[ 183/1025  0s] MovedFromExtractor Library/Bee/artifacts/mvdfrm/UnityEngine.UnityConsentModule.dll_14EBC4C5FB4E904A.mvfrm
[ 184/1025  0s] MovedFromExtractor Library/Bee/artifacts/mvdfrm/UnityEngine.DirectorModule.dll_B9795543D3D72861.mvfrm
[ 185/1025  0s] MovedFromExtractor Library/Bee/artifacts/mvdfrm/UnityEngine.DSPGraphModule.dll_BECAB6AD4637F982.mvfrm
[ 186/1025  0s] MovedFromExtractor Library/Bee/artifacts/mvdfrm/UnityEngine.ClusterRendererModule.dll_71D4C0759B83C77C.mvfrm
[ 187/1025  0s] MovedFromExtractor Library/Bee/artifacts/mvdfrm/UnityEngine.ClusterInputModule.dll_D5831EA0A543CC15.mvfrm
[ 188/1025  0s] MovedFromExtractor Library/Bee/artifacts/mvdfrm/UnityEngine.CrashReportingModule.dll_F1F93F3566E5AF5C.mvfrm
[ 189/1025  0s] MovedFromExtractor Library/Bee/artifacts/mvdfrm/UnityEngine.ClothModule.dll_B961242202792119.mvfrm
[ 190/1025  0s] MovedFromExtractor Library/Bee/artifacts/mvdfrm/UnityEngine.GameCenterModule.dll_CFCF9F778C89207C.mvfrm
[ 191/1025  0s] MovedFromExtractor Library/Bee/artifacts/mvdfrm/UnityEngine.U2DRuntimeModule.dll_F485C9304C9C1416.mvfrm
[ 192/1025  0s] MovedFromExtractor Library/Bee/artifacts/mvdfrm/UnityEngine.ContentLoadModule.dll_F422B0273A26077E.mvfrm
[ 193/1025  0s] MovedFromExtractor Library/Bee/artifacts/mvdfrm/UnityEngine.AudioModule.dll_5278C727285C4235.mvfrm
[ 194/1025  0s] MovedFromExtractor Library/Bee/artifacts/mvdfrm/UnityEngine.AssetBundleModule.dll_5B0C56E66BA35F91.mvfrm
[ 195/1025  0s] MovedFromExtractor Library/Bee/artifacts/mvdfrm/UnityEngine.ARModule.dll_CFD21C2E79AA2216.mvfrm
[ 196/1025  0s] MovedFromExtractor Library/Bee/artifacts/mvdfrm/UnityEngine.AnimationModule.dll_9B2A632F53519A03.mvfrm
[ 197/1025  0s] MovedFromExtractor Library/Bee/artifacts/mvdfrm/UnityEngine.UnityConnectModule.dll_43462D99EE43F9FA.mvfrm
[ 198/1025  0s] MovedFromExtractor Library/Bee/artifacts/mvdfrm/UnityEngine.UnityAnalyticsCommonModule.dll_CE3ABB07A2C12061.mvfrm
[ 199/1025  0s] MovedFromExtractor Library/Bee/artifacts/mvdfrm/UnityEngine.AIModule.dll_165F572B1C8CC34D.mvfrm
[ 200/1025  0s] MovedFromExtractor Library/Bee/artifacts/mvdfrm/UnityEngine.AndroidJNIModule.dll_A582555CC6482F8B.mvfrm
[ 201/1025  0s] MovedFromExtractor Library/Bee/artifacts/mvdfrm/UnityEngine.AdaptivePerformanceModule.dll_A73CC6A768271649.mvfrm
[ 202/1025  0s] MovedFromExtractor Library/Bee/artifacts/mvdfrm/UnityEngine.UmbraModule.dll_CD4D733FB582EDA8.mvfrm
[ 203/1025  0s] MovedFromExtractor Library/Bee/artifacts/mvdfrm/UnityEngine.AccessibilityModule.dll_565FDA7507702A9D.mvfrm
[ 204/1025  0s] MovedFromExtractor Library/Bee/artifacts/mvdfrm/UnityEngine.UIModule.dll_11D2F55878D3C8F9.mvfrm
[ 205/1025  0s] MovedFromExtractor Library/Bee/artifacts/mvdfrm/UnityEngine.TilemapModule.dll_99AF0D1108419F9D.mvfrm
[ 206/1025  0s] MovedFromExtractor Library/Bee/artifacts/mvdfrm/UnityEngine.ScriptingModule.dll_B24BBBF5D2D948B6.mvfrm
[ 207/1025  0s] MovedFromExtractor Library/Bee/artifacts/mvdfrm/UnityEngine.TerrainPhysicsModule.dll_45863154EE3A3577.mvfrm
[ 208/1025  0s] MovedFromExtractor Library/Bee/artifacts/mvdfrm/UnityEngine.UnityAnalyticsModule.dll_64AAF94B811E8CE6.mvfrm
[ 209/1025  0s] MovedFromExtractor Library/Bee/artifacts/mvdfrm/UnityEngine.TextCoreFontEngineModule.dll_E5493BAFD51C3E42.mvfrm
[ 210/1025  0s] MovedFromExtractor Library/Bee/artifacts/mvdfrm/UnityEngine.CoreModule.dll_F6E94B2D914EA944.mvfrm
[ 211/1025  0s] MovedFromExtractor Library/Bee/artifacts/mvdfrm/UnityEngine.TerrainModule.dll_FAB2A58FF084BE94.mvfrm
[ 212/1025  0s] MovedFromExtractor Library/Bee/artifacts/mvdfrm/UnityEngine.TextRenderingModule.dll_F99E8340D24F377E.mvfrm
[ 213/1025  0s] MovedFromExtractor Library/Bee/artifacts/mvdfrm/UnityEngine.TLSModule.dll_0A298D640249ECFA.mvfrm
[ 214/1025  0s] MovedFromExtractor Library/Bee/artifacts/mvdfrm/UnityEngine.SubstanceModule.dll_2C6A64C8EE2C4F4F.mvfrm
[ 215/1025  0s] MovedFromExtractor Library/Bee/artifacts/mvdfrm/UnityEngine.SpriteShapeModule.dll_746D84412145979B.mvfrm
[ 216/1025  0s] MovedFromExtractor Library/Bee/artifacts/mvdfrm/UnityEngine.SubsystemsModule.dll_23A978697C409E09.mvfrm
[ 217/1025  0s] MovedFromExtractor Library/Bee/artifacts/mvdfrm/UnityEngine.SpriteMaskModule.dll_B8FC1207ADF8B5F6.mvfrm
[ 218/1025  0s] MovedFromExtractor Library/Bee/artifacts/mvdfrm/UnityEngine.SharedInternalsModule.dll_61D7FCFB94D67AC0.mvfrm
[ 219/1025  0s] MovedFromExtractor Library/Bee/artifacts/mvdfrm/UnityEngine.ShaderVariantAnalyticsModule.dll_E9B2D06C18208F4B.mvfrm
[ 220/1025  0s] MovedFromExtractor Library/Bee/artifacts/mvdfrm/UnityEngine.RuntimeInitializeOnLoadManagerInitializerModule.dll_94EA375BFFCB3261.mvfrm
[ 221/1025  0s] MovedFromExtractor Library/Bee/artifacts/mvdfrm/UnityEngine.ScreenCaptureModule.dll_D05F11361B17B789.mvfrm
[ 222/1025  0s] MovedFromExtractor Library/Bee/artifacts/mvdfrm/UnityEngine.RenderAs2DModule.dll_3E42A13BDECECEEF.mvfrm
[ 223/1025  0s] MovedFromExtractor Library/Bee/artifacts/mvdfrm/UnityEngine.TextCoreTextEngineModule.dll_2D317221649FF760.mvfrm
[ 224/1025  0s] MovedFromExtractor Library/Bee/artifacts/mvdfrm/UnityEngine.PhysicsBackendPhysXModule.dll_8150AE344AE35908.mvfrm
[ 225/1025  0s] MovedFromExtractor Library/Bee/artifacts/mvdfrm/UnityEngine.PropertiesModule.dll_FD0ADEB5FF7484B8.mvfrm
[ 226/1025  0s] MovedFromExtractor Library/Bee/artifacts/mvdfrm/UnityEngine.PhysicsModule.dll_E06C2A211AC675A6.mvfrm
[ 227/1025  0s] MovedFromExtractor Library/Bee/artifacts/mvdfrm/UnityEngine.PerformanceReportingModule.dll_32FBFDC388D88203.mvfrm
[ 228/1025  0s] MovedFromExtractor Library/Bee/artifacts/mvdfrm/UnityEngine.PhysicsCore2DModule.dll_4423B22066151F87.mvfrm
[ 229/1025  0s] MovedFromExtractor Library/Bee/artifacts/mvdfrm/UnityEngine.LocalizationModule.dll_13CFE8F33CBFBF0E.mvfrm
[ 230/1025  0s] MovedFromExtractor Library/Bee/artifacts/mvdfrm/UnityEngine.ParticleSystemModule.dll_450B8881D4F73AEA.mvfrm
[ 242/1025  0s] WriteText Library/Bee/artifacts/StandaloneWindows64_CodeGen/UnityEngine.UI.dll.mvfrm.rsp
[ 243/1025  0s] MovedFromExtractor Library/Bee/artifacts/mvdfrm/UnityEngine.MarshallingModule.dll_0374F57B4FCB8CE3.mvfrm
[ 244/1025  0s] MovedFromExtractor Library/Bee/artifacts/mvdfrm/UnityEngine.JSONSerializeModule.dll_B67763B106AB8B27.mvfrm
[ 245/1025  0s] MovedFromExtractor Library/Bee/artifacts/mvdfrm/UnityEngine.Physics2DModule.dll_E7D0531FF44E9198.mvfrm
[ 249/1025  0s] WriteText Library/Bee/artifacts/StandaloneWindows64_CodeGen/UnityEditor.TestRunner.rsp
[ 250/1025  0s] WriteText Library/Bee/artifacts/StandaloneWindows64_CodeGen/UnityEngine.UI.rsp
[ 251/1025  0s] WriteText Library/Bee/artifacts/StandaloneWindows64_CodeGen/UnityEditor.TestRunner.dll.mvfrm.rsp
[ 252/1025  0s] MovedFromExtractor Library/Bee/artifacts/mvdfrm/UnityEngine.InputLegacyModule.dll_EC51720503951582.mvfrm
[ 253/1025  0s] MovedFromExtractor Library/Bee/artifacts/mvdfrm/UnityEngine.InputModule.dll_B8EE8ED79E9466D9.mvfrm
[ 254/1025  0s] MovedFromExtractor Library/Bee/artifacts/mvdfrm/UnityEngine.MultiplayerModule.dll_DAB47373246AED09.mvfrm
[ 255/1025  0s] MovedFromExtractor Library/Bee/artifacts/mvdfrm/UnityEngine.InsightsModule.dll_53401DD45E5477E0.mvfrm
[ 256/1025  0s] MovedFromExtractor Library/Bee/artifacts/mvdfrm/UnityEngine.MathematicsModule.dll_802104BFE01B56C5.mvfrm
[ 257/1025  0s] MovedFromExtractor Library/Bee/artifacts/mvdfrm/UnityEngine.UIElementsModule.dll_27E7D9D17F6CDA00.mvfrm
[ 258/1025  0s] WriteText Library/Bee/artifacts/StandaloneWindows64_CodeGen/UnityEditor.UI.rsp2
[ 259/1025  0s] WriteText Library/Bee/artifacts/StandaloneWindows64_CodeGen/UnityEditor.UI.UnityAdditionalFile.txt
[ 260/1025  0s] WriteText Library/Bee/artifacts/1900b0aP.dag/UnityEngine.UI.dll.mvfrm.rsp
[ 262/1025  0s] WriteText Library/Bee/artifacts/StandaloneWindows64_CodeGen/Unity.Mathematics.rsp2
[ 263/1025  0s] WriteText Library/Bee/artifacts/1900b0aP.dag/UnityEngine.UI.rsp
[ 264/1025  0s] MovedFromExtractor-Combine Library/Bee/artifacts/StandaloneWindows64_CodeGen/UnityEngine.UI.dll.mvfrm
[           0s] Csc Library/Bee/artifacts/StandaloneWindows64_CodeGen/UnityEngine.UI.dll (+2 others) [CacheMiss d206edbba506a9e9455e4a523eefb5a000000000000000000000000000000006]
[ 265/1025  0s] WriteText Library/Bee/artifacts/StandaloneWindows64_CodeGen/UnityEditor.UI.dll.mvfrm.rsp
[ 266/1025  0s] WriteText Library/Bee/artifacts/StandaloneWindows64_CodeGen/Unity.Burst.UnityAdditionalFile.txt
[ 267/1025  0s] WriteText Library/Bee/artifacts/StandaloneWindows64_CodeGen/UnityEditor.UI.rsp
[ 268/1025  0s] WriteText Library/Bee/artifacts/StandaloneWindows64_CodeGen/Unity.Burst.rsp2
[ 269/1025  0s] WriteText Library/Bee/artifacts/StandaloneWindows64_CodeGen/Unity.Mathematics.UnityAdditionalFile.txt
[ 270/1025  0s] WriteText Library/Bee/artifacts/StandaloneWindows64_CodeGen/Unity.Burst.dll.mvfrm.rsp
[ 271/1025  0s] WriteText Library/Bee/artifacts/1900b0aP.dag/Unity.Mathematics.UnityAdditionalFile.txt
[ 272/1025  0s] WriteText Library/Bee/artifacts/1900b0aP.dag/Unity.Mathematics.rsp2
[ 273/1025  0s] WriteText Library/Bee/artifacts/StandaloneWindows64_CodeGen/Unity.Collections.UnityAdditionalFile.txt
[ 274/1025  0s] WriteText Library/Bee/artifacts/StandaloneWindows64_CodeGen/Unity.Collections.rsp2
[ 275/1025  0s] MovedFromExtractor Library/Bee/artifacts/mvdfrm/UnityEngine.InputForUIModule.dll_D281F990ECA9BD38.mvfrm
[ 276/1025  0s] WriteText Library/Bee/artifacts/StandaloneWindows64_CodeGen/Unity.Mathematics.dll.mvfrm.rsp
[ 277/1025  0s] WriteText Library/Bee/artifacts/1900b0aP.dag/Unity.Burst.UnityAdditionalFile.txt
[ 278/1025  0s] WriteText Library/Bee/artifacts/1900b0aP.dag/Unity.Services.Core.UnityAdditionalFile.txt
[ 279/1025  0s] WriteText Library/Bee/artifacts/1900b0aP.dag/Unity.Burst.rsp2
[ 280/1025  0s] WriteText Library/Bee/artifacts/1900b0aP.dag/Unity.Services.Core.rsp2
[ 281/1025  0s] WriteText Library/Bee/artifacts/StandaloneWindows64_CodeGen/Unity.Burst.rsp
[ 282/1025  0s] WriteText Library/Bee/artifacts/StandaloneWindows64_CodeGen/Unity.Mathematics.rsp
[ 283/1025  0s] WriteText Library/Bee/artifacts/1900b0aP.dag/Unity.Burst.dll.mvfrm.rsp
[ 284/1025  0s] WriteText Library/Bee/artifacts/1900b0aP.dag/Unity.Mathematics.dll.mvfrm.rsp
[ 285/1025  0s] WriteText Library/Bee/artifacts/1900b0aP.dag/Unity.Mathematics.rsp
[ 286/1025  0s] WriteText Library/Bee/artifacts/1900b0aP.dag/Unity.Burst.rsp
[ 287/1025  0s] MovedFromExtractor-Combine Library/Bee/artifacts/1900b0aP.dag/UnityEngine.UI.dll.mvfrm
[ 288/1025  0s] WriteText Library/Bee/artifacts/StandaloneWindows64_CodeGen/Unity.Collections.dll.mvfrm.rsp
[ 289/1025  0s] WriteText Library/Bee/artifacts/StandaloneWindows64_CodeGen/Unity.Collections.rsp
[ 290/1025  0s] WriteText Library/Bee/artifacts/1900b0aP.dag/Unity.Services.Core.dll.mvfrm.rsp
[ 291/1025  0s] WriteText Library/Bee/artifacts/StandaloneWindows64_CodeGen/Unity.Burst.CodeGen.UnityAdditionalFile.txt
[ 292/1025  0s] WriteText Library/Bee/artifacts/StandaloneWindows64_CodeGen/Unity.Burst.CodeGen.rsp2
[ 293/1025  0s] WriteText Library/Bee/artifacts/StandaloneWindows64_CodeGen/Unity.Collections.CodeGen.rsp2
[ 294/1025  0s] WriteText Library/Bee/artifacts/1900b0aP.dag/Unity.Services.Core.rsp
[ 295/1025  0s] WriteText Library/Bee/artifacts/StandaloneWindows64_CodeGen/Unity.Collections.CodeGen.UnityAdditionalFile.txt
[ 296/1025  0s] WriteText Library/Bee/artifacts/1900b0aP.dag/Unity.Collections.rsp2
[ 297/1025  0s] WriteText Library/Bee/artifacts/1900b0aP.dag/Unity.InputSystem.rsp2
[ 298/1025  0s] WriteText Library/Bee/artifacts/1900b0aP.dag/Unity.Collections.UnityAdditionalFile.txt
[ 299/1025  0s] WriteText Library/Bee/artifacts/1900b0aP.dag/Unity.InputSystem.UnityAdditionalFile.txt
[ 304/1025  0s] WriteText Library/Bee/artifacts/1900b0aP.dag/Unity.Services.Core.Internal.UnityAdditionalFile.txt
[ 306/1025  0s] WriteText Library/Bee/artifacts/1900b0aP.dag/Unity.Services.Core.Internal.rsp2
[ 307/1025  0s] WriteText Library/Bee/artifacts/1900b0aP.dag/Unity.InputSystem.dll.mvfrm.rsp
[ 308/1025  0s] WriteText Library/Bee/artifacts/1900b0aP.dag/Unity.Collections.dll.mvfrm.rsp
[ 309/1025  0s] WriteText Library/Bee/artifacts/1900b0aP.dag/Unity.Collections.rsp
[ 310/1025  0s] WriteText Library/Bee/artifacts/StandaloneWindows64_CodeGen/Unity.Burst.CodeGen.dll.mvfrm.rsp
[ 311/1025  0s] WriteText Library/Bee/artifacts/1900b0aP.dag/Unity.RenderPipelines.Core.Runtime.UnityAdditionalFile.txt
[ 312/1025  0s] WriteText Library/Bee/artifacts/1900b0aP.dag/Unity.RenderPipelines.Core.Runtime.rsp2
[ 313/1025  0s] WriteText Library/Bee/artifacts/StandaloneWindows64_CodeGen/Unity.Burst.CodeGen.rsp
[ 314/1025  0s] WriteText Library/Bee/artifacts/StandaloneWindows64_CodeGen/Unity.Collections.CodeGen.dll.mvfrm.rsp
[ 315/1025  0s] WriteText Library/Bee/artifacts/1900b0aP.dag/Unity.InputSystem.rsp
[ 316/1025  0s] WriteText Library/Bee/artifacts/StandaloneWindows64_CodeGen/Unity.Collections.CodeGen.rsp
[ 317/1025  0s] WriteText Library/Bee/artifacts/1900b0aP.dag/Unity.Services.Core.Internal.rsp
[ 318/1025  0s] WriteText Library/Bee/artifacts/1900b0aP.dag/Unity.RenderPipelines.Core.Runtime.dll.mvfrm.rsp
[ 319/1025  0s] WriteText Library/Bee/artifacts/1900b0aP.dag/Unity.UnifiedRayTracing.Runtime.rsp2
[ 320/1025  0s] WriteText Library/Bee/artifacts/1900b0aP.dag/Unity.PathTracing.Runtime.UnityAdditionalFile.txt
[ 321/1025  0s] WriteText Library/Bee/artifacts/1900b0aP.dag/Unity.UnifiedRayTracing.Runtime.dll.mvfrm.rsp
[ 322/1025  0s] WriteText Library/Bee/artifacts/1900b0aP.dag/Unity.PathTracing.Runtime.rsp2
[ 323/1025  0s] WriteText Library/Bee/artifacts/1900b0aP.dag/Unity.Services.Core.Internal.dll.mvfrm.rsp
[ 324/1025  0s] WriteText Library/Bee/artifacts/1900b0aP.dag/Unity.RenderPipelines.Core.Runtime.rsp
[ 325/1025  0s] WriteText Library/Bee/artifacts/1900b0aP.dag/Unity.InternalAPIEngineBridge.RenderPipelines.Core.Runtime.Shared.rsp2
[ 326/1025  0s] WriteText Library/Bee/artifacts/1900b0aP.dag/Unity.UnifiedRayTracing.Runtime.UnityAdditionalFile.txt
[ 327/1025  0s] WriteText Library/Bee/artifacts/1900b0aP.dag/Unity.UnifiedRayTracing.Runtime.rsp
[ 328/1025  0s] WriteText Library/Bee/artifacts/1900b0aP.dag/Unity.InternalAPIEngineBridge.RenderPipelines.Core.Runtime.Shared.UnityAdditionalFile.txt
[ 329/1025  0s] WriteText Library/Bee/artifacts/1900b0aP.dag/Unity.PathTracing.Runtime.rsp
[ 330/1025  0s] WriteText Library/Bee/artifacts/1900b0aP.dag/Purchasing.Common.UnityAdditionalFile.txt
[ 331/1025  0s] WriteText Library/Bee/artifacts/1900b0aP.dag/Unity.PathTracing.Runtime.dll.mvfrm.rsp
[ 332/1025  0s] WriteText Library/Bee/artifacts/1900b0aP.dag/Purchasing.Common.rsp2
[           0s] Csc Library/Bee/artifacts/1900b0aP.dag/UnityEngine.UI.dll (+2 others) [CacheMiss 3414afe78920716a3a69f42aea7924a700000000000000000000000000000006]
[ 333/1025  0s] WriteText Library/Bee/artifacts/1900b0aP.dag/Unity.Services.Core.Environments.rsp2
[ 334/1025  0s] WriteText Library/Bee/artifacts/1900b0aP.dag/Unity.InternalAPIEngineBridge.RenderPipelines.Core.Runtime.Shared.dll.mvfrm.rsp
[ 335/1025  0s] WriteText Library/Bee/artifacts/1900b0aP.dag/Unity.Services.Core.Environments.UnityAdditionalFile.txt
[ 336/1025  0s] WriteText Library/Bee/artifacts/1900b0aP.dag/Unity.InternalAPIEngineBridge.RenderPipelines.Core.Runtime.Shared.rsp
[ 337/1025  0s] WriteText Library/Bee/artifacts/1900b0aP.dag/Unity.RenderPipeline.Universal.ShaderLibrary.UnityAdditionalFile.txt
[ 338/1025  0s] WriteText Library/Bee/artifacts/1900b0aP.dag/Unity.SurfaceCache.Runtime.UnityAdditionalFile.txt
[ 339/1025  0s] WriteText Library/Bee/artifacts/1900b0aP.dag/Unity.RenderPipeline.Universal.ShaderLibrary.rsp2
[ 340/1025  0s] WriteText Library/Bee/artifacts/1900b0aP.dag/Unity.RenderPipelines.Universal.Config.Runtime.rsp2
[ 341/1025  0s] WriteText Library/Bee/artifacts/1900b0aP.dag/Purchasing.Common.dll.mvfrm.rsp
[ 342/1025  0s] WriteText Library/Bee/artifacts/1900b0aP.dag/Unity.RenderPipelines.GPUDriven.Runtime.rsp2
[ 343/1025  0s] WriteText Library/Bee/artifacts/1900b0aP.dag/Unity.RenderPipelines.Core.Runtime.Shared.rsp2
[ 344/1025  0s] WriteText Library/Bee/artifacts/1900b0aP.dag/Unity.RenderPipelines.Universal.Config.Runtime.UnityAdditionalFile.txt
[ 345/1025  0s] WriteResponseFile Library/Bee/artifacts/rsp/4747638433968585886.rsp
[ 346/1025  0s] WriteText Library/Bee/artifacts/1900b0aP.dag/Unity.RenderPipelines.Core.Runtime.Shared.UnityAdditionalFile.txt
[ 347/1025  0s] WriteText Library/Bee/artifacts/1900b0aP.dag/Unity.RenderPipelines.GPUDriven.Runtime.UnityAdditionalFile.txt
[ 348/1025  0s] WriteText Library/Bee/artifacts/1900b0aP.dag/Unity.SurfaceCache.Runtime.rsp2
[ 349/1025  0s] WriteText Library/Bee/artifacts/1900b0aP.dag/Purchasing.Common.rsp
[ 350/1025  0s] WriteText Library/Bee/artifacts/1900b0aP.dag/UnityEngine.Purchasing.SecurityCore.UnityAdditionalFile.txt
[ 351/1025  0s] WriteText Library/Bee/artifacts/1900b0aP.dag/UnityEngine.Purchasing.AppleCore.UnityAdditionalFile.txt
[ 352/1025  0s] WriteText Library/Bee/artifacts/1900b0aP.dag/UnityEngine.Purchasing.AppleCore.rsp2
[ 353/1025  0s] WriteText Library/Bee/artifacts/1900b0aP.dag/UnityEngine.Purchasing.SecurityCore.rsp2
[ 354/1025  0s] WriteText Library/Bee/artifacts/1900b0aP.dag/Unity.Services.Analytics.UnityAdditionalFile.txt
[ 355/1025  0s] WriteText Library/Bee/artifacts/1900b0aP.dag/Unity.RenderPipeline.Universal.ShaderLibrary.dll.mvfrm.rsp
[ 356/1025  0s] WriteText Library/Bee/artifacts/1900b0aP.dag/Unity.Services.Analytics.rsp2
[ 357/1025  0s] WriteText Library/Bee/artifacts/1900b0aP.dag/Unity.RenderPipeline.Universal.ShaderLibrary.rsp
[ 358/1025  0s] WriteText Library/Bee/artifacts/1900b0aP.dag/Unity.RenderPipelines.Core.Runtime.Shared.dll.mvfrm.rsp
[ 359/1025  0s] WriteText Library/Bee/artifacts/1900b0aP.dag/Unity.Services.Core.Environments.dll.mvfrm.rsp
[ 360/1025  0s] WriteText Library/Bee/artifacts/1900b0aP.dag/Unity.RenderPipelines.GPUDriven.Runtime.dll.mvfrm.rsp
[ 361/1025  0s] WriteText Library/Bee/artifacts/1900b0aP.dag/Unity.SurfaceCache.Runtime.dll.mvfrm.rsp
[ 362/1025  0s] WriteText Library/Bee/artifacts/1900b0aP.dag/Unity.SurfaceCache.Runtime.rsp
[ 363/1025  0s] WriteText Library/Bee/artifacts/1900b0aP.dag/Unity.RenderPipelines.Universal.Config.Runtime.dll.mvfrm.rsp
[ 364/1025  0s] WriteText Library/Bee/artifacts/1900b0aP.dag/Unity.Services.Core.Environments.rsp
[ 365/1025  0s] WriteText Library/Bee/artifacts/1900b0aP.dag/UnityEngine.Purchasing.WinRTCore.rsp2
[ 366/1025  0s] WriteText Library/Bee/artifacts/1900b0aP.dag/Unity.RenderPipelines.Core.Runtime.Shared.rsp
[ 367/1025  0s] WriteText Library/Bee/artifacts/1900b0aP.dag/Unity.RenderPipelines.GPUDriven.Runtime.rsp
[ 368/1025  0s] WriteText Library/Bee/artifacts/1900b0aP.dag/Unity.RenderPipelines.Universal.Config.Runtime.rsp
[ 369/1025  0s] WriteText Library/Bee/artifacts/1900b0aP.dag/UnityEngine.Purchasing.WinRTCore.UnityAdditionalFile.txt
[ 370/1025  0s] WriteText Library/Bee/artifacts/1900b0aP.dag/Unity.2D.Common.Runtime.UnityAdditionalFile.txt
[ 371/1025  0s] WriteText Library/Bee/artifacts/1900b0aP.dag/Unity.2D.Common.Runtime.rsp2
[ 372/1025  0s] WriteText Library/Bee/artifacts/1900b0aP.dag/Unity.InternalAPIEngineBridge.001.UnityAdditionalFile.txt
[ 373/1025  0s] WriteText Library/Bee/artifacts/1900b0aP.dag/Unity.VisualScripting.Core.rsp2
[ 374/1025  0s] WriteText Library/Bee/artifacts/1900b0aP.dag/Unity.InternalAPIEngineBridge.001.rsp2
[ 375/1025  0s] WriteText Library/Bee/artifacts/1900b0aP.dag/UnityEngine.Purchasing.SecurityCore.dll.mvfrm.rsp
[ 376/1025  0s] WriteText Library/Bee/artifacts/1900b0aP.dag/Unity.Services.Analytics.dll.mvfrm.rsp
[ 377/1025  0s] WriteText Library/Bee/artifacts/1900b0aP.dag/UnityEngine.Purchasing.AppleCore.dll.mvfrm.rsp
[ 378/1025  0s] WriteText Library/Bee/artifacts/1900b0aP.dag/Unity.VisualScripting.Core.UnityAdditionalFile.txt
[ 379/1025  0s] WriteText Library/Bee/artifacts/1900b0aP.dag/Unity.Services.Analytics.rsp
[ 380/1025  0s] WriteText Library/Bee/artifacts/1900b0aP.dag/UnityEngine.Purchasing.SecurityCore.rsp
[ 381/1025  0s] WriteText Library/Bee/artifacts/1900b0aP.dag/Unity.RenderPipelines.Universal.Runtime.UnityAdditionalFile.txt
[ 382/1025  0s] WriteText Library/Bee/artifacts/1900b0aP.dag/UnityEngine.Purchasing.WinRTCore.dll.mvfrm.rsp
[ 383/1025  0s] WriteText Library/Bee/artifacts/1900b0aP.dag/Unity.RenderPipelines.Universal.Runtime.rsp2
[ 384/1025  0s] WriteText Library/Bee/artifacts/1900b0aP.dag/UnityEngine.Purchasing.WinRTCore.rsp
[ 385/1025  0s] WriteText Library/Bee/artifacts/1900b0aP.dag/UnityEngine.Purchasing.AppleCore.rsp
[ 386/1025  0s] WriteText Library/Bee/artifacts/1900b0aP.dag/Unity.2D.Common.Runtime.dll.mvfrm.rsp
[ 387/1025  0s] WriteText Library/Bee/artifacts/1900b0aP.dag/UnityEngine.Purchasing.UnityAdditionalFile.txt
[ 388/1025  0s] WriteText Library/Bee/artifacts/1900b0aP.dag/Unity.VisualScripting.Core.dll.mvfrm.rsp
[ 389/1025  0s] WriteText Library/Bee/artifacts/1900b0aP.dag/Unity.InternalAPIEngineBridge.001.rsp
[ 390/1025  0s] WriteText Library/Bee/artifacts/1900b0aP.dag/UnityEngine.Purchasing.rsp2
[ 391/1025  0s] WriteText Library/Bee/artifacts/1900b0aP.dag/UnityEngine.Purchasing.SecurityStub.UnityAdditionalFile.txt
[ 392/1025  0s] WriteText Library/Bee/artifacts/1900b0aP.dag/Unity.VisualScripting.Core.rsp
[ 393/1025  0s] WriteText Library/Bee/artifacts/1900b0aP.dag/Unity.RenderPipelines.Universal.Runtime.dll.mvfrm.rsp
[ 394/1025  0s] WriteText Library/Bee/artifacts/1900b0aP.dag/UnityEngine.Purchasing.SecurityStub.rsp2
[ 395/1025  0s] WriteText Library/Bee/artifacts/1900b0aP.dag/Unity.RenderPipelines.Universal.Runtime.rsp
[ 396/1025  0s] WriteText Library/Bee/artifacts/1900b0aP.dag/Unity.InternalAPIEngineBridge.001.dll.mvfrm.rsp
[ 397/1025  0s] WriteText Library/Bee/artifacts/1900b0aP.dag/UnityEngine.Purchasing.WinRTStub.UnityAdditionalFile.txt
[ 398/1025  0s] WriteText Library/Bee/artifacts/1900b0aP.dag/UnityEngine.Purchasing.dll.mvfrm.rsp
[ 399/1025  0s] WriteText Library/Bee/artifacts/1900b0aP.dag/Unity.2D.Common.Runtime.rsp
[ 400/1025  0s] WriteText Library/Bee/artifacts/1900b0aP.dag/UnityEngine.Purchasing.WinRTStub.rsp2
[ 401/1025  0s] WriteText Library/Bee/artifacts/1900b0aP.dag/UnityEngine.Purchasing.AppleStub.UnityAdditionalFile.txt
[ 402/1025  0s] WriteText Library/Bee/artifacts/1900b0aP.dag/UnityEngine.Purchasing.AppleMacosStub.rsp2
[ 403/1025  0s] WriteText Library/Bee/artifacts/1900b0aP.dag/UnityEngine.Purchasing.AppleStub.rsp2
[ 404/1025  0s] WriteText Library/Bee/artifacts/1900b0aP.dag/UnityEngine.Purchasing.AppleMacosStub.UnityAdditionalFile.txt
[ 405/1025  0s] WriteText Library/Bee/artifacts/1900b0aP.dag/UnityEngine.Purchasing.SecurityStub.dll.mvfrm.rsp
[ 406/1025  0s] WriteText Library/Bee/artifacts/1900b0aP.dag/UnityEngine.Purchasing.AppleStub.dll.mvfrm.rsp
[ 407/1025  0s] WriteText Library/Bee/artifacts/1900b0aP.dag/UnityEngine.Purchasing.AppleMacosStub.dll.mvfrm.rsp
[ 408/1025  0s] WriteText Library/Bee/artifacts/1900b0aP.dag/UnityEngine.Purchasing.SecurityStub.rsp
[ 409/1025  0s] WriteText Library/Bee/artifacts/1900b0aP.dag/UnityEngine.Purchasing.rsp
[ 410/1025  0s] WriteText Library/Bee/artifacts/1900b0aP.dag/UnityEngine.Purchasing.WinRTStub.dll.mvfrm.rsp
[ 411/1025  0s] WriteText Library/Bee/artifacts/1900b0aP.dag/UnityEngine.Purchasing.AppleStub.rsp
[ 412/1025  0s] WriteText Library/Bee/artifacts/1900b0aP.dag/UnityEngine.Purchasing.WinRTStub.rsp
[ 413/1025  0s] WriteText Library/Bee/artifacts/1900b0aP.dag/Unity.2D.Animation.Runtime.UnityAdditionalFile.txt
[ 414/1025  0s] WriteText Library/Bee/artifacts/1900b0aP.dag/Unity.2D.SpriteShape.Runtime.UnityAdditionalFile.txt
[ 415/1025  0s] WriteText Library/Bee/artifacts/1900b0aP.dag/Unity.2D.Animation.Runtime.rsp2
[ 416/1025  0s] WriteText Library/Bee/artifacts/1900b0aP.dag/UnityEngine.Purchasing.AppleMacosStub.rsp
[ 417/1025  0s] WriteText Library/Bee/artifacts/1900b0aP.dag/UnityEngine.SpatialTracking.rsp2
[ 418/1025  0s] WriteText Library/Bee/artifacts/1900b0aP.dag/Unity.VisualScripting.Flow.rsp2
[ 419/1025  0s] WriteText Library/Bee/artifacts/1900b0aP.dag/UnityEngine.Purchasing.Stores.UnityAdditionalFile.txt
[ 420/1025  0s] WriteText Library/Bee/artifacts/1900b0aP.dag/Unity.VisualScripting.Flow.UnityAdditionalFile.txt
[ 421/1025  0s] WriteText Library/Bee/artifacts/1900b0aP.dag/UnityEngine.SpatialTracking.UnityAdditionalFile.txt
[ 422/1025  0s] WriteText Library/Bee/artifacts/1900b0aP.dag/Unity.InternalAPIEngineBridge.004.rsp2
[ 423/1025  0s] WriteText Library/Bee/artifacts/1900b0aP.dag/UnityEngine.Purchasing.Stores.rsp2
[ 424/1025  0s] WriteText Library/Bee/artifacts/1900b0aP.dag/Unity.InternalAPIEngineBridge.004.UnityAdditionalFile.txt
[ 425/1025  0s] WriteText Library/Bee/artifacts/1900b0aP.dag/Unity.2D.SpriteShape.Runtime.rsp2
[ 426/1025  0s] WriteText Library/Bee/artifacts/1900b0aP.dag/Unity.VisualScripting.Flow.rsp
[ 427/1025  0s] WriteText Library/Bee/artifacts/1900b0aP.dag/Unity.VisualScripting.Flow.dll.mvfrm.rsp
[ 428/1025  0s] WriteText Library/Bee/artifacts/1900b0aP.dag/Unity.2D.Animation.Runtime.dll.mvfrm.rsp
[ 429/1025  0s] WriteText Library/Bee/artifacts/1900b0aP.dag/Unity.2D.Animation.Runtime.rsp
[ 430/1025  0s] WriteText Library/Bee/artifacts/1900b0aP.dag/Unity.InternalAPIEngineBridge.004.dll.mvfrm.rsp
[ 431/1025  0s] WriteText Library/Bee/artifacts/1900b0aP.dag/Unity.2D.SpriteShape.Runtime.dll.mvfrm.rsp
[ 432/1025  0s] WriteText Library/Bee/artifacts/1900b0aP.dag/UnityEngine.Purchasing.Stores.dll.mvfrm.rsp
[ 433/1025  0s] WriteText Library/Bee/artifacts/1900b0aP.dag/UnityEngine.SpatialTracking.dll.mvfrm.rsp
[ 434/1025  0s] WriteText Library/Bee/artifacts/1900b0aP.dag/UnityEngine.Purchasing.Stores.rsp
[ 435/1025  0s] WriteText Library/Bee/artifacts/1900b0aP.dag/Unity.Services.Core.Threading.rsp2
[ 436/1025  0s] WriteText Library/Bee/artifacts/1900b0aP.dag/UnityEngine.SpatialTracking.rsp
[ 437/1025  0s] WriteText Library/Bee/artifacts/1900b0aP.dag/Unity.2D.IK.Runtime.UnityAdditionalFile.txt
[ 438/1025  0s] WriteText Library/Bee/artifacts/1900b0aP.dag/Unity.InternalAPIEngineBridge.004.rsp
[ 439/1025  0s] WriteText Library/Bee/artifacts/1900b0aP.dag/Unity.Services.Core.Analytics.rsp2
[ 440/1025  0s] WriteText Library/Bee/artifacts/1900b0aP.dag/Unity.2D.SpriteShape.Runtime.rsp
[ 441/1025  0s] WriteText Library/Bee/artifacts/1900b0aP.dag/Unity.Services.Core.Components.UnityAdditionalFile.txt
[ 442/1025  0s] WriteText Library/Bee/artifacts/1900b0aP.dag/Unity.TextMeshPro.rsp2
[ 443/1025  0s] WriteText Library/Bee/artifacts/1900b0aP.dag/Unity.Timeline.rsp2
[ 444/1025  0s] WriteText Library/Bee/artifacts/1900b0aP.dag/Unity.Timeline.UnityAdditionalFile.txt
[ 445/1025  0s] WriteText Library/Bee/artifacts/1900b0aP.dag/Unity.2D.IK.Runtime.rsp2
[ 446/1025  0s] WriteText Library/Bee/artifacts/1900b0aP.dag/Unity.VisualScripting.State.UnityAdditionalFile.txt
[ 447/1025  0s] WriteText Library/Bee/artifacts/1900b0aP.dag/Unity.2D.Tilemap.Extras.UnityAdditionalFile.txt
[ 448/1025  0s] WriteText Library/Bee/artifacts/1900b0aP.dag/Unity.2D.Tilemap.Extras.rsp2
[ 449/1025  0s] WriteText Library/Bee/artifacts/1900b0aP.dag/Unity.TextMeshPro.UnityAdditionalFile.txt
[ 450/1025  0s] WriteText Library/Bee/artifacts/1900b0aP.dag/Unity.VisualScripting.State.rsp2
[ 451/1025  0s] WriteText Library/Bee/artifacts/1900b0aP.dag/Unity.AI.Navigation.UnityAdditionalFile.txt
[ 452/1025  0s] WriteText Library/Bee/artifacts/1900b0aP.dag/Unity.AI.Navigation.rsp2
[ 453/1025  0s] WriteText Library/Bee/artifacts/1900b0aP.dag/UnityEngine.Purchasing.Codeless.UnityAdditionalFile.txt
[ 454/1025  0s] WriteText Library/Bee/artifacts/1900b0aP.dag/Unity.Analytics.DataPrivacy.UnityAdditionalFile.txt
[ 455/1025  0s] WriteText Library/Bee/artifacts/1900b0aP.dag/UnityEngine.Purchasing.Codeless.rsp2
[ 456/1025  0s] WriteText Library/Bee/artifacts/1900b0aP.dag/UnityEngine.XR.LegacyInputHelpers.UnityAdditionalFile.txt
[ 457/1025  0s] WriteText Library/Bee/artifacts/1900b0aP.dag/Unity.Services.Core.Components.rsp2
[ 458/1025  0s] WriteText Library/Bee/artifacts/1900b0aP.dag/Unity.Services.Core.Threading.UnityAdditionalFile.txt
[ 459/1025  0s] WriteText Library/Bee/artifacts/1900b0aP.dag/UnityEngine.XR.LegacyInputHelpers.rsp2
[ 460/1025  0s] WriteText Library/Bee/artifacts/1900b0aP.dag/Unity.Services.Core.Telemetry.rsp2
[ 461/1025  0s] WriteText Library/Bee/artifacts/1900b0aP.dag/Unity.Services.Core.Telemetry.UnityAdditionalFile.txt
[ 462/1025  0s] WriteText Library/Bee/artifacts/1900b0aP.dag/Unity.Services.Core.Scheduler.rsp2
[ 463/1025  0s] WriteText Library/Bee/artifacts/1900b0aP.dag/Unity.Services.Core.Environments.Internal.rsp2
[ 464/1025  0s] WriteText Library/Bee/artifacts/1900b0aP.dag/Unity.Services.Core.Scheduler.UnityAdditionalFile.txt
[ 465/1025  0s] WriteText Library/Bee/artifacts/1900b0aP.dag/Unity.Services.Core.Environments.Internal.UnityAdditionalFile.txt
[ 466/1025  0s] WriteText Library/Bee/artifacts/1900b0aP.dag/Unity.Services.Core.Device.UnityAdditionalFile.txt
[ 467/1025  0s] WriteText Library/Bee/artifacts/1900b0aP.dag/Unity.Services.Core.Device.rsp2
[ 468/1025  0s] WriteText Library/Bee/artifacts/1900b0aP.dag/Unity.Services.Core.Configuration.rsp2
[ 469/1025  0s] WriteText Library/Bee/artifacts/1900b0aP.dag/Unity.InputSystem.ForUI.UnityAdditionalFile.txt
[ 470/1025  0s] WriteText Library/Bee/artifacts/1900b0aP.dag/Unity.Services.Core.Configuration.UnityAdditionalFile.txt
[ 471/1025  0s] WriteText Library/Bee/artifacts/1900b0aP.dag/Unity.Analytics.DataPrivacy.rsp2
[ 472/1025  0s] WriteText Library/Bee/artifacts/1900b0aP.dag/Unity.RenderPipelines.ShaderGraph.ShaderGraphLibrary.rsp2
[ 473/1025  0s] WriteText Library/Bee/artifacts/1900b0aP.dag/Unity.Multiplayer.Center.Common.rsp2
[ 474/1025  0s] WriteText Library/Bee/artifacts/1900b0aP.dag/Unity.InputSystem.ForUI.rsp2
[ 475/1025  0s] WriteText Library/Bee/artifacts/1900b0aP.dag/Unity.Multiplayer.Center.Common.UnityAdditionalFile.txt
[ 476/1025  0s] WriteText Library/Bee/artifacts/1900b0aP.dag/Unity.RenderPipelines.ShaderGraph.ShaderGraphLibrary.UnityAdditionalFile.txt
[ 477/1025  0s] WriteText Library/Bee/artifacts/1900b0aP.dag/Unity.RenderPipelines.Core.ShaderLibrary.rsp2
[ 478/1025  0s] WriteText Library/Bee/artifacts/1900b0aP.dag/Unity.RenderPipelines.Universal.2D.Runtime.UnityAdditionalFile.txt
[ 479/1025  0s] WriteText Library/Bee/artifacts/1900b0aP.dag/Unity.RenderPipelines.Universal.Shaders.rsp2
[ 480/1025  0s] WriteText Library/Bee/artifacts/1900b0aP.dag/Unity.RenderPipelines.Universal.Shaders.UnityAdditionalFile.txt
[ 481/1025  0s] WriteText Library/Bee/artifacts/1900b0aP.dag/Unity.RenderPipelines.Universal.2D.Runtime.rsp2
[ 482/1025  0s] WriteText Library/Bee/artifacts/1900b0aP.dag/Unity.Services.Core.Analytics.UnityAdditionalFile.txt
[ 483/1025  0s] WriteText Library/Bee/artifacts/1900b0aP.dag/Unity.RenderPipelines.Core.ShaderLibrary.UnityAdditionalFile.txt
[ 484/1025  0s] WriteText Library/Bee/artifacts/1900b0aP.dag/Unity.2D.Tilemap.Extras.dll.mvfrm.rsp
[ 485/1025  0s] WriteText Library/Bee/artifacts/1900b0aP.dag/Unity.Services.Core.Scheduler.dll.mvfrm.rsp
[ 486/1025  0s] WriteText Library/Bee/artifacts/1900b0aP.dag/Unity.VisualScripting.State.dll.mvfrm.rsp
[ 487/1025  0s] WriteText Library/Bee/artifacts/1900b0aP.dag/Unity.Services.Core.Components.dll.mvfrm.rsp
[ 488/1025  0s] WriteText Library/Bee/artifacts/1900b0aP.dag/Unity.Services.Core.Telemetry.dll.mvfrm.rsp
[ 489/1025  0s] WriteText Library/Bee/artifacts/1900b0aP.dag/Unity.2D.IK.Runtime.dll.mvfrm.rsp
[ 490/1025  0s] WriteText Library/Bee/artifacts/1900b0aP.dag/Unity.RenderPipelines.Core.ShaderLibrary.dll.mvfrm.rsp
[ 491/1025  0s] WriteText Library/Bee/artifacts/1900b0aP.dag/Unity.Multiplayer.Center.Common.dll.mvfrm.rsp
[ 492/1025  0s] WriteText Library/Bee/artifacts/1900b0aP.dag/Unity.InputSystem.ForUI.dll.mvfrm.rsp
[ 493/1025  0s] WriteText Library/Bee/artifacts/1900b0aP.dag/Unity.AI.Navigation.dll.mvfrm.rsp
[ 494/1025  0s] WriteText Library/Bee/artifacts/1900b0aP.dag/Unity.Analytics.DataPrivacy.dll.mvfrm.rsp
[ 495/1025  0s] WriteText Library/Bee/artifacts/1900b0aP.dag/Unity.Services.Core.Threading.dll.mvfrm.rsp
[ 496/1025  0s] WriteText Library/Bee/artifacts/1900b0aP.dag/Unity.Services.Core.Configuration.dll.mvfrm.rsp
[ 497/1025  0s] WriteText Library/Bee/artifacts/1900b0aP.dag/UnityEngine.Purchasing.Codeless.dll.mvfrm.rsp
[ 498/1025  0s] WriteText Library/Bee/artifacts/1900b0aP.dag/Unity.RenderPipelines.Universal.Shaders.dll.mvfrm.rsp
[ 499/1025  0s] WriteText Library/Bee/artifacts/1900b0aP.dag/Unity.Services.Core.Device.dll.mvfrm.rsp
[ 500/1025  0s] WriteText Library/Bee/artifacts/1900b0aP.dag/Unity.Services.Core.Environments.Internal.dll.mvfrm.rsp
[ 501/1025  0s] WriteText Library/Bee/artifacts/1900b0aP.dag/Unity.TextMeshPro.dll.mvfrm.rsp
[ 502/1025  0s] WriteText Library/Bee/artifacts/1900b0aP.dag/Unity.Services.Core.Analytics.dll.mvfrm.rsp
[ 503/1025  0s] WriteText Library/Bee/artifacts/1900b0aP.dag/Unity.RenderPipelines.ShaderGraph.ShaderGraphLibrary.dll.mvfrm.rsp
[ 504/1025  0s] WriteText Library/Bee/artifacts/1900b0aP.dag/Unity.Timeline.dll.mvfrm.rsp
[ 505/1025  0s] WriteText Library/Bee/artifacts/1900b0aP.dag/UnityEngine.XR.LegacyInputHelpers.dll.mvfrm.rsp
[ 506/1025  0s] WriteText Library/Bee/artifacts/1900b0aP.dag/Unity.Timeline.rsp
[ 507/1025  0s] WriteText Library/Bee/artifacts/1900b0aP.dag/Unity.VisualScripting.State.rsp
[ 508/1025  0s] WriteText Library/Bee/artifacts/1900b0aP.dag/Unity.RenderPipelines.Universal.2D.Runtime.dll.mvfrm.rsp
[ 509/1025  0s] WriteText Library/Bee/artifacts/1900b0aP.dag/Unity.Services.Core.Scheduler.rsp
[ 510/1025  0s] WriteText Library/Bee/artifacts/1900b0aP.dag/Unity.Analytics.DataPrivacy.rsp
[ 511/1025  0s] WriteText Library/Bee/artifacts/1900b0aP.dag/Unity.Multiplayer.Center.Common.rsp
[ 512/1025  0s] WriteText Library/Bee/artifacts/1900b0aP.dag/Unity.2D.Tilemap.Extras.rsp
[ 513/1025  0s] WriteText Library/Bee/artifacts/1900b0aP.dag/Unity.AI.Navigation.rsp
[ 514/1025  0s] WriteText Library/Bee/artifacts/1900b0aP.dag/Unity.RenderPipelines.Core.ShaderLibrary.rsp
[ 515/1025  0s] WriteText Library/Bee/artifacts/1900b0aP.dag/Unity.TextMeshPro.rsp
[ 516/1025  0s] WriteText Library/Bee/artifacts/1900b0aP.dag/Unity.RenderPipelines.Universal.Shaders.rsp
[ 517/1025  0s] WriteText Library/Bee/artifacts/1900b0aP.dag/Unity.Services.Core.Analytics.rsp
[ 518/1025  0s] WriteText Library/Bee/artifacts/1900b0aP.dag/UnityEngine.Purchasing.Codeless.rsp
[ 519/1025  0s] WriteText Library/Bee/artifacts/1900b0aP.dag/Unity.2D.IK.Runtime.rsp
[ 520/1025  0s] WriteText Library/Bee/artifacts/1900b0aP.dag/Unity.Services.Core.Components.rsp
[ 521/1025  0s] WriteText Library/Bee/artifacts/1900b0aP.dag/Unity.Services.Core.Telemetry.rsp
[ 522/1025  0s] WriteText Library/Bee/artifacts/1900b0aP.dag/Unity.Services.Core.Environments.Internal.rsp
[ 523/1025  0s] WriteText Library/Bee/artifacts/1900b0aP.dag/Unity.RenderPipelines.ShaderGraph.ShaderGraphLibrary.rsp
[ 524/1025  0s] WriteText Library/Bee/artifacts/1900b0aP.dag/Unity.Services.Core.Configuration.rsp
[ 525/1025  0s] WriteText Library/Bee/artifacts/1900b0aP.dag/Unity.Services.Core.Device.rsp
[ 526/1025  0s] WriteText Library/Bee/artifacts/1900b0aP.dag/Unity.InputSystem.ForUI.rsp
[ 527/1025  0s] WriteText Library/Bee/artifacts/1900b0aP.dag/labstreaminglayer.LSL4Unity.Runtime.rsp2
[ 528/1025  0s] WriteText Library/Bee/artifacts/1900b0aP.dag/Unity.Services.Core.Registration.dll.mvfrm.rsp
[ 529/1025  0s] WriteText Library/Bee/artifacts/1900b0aP.dag/Unity.VisualScripting.DocCodeExamples.dll.mvfrm.rsp
[ 530/1025  0s] WriteText Library/Bee/artifacts/1900b0aP.dag/labstreaminglayer.LSL4Unity.Runtime.rsp
[ 531/1025  0s] WriteText Library/Bee/artifacts/1900b0aP.dag/labstreaminglayer.LSL4Unity.Runtime.UnityAdditionalFile.txt
[ 532/1025  0s] WriteText Library/Bee/artifacts/1900b0aP.dag/labstreaminglayer.LSL4Unity.Runtime.dll.mvfrm.rsp
[ 533/1025  0s] WriteText Library/Bee/artifacts/1900b0aP.dag/Unity.RenderPipelines.Universal.2D.Runtime.rsp
[ 534/1025  0s] WriteText Library/Bee/artifacts/1900b0aP.dag/Unity.Services.Core.Threading.rsp
[ 535/1025  0s] WriteText Library/Bee/artifacts/1900b0aP.dag/Unity.Services.Core.Registration.UnityAdditionalFile.txt
[ 536/1025  0s] WriteText Library/Bee/artifacts/1900b0aP.dag/Unity.Services.Core.Networking.dll.mvfrm.rsp
[ 537/1025  0s] WriteText Library/Bee/artifacts/1900b0aP.dag/Unity.VisualScripting.DocCodeExamples.UnityAdditionalFile.txt
[ 538/1025  0s] WriteText Library/Bee/artifacts/1900b0aP.dag/Assembly-CSharp.UnityAdditionalFile.txt
[ 539/1025  0s] WriteText Library/Bee/artifacts/1900b0aP.dag/Unity.Services.Core.Registration.rsp2
[ 540/1025  0s] WriteText Library/Bee/artifacts/1900b0aP.dag/Assembly-CSharp.rsp2
[ 541/1025  0s] WriteText Library/Bee/artifacts/1900b0aP.dag/Unity.Services.Core.Networking.rsp2
[ 542/1025  0s] WriteText Library/Bee/artifacts/1900b0aP.dag/Unity.VisualScripting.DocCodeExamples.rsp2
[ 543/1025  0s] WriteText Library/Bee/artifacts/1900b0aP.dag/Assembly-CSharp.rsp
[ 544/1025  0s] WriteText Library/Bee/artifacts/1900b0aP.dag/Unity.Services.Core.Networking.rsp
[ 545/1025  0s] WriteText Library/Bee/artifacts/1900b0aP.dag/Unity.VisualScripting.DocCodeExamples.rsp
[ 546/1025  0s] WriteText Library/Bee/artifacts/1900b0aP.dag/Assembly-CSharp.dll.mvfrm.rsp
[ 547/1025  0s] WriteText Library/Bee/artifacts/1900b0aP.dag/UnityEngine.XR.LegacyInputHelpers.rsp
[ 548/1025  0s] WriteText Library/Bee/artifacts/1900b0aP.dag/Unity.Services.Core.Networking.UnityAdditionalFile.txt
[ 549/1025  0s] WriteText Library/Bee/artifacts/1900b0aP.dag/Unity.Services.Core.Registration.rsp
[ 550/1025  0s] WriteResponseFile Library/Bee/artifacts/rsp/8783353764130900850.rsp
[ 551/1025  0s] WriteResponseFile Library/Bee/artifacts/rsp/17568425537918249482.rsp
[ 552/1025  0s] WriteResponseFile Library/Bee/artifacts/rsp/17015818179378736576.rsp
[ 553/1025  0s] WriteResponseFile Library/Bee/artifacts/rsp/8411590125256442228.rsp
[ 554/1025  0s] WriteResponseFile Library/Bee/artifacts/rsp/14575830388576516656.rsp
[ 555/1025  0s] WriteResponseFile Library/Bee/artifacts/rsp/10164775347857637021.rsp
[ 556/1025  0s] WriteResponseFile Library/Bee/artifacts/rsp/9086351026866434582.rsp
[ 557/1025  0s] WriteResponseFile Library/Bee/artifacts/rsp/8583100661859349468.rsp
[ 558/1025  0s] WriteResponseFile Library/Bee/artifacts/rsp/16165950076103467137.rsp
[ 559/1025  0s] WriteResponseFile Library/Bee/artifacts/rsp/8756009496984595229.rsp
[ 560/1025  0s] WriteResponseFile Library/Bee/artifacts/rsp/15438139644301179911.rsp
[ 561/1025  0s] WriteResponseFile Library/Bee/artifacts/rsp/12777052554256862767.rsp
[ 562/1025  0s] WriteResponseFile Library/Bee/artifacts/rsp/11564258173010278403.rsp
[ 563/1025  0s] WriteResponseFile Library/Bee/artifacts/rsp/11936021811884737025.rsp
[ 564/1025  0s] WriteResponseFile Library/Bee/artifacts/rsp/17082924578689188940.rsp
[ 565/1025  0s] WriteResponseFile Library/Bee/artifacts/rsp/8777404427811830579.rsp
[ 566/1025  0s] WriteResponseFile Library/Bee/artifacts/rsp/8031029260432620717.rsp
[ 567/1025  0s] WriteResponseFile Library/Bee/artifacts/rsp/7062198728143706876.rsp
[ 568/1025  0s] WriteResponseFile Library/Bee/artifacts/rsp/10447189825581068250.rsp
[ 569/1025  0s] WriteResponseFile Library/Bee/artifacts/rsp/13493091737787120320.rsp
[ 570/1025  0s] WriteResponseFile Library/Bee/artifacts/rsp/17989673588231666562.rsp
[ 571/1025  0s] WriteResponseFile Library/Bee/artifacts/rsp/11269469109637777866.rsp
[ 572/1025  0s] WriteResponseFile Library/Bee/artifacts/rsp/9876001210863952774.rsp
[ 573/1025  0s] WriteResponseFile Library/Bee/artifacts/rsp/17985891222882889856.rsp
[ 574/1025  0s] WriteResponseFile Library/Bee/artifacts/rsp/5583847101682626967.rsp
[ 575/1025  0s] WriteResponseFile Library/Bee/artifacts/rsp/18439881957008746365.rsp
[ 576/1025  0s] WriteResponseFile Library/Bee/artifacts/rsp/4867299159961127211.rsp
[ 577/1025  0s] WriteResponseFile Library/Bee/artifacts/rsp/14579418617428099983.rsp
[ 578/1025  0s] WriteResponseFile Library/Bee/artifacts/rsp/8489363462949471277.rsp
[ 579/1025  0s] WriteResponseFile Library/Bee/artifacts/rsp/3763678773947237655.rsp
[ 580/1025  0s] WriteResponseFile Library/Bee/artifacts/rsp/5310736496784036682.rsp
[ 581/1025  0s] WriteResponseFile Library/Bee/artifacts/rsp/11958667247256460378.rsp
[ 582/1025  0s] WriteResponseFile Library/Bee/artifacts/rsp/18390549771448848733.rsp
[ 583/1025  0s] WriteResponseFile Library/Bee/artifacts/rsp/16535624540582444286.rsp
[ 584/1025  0s] WriteResponseFile Library/Bee/artifacts/rsp/4007711799635523933.rsp
[ 585/1025  0s] WriteResponseFile Library/Bee/artifacts/rsp/13028669258617788949.rsp
[ 586/1025  0s] WriteResponseFile Library/Bee/artifacts/rsp/2825474603313457067.rsp
[ 587/1025  0s] WriteResponseFile Library/Bee/artifacts/rsp/16950770319394948706.rsp
[ 588/1025  0s] WriteResponseFile Library/Bee/artifacts/rsp/7201840930849191156.rsp
[ 589/1025  0s] WriteResponseFile Library/Bee/artifacts/rsp/9214959320304114541.rsp
[ 590/1025  0s] WriteResponseFile Library/Bee/artifacts/rsp/2597138898299926251.rsp
[ 591/1025  0s] WriteResponseFile Library/Bee/artifacts/rsp/6408585205247507208.rsp
[ 592/1025  0s] WriteResponseFile Library/Bee/artifacts/rsp/9576963866760058.rsp
[ 593/1025  0s] WriteResponseFile Library/Bee/artifacts/rsp/11443168791398908760.rsp
[ 594/1025  0s] WriteResponseFile Library/Bee/artifacts/rsp/14732344444681255949.rsp
[ 595/1025  0s] WriteResponseFile Library/Bee/artifacts/rsp/17872734387275279783.rsp
[ 596/1025  0s] WriteResponseFile Library/Bee/artifacts/rsp/7613050566626658858.rsp
[ 597/1025  0s] WriteResponseFile Library/Bee/artifacts/rsp/6023587346665193366.rsp
[ 598/1025  0s] WriteResponseFile Library/Bee/artifacts/rsp/16173601400039901189.rsp
[ 599/1025  0s] WriteResponseFile Library/Bee/artifacts/rsp/13496164804222825261.rsp
[ 600/1025  0s] WriteResponseFile Library/Bee/artifacts/rsp/6430716270975990682.rsp
[ 601/1025  0s] WriteResponseFile Library/Bee/artifacts/rsp/618367102667192078.rsp
[ 602/1025  0s] WriteResponseFile Library/Bee/artifacts/rsp/18345886388837496740.rsp
[ 603/1025  0s] WriteResponseFile Library/Bee/artifacts/rsp/3328005063259641689.rsp
[ 604/1025  0s] WriteResponseFile Library/Bee/artifacts/rsp/581534939804293798.rsp
[ 605/1025  0s] WriteResponseFile Library/Bee/artifacts/rsp/9519284775347151035.rsp
[ 606/1025  0s] WriteResponseFile Library/Bee/artifacts/rsp/4320045419077559961.rsp
[ 607/1025  0s] WriteResponseFile Library/Bee/artifacts/rsp/6112714924522806656.rsp
[ 608/1025  0s] WriteResponseFile Library/Bee/artifacts/rsp/11482205187095294290.rsp
[ 609/1025  0s] WriteResponseFile Library/Bee/artifacts/rsp/5214157732518510688.rsp
[ 610/1025  0s] WriteResponseFile Library/Bee/artifacts/rsp/4785370087603955865.rsp
[ 611/1025  0s] WriteResponseFile Library/Bee/artifacts/rsp/13782321602608311084.rsp
[ 612/1025  0s] WriteResponseFile Library/Bee/artifacts/rsp/11083720766523286674.rsp
[ 613/1025  0s] WriteResponseFile Library/Bee/artifacts/rsp/15018142518069335940.rsp
[ 614/1025  0s] WriteResponseFile Library/Bee/artifacts/rsp/3146623165824607091.rsp
[ 615/1025  0s] WriteResponseFile Library/Bee/artifacts/rsp/11793003949629544485.rsp
[BUSY       9s] Csc Library/Bee/artifacts/StandaloneWindows64_CodeGen/UnityEngine.TestRunner.dll (+2 others)
[BUSY      11s] Csc Library/Bee/artifacts/1900b0aP.dag/UnityEngine.UI.dll (+2 others)
[ 616/1025 13s] Csc Library/Bee/artifacts/1900b0aP.dag/UnityEngine.UI.dll (+2 others)
[           0s] Csc Library/Bee/artifacts/1900b0aP.dag/UnityEngine.UI.dll (+2 others) [CacheWrite 3414afe78920716a3a69f42aea7924a700000000000000000000000000000006]
[ 617/1025  0s] MovedFromExtractor Library/Bee/artifacts/mvdfrm/UnityEngine.UI.ref.dll_FAE6DBEA21006BE5.mvfrm
[ 618/1025  0s] MovedFromExtractor-Combine Library/Bee/artifacts/1900b0aP.dag/UnityEngine.Purchasing.WinRTCore.dll.mvfrm
[ 619/1025  0s] MovedFromExtractor-Combine Library/Bee/artifacts/1900b0aP.dag/Unity.Mathematics.dll.mvfrm
[ 620/1025  0s] MovedFromExtractor-Combine Library/Bee/artifacts/1900b0aP.dag/Unity.InputSystem.dll.mvfrm
[ 621/1025  0s] MovedFromExtractor-Combine Library/Bee/artifacts/1900b0aP.dag/Unity.InternalAPIEngineBridge.RenderPipelines.Core.Runtime.Shared.dll.mvfrm
[           0s] Csc Library/Bee/artifacts/1900b0aP.dag/Unity.Mathematics.dll (+2 others) [CacheMiss a8c4cac9bbb9c436d033d4a4dc4f06ce00000000000000000000000000000006]
[ 622/1025  0s] MovedFromExtractor-Combine Library/Bee/artifacts/1900b0aP.dag/UnityEngine.Purchasing.SecurityCore.dll.mvfrm
[ 623/1025  0s] MovedFromExtractor-Combine Library/Bee/artifacts/1900b0aP.dag/UnityEngine.Purchasing.AppleCore.dll.mvfrm
[ 624/1025  0s] MovedFromExtractor-Combine Library/Bee/artifacts/1900b0aP.dag/Unity.Burst.dll.mvfrm
[ 625/1025  0s] MovedFromExtractor-Combine Library/Bee/artifacts/1900b0aP.dag/Unity.Services.Core.dll.mvfrm
[ 626/1025  0s] MovedFromExtractor-Combine Library/Bee/artifacts/1900b0aP.dag/Unity.InternalAPIEngineBridge.001.dll.mvfrm
[           0s] Csc Library/Bee/artifacts/1900b0aP.dag/Unity.InputSystem.dll (+2 others) [CacheMiss 934a2557f7a1da8be7bcd6a130b6307e00000000000000000000000000000006]
[ 627/1025  0s] MovedFromExtractor-Combine Library/Bee/artifacts/1900b0aP.dag/Unity.InternalAPIEngineBridge.004.dll.mvfrm
[           0s] Csc Library/Bee/artifacts/1900b0aP.dag/Unity.InternalAPIEngineBridge.RenderPipelines.Core.Runtime.Shared.dll (+2 others) [CacheMiss 960afbe097d9e6501995d837fd87166300000000000000000000000000000006]
[           0s] Csc Library/Bee/artifacts/1900b0aP.dag/UnityEngine.Purchasing.WinRTCore.dll (+2 others) [CacheMiss ab0004ebb164834fa705db75bab6912c00000000000000000000000000000006]
[           0s] Csc Library/Bee/artifacts/1900b0aP.dag/UnityEngine.Purchasing.SecurityCore.dll (+2 others) [CacheMiss a5b56ea4fa5a964dec0258d9782d23f200000000000000000000000000000006]
[           0s] Csc Library/Bee/artifacts/1900b0aP.dag/Unity.Services.Core.dll (+2 others) [CacheMiss f242d9fa28e77c5852bc86e87e5489d100000000000000000000000000000006]
[           0s] Csc Library/Bee/artifacts/1900b0aP.dag/Unity.InternalAPIEngineBridge.001.dll (+2 others) [CacheMiss 33561c78fc6116ba60ae7626f4e5ff0800000000000000000000000000000006]
[           0s] Csc Library/Bee/artifacts/1900b0aP.dag/Unity.InternalAPIEngineBridge.004.dll (+2 others) [CacheMiss 89b5a73ad3a49af389ba27434916480d00000000000000000000000000000006]
[           0s] Csc Library/Bee/artifacts/1900b0aP.dag/Unity.Burst.dll (+2 others) [CacheMiss 155080ab8a755b8d17b06bb60f59994c00000000000000000000000000000006]
[ 628/1025  0s] MovedFromExtractor-Combine Library/Bee/artifacts/1900b0aP.dag/UnityEngine.SpatialTracking.dll.mvfrm
[           0s] Csc Library/Bee/artifacts/1900b0aP.dag/UnityEngine.SpatialTracking.dll (+2 others) [CacheMiss 40ffc9dd6d171ede76cf73f97077219500000000000000000000000000000006]
[ 629/1025  0s] Csc Library/Bee/artifacts/1900b0aP.dag/Unity.InternalAPIEngineBridge.RenderPipelines.Core.Runtime.Shared.dll (+2 others)
[           0s] Csc Library/Bee/artifacts/1900b0aP.dag/Unity.InternalAPIEngineBridge.RenderPipelines.Core.Runtime.Shared.dll (+2 others) [CacheWrite 960afbe097d9e6501995d837fd87166300000000000000000000000000000006]
[ 630/1025  0s] MovedFromExtractor Library/Bee/artifacts/mvdfrm/Unity.InternalAPIEngineBridge.RenderPipelines.Core.Runtime.Shared.ref.dll_21A5F79000E80654.mvfrm
[ 631/1025  0s] MovedFromExtractor-Combine Library/Bee/artifacts/1900b0aP.dag/Unity.RenderPipelines.Universal.Shaders.dll.mvfrm
[ 632/1025  0s] MovedFromExtractor-Combine Library/Bee/artifacts/1900b0aP.dag/Unity.AI.Navigation.dll.mvfrm
[ 633/1025  0s] MovedFromExtractor-Combine Library/Bee/artifacts/1900b0aP.dag/Unity.RenderPipelines.Core.ShaderLibrary.dll.mvfrm
[ 634/1025  0s] MovedFromExtractor-Combine Library/Bee/artifacts/1900b0aP.dag/Unity.Timeline.dll.mvfrm
[ 635/1025  0s] MovedFromExtractor-Combine Library/Bee/artifacts/1900b0aP.dag/Unity.Analytics.DataPrivacy.dll.mvfrm
[ 636/1025  0s] MovedFromExtractor-Combine Library/Bee/artifacts/1900b0aP.dag/Unity.2D.Tilemap.Extras.dll.mvfrm
[ 637/1025  0s] MovedFromExtractor-Combine Library/Bee/artifacts/1900b0aP.dag/Unity.RenderPipelines.ShaderGraph.ShaderGraphLibrary.dll.mvfrm
[ 638/1025  0s] MovedFromExtractor-Combine Library/Bee/artifacts/1900b0aP.dag/Unity.Multiplayer.Center.Common.dll.mvfrm
[           0s] Csc Library/Bee/artifacts/1900b0aP.dag/Unity.Multiplayer.Center.Common.dll (+2 others) [CacheMiss 374d70658093b807afcd521952a88a6f00000000000000000000000000000006]
[ 639/1025  2s] Csc Library/Bee/artifacts/1900b0aP.dag/Unity.InternalAPIEngineBridge.004.dll (+2 others)
[ 640/1025  2s] Csc Library/Bee/artifacts/1900b0aP.dag/Unity.Mathematics.dll (+2 others)
[ 641/1025  2s] Csc Library/Bee/artifacts/1900b0aP.dag/UnityEngine.Purchasing.SecurityCore.dll (+2 others)
[ 642/1025  2s] Csc Library/Bee/artifacts/1900b0aP.dag/UnityEngine.Purchasing.WinRTCore.dll (+2 others)
[           0s] Csc Library/Bee/artifacts/1900b0aP.dag/Unity.Mathematics.dll (+2 others) [CacheWrite a8c4cac9bbb9c436d033d4a4dc4f06ce00000000000000000000000000000006]
[           0s] Csc Library/Bee/artifacts/1900b0aP.dag/UnityEngine.Purchasing.WinRTCore.dll (+2 others) [CacheWrite ab0004ebb164834fa705db75bab6912c00000000000000000000000000000006]
[           0s] Csc Library/Bee/artifacts/1900b0aP.dag/Unity.InternalAPIEngineBridge.004.dll (+2 others) [CacheWrite 89b5a73ad3a49af389ba27434916480d00000000000000000000000000000006]
[           0s] Csc Library/Bee/artifacts/1900b0aP.dag/UnityEngine.Purchasing.SecurityCore.dll (+2 others) [CacheWrite a5b56ea4fa5a964dec0258d9782d23f200000000000000000000000000000006]
[ 643/1025  0s] MovedFromExtractor Library/Bee/artifacts/mvdfrm/Unity.Mathematics.ref.dll_14D1A32168A0AD59.mvfrm
[ 644/1025  0s] MovedFromExtractor Library/Bee/artifacts/mvdfrm/Unity.InternalAPIEngineBridge.004.ref.dll_7AD2F2F025096F31.mvfrm
[ 645/1025  0s] MovedFromExtractor Library/Bee/artifacts/mvdfrm/UnityEngine.Purchasing.SecurityCore.ref.dll_37D362000A37D944.mvfrm
[ 646/1025  0s] MovedFromExtractor Library/Bee/artifacts/mvdfrm/UnityEngine.Purchasing.WinRTCore.ref.dll_3926B85E6E7BE05E.mvfrm
[           0s] Csc Library/Bee/artifacts/1900b0aP.dag/Unity.RenderPipelines.ShaderGraph.ShaderGraphLibrary.dll (+2 others) [CacheMiss 08ff33c18d0ac7565105bcfbd6b66e5d00000000000000000000000000000006]
[ 647/1025  0s] MovedFromExtractor-Combine Library/Bee/artifacts/1900b0aP.dag/UnityEngine.Purchasing.WinRTStub.dll.mvfrm
[ 648/1025  0s] MovedFromExtractor-Combine Library/Bee/artifacts/1900b0aP.dag/Unity.TextMeshPro.dll.mvfrm
[ 649/1025  0s] MovedFromExtractor-Combine Library/Bee/artifacts/1900b0aP.dag/UnityEngine.Purchasing.SecurityStub.dll.mvfrm
[           0s] Csc Library/Bee/artifacts/1900b0aP.dag/UnityEngine.Purchasing.WinRTStub.dll (+2 others) [CacheMiss 110cb58bdcd378ffc39bf6d38e1383b300000000000000000000000000000006]
[ 650/1025  3s] Csc Library/Bee/artifacts/1900b0aP.dag/UnityEngine.SpatialTracking.dll (+2 others)
[ 651/1025  3s] Csc Library/Bee/artifacts/1900b0aP.dag/Unity.InternalAPIEngineBridge.001.dll (+2 others)
[           0s] Csc Library/Bee/artifacts/1900b0aP.dag/UnityEngine.Purchasing.SecurityStub.dll (+2 others) [CacheMiss c0ef6518d8531883823489e14913a2e000000000000000000000000000000006]
[           0s] Csc Library/Bee/artifacts/1900b0aP.dag/Unity.TextMeshPro.dll (+2 others) [CacheMiss aaf7e0ef0138fc0418094acdf6ba43ec00000000000000000000000000000006]
[           0s] Csc Library/Bee/artifacts/1900b0aP.dag/UnityEngine.SpatialTracking.dll (+2 others) [CacheWrite 40ffc9dd6d171ede76cf73f97077219500000000000000000000000000000006]
[ 652/1025  3s] Csc Library/Bee/artifacts/1900b0aP.dag/Unity.Services.Core.dll (+2 others)
[           0s] Csc Library/Bee/artifacts/1900b0aP.dag/Unity.InternalAPIEngineBridge.001.dll (+2 others) [CacheWrite 33561c78fc6116ba60ae7626f4e5ff0800000000000000000000000000000006]
[ 653/1025  1s] Csc Library/Bee/artifacts/1900b0aP.dag/Unity.Multiplayer.Center.Common.dll (+2 others)
[ 654/1025  0s] Csc Library/Bee/artifacts/1900b0aP.dag/Unity.RenderPipelines.ShaderGraph.ShaderGraphLibrary.dll (+2 others)
[           0s] Csc Library/Bee/artifacts/1900b0aP.dag/Unity.Services.Core.dll (+2 others) [CacheWrite f242d9fa28e77c5852bc86e87e5489d100000000000000000000000000000006]
[           0s] Csc Library/Bee/artifacts/1900b0aP.dag/Unity.Multiplayer.Center.Common.dll (+2 others) [CacheWrite 374d70658093b807afcd521952a88a6f00000000000000000000000000000006]
[           0s] Csc Library/Bee/artifacts/1900b0aP.dag/Unity.2D.Tilemap.Extras.dll (+2 others) [CacheMiss c1d40d77874ab82f6151b972a15a51d800000000000000000000000000000006]
[           0s] Csc Library/Bee/artifacts/1900b0aP.dag/Unity.RenderPipelines.ShaderGraph.ShaderGraphLibrary.dll (+2 others) [CacheWrite 08ff33c18d0ac7565105bcfbd6b66e5d00000000000000000000000000000006]
[ 655/1025  0s] MovedFromExtractor Library/Bee/artifacts/mvdfrm/UnityEngine.SpatialTracking.ref.dll_2C547B3FC7BA6200.mvfrm
[ 656/1025  0s] MovedFromExtractor Library/Bee/artifacts/mvdfrm/Unity.InternalAPIEngineBridge.001.ref.dll_9031ADE18CD0CF4E.mvfrm
[           0s] Csc Library/Bee/artifacts/1900b0aP.dag/Unity.Analytics.DataPrivacy.dll (+2 others) [CacheMiss 87246000ab6be0b4829b555ef3fc9bff00000000000000000000000000000006]
[           0s] Csc Library/Bee/artifacts/1900b0aP.dag/Unity.Timeline.dll (+2 others) [CacheMiss d48bf1f8122f7aef7d09f669010fb6a600000000000000000000000000000006]
[ 657/1025  0s] MovedFromExtractor Library/Bee/artifacts/mvdfrm/Unity.Services.Core.ref.dll_8733AE466239FA82.mvfrm
[ 658/1025  0s] MovedFromExtractor-Combine Library/Bee/artifacts/1900b0aP.dag/UnityEngine.XR.LegacyInputHelpers.dll.mvfrm
[ 659/1025  0s] Csc Library/Bee/artifacts/1900b0aP.dag/UnityEngine.Purchasing.WinRTStub.dll (+2 others)
[ 660/1025  0s] MovedFromExtractor-Combine Library/Bee/artifacts/1900b0aP.dag/Unity.Services.Core.Internal.dll.mvfrm
[ 661/1025  0s] MovedFromExtractor-Combine Library/Bee/artifacts/1900b0aP.dag/Unity.Services.Core.Analytics.dll.mvfrm
[           0s] Csc Library/Bee/artifacts/1900b0aP.dag/Unity.Services.Core.Internal.dll (+2 others) [CacheMiss 3f9b20af9b9d9ee41f73c2fd496928f200000000000000000000000000000006]
[           0s] Csc Library/Bee/artifacts/1900b0aP.dag/Unity.Services.Core.Analytics.dll (+2 others) [CacheMiss 9cbcfbcd76899c467546c4efd4dd451700000000000000000000000000000006]
[           0s] Csc Library/Bee/artifacts/1900b0aP.dag/UnityEngine.Purchasing.WinRTStub.dll (+2 others) [CacheWrite 110cb58bdcd378ffc39bf6d38e1383b300000000000000000000000000000006]
[ 662/1025  1s] Csc Library/Bee/artifacts/1900b0aP.dag/UnityEngine.Purchasing.SecurityStub.dll (+2 others)
[ 663/1025  0s] MovedFromExtractor Library/Bee/artifacts/mvdfrm/UnityEngine.Purchasing.WinRTStub.ref.dll_844D7D5211E89B9D.mvfrm
[           0s] Csc Library/Bee/artifacts/1900b0aP.dag/UnityEngine.Purchasing.SecurityStub.dll (+2 others) [CacheWrite c0ef6518d8531883823489e14913a2e000000000000000000000000000000006]
[           0s] Csc Library/Bee/artifacts/1900b0aP.dag/UnityEngine.XR.LegacyInputHelpers.dll (+2 others) [CacheMiss 04a2dab067427c216ff3e9603da896d400000000000000000000000000000006]
[ 664/1025  1s] Csc Library/Bee/artifacts/1900b0aP.dag/Unity.Analytics.DataPrivacy.dll (+2 others)
[           0s] Csc Library/Bee/artifacts/1900b0aP.dag/Unity.Analytics.DataPrivacy.dll (+2 others) [CacheWrite 87246000ab6be0b4829b555ef3fc9bff00000000000000000000000000000006]
[ 665/1025  1s] Csc Library/Bee/artifacts/1900b0aP.dag/Unity.2D.Tilemap.Extras.dll (+2 others)
[ 666/1025  0s] Csc Library/Bee/artifacts/1900b0aP.dag/Unity.Services.Core.Analytics.dll (+2 others)
[ 667/1025  0s] MovedFromExtractor Library/Bee/artifacts/mvdfrm/UnityEngine.Purchasing.SecurityStub.ref.dll_82FA26F3ADA49483.mvfrm
[           0s] Csc Library/Bee/artifacts/1900b0aP.dag/Unity.RenderPipelines.Core.ShaderLibrary.dll (+2 others) [CacheMiss f9ad49c2a5aff472b0c5a356a2b9cca300000000000000000000000000000006]
[           0s] Csc Library/Bee/artifacts/1900b0aP.dag/Unity.2D.Tilemap.Extras.dll (+2 others) [CacheWrite c1d40d77874ab82f6151b972a15a51d800000000000000000000000000000006]
[           0s] Csc Library/Bee/artifacts/1900b0aP.dag/Unity.Services.Core.Analytics.dll (+2 others) [CacheWrite 9cbcfbcd76899c467546c4efd4dd451700000000000000000000000000000006]
[           0s] Csc Library/Bee/artifacts/1900b0aP.dag/Unity.AI.Navigation.dll (+2 others) [CacheMiss aec44f9fbf5a176672bf6ad2b27d6a7900000000000000000000000000000006]
[           0s] Csc Library/Bee/artifacts/1900b0aP.dag/Unity.RenderPipelines.Universal.Shaders.dll (+2 others) [CacheMiss b09d3abe451f15f59c6522be769e246e00000000000000000000000000000006]
[ 668/1025  0s] MovedFromExtractor-Combine Library/Bee/artifacts/1900b0aP.dag/labstreaminglayer.LSL4Unity.Runtime.dll.mvfrm
[ 669/1025  2s] Csc Library/Bee/artifacts/1900b0aP.dag/Unity.Timeline.dll (+2 others)
[ 670/1025  0s] Csc Library/Bee/artifacts/1900b0aP.dag/Unity.RenderPipelines.Core.ShaderLibrary.dll (+2 others)
[ 671/1025  0s] MovedFromExtractor Library/Bee/artifacts/mvdfrm/Unity.Services.Core.Analytics.ref.dll_D88AC28E7AE24D0A.mvfrm
[ 672/1025  2s] Csc Library/Bee/artifacts/1900b0aP.dag/Unity.Services.Core.Internal.dll (+2 others)
[ 673/1025  0s] Csc Library/Bee/artifacts/1900b0aP.dag/Unity.RenderPipelines.Universal.Shaders.dll (+2 others)
[ 674/1025  6s] Csc Library/Bee/artifacts/1900b0aP.dag/Unity.Burst.dll (+2 others)
[           0s] Csc Library/Bee/artifacts/1900b0aP.dag/Unity.Timeline.dll (+2 others) [CacheWrite d48bf1f8122f7aef7d09f669010fb6a600000000000000000000000000000006]
[           0s] Csc Library/Bee/artifacts/1900b0aP.dag/Unity.Services.Core.Internal.dll (+2 others) [CacheWrite 3f9b20af9b9d9ee41f73c2fd496928f200000000000000000000000000000006]
[           0s] Csc Library/Bee/artifacts/1900b0aP.dag/Unity.RenderPipelines.Core.ShaderLibrary.dll (+2 others) [CacheWrite f9ad49c2a5aff472b0c5a356a2b9cca300000000000000000000000000000006]
[ 675/1025  0s] MovedFromExtractor Library/Bee/artifacts/mvdfrm/Unity.2D.Tilemap.Extras.ref.dll_A593BB962D7D7DA2.mvfrm
[           0s] Csc Library/Bee/artifacts/1900b0aP.dag/Unity.Burst.dll (+2 others) [CacheWrite 155080ab8a755b8d17b06bb60f59994c00000000000000000000000000000006]
[           0s] Csc Library/Bee/artifacts/1900b0aP.dag/Unity.RenderPipelines.Universal.Shaders.dll (+2 others) [CacheWrite b09d3abe451f15f59c6522be769e246e00000000000000000000000000000006]
[ 676/1025  2s] Csc Library/Bee/artifacts/1900b0aP.dag/UnityEngine.XR.LegacyInputHelpers.dll (+2 others)
[           0s] Csc Library/Bee/artifacts/1900b0aP.dag/UnityEngine.XR.LegacyInputHelpers.dll (+2 others) [CacheWrite 04a2dab067427c216ff3e9603da896d400000000000000000000000000000006]
[ 677/1025  1s] Csc Library/Bee/artifacts/1900b0aP.dag/Unity.AI.Navigation.dll (+2 others)
[           0s] Csc Library/Bee/artifacts/1900b0aP.dag/Unity.AI.Navigation.dll (+2 others) [CacheWrite aec44f9fbf5a176672bf6ad2b27d6a7900000000000000000000000000000006]
[ 678/1025  0s] MovedFromExtractor Library/Bee/artifacts/mvdfrm/Unity.Burst.ref.dll_14316E70964BB953.mvfrm
[ 679/1025  0s] MovedFromExtractor Library/Bee/artifacts/mvdfrm/Unity.Services.Core.Internal.ref.dll_1A693ED936C5C9EF.mvfrm
[ 680/1025  0s] MovedFromExtractor Library/Bee/artifacts/mvdfrm/Unity.Analytics.DataPrivacy.ref.dll_CB4D93EC20F07CC9.mvfrm
[ 681/1025  0s] MovedFromExtractor Library/Bee/artifacts/mvdfrm/Unity.RenderPipelines.Core.ShaderLibrary.ref.dll_86BC04EDBBAD6DBD.mvfrm
[ 682/1025  0s] MovedFromExtractor Library/Bee/artifacts/mvdfrm/Unity.RenderPipelines.Universal.Shaders.ref.dll_334E79423F1A0A4B.mvfrm
[ 683/1025  0s] MovedFromExtractor Library/Bee/artifacts/mvdfrm/Unity.Timeline.ref.dll_54050F91DBE64E14.mvfrm
[ 684/1025  0s] MovedFromExtractor Library/Bee/artifacts/mvdfrm/UnityEngine.XR.LegacyInputHelpers.ref.dll_DAE36B275AEB308D.mvfrm
[ 685/1025  0s] MovedFromExtractor Library/Bee/artifacts/mvdfrm/Unity.AI.Navigation.ref.dll_B497EB86AC0F5A7D.mvfrm
[ 686/1025  0s] MovedFromExtractor-Combine Library/Bee/artifacts/1900b0aP.dag/Unity.Services.Analytics.dll.mvfrm
[ 687/1025  0s] MovedFromExtractor-Combine Library/Bee/artifacts/1900b0aP.dag/Unity.Collections.dll.mvfrm
[ 688/1025  0s] MovedFromExtractor-Combine Library/Bee/artifacts/1900b0aP.dag/Unity.Services.Core.Environments.dll.mvfrm
[ 689/1025  0s] MovedFromExtractor-Combine Library/Bee/artifacts/1900b0aP.dag/Purchasing.Common.dll.mvfrm
[ 690/1025  3s] Csc Library/Bee/artifacts/1900b0aP.dag/Unity.TextMeshPro.dll (+2 others)
[           0s] Csc Library/Bee/artifacts/1900b0aP.dag/Unity.Services.Analytics.dll (+2 others) [CacheMiss b651f2043df2f060429e288278b499e000000000000000000000000000000006]
[ 691/1025  0s] MovedFromExtractor-Combine Library/Bee/artifacts/1900b0aP.dag/Unity.Services.Core.Scheduler.dll.mvfrm
[ 692/1025  0s] MovedFromExtractor-Combine Library/Bee/artifacts/1900b0aP.dag/Unity.Services.Core.Threading.dll.mvfrm
[           0s] Csc Library/Bee/artifacts/1900b0aP.dag/Unity.Collections.dll (+2 others) [CacheMiss 706b9ab42a78330e70e30aded9f0872800000000000000000000000000000006]
[           0s] Csc Library/Bee/artifacts/1900b0aP.dag/Unity.Services.Core.Environments.dll (+2 others) [CacheMiss 84947d6298c66d0d220ab483c3ab069000000000000000000000000000000006]
[           0s] Csc Library/Bee/artifacts/1900b0aP.dag/Purchasing.Common.dll (+2 others) [CacheMiss 19d7f12deac4657c5a4885297b6ba91c00000000000000000000000000000006]
[ 693/1025  0s] MovedFromExtractor-Combine Library/Bee/artifacts/1900b0aP.dag/Unity.Services.Core.Telemetry.dll.mvfrm
[           0s] Csc Library/Bee/artifacts/1900b0aP.dag/Unity.TextMeshPro.dll (+2 others) [CacheWrite aaf7e0ef0138fc0418094acdf6ba43ec00000000000000000000000000000006]
[ 694/1025  0s] MovedFromExtractor-Combine Library/Bee/artifacts/1900b0aP.dag/Unity.Services.Core.Device.dll.mvfrm
[           0s] Csc Library/Bee/artifacts/1900b0aP.dag/Unity.Services.Core.Threading.dll (+2 others) [CacheMiss bdf483b373f2b058ca4817f27e3ec99d00000000000000000000000000000006]
[           0s] Csc Library/Bee/artifacts/1900b0aP.dag/Unity.Services.Core.Telemetry.dll (+2 others) [CacheMiss d872e26dd5d457711628beb70a7b011600000000000000000000000000000006]
[           0s] Csc Library/Bee/artifacts/1900b0aP.dag/Unity.Services.Core.Device.dll (+2 others) [CacheMiss 7dd3cc1418327f6d74b30a660c336a0000000000000000000000000000000006]
[ 695/1025  0s] MovedFromExtractor-Combine Library/Bee/artifacts/1900b0aP.dag/Unity.Services.Core.Environments.Internal.dll.mvfrm
[ 696/1025  0s] MovedFromExtractor-Combine Library/Bee/artifacts/1900b0aP.dag/Unity.Services.Core.Configuration.dll.mvfrm
[           0s] Csc Library/Bee/artifacts/1900b0aP.dag/Unity.Services.Core.Configuration.dll (+2 others) [CacheMiss 114751c171bae49f8309ccf2e92676ce00000000000000000000000000000006]
[           0s] Csc Library/Bee/artifacts/1900b0aP.dag/Unity.Services.Core.Environments.Internal.dll (+2 others) [CacheMiss f8884800f466c055407b42f617af2e1d00000000000000000000000000000006]
[ 697/1025  1s] Csc Library/Bee/artifacts/1900b0aP.dag/Unity.Services.Core.Environments.dll (+2 others)
[ 698/1025  1s] Csc Library/Bee/artifacts/1900b0aP.dag/Purchasing.Common.dll (+2 others)
[           0s] Csc Library/Bee/artifacts/1900b0aP.dag/Purchasing.Common.dll (+2 others) [CacheWrite 19d7f12deac4657c5a4885297b6ba91c00000000000000000000000000000006]
[ 699/1025  8s] Csc Library/Bee/artifacts/1900b0aP.dag/Unity.InputSystem.dll (+2 others)
[           0s] Csc Library/Bee/artifacts/1900b0aP.dag/Unity.Services.Core.Environments.dll (+2 others) [CacheWrite 84947d6298c66d0d220ab483c3ab069000000000000000000000000000000006]
[ 700/1025  1s] Csc Library/Bee/artifacts/1900b0aP.dag/Unity.Services.Core.Threading.dll (+2 others)
[           0s] Csc Library/Bee/artifacts/1900b0aP.dag/Unity.InputSystem.dll (+2 others) [CacheWrite 934a2557f7a1da8be7bcd6a130b6307e00000000000000000000000000000006]
[           0s] Csc Library/Bee/artifacts/1900b0aP.dag/UnityEngine.Purchasing.AppleCore.dll (+2 others) [CacheMiss 6b7c8acef9545b79ace2207e36a2171800000000000000000000000000000006]
[ 701/1025  1s] Csc Library/Bee/artifacts/1900b0aP.dag/Unity.Services.Core.Device.dll (+2 others)
[           0s] Csc Library/Bee/artifacts/1900b0aP.dag/Unity.Services.Core.Threading.dll (+2 others) [CacheWrite bdf483b373f2b058ca4817f27e3ec99d00000000000000000000000000000006]
[ 702/1025  1s] Csc Library/Bee/artifacts/1900b0aP.dag/Unity.Services.Core.Telemetry.dll (+2 others)
[ 703/1025  1s] Csc Library/Bee/artifacts/1900b0aP.dag/Unity.Services.Analytics.dll (+2 others)
[           0s] Csc Library/Bee/artifacts/1900b0aP.dag/Unity.Services.Core.Scheduler.dll (+2 others) [CacheMiss a463d0eabad29427c661284ac3f48b4700000000000000000000000000000006]
[ 704/1025  0s] Csc Library/Bee/artifacts/1900b0aP.dag/UnityEngine.Purchasing.AppleCore.dll (+2 others)
[ 705/1025  0s] Csc Library/Bee/artifacts/1900b0aP.dag/Unity.Services.Core.Environments.Internal.dll (+2 others)
[ 706/1025  0s] MovedFromExtractor Library/Bee/artifacts/mvdfrm/Unity.Services.Core.Environments.ref.dll_29C0C4FBB515A292.mvfrm
[ 707/1025  1s] Csc Library/Bee/artifacts/1900b0aP.dag/Unity.Services.Core.Configuration.dll (+2 others)
[           0s] Csc Library/Bee/artifacts/1900b0aP.dag/UnityEngine.Purchasing.AppleCore.dll (+2 others) [CacheWrite 6b7c8acef9545b79ace2207e36a2171800000000000000000000000000000006]
[           0s] Csc Library/Bee/artifacts/1900b0aP.dag/Unity.Services.Analytics.dll (+2 others) [CacheWrite b651f2043df2f060429e288278b499e000000000000000000000000000000006]
[ 708/1025  0s] MovedFromExtractor Library/Bee/artifacts/mvdfrm/Unity.InputSystem.ref.dll_29109081F030768C.mvfrm
[           0s] Csc Library/Bee/artifacts/1900b0aP.dag/Unity.Services.Core.Device.dll (+2 others) [CacheWrite 7dd3cc1418327f6d74b30a660c336a0000000000000000000000000000000006]
[           0s] Csc Library/Bee/artifacts/1900b0aP.dag/Unity.Services.Core.Telemetry.dll (+2 others) [CacheWrite d872e26dd5d457711628beb70a7b011600000000000000000000000000000006]
[           0s] Csc Library/Bee/artifacts/1900b0aP.dag/Unity.Services.Core.Environments.Internal.dll (+2 others) [CacheWrite f8884800f466c055407b42f617af2e1d00000000000000000000000000000006]
[           0s] Csc Library/Bee/artifacts/1900b0aP.dag/Unity.Services.Core.Configuration.dll (+2 others) [CacheWrite 114751c171bae49f8309ccf2e92676ce00000000000000000000000000000006]
[ 709/1025  0s] MovedFromExtractor-Combine Library/Bee/artifacts/1900b0aP.dag/Unity.VisualScripting.Core.dll.mvfrm
[ 710/1025  0s] MovedFromExtractor Library/Bee/artifacts/mvdfrm/UnityEngine.Purchasing.AppleCore.ref.dll_78FB62FF10AFE20A.mvfrm
[ 711/1025  0s] MovedFromExtractor Library/Bee/artifacts/mvdfrm/Unity.Services.Analytics.ref.dll_EB4B42A2B9006E39.mvfrm
[ 712/1025  0s] MovedFromExtractor Library/Bee/artifacts/mvdfrm/Unity.Services.Core.Environments.Internal.ref.dll_2E2A6AA962BDD0DF.mvfrm
[ 713/1025  0s] MovedFromExtractor Library/Bee/artifacts/mvdfrm/Unity.Services.Core.Device.ref.dll_3CD85CC734C7BE58.mvfrm
[ 714/1025  0s] MovedFromExtractor-Combine Library/Bee/artifacts/1900b0aP.dag/Unity.Services.Core.Components.dll.mvfrm
[ 715/1025  0s] MovedFromExtractor-Combine Library/Bee/artifacts/1900b0aP.dag/Unity.InputSystem.ForUI.dll.mvfrm
[           0s] Csc Library/Bee/artifacts/1900b0aP.dag/Unity.VisualScripting.Core.dll (+2 others) [CacheMiss 76dcc1a7bbc453a4c3b8ecd2c0569d1300000000000000000000000000000006]
[ 716/1025  0s] MovedFromExtractor Library/Bee/artifacts/mvdfrm/Unity.Services.Core.Configuration.ref.dll_754C05830D7E747A.mvfrm
[           0s] Csc Library/Bee/artifacts/1900b0aP.dag/Unity.Services.Core.Components.dll (+2 others) [CacheMiss e92205c63fb475a5128c241bca050fe800000000000000000000000000000006]
[           0s] Csc Library/Bee/artifacts/1900b0aP.dag/Unity.InputSystem.ForUI.dll (+2 others) [CacheMiss b1a82f1157f573edcda525020fac2a3300000000000000000000000000000006]
[ 717/1025  0s] MovedFromExtractor-Combine Library/Bee/artifacts/1900b0aP.dag/UnityEngine.Purchasing.AppleMacosStub.dll.mvfrm
[ 718/1025  0s] MovedFromExtractor-Combine Library/Bee/artifacts/1900b0aP.dag/UnityEngine.Purchasing.dll.mvfrm
[ 719/1025  0s] MovedFromExtractor-Combine Library/Bee/artifacts/1900b0aP.dag/UnityEngine.Purchasing.AppleStub.dll.mvfrm
[ 720/1025  0s] MovedFromExtractor Library/Bee/artifacts/mvdfrm/Unity.Services.Core.Telemetry.ref.dll_E5096D91E2B74B1D.mvfrm
[           0s] Csc Library/Bee/artifacts/1900b0aP.dag/UnityEngine.Purchasing.dll (+2 others) [CacheMiss de7153cfb4baada9630b27ce67043d1800000000000000000000000000000006]
[           0s] Csc Library/Bee/artifacts/1900b0aP.dag/UnityEngine.Purchasing.AppleMacosStub.dll (+2 others) [CacheMiss 92cd356da0d7e65b0e8ad5a38e0a287e00000000000000000000000000000006]
[           0s] Csc Library/Bee/artifacts/1900b0aP.dag/UnityEngine.Purchasing.AppleStub.dll (+2 others) [CacheMiss d302ce83c30cd78c9d2d2e105eb0d86400000000000000000000000000000006]
[ 721/1025  0s] MovedFromExtractor Library/Bee/artifacts/mvdfrm/Unity.Services.Core.Threading.ref.dll_DCC0E3B061464C5C.mvfrm
[ 722/1025  0s] MovedFromExtractor Library/Bee/artifacts/mvdfrm/Unity.TextMeshPro.ref.dll_B085F143991618E6.mvfrm
[ 723/1025  0s] MovedFromExtractor Library/Bee/artifacts/mvdfrm/Unity.RenderPipelines.ShaderGraph.ShaderGraphLibrary.ref.dll_2AC6C82FC7FB4B7D.mvfrm
[ 724/1025  0s] MovedFromExtractor Library/Bee/artifacts/mvdfrm/Unity.Multiplayer.Center.Common.ref.dll_91DB8B878EE57073.mvfrm
[ 725/1025  0s] MovedFromExtractor-Combine Library/Bee/artifacts/1900b0aP.dag/Unity.Services.Core.Networking.dll.mvfrm
[           0s] Csc Library/Bee/artifacts/1900b0aP.dag/Unity.Services.Core.Networking.dll (+2 others) [CacheMiss a9abae0ce4384ef1d9777195308a67ef00000000000000000000000000000006]
[ 726/1025  2s] Csc Library/Bee/artifacts/1900b0aP.dag/Unity.Services.Core.Scheduler.dll (+2 others)
[ 727/1025  1s] Csc Library/Bee/artifacts/1900b0aP.dag/Unity.Services.Core.Components.dll (+2 others)
[ 728/1025  1s] Csc Library/Bee/artifacts/1900b0aP.dag/Unity.InputSystem.ForUI.dll (+2 others)
[           0s] Csc Library/Bee/artifacts/1900b0aP.dag/Unity.Services.Core.Scheduler.dll (+2 others) [CacheWrite a463d0eabad29427c661284ac3f48b4700000000000000000000000000000006]
[           0s] Csc Library/Bee/artifacts/1900b0aP.dag/Unity.Services.Core.Components.dll (+2 others) [CacheWrite e92205c63fb475a5128c241bca050fe800000000000000000000000000000006]
[           0s] Csc Library/Bee/artifacts/1900b0aP.dag/Unity.InputSystem.ForUI.dll (+2 others) [CacheWrite b1a82f1157f573edcda525020fac2a3300000000000000000000000000000006]
[ 729/1025  2s] Csc Library/Bee/artifacts/1900b0aP.dag/UnityEngine.Purchasing.AppleStub.dll (+2 others)
[ 730/1025  2s] Csc Library/Bee/artifacts/1900b0aP.dag/UnityEngine.Purchasing.AppleMacosStub.dll (+2 others)
[ 731/1025  1s] Csc Library/Bee/artifacts/1900b0aP.dag/Unity.Services.Core.Networking.dll (+2 others)
[ 732/1025  0s] MovedFromExtractor Library/Bee/artifacts/mvdfrm/Unity.Services.Core.Scheduler.ref.dll_D914549F49C3172F.mvfrm
[           0s] Csc Library/Bee/artifacts/1900b0aP.dag/UnityEngine.Purchasing.AppleMacosStub.dll (+2 others) [CacheWrite 92cd356da0d7e65b0e8ad5a38e0a287e00000000000000000000000000000006]
[           0s] Csc Library/Bee/artifacts/1900b0aP.dag/UnityEngine.Purchasing.AppleStub.dll (+2 others) [CacheWrite d302ce83c30cd78c9d2d2e105eb0d86400000000000000000000000000000006]
[           0s] Csc Library/Bee/artifacts/1900b0aP.dag/Unity.Services.Core.Networking.dll (+2 others) [CacheWrite a9abae0ce4384ef1d9777195308a67ef00000000000000000000000000000006]
[ 733/1025  0s] MovedFromExtractor Library/Bee/artifacts/mvdfrm/Unity.Services.Core.Components.ref.dll_5A0F28C95E66A668.mvfrm
[ 734/1025  0s] MovedFromExtractor Library/Bee/artifacts/mvdfrm/Unity.InputSystem.ForUI.ref.dll_72EE3CA5CEB6E69B.mvfrm
[ 735/1025  0s] MovedFromExtractor Library/Bee/artifacts/mvdfrm/UnityEngine.Purchasing.AppleMacosStub.ref.dll_572A02DBA316D81C.mvfrm
[ 736/1025  0s] MovedFromExtractor Library/Bee/artifacts/mvdfrm/UnityEngine.Purchasing.AppleStub.ref.dll_C42227F2B41C9D49.mvfrm
[ 737/1025  0s] MovedFromExtractor-Combine Library/Bee/artifacts/1900b0aP.dag/Unity.Services.Core.Registration.dll.mvfrm
[           0s] Csc Library/Bee/artifacts/1900b0aP.dag/Unity.Services.Core.Registration.dll (+2 others) [CacheMiss b8e755888b98e6541e8133330f9cee9400000000000000000000000000000006]
[ 738/1025 28s] Csc Library/Bee/artifacts/StandaloneWindows64_CodeGen/UnityEngine.TestRunner.dll (+2 others)
[ 739/1025  2s] Csc Library/Bee/artifacts/1900b0aP.dag/labstreaminglayer.LSL4Unity.Runtime.dll (+2 others)
Assets\LSL\LSL4Unity\Runtime\Scripts\Common.cs(33,51): warning CS0618: 'Resolution.refreshRate' is obsolete: 'Resolution.refreshRate is obsolete. Use refreshRateRatio instead.'

Assets\LSL\LSL4Unity\Runtime\Scripts\BaseInlet.cs(43,24): warning CS0618: 'Object.FindObjectOfType<T>()' is obsolete: 'Object.FindObjectOfType has been deprecated. Use Object.FindAnyObjectByType instead.'

Assets\LSL\LSL4Unity\Runtime\Scripts\Resolver.cs(21,33): warning UAC1001: Field 'knownStreams' type 'LSL.StreamInfo' is skipped by serialization (missing the [Serializable] attribute). Refer to the Serialization rules analyzer reference. (https://docs.unity3d.com/6000.5/Documentation/Manual/script-serialization-analyzer.html#uac1001)
[ 740/1025  3s] Csc Library/Bee/artifacts/1900b0aP.dag/UnityEngine.Purchasing.dll (+2 others)
[ 741/1025 26s] Csc Library/Bee/artifacts/StandaloneWindows64_CodeGen/UnityEngine.UI.dll (+2 others)
[           0s] Csc Library/Bee/artifacts/StandaloneWindows64_CodeGen/UnityEngine.TestRunner.dll (+2 others) [CacheWrite ae486eba14a3e7654ead4d666771e56700000000000000000000000000000006]
[           0s] Csc Library/Bee/artifacts/StandaloneWindows64_CodeGen/UnityEngine.UI.dll (+2 others) [CacheWrite d206edbba506a9e9455e4a523eefb5a000000000000000000000000000000006]
[           0s] Csc Library/Bee/artifacts/1900b0aP.dag/UnityEngine.Purchasing.dll (+2 others) [CacheWrite de7153cfb4baada9630b27ce67043d1800000000000000000000000000000006]
[ 742/1025  0s] MovedFromExtractor Library/Bee/artifacts/mvdfrm/UnityEngine.TestRunner.ref.dll_8A6B5906B2BCBEC2.mvfrm
[ 743/1025  0s] MovedFromExtractor Library/Bee/artifacts/mvdfrm/UnityEngine.Purchasing.ref.dll_03C7ACED11CBE8AF.mvfrm
[ 744/1025  0s] MovedFromExtractor Library/Bee/artifacts/mvdfrm/UnityEngine.UI.ref.dll_067A08117AF80C84.mvfrm
[ 745/1025  0s] MovedFromExtractor-Combine Library/Bee/artifacts/StandaloneWindows64_CodeGen/UnityEditor.TestRunner.dll.mvfrm
[ 746/1025  1s] Csc Library/Bee/artifacts/1900b0aP.dag/Unity.Services.Core.Registration.dll (+2 others)
[           0s] Csc Library/Bee/artifacts/StandaloneWindows64_CodeGen/UnityEditor.TestRunner.dll (+2 others) [CacheMiss d95bb6f65b1633c6245559dabb15a2a500000000000000000000000000000006]
[           0s] Csc Library/Bee/artifacts/1900b0aP.dag/Unity.Services.Core.Registration.dll (+2 others) [CacheWrite b8e755888b98e6541e8133330f9cee9400000000000000000000000000000006]
[ 747/1025  0s] MovedFromExtractor-Combine Library/Bee/artifacts/1900b0aP.dag/UnityEngine.Purchasing.Stores.dll.mvfrm
[           0s] Csc Library/Bee/artifacts/1900b0aP.dag/UnityEngine.Purchasing.Stores.dll (+2 others) [CacheMiss f901f3d9f623b0b1c18b394cccfd64dd00000000000000000000000000000006]
[ 748/1025  7s] Csc Library/Bee/artifacts/1900b0aP.dag/Unity.Collections.dll (+2 others)
[ 749/1025  5s] Csc Library/Bee/artifacts/1900b0aP.dag/Unity.VisualScripting.Core.dll (+2 others)
[           0s] Csc Library/Bee/artifacts/1900b0aP.dag/Unity.Collections.dll (+2 others) [CacheWrite 706b9ab42a78330e70e30aded9f0872800000000000000000000000000000006]
[           0s] Csc Library/Bee/artifacts/1900b0aP.dag/Unity.VisualScripting.Core.dll (+2 others) [CacheWrite 76dcc1a7bbc453a4c3b8ecd2c0569d1300000000000000000000000000000006]
[ 750/1025  0s] MovedFromExtractor Library/Bee/artifacts/mvdfrm/Unity.Collections.ref.dll_914F3C16C2C534D8.mvfrm
[ 751/1025  0s] MovedFromExtractor Library/Bee/artifacts/mvdfrm/Unity.VisualScripting.Core.ref.dll_27ACA245D8399F39.mvfrm
[ 752/1025  0s] MovedFromExtractor-Combine Library/Bee/artifacts/1900b0aP.dag/Unity.UnifiedRayTracing.Runtime.dll.mvfrm
[ 753/1025  0s] MovedFromExtractor-Combine Library/Bee/artifacts/1900b0aP.dag/Unity.RenderPipelines.Core.Runtime.dll.mvfrm
[ 754/1025  0s] MovedFromExtractor-Combine Library/Bee/artifacts/1900b0aP.dag/Unity.2D.Common.Runtime.dll.mvfrm
[ 755/1025  0s] MovedFromExtractor-Combine Library/Bee/artifacts/1900b0aP.dag/Unity.VisualScripting.Flow.dll.mvfrm
[           0s] Csc Library/Bee/artifacts/1900b0aP.dag/Unity.UnifiedRayTracing.Runtime.dll (+2 others) [CacheMiss 57115b45bbb3cc6526b7c641746536e400000000000000000000000000000006]
[           0s] Csc Library/Bee/artifacts/1900b0aP.dag/Unity.2D.Common.Runtime.dll (+2 others) [CacheMiss 33d49569e6ca6629767852995602300300000000000000000000000000000006]
[           0s] Csc Library/Bee/artifacts/1900b0aP.dag/Unity.RenderPipelines.Core.Runtime.dll (+2 others) [CacheMiss 81e194264878b26466079a6c9bf07e6100000000000000000000000000000006]
[           0s] Csc Library/Bee/artifacts/1900b0aP.dag/Unity.VisualScripting.Flow.dll (+2 others) [CacheMiss c411b0f9fade923503f657750ffbd08000000000000000000000000000000006]
[ 756/1025  2s] Csc Library/Bee/artifacts/1900b0aP.dag/Unity.2D.Common.Runtime.dll (+2 others)
[           0s] Csc Library/Bee/artifacts/1900b0aP.dag/Unity.2D.Common.Runtime.dll (+2 others) [CacheWrite 33d49569e6ca6629767852995602300300000000000000000000000000000006]
[ 757/1025  0s] MovedFromExtractor Library/Bee/artifacts/mvdfrm/Unity.2D.Common.Runtime.ref.dll_E5EF155FD2A9DC14.mvfrm
[ 758/1025  3s] Csc Library/Bee/artifacts/1900b0aP.dag/Unity.UnifiedRayTracing.Runtime.dll (+2 others)
[           0s] Csc Library/Bee/artifacts/1900b0aP.dag/Unity.UnifiedRayTracing.Runtime.dll (+2 others) [CacheWrite 57115b45bbb3cc6526b7c641746536e400000000000000000000000000000006]
[ 759/1025  0s] MovedFromExtractor-Combine Library/Bee/artifacts/1900b0aP.dag/Unity.2D.SpriteShape.Runtime.dll.mvfrm
[ 760/1025  0s] MovedFromExtractor Library/Bee/artifacts/mvdfrm/Unity.UnifiedRayTracing.Runtime.ref.dll_B6B717069F1A2BB7.mvfrm
[           0s] Csc Library/Bee/artifacts/1900b0aP.dag/Unity.2D.SpriteShape.Runtime.dll (+2 others) [CacheMiss 967dde6f94a8efb4d8d589d001241f7e00000000000000000000000000000006]
[ 761/1025  6s] Csc Library/Bee/artifacts/1900b0aP.dag/UnityEngine.Purchasing.Stores.dll (+2 others)
[           0s] Csc Library/Bee/artifacts/1900b0aP.dag/UnityEngine.Purchasing.Stores.dll (+2 others) [CacheWrite f901f3d9f623b0b1c18b394cccfd64dd00000000000000000000000000000006]
[ 762/1025  5s] Csc Library/Bee/artifacts/1900b0aP.dag/Unity.VisualScripting.Flow.dll (+2 others)
[           0s] Csc Library/Bee/artifacts/1900b0aP.dag/Unity.VisualScripting.Flow.dll (+2 others) [CacheWrite c411b0f9fade923503f657750ffbd08000000000000000000000000000000006]
[ 763/1025  0s] MovedFromExtractor Library/Bee/artifacts/mvdfrm/UnityEngine.Purchasing.Stores.ref.dll_BCC932A586FE2DF7.mvfrm
[ 764/1025  0s] MovedFromExtractor Library/Bee/artifacts/mvdfrm/Unity.VisualScripting.Flow.ref.dll_6EBD829C5A4313E8.mvfrm
[ 765/1025  0s] MovedFromExtractor-Combine Library/Bee/artifacts/1900b0aP.dag/UnityEngine.Purchasing.Codeless.dll.mvfrm
[           0s] Csc Library/Bee/artifacts/1900b0aP.dag/UnityEngine.Purchasing.Codeless.dll (+2 others) [CacheMiss 7fb6d89efcaa9b914cee0f285b5f4e7300000000000000000000000000000006]
[ 766/1025  0s] MovedFromExtractor-Combine Library/Bee/artifacts/1900b0aP.dag/Unity.VisualScripting.State.dll.mvfrm
[ 767/1025  0s] MovedFromExtractor-Combine Library/Bee/artifacts/1900b0aP.dag/Unity.VisualScripting.DocCodeExamples.dll.mvfrm
[           0s] Csc Library/Bee/artifacts/1900b0aP.dag/Unity.VisualScripting.State.dll (+2 others) [CacheMiss 6fd5a9f1d8d0aab26c611aa5b641e14900000000000000000000000000000006]
[           0s] Csc Library/Bee/artifacts/1900b0aP.dag/Unity.VisualScripting.DocCodeExamples.dll (+2 others) [CacheMiss c49fa900b200b6ee6f7a4cfe6192a63300000000000000000000000000000006]
[ 768/1025  0s] Csc Library/Bee/artifacts/1900b0aP.dag/Unity.VisualScripting.DocCodeExamples.dll (+2 others)
[ 769/1025  0s] Csc Library/Bee/artifacts/1900b0aP.dag/UnityEngine.Purchasing.Codeless.dll (+2 others)
[           0s] Csc Library/Bee/artifacts/1900b0aP.dag/Unity.VisualScripting.DocCodeExamples.dll (+2 others) [CacheWrite c49fa900b200b6ee6f7a4cfe6192a63300000000000000000000000000000006]
[ 770/1025  2s] Csc Library/Bee/artifacts/1900b0aP.dag/Unity.2D.SpriteShape.Runtime.dll (+2 others)
[           0s] Csc Library/Bee/artifacts/1900b0aP.dag/UnityEngine.Purchasing.Codeless.dll (+2 others) [CacheWrite 7fb6d89efcaa9b914cee0f285b5f4e7300000000000000000000000000000006]
[           0s] Csc Library/Bee/artifacts/1900b0aP.dag/Unity.2D.SpriteShape.Runtime.dll (+2 others) [CacheWrite 967dde6f94a8efb4d8d589d001241f7e00000000000000000000000000000006]
[ 771/1025  0s] Csc Library/Bee/artifacts/1900b0aP.dag/Unity.VisualScripting.State.dll (+2 others)
[           0s] Csc Library/Bee/artifacts/1900b0aP.dag/Unity.VisualScripting.State.dll (+2 others) [CacheWrite 6fd5a9f1d8d0aab26c611aa5b641e14900000000000000000000000000000006]
[ 772/1025  0s] MovedFromExtractor Library/Bee/artifacts/mvdfrm/UnityEngine.Purchasing.Codeless.ref.dll_F4E278E41B88977B.mvfrm
[ 773/1025  0s] MovedFromExtractor Library/Bee/artifacts/mvdfrm/Unity.2D.SpriteShape.Runtime.ref.dll_371409BB7D882EAD.mvfrm
[ 774/1025  0s] MovedFromExtractor Library/Bee/artifacts/mvdfrm/Unity.VisualScripting.State.ref.dll_F0190167D28F2F4D.mvfrm
[ 775/1025  6s] Csc Library/Bee/artifacts/1900b0aP.dag/Unity.RenderPipelines.Core.Runtime.dll (+2 others)
[           0s] Csc Library/Bee/artifacts/1900b0aP.dag/Unity.RenderPipelines.Core.Runtime.dll (+2 others) [CacheWrite 81e194264878b26466079a6c9bf07e6100000000000000000000000000000006]
[ 776/1025  0s] MovedFromExtractor Library/Bee/artifacts/mvdfrm/Unity.RenderPipelines.Core.Runtime.ref.dll_CA9A1FD000BA57CF.mvfrm
[ 777/1025  0s] MovedFromExtractor-Combine Library/Bee/artifacts/1900b0aP.dag/Unity.RenderPipeline.Universal.ShaderLibrary.dll.mvfrm
[ 778/1025  0s] MovedFromExtractor-Combine Library/Bee/artifacts/1900b0aP.dag/Unity.RenderPipelines.Universal.Config.Runtime.dll.mvfrm
[ 779/1025  0s] MovedFromExtractor-Combine Library/Bee/artifacts/1900b0aP.dag/Unity.RenderPipelines.GPUDriven.Runtime.dll.mvfrm
[ 780/1025  0s] MovedFromExtractor-Combine Library/Bee/artifacts/1900b0aP.dag/Unity.RenderPipelines.Core.Runtime.Shared.dll.mvfrm
[           0s] Csc Library/Bee/artifacts/1900b0aP.dag/Unity.RenderPipelines.GPUDriven.Runtime.dll (+2 others) [CacheMiss b29beccc01c27edae8a7f14c3241acad00000000000000000000000000000006]
[           0s] Csc Library/Bee/artifacts/1900b0aP.dag/Unity.RenderPipelines.Universal.Config.Runtime.dll (+2 others) [CacheMiss 0873511ab287399f8aa4968197747aea00000000000000000000000000000006]
[           0s] Csc Library/Bee/artifacts/1900b0aP.dag/Unity.RenderPipeline.Universal.ShaderLibrary.dll (+2 others) [CacheMiss 0d3e4ea34b15a62cd7b6b8bfd36410d900000000000000000000000000000006]
[           0s] Csc Library/Bee/artifacts/1900b0aP.dag/Unity.RenderPipelines.Core.Runtime.Shared.dll (+2 others) [CacheMiss 908fa26bcf138674cc507d55d467551a00000000000000000000000000000006]
[ 781/1025  0s] MovedFromExtractor-Combine Library/Bee/artifacts/1900b0aP.dag/Unity.PathTracing.Runtime.dll.mvfrm
[           0s] Csc Library/Bee/artifacts/1900b0aP.dag/Unity.PathTracing.Runtime.dll (+2 others) [CacheMiss d372228847ba7f3c9a3e887f4678e5c100000000000000000000000000000006]
[ 782/1025  0s] Csc Library/Bee/artifacts/1900b0aP.dag/Unity.RenderPipeline.Universal.ShaderLibrary.dll (+2 others)
[           0s] Csc Library/Bee/artifacts/1900b0aP.dag/Unity.RenderPipeline.Universal.ShaderLibrary.dll (+2 others) [CacheWrite 0d3e4ea34b15a62cd7b6b8bfd36410d900000000000000000000000000000006]
[ 783/1025  0s] Csc Library/Bee/artifacts/1900b0aP.dag/Unity.RenderPipelines.Core.Runtime.Shared.dll (+2 others)
[ 784/1025  0s] Csc Library/Bee/artifacts/1900b0aP.dag/Unity.RenderPipelines.Universal.Config.Runtime.dll (+2 others)
[ 785/1025  0s] MovedFromExtractor Library/Bee/artifacts/mvdfrm/Unity.RenderPipeline.Universal.ShaderLibrary.ref.dll_3F999310E5378770.mvfrm
[           0s] Csc Library/Bee/artifacts/1900b0aP.dag/Unity.RenderPipelines.Universal.Config.Runtime.dll (+2 others) [CacheWrite 0873511ab287399f8aa4968197747aea00000000000000000000000000000006]
[           0s] Csc Library/Bee/artifacts/1900b0aP.dag/Unity.RenderPipelines.Core.Runtime.Shared.dll (+2 others) [CacheWrite 908fa26bcf138674cc507d55d467551a00000000000000000000000000000006]
[ 786/1025  0s] MovedFromExtractor Library/Bee/artifacts/mvdfrm/Unity.RenderPipelines.Core.Runtime.Shared.ref.dll_A11292DE152BD14A.mvfrm
[ 787/1025  0s] MovedFromExtractor Library/Bee/artifacts/mvdfrm/Unity.RenderPipelines.Universal.Config.Runtime.ref.dll_353B80D40F2F40C5.mvfrm
[ 788/1025  0s] Csc Library/Bee/artifacts/1900b0aP.dag/Unity.PathTracing.Runtime.dll (+2 others)
[           0s] Csc Library/Bee/artifacts/1900b0aP.dag/Unity.PathTracing.Runtime.dll (+2 others) [CacheWrite d372228847ba7f3c9a3e887f4678e5c100000000000000000000000000000006]
[ 789/1025  0s] MovedFromExtractor Library/Bee/artifacts/mvdfrm/Unity.PathTracing.Runtime.ref.dll_F18138D53E97817A.mvfrm
[ 790/1025  0s] MovedFromExtractor-Combine Library/Bee/artifacts/1900b0aP.dag/Unity.SurfaceCache.Runtime.dll.mvfrm
[ 791/1025  1s] Csc Library/Bee/artifacts/1900b0aP.dag/Unity.RenderPipelines.GPUDriven.Runtime.dll (+2 others)
[           0s] Csc Library/Bee/artifacts/1900b0aP.dag/Unity.SurfaceCache.Runtime.dll (+2 others) [CacheMiss 1d1199fc50c497c048f6efa28b67791500000000000000000000000000000006]
[           0s] Csc Library/Bee/artifacts/1900b0aP.dag/Unity.RenderPipelines.GPUDriven.Runtime.dll (+2 others) [CacheWrite b29beccc01c27edae8a7f14c3241acad00000000000000000000000000000006]
[ 792/1025  0s] MovedFromExtractor Library/Bee/artifacts/mvdfrm/Unity.RenderPipelines.GPUDriven.Runtime.ref.dll_33DB0E7B7B33ECCA.mvfrm
[ 793/1025  0s] Csc Library/Bee/artifacts/1900b0aP.dag/Unity.SurfaceCache.Runtime.dll (+2 others)
[           0s] Csc Library/Bee/artifacts/1900b0aP.dag/Unity.SurfaceCache.Runtime.dll (+2 others) [CacheWrite 1d1199fc50c497c048f6efa28b67791500000000000000000000000000000006]
[ 794/1025  0s] MovedFromExtractor Library/Bee/artifacts/mvdfrm/Unity.SurfaceCache.Runtime.ref.dll_6FCF5F96E79D01A2.mvfrm
[ 795/1025  0s] MovedFromExtractor-Combine Library/Bee/artifacts/1900b0aP.dag/Unity.RenderPipelines.Universal.Runtime.dll.mvfrm
[           0s] Csc Library/Bee/artifacts/1900b0aP.dag/Unity.RenderPipelines.Universal.Runtime.dll (+2 others) [CacheMiss ddc031874d7de7b9b55496b4c0fbd47b00000000000000000000000000000006]
[ 796/1025  1s] Csc Library/Bee/artifacts/1900b0aP.dag/Unity.RenderPipelines.Universal.Runtime.dll (+2 others)
[           0s] Csc Library/Bee/artifacts/1900b0aP.dag/Unity.RenderPipelines.Universal.Runtime.dll (+2 others) [CacheWrite ddc031874d7de7b9b55496b4c0fbd47b00000000000000000000000000000006]
[ 797/1025  0s] MovedFromExtractor Library/Bee/artifacts/mvdfrm/Unity.RenderPipelines.Universal.Runtime.ref.dll_F2E669F900AB6F15.mvfrm
[ 798/1025  0s] MovedFromExtractor-Combine Library/Bee/artifacts/1900b0aP.dag/Unity.2D.Animation.Runtime.dll.mvfrm
[           0s] Csc Library/Bee/artifacts/1900b0aP.dag/Unity.2D.Animation.Runtime.dll (+2 others) [CacheMiss 29f49c148443b2f916159263ca8dae7b00000000000000000000000000000006]
[ 799/1025  0s] Csc Library/Bee/artifacts/1900b0aP.dag/Unity.2D.Animation.Runtime.dll (+2 others)
[           0s] Csc Library/Bee/artifacts/1900b0aP.dag/Unity.2D.Animation.Runtime.dll (+2 others) [CacheWrite 29f49c148443b2f916159263ca8dae7b00000000000000000000000000000006]
[ 800/1025  0s] MovedFromExtractor Library/Bee/artifacts/mvdfrm/Unity.2D.Animation.Runtime.ref.dll_B7961485F51EB435.mvfrm
[ 801/1025  0s] MovedFromExtractor-Combine Library/Bee/artifacts/1900b0aP.dag/Unity.2D.IK.Runtime.dll.mvfrm
[ 802/1025  0s] MovedFromExtractor-Combine Library/Bee/artifacts/1900b0aP.dag/Unity.RenderPipelines.Universal.2D.Runtime.dll.mvfrm
[           0s] Csc Library/Bee/artifacts/1900b0aP.dag/Unity.2D.IK.Runtime.dll (+2 others) [CacheMiss 48b12a1e8763572199edd8a791cc54e400000000000000000000000000000006]
[           0s] Csc Library/Bee/artifacts/1900b0aP.dag/Unity.RenderPipelines.Universal.2D.Runtime.dll (+2 others) [CacheMiss 536427fd5d68509656cfd3a91992165000000000000000000000000000000006]
[ 803/1025  0s] Csc Library/Bee/artifacts/1900b0aP.dag/Unity.2D.IK.Runtime.dll (+2 others)
[           0s] Csc Library/Bee/artifacts/1900b0aP.dag/Unity.2D.IK.Runtime.dll (+2 others) [CacheWrite 48b12a1e8763572199edd8a791cc54e400000000000000000000000000000006]
[ 804/1025  0s] MovedFromExtractor Library/Bee/artifacts/mvdfrm/Unity.2D.IK.Runtime.ref.dll_8B0B10238FE8CA2B.mvfrm
[ 805/1025  1s] Csc Library/Bee/artifacts/1900b0aP.dag/Unity.RenderPipelines.Universal.2D.Runtime.dll (+2 others)
[ 806/1025 15s] Csc Library/Bee/artifacts/StandaloneWindows64_CodeGen/UnityEditor.TestRunner.dll (+2 others)
[           0s] Csc Library/Bee/artifacts/1900b0aP.dag/Unity.RenderPipelines.Universal.2D.Runtime.dll (+2 others) [CacheWrite 536427fd5d68509656cfd3a91992165000000000000000000000000000000006]
[           0s] Csc Library/Bee/artifacts/StandaloneWindows64_CodeGen/UnityEditor.TestRunner.dll (+2 others) [CacheWrite d95bb6f65b1633c6245559dabb15a2a500000000000000000000000000000006]
[ 807/1025  0s] MovedFromExtractor Library/Bee/artifacts/mvdfrm/Unity.RenderPipelines.Universal.2D.Runtime.ref.dll_68A831FF7907BBB5.mvfrm
[ 808/1025  0s] MovedFromExtractor Library/Bee/artifacts/mvdfrm/UnityEditor.TestRunner.ref.dll_BE4D0E5886F960D7.mvfrm
[ 809/1025  0s] MovedFromExtractor-Combine Library/Bee/artifacts/1900b0aP.dag/Assembly-CSharp.dll.mvfrm
[ 810/1025  0s] MovedFromExtractor-Combine Library/Bee/artifacts/StandaloneWindows64_CodeGen/UnityEditor.UI.dll.mvfrm
[           0s] Csc Library/Bee/artifacts/StandaloneWindows64_CodeGen/UnityEditor.UI.dll (+2 others) [CacheMiss 0e5a81d07da3c18817defb610f2c041a00000000000000000000000000000006]
[ 811/1025  0s] Csc Library/Bee/artifacts/1900b0aP.dag/Assembly-CSharp.dll (+2 others)
[ 812/1025  0s] Csc Library/Bee/artifacts/StandaloneWindows64_CodeGen/UnityEditor.UI.dll (+2 others)
[           0s] Csc Library/Bee/artifacts/StandaloneWindows64_CodeGen/UnityEditor.UI.dll (+2 others) [CacheWrite 0e5a81d07da3c18817defb610f2c041a00000000000000000000000000000006]
[ 813/1025  0s] MovedFromExtractor Library/Bee/artifacts/mvdfrm/UnityEditor.UI.ref.dll_4A1431B674D5E419.mvfrm
[ 814/1025  0s] MovedFromExtractor-Combine Library/Bee/artifacts/StandaloneWindows64_CodeGen/Unity.Burst.dll.mvfrm
[ 815/1025  0s] MovedFromExtractor-Combine Library/Bee/artifacts/StandaloneWindows64_CodeGen/Unity.Mathematics.dll.mvfrm
[           0s] Csc Library/Bee/artifacts/StandaloneWindows64_CodeGen/Unity.Burst.dll (+2 others) [CacheMiss b33a49529e2adc0b606369373052505700000000000000000000000000000006]
[           0s] Csc Library/Bee/artifacts/StandaloneWindows64_CodeGen/Unity.Mathematics.dll (+2 others) [CacheMiss 6d491c0ca9bca43b76456ea1dd99b05300000000000000000000000000000006]
[ 816/1025  0s] Csc Library/Bee/artifacts/StandaloneWindows64_CodeGen/Unity.Mathematics.dll (+2 others)
[           0s] Csc Library/Bee/artifacts/StandaloneWindows64_CodeGen/Unity.Mathematics.dll (+2 others) [CacheWrite 6d491c0ca9bca43b76456ea1dd99b05300000000000000000000000000000006]
[ 817/1025  0s] MovedFromExtractor Library/Bee/artifacts/mvdfrm/Unity.Mathematics.ref.dll_628E19C683409F6A.mvfrm
[ 818/1025  1s] Csc Library/Bee/artifacts/StandaloneWindows64_CodeGen/Unity.Burst.dll (+2 others)
[           0s] Csc Library/Bee/artifacts/StandaloneWindows64_CodeGen/Unity.Burst.dll (+2 others) [CacheWrite b33a49529e2adc0b606369373052505700000000000000000000000000000006]
[ 819/1025  0s] MovedFromExtractor Library/Bee/artifacts/mvdfrm/Unity.Burst.ref.dll_1FE2D3C1A29D2F04.mvfrm
[ 820/1025  0s] MovedFromExtractor-Combine Library/Bee/artifacts/StandaloneWindows64_CodeGen/Unity.Collections.dll.mvfrm
[ 821/1025  0s] MovedFromExtractor-Combine Library/Bee/artifacts/StandaloneWindows64_CodeGen/Unity.Burst.CodeGen.dll.mvfrm
[           0s] Csc Library/Bee/artifacts/StandaloneWindows64_CodeGen/Unity.Burst.CodeGen.dll (+2 others) [CacheMiss df5d13efbba2b0a841ca6ab5fa56de9c00000000000000000000000000000006]
[           0s] Csc Library/Bee/artifacts/StandaloneWindows64_CodeGen/Unity.Collections.dll (+2 others) [CacheMiss 40c7753d7dbe8dcff41ea15abf5ea1cf00000000000000000000000000000006]
[ 822/1025  0s] Csc Library/Bee/artifacts/StandaloneWindows64_CodeGen/Unity.Burst.CodeGen.dll (+2 others)
[           0s] Csc Library/Bee/artifacts/StandaloneWindows64_CodeGen/Unity.Burst.CodeGen.dll (+2 others) [CacheWrite df5d13efbba2b0a841ca6ab5fa56de9c00000000000000000000000000000006]
[ 823/1025  1s] Csc Library/Bee/artifacts/StandaloneWindows64_CodeGen/Unity.Collections.dll (+2 others)
[           0s] Csc Library/Bee/artifacts/StandaloneWindows64_CodeGen/Unity.Collections.dll (+2 others) [CacheWrite 40c7753d7dbe8dcff41ea15abf5ea1cf00000000000000000000000000000006]
[ 824/1025  0s] MovedFromExtractor Library/Bee/artifacts/mvdfrm/Unity.Collections.ref.dll_DF0BB2BBDD6526E9.mvfrm
[ 825/1025  0s] MovedFromExtractor-Combine Library/Bee/artifacts/StandaloneWindows64_CodeGen/Unity.Collections.CodeGen.dll.mvfrm
[           0s] Csc Library/Bee/artifacts/StandaloneWindows64_CodeGen/Unity.Collections.CodeGen.dll (+2 others) [CacheMiss 58c4e355a60763ae4196b34062db2c9400000000000000000000000000000006]
[ 826/1025  0s] Csc Library/Bee/artifacts/StandaloneWindows64_CodeGen/Unity.Collections.CodeGen.dll (+2 others)
[           0s] Csc Library/Bee/artifacts/StandaloneWindows64_CodeGen/Unity.Collections.CodeGen.dll (+2 others) [CacheWrite 58c4e355a60763ae4196b34062db2c9400000000000000000000000000000006]
[ 827/1025  0s] ILPP-Configuration Library/ilpp-configuration.nevergeneratedoutput
[ 828/1025  1s] ILPostProcess Library/Bee/artifacts/1900b0aP.dag/post-processed/Unity.InternalAPIEngineBridge.001.dll (+pdb)
Processing assembly Library/Bee/artifacts/1900b0aP.dag/Unity.InternalAPIEngineBridge.001.dll, with 130 defines and 219 references

processors: Unity.Jobs.CodeGen.JobsILPostProcessor, zzzUnity.Burst.CodeGen.BurstILPostProcessor

running Unity.Jobs.CodeGen.JobsILPostProcessor

running zzzUnity.Burst.CodeGen.BurstILPostProcessor
[ 829/1025  1s] ILPostProcess Library/Bee/artifacts/1900b0aP.dag/post-processed/Unity.Services.Core.Components.dll (+pdb)
Processing assembly Library/Bee/artifacts/1900b0aP.dag/Unity.Services.Core.Components.dll, with 130 defines and 222 references

processors: Unity.Jobs.CodeGen.JobsILPostProcessor, zzzUnity.Burst.CodeGen.BurstILPostProcessor

running Unity.Jobs.CodeGen.JobsILPostProcessor

running zzzUnity.Burst.CodeGen.BurstILPostProcessor
[ 830/1025  1s] ILPostProcess Library/Bee/artifacts/1900b0aP.dag/post-processed/Unity.Analytics.DataPrivacy.dll (+pdb)
Processing assembly Library/Bee/artifacts/1900b0aP.dag/Unity.Analytics.DataPrivacy.dll, with 130 defines and 219 references

processors: Unity.Jobs.CodeGen.JobsILPostProcessor, zzzUnity.Burst.CodeGen.BurstILPostProcessor

running Unity.Jobs.CodeGen.JobsILPostProcessor

running zzzUnity.Burst.CodeGen.BurstILPostProcessor
[ 831/1025  1s] ILPostProcess Library/Bee/artifacts/1900b0aP.dag/post-processed/Unity.TextMeshPro.dll (+pdb)
Processing assembly Library/Bee/artifacts/1900b0aP.dag/Unity.TextMeshPro.dll, with 131 defines and 220 references

processors: Unity.Jobs.CodeGen.JobsILPostProcessor, zzzUnity.Burst.CodeGen.BurstILPostProcessor

running Unity.Jobs.CodeGen.JobsILPostProcessor

running zzzUnity.Burst.CodeGen.BurstILPostProcessor
[ 832/1025  1s] ILPostProcess Library/Bee/artifacts/1900b0aP.dag/post-processed/Unity.RenderPipeline.Universal.ShaderLibrary.dll (+pdb)
Processing assembly Library/Bee/artifacts/1900b0aP.dag/Unity.RenderPipeline.Universal.ShaderLibrary.dll, with 130 defines and 220 references

processors: Unity.Jobs.CodeGen.JobsILPostProcessor, zzzUnity.Burst.CodeGen.BurstILPostProcessor

running Unity.Jobs.CodeGen.JobsILPostProcessor

running zzzUnity.Burst.CodeGen.BurstILPostProcessor
[ 833/1025  1s] ILPostProcess Library/Bee/artifacts/1900b0aP.dag/post-processed/Unity.Services.Core.Device.dll (+pdb)
Processing assembly Library/Bee/artifacts/1900b0aP.dag/Unity.Services.Core.Device.dll, with 130 defines and 220 references

processors: Unity.Jobs.CodeGen.JobsILPostProcessor, zzzUnity.Burst.CodeGen.BurstILPostProcessor

running Unity.Jobs.CodeGen.JobsILPostProcessor

running zzzUnity.Burst.CodeGen.BurstILPostProcessor
[ 834/1025  1s] ILPostProcess Library/Bee/artifacts/1900b0aP.dag/post-processed/Unity.Services.Core.Threading.dll (+pdb)
Processing assembly Library/Bee/artifacts/1900b0aP.dag/Unity.Services.Core.Threading.dll, with 130 defines and 221 references

processors: Unity.Jobs.CodeGen.JobsILPostProcessor, zzzUnity.Burst.CodeGen.BurstILPostProcessor

running Unity.Jobs.CodeGen.JobsILPostProcessor

running zzzUnity.Burst.CodeGen.BurstILPostProcessor
[ 835/1025  1s] ILPostProcess Library/Bee/artifacts/1900b0aP.dag/post-processed/Unity.Services.Core.Configuration.dll (+pdb)
Processing assembly Library/Bee/artifacts/1900b0aP.dag/Unity.Services.Core.Configuration.dll, with 130 defines and 221 references

processors: Unity.Jobs.CodeGen.JobsILPostProcessor, zzzUnity.Burst.CodeGen.BurstILPostProcessor

running Unity.Jobs.CodeGen.JobsILPostProcessor

running zzzUnity.Burst.CodeGen.BurstILPostProcessor
[ 836/1025  1s] ILPostProcess Library/Bee/artifacts/1900b0aP.dag/post-processed/UnityEngine.Purchasing.SecurityStub.dll (+pdb)
Processing assembly Library/Bee/artifacts/1900b0aP.dag/UnityEngine.Purchasing.SecurityStub.dll, with 130 defines and 220 references

processors: Unity.Jobs.CodeGen.JobsILPostProcessor, zzzUnity.Burst.CodeGen.BurstILPostProcessor

running Unity.Jobs.CodeGen.JobsILPostProcessor

running zzzUnity.Burst.CodeGen.BurstILPostProcessor
[ 837/1025  1s] ILPostProcess Library/Bee/artifacts/1900b0aP.dag/post-processed/Unity.VisualScripting.State.dll (+pdb)
Processing assembly Library/Bee/artifacts/1900b0aP.dag/Unity.VisualScripting.State.dll, with 130 defines and 221 references

processors: Unity.Jobs.CodeGen.JobsILPostProcessor, zzzUnity.Burst.CodeGen.BurstILPostProcessor

running Unity.Jobs.CodeGen.JobsILPostProcessor

running zzzUnity.Burst.CodeGen.BurstILPostProcessor
[ 838/1025  1s] ILPostProcess Library/Bee/artifacts/1900b0aP.dag/post-processed/Unity.VisualScripting.DocCodeExamples.dll (+pdb)
Processing assembly Library/Bee/artifacts/1900b0aP.dag/Unity.VisualScripting.DocCodeExamples.dll, with 130 defines and 217 references

processors: Unity.Jobs.CodeGen.JobsILPostProcessor, zzzUnity.Burst.CodeGen.BurstILPostProcessor

running Unity.Jobs.CodeGen.JobsILPostProcessor

running zzzUnity.Burst.CodeGen.BurstILPostProcessor
[ 839/1025  1s] ILPostProcess Library/Bee/artifacts/1900b0aP.dag/post-processed/Unity.VisualScripting.Core.dll (+pdb)
Processing assembly Library/Bee/artifacts/1900b0aP.dag/Unity.VisualScripting.Core.dll, with 135 defines and 220 references

processors: Unity.Jobs.CodeGen.JobsILPostProcessor, zzzUnity.Burst.CodeGen.BurstILPostProcessor

running Unity.Jobs.CodeGen.JobsILPostProcessor

running zzzUnity.Burst.CodeGen.BurstILPostProcessor
[ 840/1025  0s] ILPostProcess Library/Bee/artifacts/1900b0aP.dag/post-processed/Unity.RenderPipelines.ShaderGraph.ShaderGraphLibrary.dll (+pdb)
Processing assembly Library/Bee/artifacts/1900b0aP.dag/Unity.RenderPipelines.ShaderGraph.ShaderGraphLibrary.dll, with 130 defines and 219 references

processors: Unity.Jobs.CodeGen.JobsILPostProcessor, zzzUnity.Burst.CodeGen.BurstILPostProcessor

running Unity.Jobs.CodeGen.JobsILPostProcessor

running zzzUnity.Burst.CodeGen.BurstILPostProcessor
[ 841/1025  0s] ILPostProcess Library/Bee/artifacts/1900b0aP.dag/post-processed/UnityEngine.Purchasing.AppleMacosStub.dll (+pdb)
Processing assembly Library/Bee/artifacts/1900b0aP.dag/UnityEngine.Purchasing.AppleMacosStub.dll, with 130 defines and 221 references

processors: Unity.Jobs.CodeGen.JobsILPostProcessor, zzzUnity.Burst.CodeGen.BurstILPostProcessor

running Unity.Jobs.CodeGen.JobsILPostProcessor

running zzzUnity.Burst.CodeGen.BurstILPostProcessor
[ 842/1025  0s] ILPostProcess Library/Bee/artifacts/1900b0aP.dag/post-processed/UnityEngine.Purchasing.AppleStub.dll (+pdb)
Processing assembly Library/Bee/artifacts/1900b0aP.dag/UnityEngine.Purchasing.AppleStub.dll, with 130 defines and 221 references

processors: Unity.Jobs.CodeGen.JobsILPostProcessor, zzzUnity.Burst.CodeGen.BurstILPostProcessor

running Unity.Jobs.CodeGen.JobsILPostProcessor

running zzzUnity.Burst.CodeGen.BurstILPostProcessor
[ 843/1025  0s] ILPostProcess Library/Bee/artifacts/1900b0aP.dag/post-processed/UnityEngine.Purchasing.Stores.dll (+pdb)
Processing assembly Library/Bee/artifacts/1900b0aP.dag/UnityEngine.Purchasing.Stores.dll, with 130 defines and 226 references

processors: Unity.Jobs.CodeGen.JobsILPostProcessor, zzzUnity.Burst.CodeGen.BurstILPostProcessor

running Unity.Jobs.CodeGen.JobsILPostProcessor

running zzzUnity.Burst.CodeGen.BurstILPostProcessor
[ 844/1025  0s] ILPostProcess Library/Bee/artifacts/1900b0aP.dag/post-processed/Unity.VisualScripting.Flow.dll (+pdb)
Processing assembly Library/Bee/artifacts/1900b0aP.dag/Unity.VisualScripting.Flow.dll, with 138 defines and 221 references

processors: Unity.Jobs.CodeGen.JobsILPostProcessor, zzzUnity.Burst.CodeGen.BurstILPostProcessor

running Unity.Jobs.CodeGen.JobsILPostProcessor

running zzzUnity.Burst.CodeGen.BurstILPostProcessor
[ 845/1025  0s] ILPostProcess Library/Bee/artifacts/1900b0aP.dag/post-processed/Unity.InputSystem.dll (+pdb)
Processing assembly Library/Bee/artifacts/1900b0aP.dag/Unity.InputSystem.dll, with 142 defines and 219 references

processors: Unity.Jobs.CodeGen.JobsILPostProcessor, zzzUnity.Burst.CodeGen.BurstILPostProcessor

running Unity.Jobs.CodeGen.JobsILPostProcessor

running zzzUnity.Burst.CodeGen.BurstILPostProcessor
[ 846/1025  0s] ILPostProcess Library/Bee/artifacts/1900b0aP.dag/post-processed/Unity.SurfaceCache.Runtime.dll (+pdb)
Processing assembly Library/Bee/artifacts/1900b0aP.dag/Unity.SurfaceCache.Runtime.dll, with 130 defines and 223 references

processors: Unity.Jobs.CodeGen.JobsILPostProcessor, zzzUnity.Burst.CodeGen.BurstILPostProcessor

running Unity.Jobs.CodeGen.JobsILPostProcessor

running zzzUnity.Burst.CodeGen.BurstILPostProcessor
[ 847/1025  0s] ILPostProcess Library/Bee/artifacts/1900b0aP.dag/post-processed/Unity.RenderPipelines.Universal.Shaders.dll (+pdb)
Processing assembly Library/Bee/artifacts/1900b0aP.dag/Unity.RenderPipelines.Universal.Shaders.dll, with 130 defines and 219 references

processors: Unity.Jobs.CodeGen.JobsILPostProcessor, zzzUnity.Burst.CodeGen.BurstILPostProcessor

running Unity.Jobs.CodeGen.JobsILPostProcessor

running zzzUnity.Burst.CodeGen.BurstILPostProcessor
[ 848/1025  0s] ILPostProcess Library/Bee/artifacts/1900b0aP.dag/post-processed/Unity.RenderPipelines.Universal.Runtime.dll (+pdb)
Processing assembly Library/Bee/artifacts/1900b0aP.dag/Unity.RenderPipelines.Universal.Runtime.dll, with 137 defines and 229 references

processors: Unity.Jobs.CodeGen.JobsILPostProcessor, zzzUnity.Burst.CodeGen.BurstILPostProcessor

running Unity.Jobs.CodeGen.JobsILPostProcessor

running zzzUnity.Burst.CodeGen.BurstILPostProcessor
[ 849/1025  0s] ILPostProcess Library/Bee/artifacts/1900b0aP.dag/post-processed/Unity.Services.Core.Scheduler.dll (+pdb)
Processing assembly Library/Bee/artifacts/1900b0aP.dag/Unity.Services.Core.Scheduler.dll, with 130 defines and 221 references

processors: Unity.Jobs.CodeGen.JobsILPostProcessor, zzzUnity.Burst.CodeGen.BurstILPostProcessor

running Unity.Jobs.CodeGen.JobsILPostProcessor

running zzzUnity.Burst.CodeGen.BurstILPostProcessor
[ 850/1025  0s] ILPostProcess Library/Bee/artifacts/1900b0aP.dag/post-processed/Unity.2D.IK.Runtime.dll (+pdb)
Processing assembly Library/Bee/artifacts/1900b0aP.dag/Unity.2D.IK.Runtime.dll, with 130 defines and 223 references

processors: Unity.Jobs.CodeGen.JobsILPostProcessor, zzzUnity.Burst.CodeGen.BurstILPostProcessor

running Unity.Jobs.CodeGen.JobsILPostProcessor

running zzzUnity.Burst.CodeGen.BurstILPostProcessor
[ 851/1025  0s] ILPostProcess Library/Bee/artifacts/1900b0aP.dag/post-processed/Unity.2D.SpriteShape.Runtime.dll (+pdb)
Processing assembly Library/Bee/artifacts/1900b0aP.dag/Unity.2D.SpriteShape.Runtime.dll, with 131 defines and 223 references

processors: Unity.Jobs.CodeGen.JobsILPostProcessor, zzzUnity.Burst.CodeGen.BurstILPostProcessor

running Unity.Jobs.CodeGen.JobsILPostProcessor

running zzzUnity.Burst.CodeGen.BurstILPostProcessor
[ 852/1025  0s] ILPostProcess Library/Bee/artifacts/1900b0aP.dag/post-processed/Unity.RenderPipelines.Universal.Config.Runtime.dll (+pdb)
Processing assembly Library/Bee/artifacts/1900b0aP.dag/Unity.RenderPipelines.Universal.Config.Runtime.dll, with 130 defines and 220 references

processors: Unity.Jobs.CodeGen.JobsILPostProcessor, zzzUnity.Burst.CodeGen.BurstILPostProcessor

running Unity.Jobs.CodeGen.JobsILPostProcessor

running zzzUnity.Burst.CodeGen.BurstILPostProcessor
[ 853/1025  0s] ILPostProcess Library/Bee/artifacts/1900b0aP.dag/post-processed/Unity.Timeline.dll (+pdb)
Processing assembly Library/Bee/artifacts/1900b0aP.dag/Unity.Timeline.dll, with 131 defines and 219 references

processors: Unity.Jobs.CodeGen.JobsILPostProcessor, zzzUnity.Burst.CodeGen.BurstILPostProcessor

running Unity.Jobs.CodeGen.JobsILPostProcessor

running zzzUnity.Burst.CodeGen.BurstILPostProcessor
[ 854/1025  0s] ILPostProcess Library/Bee/artifacts/1900b0aP.dag/post-processed/Unity.Services.Core.Telemetry.dll (+pdb)
Processing assembly Library/Bee/artifacts/1900b0aP.dag/Unity.Services.Core.Telemetry.dll, with 130 defines and 221 references

processors: Unity.Jobs.CodeGen.JobsILPostProcessor, zzzUnity.Burst.CodeGen.BurstILPostProcessor

running Unity.Jobs.CodeGen.JobsILPostProcessor

running zzzUnity.Burst.CodeGen.BurstILPostProcessor
[ 855/1025  0s] ILPostProcess Library/Bee/artifacts/1900b0aP.dag/post-processed/Unity.Mathematics.dll (+pdb)
Processing assembly Library/Bee/artifacts/1900b0aP.dag/Unity.Mathematics.dll, with 130 defines and 219 references

processors: Unity.Jobs.CodeGen.JobsILPostProcessor, zzzUnity.Burst.CodeGen.BurstILPostProcessor

running Unity.Jobs.CodeGen.JobsILPostProcessor

running zzzUnity.Burst.CodeGen.BurstILPostProcessor
[ 856/1025  0s] ILPostProcess Library/Bee/artifacts/1900b0aP.dag/post-processed/Unity.Services.Core.Environments.dll (+pdb)
Processing assembly Library/Bee/artifacts/1900b0aP.dag/Unity.Services.Core.Environments.dll, with 130 defines and 221 references

processors: Unity.Jobs.CodeGen.JobsILPostProcessor, zzzUnity.Burst.CodeGen.BurstILPostProcessor

running Unity.Jobs.CodeGen.JobsILPostProcessor

running zzzUnity.Burst.CodeGen.BurstILPostProcessor
[ 857/1025  0s] ILPostProcess Library/Bee/artifacts/1900b0aP.dag/post-processed/Unity.InputSystem.ForUI.dll (+pdb)
Processing assembly Library/Bee/artifacts/1900b0aP.dag/Unity.InputSystem.ForUI.dll, with 130 defines and 220 references

processors: Unity.Jobs.CodeGen.JobsILPostProcessor, zzzUnity.Burst.CodeGen.BurstILPostProcessor

running Unity.Jobs.CodeGen.JobsILPostProcessor

running zzzUnity.Burst.CodeGen.BurstILPostProcessor
[ 858/1025  0s] ILPostProcess Library/Bee/artifacts/1900b0aP.dag/post-processed/Unity.Burst.dll (+pdb)
Processing assembly Library/Bee/artifacts/1900b0aP.dag/Unity.Burst.dll, with 130 defines and 216 references

processors: Unity.Jobs.CodeGen.JobsILPostProcessor, zzzUnity.Burst.CodeGen.BurstILPostProcessor

running Unity.Jobs.CodeGen.JobsILPostProcessor

running zzzUnity.Burst.CodeGen.BurstILPostProcessor
[ 859/1025  1s] ILPostProcess Library/Bee/artifacts/1900b0aP.dag/post-processed/Unity.Services.Core.Networking.dll (+pdb)
Processing assembly Library/Bee/artifacts/1900b0aP.dag/Unity.Services.Core.Networking.dll, with 130 defines and 221 references

processors: Unity.Jobs.CodeGen.JobsILPostProcessor, zzzUnity.Burst.CodeGen.BurstILPostProcessor

running Unity.Jobs.CodeGen.JobsILPostProcessor

running zzzUnity.Burst.CodeGen.BurstILPostProcessor
[ 860/1025  1s] ILPostProcess Library/Bee/artifacts/1900b0aP.dag/post-processed/Unity.RenderPipelines.Core.Runtime.Shared.dll (+pdb)
Processing assembly Library/Bee/artifacts/1900b0aP.dag/Unity.RenderPipelines.Core.Runtime.Shared.dll, with 130 defines and 222 references

processors: Unity.Jobs.CodeGen.JobsILPostProcessor, zzzUnity.Burst.CodeGen.BurstILPostProcessor

running Unity.Jobs.CodeGen.JobsILPostProcessor

running zzzUnity.Burst.CodeGen.BurstILPostProcessor
[ 861/1025  0s] ILPostProcess Library/Bee/artifacts/1900b0aP.dag/post-processed/Unity.Services.Core.Environments.Internal.dll (+pdb)
Processing assembly Library/Bee/artifacts/1900b0aP.dag/Unity.Services.Core.Environments.Internal.dll, with 130 defines and 220 references

processors: Unity.Jobs.CodeGen.JobsILPostProcessor, zzzUnity.Burst.CodeGen.BurstILPostProcessor

running Unity.Jobs.CodeGen.JobsILPostProcessor

running zzzUnity.Burst.CodeGen.BurstILPostProcessor
[ 862/1025  0s] ILPostProcess Library/Bee/artifacts/1900b0aP.dag/post-processed/UnityEngine.Purchasing.SecurityCore.dll (+pdb)
Processing assembly Library/Bee/artifacts/1900b0aP.dag/UnityEngine.Purchasing.SecurityCore.dll, with 130 defines and 219 references

processors: Unity.Jobs.CodeGen.JobsILPostProcessor, zzzUnity.Burst.CodeGen.BurstILPostProcessor

running Unity.Jobs.CodeGen.JobsILPostProcessor

running zzzUnity.Burst.CodeGen.BurstILPostProcessor
[ 863/1025  0s] ILPostProcess Library/Bee/artifacts/1900b0aP.dag/post-processed/Unity.InternalAPIEngineBridge.RenderPipelines.Core.Runtime.Shared.dll (+pdb)
Processing assembly Library/Bee/artifacts/1900b0aP.dag/Unity.InternalAPIEngineBridge.RenderPipelines.Core.Runtime.Shared.dll, with 130 defines and 219 references

processors: Unity.Jobs.CodeGen.JobsILPostProcessor, zzzUnity.Burst.CodeGen.BurstILPostProcessor

running Unity.Jobs.CodeGen.JobsILPostProcessor

running zzzUnity.Burst.CodeGen.BurstILPostProcessor
[ 864/1025  1s] ILPostProcess Library/Bee/artifacts/1900b0aP.dag/post-processed/UnityEngine.UI.dll (+pdb)
Processing assembly Library/Bee/artifacts/1900b0aP.dag/UnityEngine.UI.dll, with 136 defines and 218 references

processors: Unity.Jobs.CodeGen.JobsILPostProcessor, zzzUnity.Burst.CodeGen.BurstILPostProcessor

running Unity.Jobs.CodeGen.JobsILPostProcessor

running zzzUnity.Burst.CodeGen.BurstILPostProcessor
[ 865/1025  1s] ILPostProcess Library/Bee/artifacts/1900b0aP.dag/post-processed/Assembly-CSharp.dll (+pdb)
Processing assembly Library/Bee/artifacts/1900b0aP.dag/Assembly-CSharp.dll, with 130 defines and 267 references

processors: Unity.Jobs.CodeGen.JobsILPostProcessor, zzzUnity.Burst.CodeGen.BurstILPostProcessor

running Unity.Jobs.CodeGen.JobsILPostProcessor

running zzzUnity.Burst.CodeGen.BurstILPostProcessor
[ 866/1025  1s] ILPostProcess Library/Bee/artifacts/1900b0aP.dag/post-processed/Unity.2D.Common.Runtime.dll (+pdb)
Processing assembly Library/Bee/artifacts/1900b0aP.dag/Unity.2D.Common.Runtime.dll, with 130 defines and 222 references

processors: Unity.Jobs.CodeGen.JobsILPostProcessor, zzzUnity.Burst.CodeGen.BurstILPostProcessor

running Unity.Jobs.CodeGen.JobsILPostProcessor

running zzzUnity.Burst.CodeGen.BurstILPostProcessor
[ 867/1025  1s] ILPostProcess Library/Bee/artifacts/1900b0aP.dag/post-processed/Unity.Services.Analytics.dll (+pdb)
Processing assembly Library/Bee/artifacts/1900b0aP.dag/Unity.Services.Analytics.dll, with 130 defines and 217 references

processors: Unity.Jobs.CodeGen.JobsILPostProcessor, zzzUnity.Burst.CodeGen.BurstILPostProcessor

running Unity.Jobs.CodeGen.JobsILPostProcessor

running zzzUnity.Burst.CodeGen.BurstILPostProcessor
[ 868/1025  0s] ILPostProcess Library/Bee/artifacts/1900b0aP.dag/post-processed/Unity.Services.Core.dll (+pdb)
Processing assembly Library/Bee/artifacts/1900b0aP.dag/Unity.Services.Core.dll, with 130 defines and 219 references

processors: Unity.Jobs.CodeGen.JobsILPostProcessor, zzzUnity.Burst.CodeGen.BurstILPostProcessor

running Unity.Jobs.CodeGen.JobsILPostProcessor

running zzzUnity.Burst.CodeGen.BurstILPostProcessor
[ 869/1025  0s] ILPostProcess Library/Bee/artifacts/1900b0aP.dag/post-processed/Unity.Services.Core.Registration.dll (+pdb)
Processing assembly Library/Bee/artifacts/1900b0aP.dag/Unity.Services.Core.Registration.dll, with 130 defines and 228 references

processors: Unity.Jobs.CodeGen.JobsILPostProcessor, zzzUnity.Burst.CodeGen.BurstILPostProcessor

running Unity.Jobs.CodeGen.JobsILPostProcessor

running zzzUnity.Burst.CodeGen.BurstILPostProcessor
[ 870/1025  0s] ILPostProcess Library/Bee/artifacts/1900b0aP.dag/post-processed/UnityEngine.Purchasing.Codeless.dll (+pdb)
Processing assembly Library/Bee/artifacts/1900b0aP.dag/UnityEngine.Purchasing.Codeless.dll, with 130 defines and 222 references

processors: Unity.Jobs.CodeGen.JobsILPostProcessor, zzzUnity.Burst.CodeGen.BurstILPostProcessor

running Unity.Jobs.CodeGen.JobsILPostProcessor

running zzzUnity.Burst.CodeGen.BurstILPostProcessor
[ 871/1025  0s] ILPostProcess Library/Bee/artifacts/1900b0aP.dag/post-processed/Unity.InternalAPIEngineBridge.004.dll (+pdb)
Processing assembly Library/Bee/artifacts/1900b0aP.dag/Unity.InternalAPIEngineBridge.004.dll, with 130 defines and 219 references

processors: Unity.Jobs.CodeGen.JobsILPostProcessor, zzzUnity.Burst.CodeGen.BurstILPostProcessor

running Unity.Jobs.CodeGen.JobsILPostProcessor

running zzzUnity.Burst.CodeGen.BurstILPostProcessor
[ 872/1025  0s] ILPostProcess Library/Bee/artifacts/1900b0aP.dag/post-processed/Unity.2D.Tilemap.Extras.dll (+pdb)
Processing assembly Library/Bee/artifacts/1900b0aP.dag/Unity.2D.Tilemap.Extras.dll, with 130 defines and 219 references

processors: Unity.Jobs.CodeGen.JobsILPostProcessor, zzzUnity.Burst.CodeGen.BurstILPostProcessor

running Unity.Jobs.CodeGen.JobsILPostProcessor

running zzzUnity.Burst.CodeGen.BurstILPostProcessor
[ 873/1025  0s] ILPostProcess Library/Bee/artifacts/1900b0aP.dag/post-processed/Purchasing.Common.dll (+pdb)
Processing assembly Library/Bee/artifacts/1900b0aP.dag/Purchasing.Common.dll, with 130 defines and 221 references

processors: Unity.Jobs.CodeGen.JobsILPostProcessor, zzzUnity.Burst.CodeGen.BurstILPostProcessor

running Unity.Jobs.CodeGen.JobsILPostProcessor

running zzzUnity.Burst.CodeGen.BurstILPostProcessor
[ 874/1025  0s] ILPostProcess Library/Bee/artifacts/1900b0aP.dag/post-processed/Unity.Services.Core.Internal.dll (+pdb)
Processing assembly Library/Bee/artifacts/1900b0aP.dag/Unity.Services.Core.Internal.dll, with 130 defines and 220 references

processors: Unity.Jobs.CodeGen.JobsILPostProcessor, zzzUnity.Burst.CodeGen.BurstILPostProcessor

running Unity.Jobs.CodeGen.JobsILPostProcessor

running zzzUnity.Burst.CodeGen.BurstILPostProcessor
[ 875/1025  0s] ILPostProcess Library/Bee/artifacts/1900b0aP.dag/post-processed/Unity.Multiplayer.Center.Common.dll (+pdb)
Processing assembly Library/Bee/artifacts/1900b0aP.dag/Unity.Multiplayer.Center.Common.dll, with 130 defines and 219 references

processors: Unity.Jobs.CodeGen.JobsILPostProcessor, zzzUnity.Burst.CodeGen.BurstILPostProcessor

running Unity.Jobs.CodeGen.JobsILPostProcessor

running zzzUnity.Burst.CodeGen.BurstILPostProcessor
[ 876/1025  0s] ILPostProcess Library/Bee/artifacts/1900b0aP.dag/post-processed/UnityEngine.Purchasing.WinRTStub.dll (+pdb)
Processing assembly Library/Bee/artifacts/1900b0aP.dag/UnityEngine.Purchasing.WinRTStub.dll, with 130 defines and 220 references

processors: Unity.Jobs.CodeGen.JobsILPostProcessor, zzzUnity.Burst.CodeGen.BurstILPostProcessor

running Unity.Jobs.CodeGen.JobsILPostProcessor

running zzzUnity.Burst.CodeGen.BurstILPostProcessor
[ 877/1025  0s] ILPostProcess Library/Bee/artifacts/1900b0aP.dag/post-processed/UnityEngine.Purchasing.AppleCore.dll (+pdb)
Processing assembly Library/Bee/artifacts/1900b0aP.dag/UnityEngine.Purchasing.AppleCore.dll, with 130 defines and 220 references

processors: Unity.Jobs.CodeGen.JobsILPostProcessor, zzzUnity.Burst.CodeGen.BurstILPostProcessor

running Unity.Jobs.CodeGen.JobsILPostProcessor

running zzzUnity.Burst.CodeGen.BurstILPostProcessor
[ 878/1025  0s] ILPostProcess Library/Bee/artifacts/1900b0aP.dag/post-processed/Unity.RenderPipelines.Universal.2D.Runtime.dll (+pdb)
Processing assembly Library/Bee/artifacts/1900b0aP.dag/Unity.RenderPipelines.Universal.2D.Runtime.dll, with 136 defines and 227 references

processors: Unity.Jobs.CodeGen.JobsILPostProcessor, zzzUnity.Burst.CodeGen.BurstILPostProcessor

running Unity.Jobs.CodeGen.JobsILPostProcessor

running zzzUnity.Burst.CodeGen.BurstILPostProcessor
[ 879/1025  0s] ILPostProcess Library/Bee/artifacts/1900b0aP.dag/post-processed/Unity.Services.Core.Analytics.dll (+pdb)
Processing assembly Library/Bee/artifacts/1900b0aP.dag/Unity.Services.Core.Analytics.dll, with 130 defines and 220 references

processors: Unity.Jobs.CodeGen.JobsILPostProcessor, zzzUnity.Burst.CodeGen.BurstILPostProcessor

running Unity.Jobs.CodeGen.JobsILPostProcessor

running zzzUnity.Burst.CodeGen.BurstILPostProcessor
[ 880/1025  2s] ILPostProcess Library/Bee/artifacts/1900b0aP.dag/post-processed/Unity.UnifiedRayTracing.Runtime.dll (+pdb)
Processing assembly Library/Bee/artifacts/1900b0aP.dag/Unity.UnifiedRayTracing.Runtime.dll, with 131 defines and 222 references

processors: Unity.Jobs.CodeGen.JobsILPostProcessor, zzzUnity.Burst.CodeGen.BurstILPostProcessor

running Unity.Jobs.CodeGen.JobsILPostProcessor

running zzzUnity.Burst.CodeGen.BurstILPostProcessor
[ 881/1025  2s] ILPostProcess Library/Bee/artifacts/1900b0aP.dag/post-processed/Unity.PathTracing.Runtime.dll (+pdb)
Processing assembly Library/Bee/artifacts/1900b0aP.dag/Unity.PathTracing.Runtime.dll, with 131 defines and 223 references

processors: Unity.Jobs.CodeGen.JobsILPostProcessor, zzzUnity.Burst.CodeGen.BurstILPostProcessor

running Unity.Jobs.CodeGen.JobsILPostProcessor

running zzzUnity.Burst.CodeGen.BurstILPostProcessor
[ 882/1025  0s] ILPostProcess Library/Bee/artifacts/1900b0aP.dag/post-processed/UnityEngine.Purchasing.dll (+pdb)
Processing assembly Library/Bee/artifacts/1900b0aP.dag/UnityEngine.Purchasing.dll, with 132 defines and 224 references

processors: Unity.Jobs.CodeGen.JobsILPostProcessor, zzzUnity.Burst.CodeGen.BurstILPostProcessor

running Unity.Jobs.CodeGen.JobsILPostProcessor

running zzzUnity.Burst.CodeGen.BurstILPostProcessor
[ 883/1025  0s] CopyFiles Library/Bee/PlayerScriptAssemblies/Unity.Multiplayer.Center.Common.dll
[ 884/1025  0s] CopyFiles Library/Bee/PlayerScriptAssemblies/Unity.2D.IK.Runtime.dll
[ 885/1025  0s] ILPostProcess Library/Bee/artifacts/1900b0aP.dag/post-processed/Unity.RenderPipelines.Core.ShaderLibrary.dll (+pdb)
Processing assembly Library/Bee/artifacts/1900b0aP.dag/Unity.RenderPipelines.Core.ShaderLibrary.dll, with 130 defines and 219 references

processors: Unity.Jobs.CodeGen.JobsILPostProcessor, zzzUnity.Burst.CodeGen.BurstILPostProcessor

running Unity.Jobs.CodeGen.JobsILPostProcessor

running zzzUnity.Burst.CodeGen.BurstILPostProcessor
[ 886/1025  0s] ILPostProcess Library/Bee/artifacts/1900b0aP.dag/post-processed/UnityEngine.XR.LegacyInputHelpers.dll (+pdb)
Processing assembly Library/Bee/artifacts/1900b0aP.dag/UnityEngine.XR.LegacyInputHelpers.dll, with 130 defines and 220 references

processors: Unity.Jobs.CodeGen.JobsILPostProcessor, zzzUnity.Burst.CodeGen.BurstILPostProcessor

running Unity.Jobs.CodeGen.JobsILPostProcessor

running zzzUnity.Burst.CodeGen.BurstILPostProcessor
[ 887/1025  0s] ILPostProcess Library/Bee/artifacts/1900b0aP.dag/post-processed/Unity.2D.Animation.Runtime.dll (+pdb)
Processing assembly Library/Bee/artifacts/1900b0aP.dag/Unity.2D.Animation.Runtime.dll, with 132 defines and 225 references

processors: Unity.Jobs.CodeGen.JobsILPostProcessor, zzzUnity.Burst.CodeGen.BurstILPostProcessor

running Unity.Jobs.CodeGen.JobsILPostProcessor

running zzzUnity.Burst.CodeGen.BurstILPostProcessor
[ 888/1025  0s] CopyFiles Library/Bee/PlayerScriptAssemblies/Unity.Services.Analytics.dll
[ 889/1025  0s] CopyFiles Library/Bee/PlayerScriptAssemblies/Unity.RenderPipelines.Core.ShaderLibrary.dll
[ 890/1025  0s] CopyFiles Library/Bee/PlayerScriptAssemblies/Unity.Services.Core.Threading.dll
[ 891/1025  0s] CopyFiles Library/Bee/PlayerScriptAssemblies/Unity.PathTracing.Runtime.dll
[ 892/1025  0s] CopyFiles Library/Bee/PlayerScriptAssemblies/Unity.Services.Core.Analytics.dll
[ 893/1025  0s] CopyFiles Library/Bee/PlayerScriptAssemblies/Unity.VisualScripting.DocCodeExamples.dll
[ 894/1025  0s] CopyFiles Library/Bee/PlayerScriptAssemblies/Unity.RenderPipelines.ShaderGraph.ShaderGraphLibrary.dll
[ 895/1025  0s] CopyFiles Library/Bee/PlayerScriptAssemblies/Unity.Services.Core.Environments.dll
[ 896/1025  0s] ILPostProcess Library/Bee/artifacts/1900b0aP.dag/post-processed/UnityEngine.SpatialTracking.dll (+pdb)
Processing assembly Library/Bee/artifacts/1900b0aP.dag/UnityEngine.SpatialTracking.dll, with 130 defines and 219 references

processors: Unity.Jobs.CodeGen.JobsILPostProcessor, zzzUnity.Burst.CodeGen.BurstILPostProcessor

running Unity.Jobs.CodeGen.JobsILPostProcessor

running zzzUnity.Burst.CodeGen.BurstILPostProcessor
[ 897/1025  0s] CopyFiles Library/Bee/PlayerScriptAssemblies/Unity.RenderPipelines.Universal.2D.Runtime.dll
[ 898/1025  0s] CopyFiles Library/Bee/PlayerScriptAssemblies/UnityEngine.XR.LegacyInputHelpers.dll
[ 899/1025  0s] CopyFiles Library/Bee/PlayerScriptAssemblies/Unity.2D.Common.Runtime.dll
[ 900/1025  0s] CopyFiles Library/Bee/PlayerScriptAssemblies/UnityEngine.SpatialTracking.dll
[ 901/1025  0s] CopyFiles Library/Bee/PlayerScriptAssemblies/Unity.Timeline.dll
[ 902/1025  0s] CopyFiles Library/Bee/PlayerScriptAssemblies/Unity.2D.SpriteShape.Runtime.dll
[ 903/1025  0s] CopyFiles Library/Bee/PlayerScriptAssemblies/UnityEngine.Purchasing.AppleCore.dll
[ 904/1025  0s] CopyFiles Library/Bee/PlayerScriptAssemblies/UnityEngine.Purchasing.WinRTStub.dll
[ 905/1025  0s] CopyFiles Library/Bee/PlayerScriptAssemblies/Unity.RenderPipelines.Universal.Config.Runtime.dll
[ 906/1025  0s] CopyFiles Library/Bee/PlayerScriptAssemblies/Unity.RenderPipelines.Universal.Shaders.dll
[ 907/1025  0s] CopyFiles Library/Bee/PlayerScriptAssemblies/Unity.VisualScripting.State.dll
[ 908/1025  0s] CopyFiles Library/Bee/PlayerScriptAssemblies/Unity.RenderPipelines.Core.Runtime.Shared.dll
[ 909/1025  0s] CopyFiles Library/Bee/PlayerScriptAssemblies/Unity.Services.Core.Internal.dll
[ 910/1025  0s] CopyFiles Library/Bee/PlayerScriptAssemblies/Purchasing.Common.dll
[ 911/1025  0s] CopyFiles Library/Bee/PlayerScriptAssemblies/Unity.Analytics.DataPrivacy.dll
[ 912/1025  0s] CopyFiles Library/Bee/PlayerScriptAssemblies/UnityEngine.Purchasing.dll
[ 913/1025  0s] CopyFiles Library/Bee/PlayerScriptAssemblies/Unity.InternalAPIEngineBridge.RenderPipelines.Core.Runtime.Shared.dll
[ 914/1025  0s] CopyFiles Library/Bee/PlayerScriptAssemblies/Unity.InternalAPIEngineBridge.004.dll
[ 915/1025  0s] CopyFiles Library/Bee/PlayerScriptAssemblies/Unity.2D.Tilemap.Extras.dll
[ 916/1025  0s] CopyFiles Library/Bee/PlayerScriptAssemblies/Unity.Services.Core.Device.dll
[ 917/1025  0s] CopyFiles Library/Bee/PlayerScriptAssemblies/UnityEngine.Purchasing.Codeless.dll
[ 918/1025  0s] CopyFiles Library/Bee/PlayerScriptAssemblies/Unity.Services.Core.Scheduler.dll
[ 919/1025  0s] CopyFiles Library/Bee/PlayerScriptAssemblies/Unity.Services.Core.Registration.dll
[ 920/1025  0s] CopyFiles Library/Bee/PlayerScriptAssemblies/Unity.Mathematics.dll
[ 921/1025  0s] CopyFiles Library/Bee/PlayerScriptAssemblies/Unity.Services.Core.Telemetry.dll
[ 922/1025  0s] CopyFiles Library/Bee/PlayerScriptAssemblies/Unity.VisualScripting.Core.dll
[ 923/1025  0s] CopyFiles Library/Bee/PlayerScriptAssemblies/Unity.Burst.dll
[ 924/1025  0s] CopyFiles Library/Bee/PlayerScriptAssemblies/Unity.Services.Core.dll
[ 925/1025  0s] CopyFiles Library/Bee/PlayerScriptAssemblies/UnityEngine.Purchasing.SecurityStub.dll
[ 926/1025  0s] CopyFiles Library/Bee/PlayerScriptAssemblies/Unity.Services.Core.Configuration.dll
[ 927/1025  0s] CopyFiles Library/Bee/PlayerScriptAssemblies/Assembly-CSharp.dll
[ 928/1025  0s] CopyFiles Library/Bee/PlayerScriptAssemblies/UnityEngine.UI.dll
[ 929/1025  0s] CopyFiles Library/Bee/PlayerScriptAssemblies/Unity.RenderPipeline.Universal.ShaderLibrary.dll
[ 930/1025  0s] CopyFiles Library/Bee/PlayerScriptAssemblies/Unity.TextMeshPro.dll
[ 931/1025  0s] CopyFiles Library/Bee/PlayerScriptAssemblies/Unity.Services.Core.Environments.Internal.dll
[ 932/1025  0s] CopyFiles Library/Bee/PlayerScriptAssemblies/Unity.Services.Core.Components.dll
[ 933/1025  0s] CopyFiles Library/Bee/PlayerScriptAssemblies/Unity.SurfaceCache.Runtime.dll
[ 934/1025  0s] CopyFiles Library/Bee/PlayerScriptAssemblies/Unity.RenderPipelines.Universal.Runtime.dll
[ 935/1025  0s] CopyFiles Library/Bee/PlayerScriptAssemblies/UnityEngine.Purchasing.SecurityCore.dll
[ 936/1025  0s] CopyFiles Library/Bee/PlayerScriptAssemblies/Unity.Services.Core.Networking.dll
[ 937/1025  0s] CopyFiles Library/Bee/PlayerScriptAssemblies/Unity.VisualScripting.Flow.dll
[ 938/1025  0s] CopyFiles Library/Bee/PlayerScriptAssemblies/Unity.InternalAPIEngineBridge.001.dll
[ 939/1025  0s] CopyFiles Library/Bee/PlayerScriptAssemblies/Unity.InputSystem.dll
[ 940/1025  0s] CopyFiles Library/Bee/PlayerScriptAssemblies/UnityEngine.Purchasing.Stores.dll
[ 941/1025  0s] CopyFiles Library/Bee/PlayerScriptAssemblies/UnityEngine.Purchasing.AppleStub.dll
[ 942/1025  0s] CopyFiles Library/Bee/PlayerScriptAssemblies/UnityEngine.Purchasing.AppleMacosStub.dll
[ 943/1025  0s] CopyFiles Library/Bee/PlayerScriptAssemblies/Unity.InputSystem.ForUI.dll
[ 944/1025  0s] CopyFiles Library/Bee/PlayerScriptAssemblies/UnityEngine.SpatialTracking.pdb
[ 945/1025  0s] CopyFiles Library/Bee/PlayerScriptAssemblies/Unity.2D.Animation.Runtime.pdb
[ 946/1025  0s] CopyFiles Library/Bee/PlayerScriptAssemblies/UnityEngine.XR.LegacyInputHelpers.pdb
[ 947/1025  0s] CopyFiles Library/Bee/PlayerScriptAssemblies/UnityEngine.Purchasing.pdb
[ 948/1025  0s] CopyFiles Library/Bee/PlayerScriptAssemblies/Unity.RenderPipelines.Core.ShaderLibrary.pdb
[ 949/1025  0s] CopyFiles Library/Bee/PlayerScriptAssemblies/Unity.Services.Core.Analytics.pdb
[ 950/1025  0s] CopyFiles Library/Bee/PlayerScriptAssemblies/Unity.UnifiedRayTracing.Runtime.pdb
[ 951/1025  0s] CopyFiles Library/Bee/PlayerScriptAssemblies/Unity.PathTracing.Runtime.pdb
[ 952/1025  0s] CopyFiles Library/Bee/PlayerScriptAssemblies/Unity.RenderPipelines.Universal.2D.Runtime.pdb
[ 953/1025  0s] CopyFiles Library/Bee/PlayerScriptAssemblies/UnityEngine.Purchasing.WinRTStub.pdb
[ 954/1025  0s] CopyFiles Library/Bee/PlayerScriptAssemblies/UnityEngine.Purchasing.AppleCore.pdb
[ 955/1025  0s] CopyFiles Library/Bee/PlayerScriptAssemblies/Unity.Multiplayer.Center.Common.pdb
[ 956/1025  0s] CopyFiles Library/Bee/PlayerScriptAssemblies/Purchasing.Common.pdb
[ 957/1025  0s] CopyFiles Library/Bee/PlayerScriptAssemblies/Unity.Services.Core.Internal.pdb
[ 958/1025  0s] CopyFiles Library/Bee/PlayerScriptAssemblies/Unity.2D.Tilemap.Extras.pdb
[ 959/1025  0s] CopyFiles Library/Bee/PlayerScriptAssemblies/Unity.InternalAPIEngineBridge.004.pdb
[ 960/1025  0s] CopyFiles Library/Bee/PlayerScriptAssemblies/UnityEngine.Purchasing.Codeless.pdb
[ 961/1025  0s] CopyFiles Library/Bee/PlayerScriptAssemblies/Unity.Services.Analytics.pdb
[ 962/1025  0s] CopyFiles Library/Bee/PlayerScriptAssemblies/Unity.Services.Core.Registration.pdb
[ 963/1025  0s] CopyFiles Library/Bee/PlayerScriptAssemblies/Unity.2D.Common.Runtime.pdb
[ 964/1025  0s] CopyFiles Library/Bee/PlayerScriptAssemblies/Unity.Services.Core.pdb
[ 965/1025  0s] CopyFiles Library/Bee/PlayerScriptAssemblies/Assembly-CSharp.pdb
[ 966/1025  0s] CopyFiles Library/Bee/PlayerScriptAssemblies/Unity.InternalAPIEngineBridge.RenderPipelines.Core.Runtime.Shared.pdb
[ 967/1025  0s] CopyFiles Library/Bee/PlayerScriptAssemblies/UnityEngine.UI.pdb
[ 968/1025  0s] CopyFiles Library/Bee/PlayerScriptAssemblies/Unity.Services.Core.Environments.Internal.pdb
[ 969/1025  0s] CopyFiles Library/Bee/PlayerScriptAssemblies/UnityEngine.Purchasing.SecurityCore.pdb
[ 970/1025  0s] CopyFiles Library/Bee/PlayerScriptAssemblies/Unity.RenderPipelines.Core.Runtime.Shared.pdb
[ 971/1025  0s] CopyFiles Library/Bee/PlayerScriptAssemblies/Unity.Services.Core.Networking.pdb
[ 972/1025  0s] CopyFiles Library/Bee/PlayerScriptAssemblies/Unity.InputSystem.ForUI.pdb
[ 973/1025  0s] CopyFiles Library/Bee/PlayerScriptAssemblies/Unity.Burst.pdb
[ 974/1025  0s] CopyFiles Library/Bee/PlayerScriptAssemblies/Unity.Services.Core.Environments.pdb
[ 975/1025  0s] CopyFiles Library/Bee/PlayerScriptAssemblies/Unity.Services.Core.Telemetry.pdb
[ 976/1025  0s] CopyFiles Library/Bee/PlayerScriptAssemblies/Unity.Timeline.pdb
[ 977/1025  0s] CopyFiles Library/Bee/PlayerScriptAssemblies/Unity.RenderPipelines.Universal.Config.Runtime.pdb
[ 978/1025  0s] CopyFiles Library/Bee/PlayerScriptAssemblies/Unity.Mathematics.pdb
[ 979/1025  0s] CopyFiles Library/Bee/PlayerScriptAssemblies/Unity.2D.IK.Runtime.pdb
[ 980/1025  0s] CopyFiles Library/Bee/PlayerScriptAssemblies/Unity.Services.Core.Scheduler.pdb
[ 981/1025  0s] CopyFiles Library/Bee/PlayerScriptAssemblies/Unity.2D.SpriteShape.Runtime.pdb
[ 982/1025  0s] CopyFiles Library/Bee/PlayerScriptAssemblies/Unity.RenderPipelines.Universal.Runtime.pdb
[ 983/1025  0s] CopyFiles Library/Bee/PlayerScriptAssemblies/Unity.SurfaceCache.Runtime.pdb
[ 984/1025  0s] CopyFiles Library/Bee/PlayerScriptAssemblies/Unity.RenderPipelines.Universal.Shaders.pdb
[ 985/1025  0s] CopyFiles Library/Bee/PlayerScriptAssemblies/Unity.InputSystem.pdb
[ 986/1025  0s] CopyFiles Library/Bee/PlayerScriptAssemblies/UnityEngine.Purchasing.Stores.pdb
[ 987/1025  0s] CopyFiles Library/Bee/PlayerScriptAssemblies/Unity.VisualScripting.Flow.pdb
[ 988/1025  0s] CopyFiles Library/Bee/PlayerScriptAssemblies/UnityEngine.Purchasing.AppleStub.pdb
[ 989/1025  0s] CopyFiles Library/Bee/PlayerScriptAssemblies/UnityEngine.Purchasing.AppleMacosStub.pdb
[ 990/1025  0s] CopyFiles Library/Bee/PlayerScriptAssemblies/Unity.RenderPipelines.ShaderGraph.ShaderGraphLibrary.pdb
[ 991/1025  0s] CopyFiles Library/Bee/PlayerScriptAssemblies/Unity.VisualScripting.State.pdb
[ 992/1025  0s] CopyFiles Library/Bee/PlayerScriptAssemblies/Unity.VisualScripting.DocCodeExamples.pdb
[ 993/1025  0s] CopyFiles Library/Bee/PlayerScriptAssemblies/UnityEngine.Purchasing.SecurityStub.pdb
[ 994/1025  0s] CopyFiles Library/Bee/PlayerScriptAssemblies/Unity.Services.Core.Threading.pdb
[ 995/1025  0s] CopyFiles Library/Bee/PlayerScriptAssemblies/Unity.VisualScripting.Core.pdb
[ 996/1025  0s] CopyFiles Library/Bee/PlayerScriptAssemblies/Unity.Services.Core.Configuration.pdb
[ 997/1025  0s] CopyFiles Library/Bee/PlayerScriptAssemblies/Unity.Services.Core.Device.pdb
[ 998/1025  0s] CopyFiles Library/Bee/PlayerScriptAssemblies/Unity.TextMeshPro.pdb
[ 999/1025  0s] CopyFiles Library/Bee/PlayerScriptAssemblies/Unity.RenderPipeline.Universal.ShaderLibrary.pdb
[1000/1025  0s] CopyFiles Library/Bee/PlayerScriptAssemblies/Unity.Services.Core.Components.pdb
[1001/1025  0s] CopyFiles Library/Bee/PlayerScriptAssemblies/Unity.Analytics.DataPrivacy.pdb
[1002/1025  0s] CopyFiles Library/Bee/PlayerScriptAssemblies/Unity.InternalAPIEngineBridge.001.pdb
[1003/1025  0s] ILPostProcess Library/Bee/artifacts/1900b0aP.dag/post-processed/Unity.AI.Navigation.dll (+pdb)
Processing assembly Library/Bee/artifacts/1900b0aP.dag/Unity.AI.Navigation.dll, with 131 defines and 219 references

processors: Unity.Jobs.CodeGen.JobsILPostProcessor, zzzUnity.Burst.CodeGen.BurstILPostProcessor

running Unity.Jobs.CodeGen.JobsILPostProcessor

running zzzUnity.Burst.CodeGen.BurstILPostProcessor
[1004/1025  0s] ILPostProcess Library/Bee/artifacts/1900b0aP.dag/post-processed/UnityEngine.Purchasing.WinRTCore.dll (+pdb)
Processing assembly Library/Bee/artifacts/1900b0aP.dag/UnityEngine.Purchasing.WinRTCore.dll, with 130 defines and 219 references

processors: Unity.Jobs.CodeGen.JobsILPostProcessor, zzzUnity.Burst.CodeGen.BurstILPostProcessor

running Unity.Jobs.CodeGen.JobsILPostProcessor

running zzzUnity.Burst.CodeGen.BurstILPostProcessor
[1005/1025  0s] ILPostProcess Library/Bee/artifacts/1900b0aP.dag/post-processed/labstreaminglayer.LSL4Unity.Runtime.dll (+pdb)
Processing assembly Library/Bee/artifacts/1900b0aP.dag/labstreaminglayer.LSL4Unity.Runtime.dll, with 130 defines and 215 references

processors: Unity.Jobs.CodeGen.JobsILPostProcessor, zzzUnity.Burst.CodeGen.BurstILPostProcessor

running Unity.Jobs.CodeGen.JobsILPostProcessor

running zzzUnity.Burst.CodeGen.BurstILPostProcessor
[1006/1025  0s] CopyFiles Library/Bee/PlayerScriptAssemblies/Unity.2D.Animation.Runtime.dll
[1007/1025  0s] CopyFiles Library/Bee/PlayerScriptAssemblies/UnityEngine.Purchasing.WinRTCore.pdb
[1008/1025  0s] CopyFiles Library/Bee/PlayerScriptAssemblies/Unity.AI.Navigation.pdb
[1009/1025  0s] CopyFiles Library/Bee/PlayerScriptAssemblies/UnityEngine.Purchasing.WinRTCore.dll
[1010/1025  0s] CopyFiles Library/Bee/PlayerScriptAssemblies/Unity.AI.Navigation.dll
[1011/1025  0s] CopyFiles Library/Bee/PlayerScriptAssemblies/labstreaminglayer.LSL4Unity.Runtime.pdb
[1012/1025  0s] CopyFiles Library/Bee/PlayerScriptAssemblies/Unity.UnifiedRayTracing.Runtime.dll
[1013/1025  0s] CopyFiles Library/Bee/PlayerScriptAssemblies/labstreaminglayer.LSL4Unity.Runtime.dll
[1014/1025  1s] ILPostProcess Library/Bee/artifacts/1900b0aP.dag/post-processed/Unity.RenderPipelines.GPUDriven.Runtime.dll (+pdb)
Processing assembly Library/Bee/artifacts/1900b0aP.dag/Unity.RenderPipelines.GPUDriven.Runtime.dll, with 130 defines and 223 references

processors: Unity.Jobs.CodeGen.JobsILPostProcessor, zzzUnity.Burst.CodeGen.BurstILPostProcessor

running Unity.Jobs.CodeGen.JobsILPostProcessor

running zzzUnity.Burst.CodeGen.BurstILPostProcessor
[1015/1025  0s] CopyFiles Library/Bee/PlayerScriptAssemblies/Unity.RenderPipelines.GPUDriven.Runtime.pdb
[1016/1025  0s] CopyFiles Library/Bee/PlayerScriptAssemblies/Unity.RenderPipelines.GPUDriven.Runtime.dll
[1017/1025  1s] ILPostProcess Library/Bee/artifacts/1900b0aP.dag/post-processed/Unity.RenderPipelines.Core.Runtime.dll (+pdb)
Processing assembly Library/Bee/artifacts/1900b0aP.dag/Unity.RenderPipelines.Core.Runtime.dll, with 134 defines and 223 references

processors: Unity.Jobs.CodeGen.JobsILPostProcessor, zzzUnity.Burst.CodeGen.BurstILPostProcessor

running Unity.Jobs.CodeGen.JobsILPostProcessor

running zzzUnity.Burst.CodeGen.BurstILPostProcessor
[1018/1025  1s] ILPostProcess Library/Bee/artifacts/1900b0aP.dag/post-processed/Unity.Collections.dll (+pdb)
Processing assembly Library/Bee/artifacts/1900b0aP.dag/Unity.Collections.dll, with 132 defines and 221 references

processors: Unity.Jobs.CodeGen.JobsILPostProcessor, zzzUnity.Burst.CodeGen.BurstILPostProcessor

running Unity.Jobs.CodeGen.JobsILPostProcessor

running zzzUnity.Burst.CodeGen.BurstILPostProcessor
[1019/1025  0s] CopyFiles Library/Bee/PlayerScriptAssemblies/Unity.RenderPipelines.Core.Runtime.pdb
[1020/1025  0s] CopyFiles Library/Bee/PlayerScriptAssemblies/Unity.Collections.pdb
[1021/1025  0s] CopyFiles Library/Bee/PlayerScriptAssemblies/Unity.Collections.dll
[1022/1025  0s] CopyFiles Library/Bee/PlayerScriptAssemblies/Unity.RenderPipelines.Core.Runtime.dll
[1024/1025  1s] BuildPlayerDataGenerator Library/BuildPlayerData/Player/RuntimeInitializeOnLoads.json (+1 other)
*** Tundra build success (61.14 seconds - 0:01:01), 856 items updated, 1025 evaluated
Assets\LSL\LSL4Unity\Runtime\Scripts\Common.cs(33,51): warning CS0618: 'Resolution.refreshRate' is obsolete: 'Resolution.refreshRate is obsolete. Use refreshRateRatio instead.'
Assets\LSL\LSL4Unity\Runtime\Scripts\BaseInlet.cs(43,24): warning CS0618: 'Object.FindObjectOfType<T>()' is obsolete: 'Object.FindObjectOfType has been deprecated. Use Object.FindAnyObjectByType instead.'
Assets\LSL\LSL4Unity\Runtime\Scripts\Resolver.cs(21,33): warning UAC1001: Field 'knownStreams' type 'LSL.StreamInfo' is skipped by serialization (missing the [Serializable] attribute). Refer to the Serialization rules analyzer reference. (https://docs.unity3d.com/6000.5/Documentation/Manual/script-serialization-analyzer.html#uac1001)
Total cache size 59501688
Total cache size after purge 59501688, took 00:00:00.0821944
[Licensing::Client] Successfully resolved entitlement details
[Licensing::Client] Successfully resolved entitlement details


Mono dependencies included in the build
Dependency assembly - System.ComponentModel.Composition.dll
Dependency assembly - System.ComponentModel.dll
Dependency assembly - Mono.Messaging.RabbitMQ.dll
Dependency assembly - Mono.XBuild.Tasks.dll
Dependency assembly - System.Security.Cryptography.Encryption.ECDsa.dll
Dependency assembly - Unity.InternalAPIEngineBridge.004.dll
Dependency assembly - System.IO.Compression.ZipFile.dll
Dependency assembly - System.Runtime.Serialization.Formatters.dll
Dependency assembly - Unity.RenderPipelines.Core.ShaderLibrary.dll
Dependency assembly - Unity.RenderPipeline.Universal.ShaderLibrary.dll
Dependency assembly - System.Runtime.DurableInstancing.dll
Dependency assembly - System.DirectoryServices.Protocols.dll
Dependency assembly - Unity.RenderPipelines.GPUDriven.Runtime.dll
Dependency assembly - System.Security.Cryptography.RandomNumberGenerator.dll
Dependency assembly - System.Reactive.Experimental.dll
Dependency assembly - System.IO.FileSystem.AccessControl.dll
Dependency assembly - System.Core.dll
Dependency assembly - System.Resources.ReaderWriter.dll
Dependency assembly - System.Web.WebPages.dll
Dependency assembly - System.Configuration.dll
Dependency assembly - System.IO.IsolatedStorage.dll
Dependency assembly - System.Security.Principal.Windows.dll
Dependency assembly - Microsoft.Extensions.DependencyInjection.Abstractions.dll
Dependency assembly - System.Xml.Linq.dll
Dependency assembly - System.Web.Razor.dll
Dependency assembly - System.Security.Cryptography.Algorithms.dll
Dependency assembly - System.ServiceModel.Security.dll
Dependency assembly - System.Net.WebSockets.dll
Dependency assembly - System.Diagnostics.DiagnosticSource.dll
Dependency assembly - System.Configuration.Install.dll
Dependency assembly - System.Reflection.Metadata.dll
Dependency assembly - System.Web.Http.dll
Dependency assembly - Unity.Services.Core.Configuration.dll
Dependency assembly - UnityEngine.Purchasing.WinRTCore.dll
Dependency assembly - System.Threading.Tasks.Dataflow.dll
Dependency assembly - System.Runtime.InteropServices.WindowsRuntime.dll
Dependency assembly - System.EnterpriseServices.dll
Dependency assembly - System.Xml.Xsl.Primitives.dll
Dependency assembly - Mono.Management.dll
Dependency assembly - System.Data.Services.dll
Dependency assembly - System.Runtime.CompilerServices.Unsafe.dll
Dependency assembly - System.Collections.Immutable.dll
Dependency assembly - System.ComponentModel.EventBasedAsync.dll
Dependency assembly - Microsoft.Extensions.Logging.Abstractions.dll
Dependency assembly - System.Deployment.dll
Dependency assembly - System.Xml.XPath.XmlDocument.dll
Dependency assembly - System.Data.Services.Client.dll
Dependency assembly - System.Globalization.Extensions.dll
Dependency assembly - Unity.Analytics.DataPrivacy.dll
Dependency assembly - System.Text.Encoding.dll
Dependency assembly - System.Windows.dll
Dependency assembly - System.Reactive.Interfaces.dll
Dependency assembly - System.Reactive.PlatformServices.dll
Dependency assembly - System.Collections.NonGeneric.dll
Dependency assembly - Unity.Services.Core.Registration.dll
Dependency assembly - System.Console.dll
Dependency assembly - Unity.RenderPipelines.Core.Runtime.Shared.dll
Dependency assembly - Unity.InternalAPIEngineBridge.RenderPipelines.Core.Runtime.Shared.dll
Dependency assembly - I18N.MidEast.dll
Dependency assembly - Unity.RenderPipelines.Universal.Runtime.dll
Dependency assembly - System.Reflection.TypeExtensions.dll
Dependency assembly - System.IO.Compression.dll
Dependency assembly - Unity.2D.SpriteShape.Runtime.dll
Dependency assembly - System.Reflection.Primitives.dll
Dependency assembly - Unity.RenderPipelines.Universal.Shaders.dll
Dependency assembly - System.Runtime.Loader.dll
Dependency assembly - UnityEngine.XR.LegacyInputHelpers.dll
Dependency assembly - Unity.Services.Core.Internal.dll
Dependency assembly - Unity.Services.Analytics.dll
Dependency assembly - System.Text.Json.dll
Dependency assembly - System.Xml.XmlDocument.dll
Dependency assembly - System.Security.Cryptography.Pkcs.dll
Dependency assembly - System.Data.Entity.dll
Dependency assembly - System.Windows.Forms.dll
Dependency assembly - WebMatrix.Data.dll
Dependency assembly - Commons.Xml.Relaxng.dll
Dependency assembly - System.Web.Routing.dll
Dependency assembly - System.Reflection.Context.dll
Dependency assembly - System.Threading.dll
Dependency assembly - Unity.SurfaceCache.Runtime.dll
Dependency assembly - System.Reactive.Windows.Forms.dll
Dependency assembly - System.Reactive.Providers.dll
Dependency assembly - System.Diagnostics.TraceEvent.dll
Dependency assembly - System.Windows.Forms.DataVisualization.dll
Dependency assembly - System.IO.Hashing.dll
Dependency assembly - System.Security.Cryptography.Csp.dll
Dependency assembly - System.Workflow.ComponentModel.dll
Dependency assembly - System.IO.dll
Dependency assembly - Mono.Parallel.dll
Dependency assembly - System.dll
Dependency assembly - System.Net.Ping.dll
Dependency assembly - System.ServiceProcess.ServiceController.dll
Dependency assembly - System.Drawing.Design.dll
Dependency assembly - System.Reactive.Debugger.dll
Dependency assembly - System.Text.Encoding.Extensions.dll
Dependency assembly - System.Security.Cryptography.X509Certificates.dll
Dependency assembly - System.Collections.Concurrent.dll
Dependency assembly - UnityEngine.UI.dll
Dependency assembly - System.Xml.ReaderWriter.dll
Dependency assembly - System.Threading.ThreadPool.dll
Dependency assembly - System.Numerics.dll
Dependency assembly - System.ComponentModel.TypeConverter.dll
Dependency assembly - System.Runtime.Serialization.Json.dll
Dependency assembly - System.Threading.Tasks.Parallel.dll
Dependency assembly - Unity.Collections.dll
Dependency assembly - Microsoft.Win32.Primitives.dll
Dependency assembly - System.ServiceModel.NetTcp.dll
Dependency assembly - I18N.CJK.dll
Dependency assembly - System.Net.WebSockets.Client.dll
Dependency assembly - UnityEngine.Purchasing.AppleCore.dll
Dependency assembly - System.Security.Cryptography.DeriveBytes.dll
Dependency assembly - System.ServiceModel.Http.dll
Dependency assembly - System.Reactive.Core.dll
Dependency assembly - Unity.VisualScripting.State.dll
Dependency assembly - Unity.RenderPipelines.Universal.Config.Runtime.dll
Dependency assembly - System.Json.Microsoft.dll
Dependency assembly - System.Net.NameResolution.dll
Dependency assembly - System.Xml.XPath.XDocument.dll
Dependency assembly - System.Web.Http.SelfHost.dll
Dependency assembly - System.Diagnostics.FileVersionInfo.dll
Dependency assembly - Microsoft.VisualC.dll
Dependency assembly - Mono.Simd.dll
Dependency assembly - System.Runtime.Serialization.dll
Dependency assembly - System.Linq.Queryable.dll
Dependency assembly - Purchasing.Common.dll
Dependency assembly - Unity.Services.Core.Networking.dll
Dependency assembly - ICSharpCode.SharpZipLib.dll
Dependency assembly - System.ValueTuple.dll
Dependency assembly - System.Security.Cryptography.OpenSsl.dll
Dependency assembly - System.Web.DynamicData.dll
Dependency assembly - Unity.Services.Core.dll
Dependency assembly - System.Runtime.Handles.dll
Dependency assembly - Unity.VisualScripting.Flow.dll
Dependency assembly - System.Net.Http.WebRequest.dll
Dependency assembly - System.Json.dll
Dependency assembly - System.Diagnostics.TraceSource.dll
Dependency assembly - System.IO.FileSystem.Primitives.dll
Dependency assembly - System.Net.dll
Dependency assembly - SMDiagnostics.dll
Dependency assembly - Unity.InternalAPIEngineBridge.001.dll
Dependency assembly - Unity.Burst.dll
Dependency assembly - System.Web.Http.WebHost.dll
Dependency assembly - Unity.Services.Core.Scheduler.dll
Dependency assembly - System.Net.WebHeaderCollection.dll
Dependency assembly - System.Security.dll
Dependency assembly - Unity.RenderPipelines.Universal.2D.Runtime.dll
Dependency assembly - Unity.Services.Core.Threading.dll
Dependency assembly - IBM.Data.DB2.dll
Dependency assembly - System.Security.AccessControl.dll
Dependency assembly - System.Threading.Timer.dll
Dependency assembly - System.ComponentModel.DataAnnotations.dll
Dependency assembly - System.Collections.dll
Dependency assembly - RabbitMQ.Client.dll
Dependency assembly - System.Reactive.Windows.Threading.dll
Dependency assembly - Microsoft.Build.dll
Dependency assembly - Unity.Collections.LowLevel.ILSupport.dll
Dependency assembly - Unity.2D.Common.Runtime.dll
Dependency assembly - Unity.2D.Tilemap.Extras.dll
Dependency assembly - System.Threading.AccessControl.dll
Dependency assembly - I18N.West.dll
Dependency assembly - UnityEngine.Purchasing.SecurityCore.dll
Dependency assembly - System.Reflection.Emit.dll
Dependency assembly - Unity.Services.Core.Environments.Internal.dll
Dependency assembly - UnityEngine.Purchasing.Codeless.dll
Dependency assembly - System.Web.ApplicationServices.dll
Dependency assembly - Unity.Mathematics.dll
Dependency assembly - System.Runtime.dll
Dependency assembly - System.Data.Common.dll
Dependency assembly - System.Net.Mail.dll
Dependency assembly - System.Data.OracleClient.dll
Dependency assembly - System.Net.Http.dll
Dependency assembly - Mono.CompilerServices.SymbolWriter.dll
Dependency assembly - System.IO.Compression.FileSystem.dll
Dependency assembly - Unity.Services.Core.Telemetry.dll
Dependency assembly - System.Security.Cryptography.Hashing.dll
Dependency assembly - Mono.Data.Sqlite.dll
Dependency assembly - System.ServiceModel.Routing.dll
Dependency assembly - System.Reflection.DispatchProxy.dll
Dependency assembly - UnityEngine.Purchasing.dll
Dependency assembly - netstandard.dll
Dependency assembly - System.Xml.XPath.dll
Dependency assembly - Unity.InputSystem.dll
Dependency assembly - Mono.Options.dll
Dependency assembly - System.Globalization.Calendars.dll
Dependency assembly - System.Web.WebPages.Razor.dll
Dependency assembly - System.Threading.Overlapped.dll
Dependency assembly - Mono.Tasklets.dll
Dependency assembly - System.Design.dll
Dependency assembly - System.IO.MemoryMappedFiles.dll
Dependency assembly - System.Security.Cryptography.Encryption.ECDiffieHellman.dll
Dependency assembly - System.Net.Http.Rtc.dll
Dependency assembly - Unity.Timeline.dll
Dependency assembly - System.IO.UnmanagedMemoryStream.dll
Dependency assembly - System.Data.SqlClient.dll
Dependency assembly - System.Security.Claims.dll
Dependency assembly - System.Reactive.Linq.dll
Dependency assembly - System.ServiceModel.Activation.dll
Dependency assembly - System.Drawing.Primitives.dll
Dependency assembly - System.Transactions.dll
Dependency assembly - System.Web.RegularExpressions.dll
Dependency assembly - System.Threading.Tasks.dll
Dependency assembly - System.Memory.dll
Dependency assembly - System.Linq.dll
Dependency assembly - System.Runtime.CompilerServices.VisualC.dll
Dependency assembly - Assembly-CSharp.dll
Dependency assembly - CustomMarshalers.dll
Dependency assembly - System.ServiceModel.Web.dll
Dependency assembly - Microsoft.Win32.Registry.AccessControl.dll
Dependency assembly - System.Dynamic.dll
Dependency assembly - System.Net.Sockets.dll
Dependency assembly - System.Net.Cache.dll
Dependency assembly - System.Net.HttpListener.dll
Dependency assembly - System.Security.Cryptography.ProtectedData.dll
Dependency assembly - Microsoft.Build.Framework.dll
Dependency assembly - System.Runtime.InteropServices.RuntimeInformation.dll
Dependency assembly - System.Linq.Expressions.dll
Dependency assembly - System.Xml.Serialization.dll
Dependency assembly - System.Net.ServicePoint.dll
Dependency assembly - System.Resources.ResourceManager.dll
Dependency assembly - System.Net.Primitives.dll
Dependency assembly - System.Web.Abstractions.dll
Dependency assembly - System.Buffers.dll
Dependency assembly - Mono.CSharp.dll
Dependency assembly - I18N.Other.dll
Dependency assembly - System.Web.Extensions.Design.dll
Dependency assembly - Unity.VisualScripting.DocCodeExamples.dll
Dependency assembly - Unity.2D.IK.Runtime.dll
Dependency assembly - Mono.Data.Tds.dll
Dependency assembly - System.Workflow.Runtime.dll
Dependency assembly - System.Runtime.Numerics.dll
Dependency assembly - System.Text.Encoding.CodePages.dll
Dependency assembly - System.Text.Encodings.Web.dll
Dependency assembly - System.Xaml.dll
Dependency assembly - System.ServiceModel.dll
Dependency assembly - Unity.UnifiedRayTracing.Runtime.dll
Dependency assembly - System.ServiceModel.Duplex.dll
Dependency assembly - Unity.Services.Core.Environments.dll
Dependency assembly - WindowsBase.dll
Dependency assembly - System.ComponentModel.Annotations.dll
Dependency assembly - monodoc.dll
Dependency assembly - System.Web.Mvc.dll
Dependency assembly - Accessibility.dll
Dependency assembly - Mono.Messaging.dll
Dependency assembly - System.Threading.Tasks.Extensions.dll
Dependency assembly - System.ComponentModel.Primitives.dll
Dependency assembly - System.IO.FileSystem.DriveInfo.dll
Dependency assembly - Unity.Services.Core.Device.dll
Dependency assembly - UnityEngine.Purchasing.WinRTStub.dll
Dependency assembly - Unity.RenderPipelines.ShaderGraph.ShaderGraphLibrary.dll
Dependency assembly - System.Web.Mobile.dll
Dependency assembly - SystemWebTestShim.dll
Dependency assembly - Unity.Burst.Unsafe.dll
Dependency assembly - System.Workflow.Activities.dll
Dependency assembly - UnityEngine.Purchasing.Stores.dll
Dependency assembly - System.Web.Extensions.dll
Dependency assembly - System.Web.dll
Dependency assembly - I18N.dll
Dependency assembly - Microsoft.Web.Infrastructure.dll
Dependency assembly - System.Reflection.Emit.Lightweight.dll
Dependency assembly - Mono.Security.dll
Dependency assembly - System.DirectoryServices.dll
Dependency assembly - UnityEngine.Purchasing.AppleMacosStub.dll
Dependency assembly - System.ServiceModel.Discovery.dll
Dependency assembly - cscompmgd.dll
Dependency assembly - System.Security.Cryptography.Encoding.dll
Dependency assembly - System.Runtime.Serialization.Formatters.Soap.dll
Dependency assembly - System.IO.FileSystem.dll
Dependency assembly - Mono.WebBrowser.dll
Dependency assembly - System.Diagnostics.Contracts.dll
Dependency assembly - Unity.PathTracing.Runtime.dll
Dependency assembly - Microsoft.Win32.Registry.dll
Dependency assembly - Mono.Security.Win32.dll
Dependency assembly - System.Security.Cryptography.RSA.dll
Dependency assembly - System.Net.Utilities.dll
Dependency assembly - System.Reflection.Emit.ILGeneration.dll
Dependency assembly - System.Xml.XDocument.dll
Dependency assembly - System.Numerics.Vectors.dll
Dependency assembly - Unity.Multiplayer.Center.Common.dll
Dependency assembly - System.Diagnostics.StackTrace.dll
Dependency assembly - System.Threading.Thread.dll
Dependency assembly - System.Security.Cryptography.Encryption.dll
Dependency assembly - System.AppContext.dll
Dependency assembly - System.Dynamic.Runtime.dll
Dependency assembly - System.Security.Cryptography.Primitives.dll
Dependency assembly - System.Net.Requests.dll
Dependency assembly - System.Data.DataSetExtensions.dll
Dependency assembly - Unity.Services.Core.Analytics.dll
Dependency assembly - Novell.Directory.Ldap.dll
Dependency assembly - System.Messaging.dll
Dependency assembly - System.Reactive.Runtime.Remoting.dll
Dependency assembly - System.Runtime.Serialization.Xml.dll
Dependency assembly - System.IdentityModel.Selectors.dll
Dependency assembly - System.Runtime.Remoting.dll
Dependency assembly - System.Net.Http.Formatting.dll
Dependency assembly - System.Web.WebPages.Deployment.dll
Dependency assembly - Mono.Cairo.dll
Dependency assembly - System.Linq.Parallel.dll
Dependency assembly - System.ServiceProcess.dll
Dependency assembly - Unity.TextMeshPro.dll
Dependency assembly - System.Data.dll
Dependency assembly - System.Text.RegularExpressions.dll
Dependency assembly - UnityEngine.Purchasing.SecurityStub.dll
Dependency assembly - Mono.Posix.dll
Dependency assembly - Unity.InputSystem.ForUI.dll
Dependency assembly - labstreaminglayer.LSL4Unity.Runtime.dll
Dependency assembly - I18N.Rare.dll
Dependency assembly - System.Data.Linq.dll
Dependency assembly - Microsoft.Build.Engine.dll
Dependency assembly - Unity.AI.Navigation.dll
Dependency assembly - System.ObjectModel.dll
Dependency assembly - System.Security.Principal.dll
Dependency assembly - System.Collections.Specialized.dll
Dependency assembly - System.Diagnostics.Tools.dll
Dependency assembly - UnityEngine.SpatialTracking.dll
Dependency assembly - Mono.C5.dll
Dependency assembly - System.Security.Cryptography.Encryption.Aes.dll
Dependency assembly - Microsoft.Bcl.AsyncInterfaces.dll
Dependency assembly - Unity.VisualScripting.Core.dll
Dependency assembly - Unity.2D.Animation.Runtime.dll
Dependency assembly - System.Diagnostics.Tracing.dll
Dependency assembly - System.Xml.dll
Dependency assembly - System.Xml.XmlSerializer.dll
Dependency assembly - System.Diagnostics.TextWriterTraceListener.dll
Dependency assembly - System.Web.Services.dll
Dependency assembly - Mono.Btls.Interface.dll
Dependency assembly - mscorlib.dll
Dependency assembly - Microsoft.Build.Tasks.v4.0.dll
Dependency assembly - System.Diagnostics.Debug.dll
Dependency assembly - System.Net.AuthenticationManager.dll
Dependency assembly - Unity.Services.Core.Components.dll
Dependency assembly - System.Reflection.Extensions.dll
Dependency assembly - Mono.Profiler.Log.dll
Dependency assembly - System.Resources.Reader.dll
Dependency assembly - System.ServiceModel.Primitives.dll
Dependency assembly - System.Runtime.InteropServices.dll
Dependency assembly - Unity.RenderPipelines.Core.Runtime.dll
Dependency assembly - System.Security.SecureString.dll
Dependency assembly - Mono.Http.dll
Dependency assembly - System.Net.Security.dll
Dependency assembly - System.Resources.Writer.dll
Dependency assembly - System.Runtime.Serialization.Primitives.dll
Dependency assembly - System.Security.Cryptography.Hashing.Algorithms.dll
Dependency assembly - Newtonsoft.Json.dll
Dependency assembly - UnityEngine.Purchasing.AppleStub.dll
Dependency assembly - System.Management.dll
Dependency assembly - System.IdentityModel.dll
Dependency assembly - System.ServiceModel.Internals.dll
Dependency assembly - System.Reflection.dll
Dependency assembly - PEAPI.dll
Dependency assembly - System.Drawing.dll
Dependency assembly - System.Runtime.Extensions.dll
Dependency assembly - System.IO.Pipes.dll
Dependency assembly - System.Reactive.Observable.Aliases.dll
Dependency assembly - Microsoft.CSharp.dll
Dependency assembly - Unity.VisualScripting.Antlr3.Runtime.dll
Dependency assembly - System.Runtime.Caching.dll
Dependency assembly - Microsoft.Build.Utilities.v4.0.dll
Dependency assembly - System.IO.FileSystem.Watcher.dll
Dependency assembly - System.Globalization.dll
Dependency assembly - System.Diagnostics.Process.dll
Dependency assembly - System.Net.NetworkInformation.dll
Dependency assembly - System.Security.Cryptography.Cng.dll

SpriteAtlasPacking completed in 0.222493 sec
Opening scene 'Assets/Scenes/SampleScene.unity'
Unloading 9 Unused Serialized files (Serialized files now loaded: 0)
Loaded scene 'Assets/Scenes/SampleScene.unity'
	Deserialize:            35.797 ms
	Integration:            298.294 ms
	Integration of assets:  0.008 ms
	Thread Wait Time:       0.014 ms
	Total Operation Time:   334.112 ms
Unloading 105 unused Assets / (0.7 MB). Loaded Objects now: 10385.
Memory consumption went from 0.67 GB to 0.67 GB.
Total: 25.617100 ms (FindLiveObjects: 0.823800 ms CreateObjectMapping: 1.047800 ms MarkObjects: 23.208400 ms  DeleteObjects: 0.535500 ms)

Unloading 61 Unused Serialized files (Serialized files now loaded: 0)
[Worker0] Imported GUID: 3f9215ea0144899419cfbc0957140d3f - Path: Assets/DefaultVolumeProfile.asset - Importer: PreviewImporter -> (ImportResultId: 'bee499dc0ae385423929d85d48c3d85f') in 0.0204245 seconds
Unloading 84 unused Assets / (0.8 MB). Loaded Objects now: 10352.
Memory consumption went from 0.68 GB to 0.68 GB.
Total: 26.504700 ms (FindLiveObjects: 0.751000 ms CreateObjectMapping: 1.071900 ms MarkObjects: 24.138100 ms  DeleteObjects: 0.542300 ms)

Unloading 0 Unused Serialized files (Serialized files now loaded: 0)
Unloading 0 unused Assets / (0 B). Loaded Objects now: 10352.
Memory consumption went from 0.68 GB to 0.68 GB.
Total: 28.145100 ms (FindLiveObjects: 0.751000 ms CreateObjectMapping: 1.177000 ms MarkObjects: 26.186200 ms  DeleteObjects: 0.029400 ms)

[Worker1] Imported GUID: 93b439a37f63240aca3dd4e01d978a9f - Path: Assets/UniversalRenderPipelineGlobalSettings.asset - Importer: PreviewImporter -> (ImportResultId: '092de517937ee1ccad253c75b7a634c8') in 0.0708748 seconds
Unloading 17 Unused Serialized files (Serialized files now loaded: 0)
Unloading 169 unused Assets / (150.7 MB). Loaded Objects now: 10351.
Memory consumption went from 0.82 GB to 0.67 GB.
Total: 50.021000 ms (FindLiveObjects: 0.912300 ms CreateObjectMapping: 1.317900 ms MarkObjects: 26.655600 ms  DeleteObjects: 21.133500 ms)

Compiling shader "Hidden/Universal Render Pipeline/Sampling"
  Pass "BoxDownsample" (vp)
    Target graphics API: d3d11
    Full variant space:         1
    After settings filtering:   1
    After built-in stripping:   1
    After scriptable stripping: 1
    Processed in 0.98 seconds
  Pass "BoxDownsample" (fp)
    Target graphics API: d3d11
    Full variant space:         1
    After settings filtering:   1
    After built-in stripping:   1
    After scriptable stripping: 1
    Processed in 0.00 seconds
  Pass BoxDownsample (vp, d3d11) finished in 0.00 seconds. Local cache hits 1 (0.00s CPU time), remote cache hits 0 (0.00s CPU time), compiled 0 variants (0.00s CPU time), skipped 0 variants.
    Prepared data for serialisation in 0.00s
  Pass BoxDownsample (fp, d3d11) finished in 0.00 seconds. Local cache hits 1 (0.00s CPU time), remote cache hits 0 (0.00s CPU time), compiled 0 variants (0.00s CPU time), skipped 0 variants.
    Prepared data for serialisation in 0.00s
Serialized binary data for shader Hidden/Universal Render Pipeline/Sampling in 0.00s
    d3d11 (total internal programs: 2, unique: 2)
Compiling shader "Hidden/Universal Render Pipeline/Stop NaN"
  Pass "Stop NaN" (vp)
    Target graphics API: d3d11
    Full variant space:         1
    After settings filtering:   1
    After built-in stripping:   1
    After scriptable stripping: 1
    Processed in 0.00 seconds
  Pass "Stop NaN" (fp)
    Target graphics API: d3d11
    Full variant space:         1
    After settings filtering:   1
    After built-in stripping:   1
    After scriptable stripping: 1
    Processed in 0.00 seconds
  Pass Stop NaN (vp, d3d11) finished in 0.00 seconds. Local cache hits 1 (0.00s CPU time), remote cache hits 0 (0.00s CPU time), compiled 0 variants (0.00s CPU time), skipped 0 variants.
    Prepared data for serialisation in 0.00s
  Pass Stop NaN (fp, d3d11) finished in 0.00 seconds. Local cache hits 1 (0.00s CPU time), remote cache hits 0 (0.00s CPU time), compiled 0 variants (0.00s CPU time), skipped 0 variants.
    Prepared data for serialisation in 0.00s
Serialized binary data for shader Hidden/Universal Render Pipeline/Stop NaN in 0.00s
    d3d11 (total internal programs: 2, unique: 2)
Compiling shader "Hidden/CoreSRP/CoreCopy"
  Pass "Copy" (vp)
    Target graphics API: d3d11
    Full variant space:         1
    After settings filtering:   1
    After built-in stripping:   1
    After scriptable stripping: 1
    Processed in 0.00 seconds
  Pass "Copy" (fp)
    Target graphics API: d3d11
    Full variant space:         2
    After settings filtering:   2
    After built-in stripping:   2
    After scriptable stripping: 2
    Processed in 0.00 seconds
  Pass "CopyMS" (vp)
    Target graphics API: d3d11
    Full variant space:         1
    After settings filtering:   1
    After built-in stripping:   1
    After scriptable stripping: 1
    Processed in 0.00 seconds
  Pass "CopyMS" (fp)
    Target graphics API: d3d11
    Full variant space:         2
    After settings filtering:   2
    After built-in stripping:   2
    After scriptable stripping: 2
    Processed in 0.00 seconds
  Pass "Copy" (vp)
    Target graphics API: d3d11
    Full variant space:         1
    After settings filtering:   1
    After built-in stripping:   1
    After scriptable stripping: 1
    Processed in 0.00 seconds
  Pass "Copy" (fp)
    Target graphics API: d3d11
    Full variant space:         2
    After settings filtering:   2
    After built-in stripping:   2
    After scriptable stripping: 2
    Processed in 0.00 seconds
  Pass Copy (vp, d3d11) finished in 0.00 seconds. Local cache hits 1 (0.00s CPU time), remote cache hits 0 (0.00s CPU time), compiled 0 variants (0.00s CPU time), skipped 0 variants.
    Prepared data for serialisation in 0.00s
Launched and connected shader compiler UnityShaderCompiler.exe after 0.18 seconds
Launched and connected shader compiler UnityShaderCompiler.exe after 0.01 seconds
Launched and connected shader compiler UnityShaderCompiler.exe after 0.01 seconds
  Pass Copy (fp, d3d11) finished in 0.64 seconds. Local cache hits 1 (0.00s CPU time), remote cache hits 0 (0.00s CPU time), compiled 1 variants (0.64s CPU time), skipped 0 variants.
    Prepared data for serialisation in 0.00s
  Pass CopyMS (vp, d3d11) finished in 0.64 seconds. Local cache hits 1 (0.00s CPU time), remote cache hits 0 (0.00s CPU time), compiled 0 variants (0.00s CPU time), skipped 0 variants.
    Prepared data for serialisation in 0.00s
  Pass CopyMS (fp, d3d11) finished in 0.64 seconds. Local cache hits 1 (0.00s CPU time), remote cache hits 0 (0.00s CPU time), compiled 1 variants (0.64s CPU time), skipped 0 variants.
    Prepared data for serialisation in 0.00s
  Pass Copy (vp, d3d11) finished in 0.64 seconds. Local cache hits 1 (0.00s CPU time), remote cache hits 0 (0.00s CPU time), compiled 0 variants (0.00s CPU time), skipped 0 variants.
    Prepared data for serialisation in 0.00s
  Pass Copy (fp, d3d11) finished in 0.64 seconds. Local cache hits 1 (0.00s CPU time), remote cache hits 0 (0.00s CPU time), compiled 1 variants (0.64s CPU time), skipped 0 variants.
    Prepared data for serialisation in 0.00s
Serialized binary data for shader Hidden/CoreSRP/CoreCopy in 0.00s
    d3d11 (total internal programs: 9, unique: 6)
Compiling shader "Hidden/Shadow2DShadowGeometry"
  Pass "Draw Geometry Shadow (R)" (vp)
    Target graphics API: d3d11
    Full variant space:         1
    After settings filtering:   1
    After built-in stripping:   1
    After scriptable stripping: 1
    Processed in 0.00 seconds
  Pass "Draw Geometry Shadow (R)" (fp)
    Target graphics API: d3d11
    Full variant space:         1
    After settings filtering:   1
    After built-in stripping:   1
    After scriptable stripping: 1
    Processed in 0.00 seconds
  Pass Draw Geometry Shadow (R) (vp, d3d11) finished in 0.00 seconds. Local cache hits 1 (0.00s CPU time), remote cache hits 0 (0.00s CPU time), compiled 0 variants (0.00s CPU time), skipped 0 variants.
    Prepared data for serialisation in 0.00s
  Pass Draw Geometry Shadow (R) (fp, d3d11) finished in 0.00 seconds. Local cache hits 1 (0.00s CPU time), remote cache hits 0 (0.00s CPU time), compiled 0 variants (0.00s CPU time), skipped 0 variants.
    Prepared data for serialisation in 0.00s
Serialized binary data for shader Hidden/Shadow2DShadowGeometry in 0.00s
    d3d11 (total internal programs: 2, unique: 2)
Compiling shader "Hidden/Universal Render Pipeline/CameraMotionBlur"
  Pass "Camera Motion Blur - Low Quality" (vp)
    Target graphics API: d3d11
    Full variant space:         1
    After settings filtering:   1
    After built-in stripping:   1
    After scriptable stripping: 1
    Processed in 0.00 seconds
  Pass "Camera Motion Blur - Low Quality" (fp)
    Target graphics API: d3d11
    Full variant space:         2
    After settings filtering:   1
    After built-in stripping:   1
    After scriptable stripping: 1
    Processed in 0.00 seconds
  Pass "Camera Motion Blur - Medium Quality" (vp)
    Target graphics API: d3d11
    Full variant space:         1
    After settings filtering:   1
    After built-in stripping:   1
    After scriptable stripping: 1
    Processed in 0.00 seconds
  Pass "Camera Motion Blur - Medium Quality" (fp)
    Target graphics API: d3d11
    Full variant space:         2
    After settings filtering:   1
    After built-in stripping:   1
    After scriptable stripping: 1
    Processed in 0.00 seconds
  Pass "Camera Motion Blur - High Quality" (vp)
    Target graphics API: d3d11
    Full variant space:         1
    After settings filtering:   1
    After built-in stripping:   1
    After scriptable stripping: 1
    Processed in 0.00 seconds
  Pass "Camera Motion Blur - High Quality" (fp)
    Target graphics API: d3d11
    Full variant space:         2
    After settings filtering:   1
    After built-in stripping:   1
    After scriptable stripping: 1
    Processed in 0.00 seconds
  Pass "Camera And Object Motion Blur - Low Quality" (vp)
    Target graphics API: d3d11
    Full variant space:         1
    After settings filtering:   1
    After built-in stripping:   1
    After scriptable stripping: 1
    Processed in 0.00 seconds
  Pass "Camera And Object Motion Blur - Low Quality" (fp)
    Target graphics API: d3d11
    Full variant space:         2
    After settings filtering:   1
    After built-in stripping:   1
    After scriptable stripping: 1
    Processed in 0.00 seconds
  Pass "Camera And Object Motion Blur - Medium Quality" (vp)
    Target graphics API: d3d11
    Full variant space:         1
    After settings filtering:   1
    After built-in stripping:   1
    After scriptable stripping: 1
    Processed in 0.00 seconds
  Pass "Camera And Object Motion Blur - Medium Quality" (fp)
    Target graphics API: d3d11
    Full variant space:         2
    After settings filtering:   1
    After built-in stripping:   1
    After scriptable stripping: 1
    Processed in 0.00 seconds
  Pass "Camera And Object Motion Blur - High Quality" (vp)
    Target graphics API: d3d11
    Full variant space:         1
    After settings filtering:   1
    After built-in stripping:   1
    After scriptable stripping: 1
    Processed in 0.00 seconds
  Pass "Camera And Object Motion Blur - High Quality" (fp)
    Target graphics API: d3d11
    Full variant space:         2
    After settings filtering:   1
    After built-in stripping:   1
    After scriptable stripping: 1
    Processed in 0.00 seconds
  Pass Camera Motion Blur - Low Quality (vp, d3d11) finished in 0.01 seconds. Local cache hits 1 (0.00s CPU time), remote cache hits 0 (0.00s CPU time), compiled 0 variants (0.00s CPU time), skipped 0 variants.
    Prepared data for serialisation in 0.00s
  Pass Camera Motion Blur - Low Quality (fp, d3d11) finished in 0.01 seconds. Local cache hits 1 (0.00s CPU time), remote cache hits 0 (0.00s CPU time), compiled 0 variants (0.00s CPU time), skipped 0 variants.
    Prepared data for serialisation in 0.00s
  Pass Camera Motion Blur - Medium Quality (vp, d3d11) finished in 0.01 seconds. Local cache hits 1 (0.00s CPU time), remote cache hits 0 (0.00s CPU time), compiled 0 variants (0.00s CPU time), skipped 0 variants.
    Prepared data for serialisation in 0.00s
  Pass Camera Motion Blur - Medium Quality (fp, d3d11) finished in 0.01 seconds. Local cache hits 1 (0.00s CPU time), remote cache hits 0 (0.00s CPU time), compiled 0 variants (0.00s CPU time), skipped 0 variants.
    Prepared data for serialisation in 0.00s
  Pass Camera Motion Blur - High Quality (vp, d3d11) finished in 0.01 seconds. Local cache hits 1 (0.00s CPU time), remote cache hits 0 (0.00s CPU time), compiled 0 variants (0.00s CPU time), skipped 0 variants.
    Prepared data for serialisation in 0.00s
  Pass Camera Motion Blur - High Quality (fp, d3d11) finished in 0.01 seconds. Local cache hits 1 (0.00s CPU time), remote cache hits 0 (0.00s CPU time), compiled 0 variants (0.00s CPU time), skipped 0 variants.
    Prepared data for serialisation in 0.00s
  Pass Camera And Object Motion Blur - Low Quality (vp, d3d11) finished in 0.01 seconds. Local cache hits 1 (0.00s CPU time), remote cache hits 0 (0.00s CPU time), compiled 0 variants (0.00s CPU time), skipped 0 variants.
    Prepared data for serialisation in 0.00s
  Pass Camera And Object Motion Blur - Low Quality (fp, d3d11) finished in 0.01 seconds. Local cache hits 1 (0.00s CPU time), remote cache hits 0 (0.00s CPU time), compiled 0 variants (0.00s CPU time), skipped 0 variants.
    Prepared data for serialisation in 0.02s
  Pass Camera And Object Motion Blur - Medium Quality (vp, d3d11) finished in 0.02 seconds. Local cache hits 1 (0.00s CPU time), remote cache hits 0 (0.00s CPU time), compiled 0 variants (0.00s CPU time), skipped 0 variants.
    Prepared data for serialisation in 0.00s
  Pass Camera And Object Motion Blur - Medium Quality (fp, d3d11) finished in 0.02 seconds. Local cache hits 1 (0.00s CPU time), remote cache hits 0 (0.00s CPU time), compiled 0 variants (0.00s CPU time), skipped 0 variants.
    Prepared data for serialisation in 0.00s
  Pass Camera And Object Motion Blur - High Quality (vp, d3d11) finished in 0.02 seconds. Local cache hits 1 (0.00s CPU time), remote cache hits 0 (0.00s CPU time), compiled 0 variants (0.00s CPU time), skipped 0 variants.
    Prepared data for serialisation in 0.00s
  Pass Camera And Object Motion Blur - High Quality (fp, d3d11) finished in 0.02 seconds. Local cache hits 1 (0.00s CPU time), remote cache hits 0 (0.00s CPU time), compiled 0 variants (0.00s CPU time), skipped 0 variants.
    Prepared data for serialisation in 0.00s
Serialized binary data for shader Hidden/Universal Render Pipeline/CameraMotionBlur in 0.00s
    d3d11 (total internal programs: 12, unique: 7)
Compiling shader "Hidden/TerrainEngine/Details/UniversalPipeline/BillboardWavingDoublePass"
  Pass "ForwardLit" (vp)
    Target graphics API: d3d11
    Full variant space:         3.072
    After settings filtering:   768
    After built-in stripping:   6
    After scriptable stripping: 6
    Processed in 0.00 seconds
  Pass "ForwardLit" (fp)
    Target graphics API: d3d11
    Full variant space:         491.520
    After settings filtering:   768
    After built-in stripping:   6
    After scriptable stripping: 6
    Processed in 0.00 seconds
  Pass "GBuffer" (vp)
    Target graphics API: d3d11
    Full variant space:         32
    After settings filtering:   24
    After built-in stripping:   3
    After scriptable stripping: 0
    Processed in 0.00 seconds
  Pass "GBuffer" (fp)
    Target graphics API: d3d11
    Full variant space:         1.280
    After settings filtering:   24
    After built-in stripping:   3
    After scriptable stripping: 0
    Processed in 0.00 seconds
  Pass "DepthOnly" (vp)
    Target graphics API: d3d11
    Full variant space:         2
    After settings filtering:   2
    After built-in stripping:   1
    After scriptable stripping: 1
    Processed in 0.00 seconds
  Pass "DepthOnly" (fp)
    Target graphics API: d3d11
    Full variant space:         2
    After settings filtering:   2
    After built-in stripping:   1
    After scriptable stripping: 1
    Processed in 0.00 seconds
  Pass "DepthNormals" (vp)
    Target graphics API: d3d11
    Full variant space:         2
    After settings filtering:   2
    After built-in stripping:   1
    After scriptable stripping: 1
    Processed in 0.00 seconds
  Pass "DepthNormals" (fp)
    Target graphics API: d3d11
    Full variant space:         2
    After settings filtering:   2
    After built-in stripping:   1
    After scriptable stripping: 1
    Processed in 0.00 seconds
Launched and connected shader compiler UnityShaderCompiler.exe after 0.01 seconds
Launched and connected shader compiler UnityShaderCompiler.exe after 0.01 seconds
Launched and connected shader compiler UnityShaderCompiler.exe after 0.01 seconds
Launched and connected shader compiler UnityShaderCompiler.exe after 0.01 seconds
Launched and connected shader compiler UnityShaderCompiler.exe after 0.02 seconds
Launched and connected shader compiler UnityShaderCompiler.exe after 0.01 seconds
Launched and connected shader compiler UnityShaderCompiler.exe after 0.01 seconds
  Pass ForwardLit (vp, d3d11) finished in 1.03 seconds. Local cache hits 1 (0.00s CPU time), remote cache hits 0 (0.00s CPU time), compiled 5 variants (5.14s CPU time), skipped 0 variants.
    Prepared data for serialisation in 0.00s
  Pass ForwardLit (fp, d3d11) finished in 1.13 seconds. Local cache hits 1 (0.00s CPU time), remote cache hits 0 (0.00s CPU time), compiled 5 variants (5.41s CPU time), skipped 0 variants.
    Prepared data for serialisation in 0.00s
  Pass DepthOnly (vp, d3d11) finished in 1.12 seconds. Local cache hits 1 (0.00s CPU time), remote cache hits 0 (0.00s CPU time), compiled 0 variants (0.00s CPU time), skipped 0 variants.
    Prepared data for serialisation in 0.00s
  Pass DepthOnly (fp, d3d11) finished in 1.12 seconds. Local cache hits 1 (0.00s CPU time), remote cache hits 0 (0.00s CPU time), compiled 0 variants (0.00s CPU time), skipped 0 variants.
    Prepared data for serialisation in 0.00s
  Pass DepthNormals (vp, d3d11) finished in 1.12 seconds. Local cache hits 1 (0.00s CPU time), remote cache hits 0 (0.00s CPU time), compiled 0 variants (0.00s CPU time), skipped 0 variants.
    Prepared data for serialisation in 0.00s
  Pass DepthNormals (fp, d3d11) finished in 1.12 seconds. Local cache hits 1 (0.00s CPU time), remote cache hits 0 (0.00s CPU time), compiled 0 variants (0.00s CPU time), skipped 0 variants.
    Prepared data for serialisation in 0.00s
Serialized binary data for shader Hidden/TerrainEngine/Details/UniversalPipeline/BillboardWavingDoublePass in 0.00s
    d3d11 (total internal programs: 16, unique: 16)
Compiling shader "Hidden/Universal Render Pipeline/BokehDepthOfField"
  Pass "Bokeh Depth Of Field CoC" (vp)
    Target graphics API: d3d11
    Full variant space:         1
    After settings filtering:   1
    After built-in stripping:   1
    After scriptable stripping: 1
    Processed in 0.00 seconds
  Pass "Bokeh Depth Of Field CoC" (fp)
    Target graphics API: d3d11
    Full variant space:         2
    After settings filtering:   1
    After built-in stripping:   1
    After scriptable stripping: 1
    Processed in 0.00 seconds
  Pass "Bokeh Depth Of Field Prefilter" (vp)
    Target graphics API: d3d11
    Full variant space:         1
    After settings filtering:   1
    After built-in stripping:   1
    After scriptable stripping: 1
    Processed in 0.00 seconds
  Pass "Bokeh Depth Of Field Prefilter" (fp)
    Target graphics API: d3d11
    Full variant space:         2
    After settings filtering:   1
    After built-in stripping:   1
    After scriptable stripping: 1
    Processed in 0.00 seconds
  Pass "Bokeh Depth Of Field Blur" (vp)
    Target graphics API: d3d11
    Full variant space:         1
    After settings filtering:   1
    After built-in stripping:   1
    After scriptable stripping: 1
    Processed in 0.00 seconds
  Pass "Bokeh Depth Of Field Blur" (fp)
    Target graphics API: d3d11
    Full variant space:         2
    After settings filtering:   1
    After built-in stripping:   1
    After scriptable stripping: 1
    Processed in 0.00 seconds
  Pass "Bokeh Depth Of Field Post Blur" (vp)
    Target graphics API: d3d11
    Full variant space:         1
    After settings filtering:   1
    After built-in stripping:   1
    After scriptable stripping: 1
    Processed in 0.00 seconds
  Pass "Bokeh Depth Of Field Post Blur" (fp)
    Target graphics API: d3d11
    Full variant space:         2
    After settings filtering:   1
    After built-in stripping:   1
    After scriptable stripping: 1
    Processed in 0.00 seconds
  Pass "Bokeh Depth Of Field Composite" (vp)
    Target graphics API: d3d11
    Full variant space:         1
    After settings filtering:   1
    After built-in stripping:   1
    After scriptable stripping: 1
    Processed in 0.00 seconds
  Pass "Bokeh Depth Of Field Composite" (fp)
    Target graphics API: d3d11
    Full variant space:         4
    After settings filtering:   1
    After built-in stripping:   1
    After scriptable stripping: 1
    Processed in 0.00 seconds
  Pass "Bokeh Depth Of Field CoC" (vp)
    Target graphics API: d3d11
    Full variant space:         1
    After settings filtering:   1
    After built-in stripping:   1
    After scriptable stripping: 1
    Processed in 0.00 seconds
  Pass "Bokeh Depth Of Field CoC" (fp)
    Target graphics API: d3d11
    Full variant space:         2
    After settings filtering:   1
    After built-in stripping:   1
    After scriptable stripping: 1
    Processed in 0.00 seconds
  Pass "Bokeh Depth Of Field Prefilter" (vp)
    Target graphics API: d3d11
    Full variant space:         1
    After settings filtering:   1
    After built-in stripping:   1
    After scriptable stripping: 1
    Processed in 0.00 seconds
  Pass "Bokeh Depth Of Field Prefilter" (fp)
    Target graphics API: d3d11
    Full variant space:         2
    After settings filtering:   1
    After built-in stripping:   1
    After scriptable stripping: 1
    Processed in 0.00 seconds
  Pass "Bokeh Depth Of Field Blur" (vp)
    Target graphics API: d3d11
    Full variant space:         1
    After settings filtering:   1
    After built-in stripping:   1
    After scriptable stripping: 1
    Processed in 0.00 seconds
  Pass "Bokeh Depth Of Field Blur" (fp)
    Target graphics API: d3d11
    Full variant space:         2
    After settings filtering:   1
    After built-in stripping:   1
    After scriptable stripping: 1
    Processed in 0.00 seconds
  Pass "Bokeh Depth Of Field Post Blur" (vp)
    Target graphics API: d3d11
    Full variant space:         1
    After settings filtering:   1
    After built-in stripping:   1
    After scriptable stripping: 1
    Processed in 0.00 seconds
  Pass "Bokeh Depth Of Field Post Blur" (fp)
    Target graphics API: d3d11
    Full variant space:         2
    After settings filtering:   1
    After built-in stripping:   1
    After scriptable stripping: 1
    Processed in 0.00 seconds
  Pass "Bokeh Depth Of Field Composite" (vp)
    Target graphics API: d3d11
    Full variant space:         1
    After settings filtering:   1
    After built-in stripping:   1
    After scriptable stripping: 1
    Processed in 0.00 seconds
  Pass "Bokeh Depth Of Field Composite" (fp)
    Target graphics API: d3d11
    Full variant space:         4
    After settings filtering:   1
    After built-in stripping:   1
    After scriptable stripping: 1
    Processed in 0.00 seconds
  Pass Bokeh Depth Of Field CoC (vp, d3d11) finished in 0.02 seconds. Local cache hits 1 (0.00s CPU time), remote cache hits 0 (0.00s CPU time), compiled 0 variants (0.00s CPU time), skipped 0 variants.
    Prepared data for serialisation in 0.00s
  Pass Bokeh Depth Of Field CoC (fp, d3d11) finished in 0.02 seconds. Local cache hits 1 (0.00s CPU time), remote cache hits 0 (0.00s CPU time), compiled 0 variants (0.00s CPU time), skipped 0 variants.
    Prepared data for serialisation in 0.00s
  Pass Bokeh Depth Of Field Prefilter (vp, d3d11) finished in 0.02 seconds. Local cache hits 1 (0.00s CPU time), remote cache hits 0 (0.00s CPU time), compiled 0 variants (0.00s CPU time), skipped 0 variants.
    Prepared data for serialisation in 0.00s
  Pass Bokeh Depth Of Field Prefilter (fp, d3d11) finished in 0.02 seconds. Local cache hits 1 (0.00s CPU time), remote cache hits 0 (0.00s CPU time), compiled 0 variants (0.00s CPU time), skipped 0 variants.
    Prepared data for serialisation in 0.00s
  Pass Bokeh Depth Of Field Blur (vp, d3d11) finished in 0.02 seconds. Local cache hits 1 (0.00s CPU time), remote cache hits 0 (0.00s CPU time), compiled 0 variants (0.00s CPU time), skipped 0 variants.
    Prepared data for serialisation in 0.00s
  Pass Bokeh Depth Of Field Blur (fp, d3d11) finished in 0.02 seconds. Local cache hits 1 (0.00s CPU time), remote cache hits 0 (0.00s CPU time), compiled 0 variants (0.00s CPU time), skipped 0 variants.
    Prepared data for serialisation in 0.00s
  Pass Bokeh Depth Of Field Post Blur (vp, d3d11) finished in 0.02 seconds. Local cache hits 1 (0.00s CPU time), remote cache hits 0 (0.00s CPU time), compiled 0 variants (0.00s CPU time), skipped 0 variants.
    Prepared data for serialisation in 0.00s
  Pass Bokeh Depth Of Field Post Blur (fp, d3d11) finished in 0.02 seconds. Local cache hits 1 (0.00s CPU time), remote cache hits 0 (0.00s CPU time), compiled 0 variants (0.00s CPU time), skipped 0 variants.
    Prepared data for serialisation in 0.00s
  Pass Bokeh Depth Of Field Composite (vp, d3d11) finished in 0.01 seconds. Local cache hits 1 (0.00s CPU time), remote cache hits 0 (0.00s CPU time), compiled 0 variants (0.00s CPU time), skipped 0 variants.
    Prepared data for serialisation in 0.00s
  Pass Bokeh Depth Of Field Composite (fp, d3d11) finished in 0.01 seconds. Local cache hits 1 (0.00s CPU time), remote cache hits 0 (0.00s CPU time), compiled 0 variants (0.00s CPU time), skipped 0 variants.
    Prepared data for serialisation in 0.00s
  Pass Bokeh Depth Of Field CoC (vp, d3d11) finished in 0.01 seconds. Local cache hits 1 (0.00s CPU time), remote cache hits 0 (0.00s CPU time), compiled 0 variants (0.00s CPU time), skipped 0 variants.
    Prepared data for serialisation in 0.00s
  Pass Bokeh Depth Of Field CoC (fp, d3d11) finished in 0.01 seconds. Local cache hits 1 (0.00s CPU time), remote cache hits 0 (0.00s CPU time), compiled 0 variants (0.00s CPU time), skipped 0 variants.
    Prepared data for serialisation in 0.00s
  Pass Bokeh Depth Of Field Prefilter (vp, d3d11) finished in 0.01 seconds. Local cache hits 1 (0.00s CPU time), remote cache hits 0 (0.00s CPU time), compiled 0 variants (0.00s CPU time), skipped 0 variants.
    Prepared data for serialisation in 0.00s
  Pass Bokeh Depth Of Field Prefilter (fp, d3d11) finished in 0.01 seconds. Local cache hits 1 (0.00s CPU time), remote cache hits 0 (0.00s CPU time), compiled 0 variants (0.00s CPU time), skipped 0 variants.
    Prepared data for serialisation in 0.00s
  Pass Bokeh Depth Of Field Blur (vp, d3d11) finished in 0.01 seconds. Local cache hits 1 (0.00s CPU time), remote cache hits 0 (0.00s CPU time), compiled 0 variants (0.00s CPU time), skipped 0 variants.
    Prepared data for serialisation in 0.00s
  Pass Bokeh Depth Of Field Blur (fp, d3d11) finished in 0.01 seconds. Local cache hits 1 (0.00s CPU time), remote cache hits 0 (0.00s CPU time), compiled 0 variants (0.00s CPU time), skipped 0 variants.
    Prepared data for serialisation in 0.00s
  Pass Bokeh Depth Of Field Post Blur (vp, d3d11) finished in 0.00 seconds. Local cache hits 1 (0.00s CPU time), remote cache hits 0 (0.00s CPU time), compiled 0 variants (0.00s CPU time), skipped 0 variants.
    Prepared data for serialisation in 0.00s
  Pass Bokeh Depth Of Field Post Blur (fp, d3d11) finished in 0.00 seconds. Local cache hits 1 (0.00s CPU time), remote cache hits 0 (0.00s CPU time), compiled 0 variants (0.00s CPU time), skipped 0 variants.
    Prepared data for serialisation in 0.00s
  Pass Bokeh Depth Of Field Composite (vp, d3d11) finished in 0.00 seconds. Local cache hits 1 (0.00s CPU time), remote cache hits 0 (0.00s CPU time), compiled 0 variants (0.00s CPU time), skipped 0 variants.
    Prepared data for serialisation in 0.00s
  Pass Bokeh Depth Of Field Composite (fp, d3d11) finished in 0.00 seconds. Local cache hits 1 (0.00s CPU time), remote cache hits 0 (0.00s CPU time), compiled 0 variants (0.00s CPU time), skipped 0 variants.
    Prepared data for serialisation in 0.00s
Serialized binary data for shader Hidden/Universal Render Pipeline/BokehDepthOfField in 0.00s
    d3d11 (total internal programs: 20, unique: 12)
Compiling shader "Hidden/Core/FallbackError"
  Pass "" (vp)
    Target graphics API: d3d11
    Full variant space:         3
    After settings filtering:   3
    After built-in stripping:   1
    After scriptable stripping: 1
    Processed in 0.00 seconds
  Pass "" (fp)
    Target graphics API: d3d11
    Full variant space:         3
    After settings filtering:   3
    After built-in stripping:   1
    After scriptable stripping: 1
    Processed in 0.00 seconds
  Pass  (vp, d3d11) finished in 0.00 seconds. Local cache hits 1 (0.00s CPU time), remote cache hits 0 (0.00s CPU time), compiled 0 variants (0.00s CPU time), skipped 0 variants.
    Prepared data for serialisation in 0.00s
  Pass  (fp, d3d11) finished in 0.00 seconds. Local cache hits 1 (0.00s CPU time), remote cache hits 0 (0.00s CPU time), compiled 0 variants (0.00s CPU time), skipped 0 variants.
    Prepared data for serialisation in 0.00s
Serialized binary data for shader Hidden/Core/FallbackError in 0.00s
    d3d11 (total internal programs: 2, unique: 2)
Compiling shader "Hidden/Light2D"
  Pass "" (vp)
    Target graphics API: d3d11
    Full variant space:         1.024
    After settings filtering:   1.024
    After built-in stripping:   1.024
    After scriptable stripping: 1.024
    Processed in 0.05 seconds
  Pass "" (fp)
Launched and connected shader compiler UnityShaderCompiler.exe after 0.05 seconds
    Target graphics API: d3d11
    Full variant space:         1.024
    After settings filtering:   1.024
    After built-in stripping:   1.024
    After scriptable stripping: 1.024
    Processed in 0.07 seconds
  Pass  (vp, d3d11) finished in 9.17 seconds. Local cache hits 1 (0.00s CPU time), remote cache hits 0 (0.00s CPU time), compiled 1023 variants (109.08s CPU time), skipped 0 variants.
    Prepared data for serialisation in 0.01s
  Pass  (fp, d3d11) finished in 6.16 seconds. Local cache hits 1 (0.00s CPU time), remote cache hits 0 (0.00s CPU time), compiled 1023 variants (73.15s CPU time), skipped 0 variants.
    Prepared data for serialisation in 0.01s
Serialized binary data for shader Hidden/Light2D in 0.01s
    d3d11 (total internal programs: 2048, unique: 2048)
Compressed shader 'Hidden/Light2D' on d3d11 from 5.54MB to 0.11MB
Compressed shader 'Hidden/Light2D' in 0.03s
Compiling shader "Hidden/Universal Render Pipeline/XR/XROcclusionMesh"
  Pass "" (vp)
    Target graphics API: d3d11
    Full variant space:         2
    After settings filtering:   1
    After built-in stripping:   1
    After scriptable stripping: 0
    Processed in 0.00 seconds
  Pass "" (fp)
    Target graphics API: d3d11
    Full variant space:         2
    After settings filtering:   1
    After built-in stripping:   1
    After scriptable stripping: 0
    Processed in 0.00 seconds
Serialized binary data for shader Hidden/Universal Render Pipeline/XR/XROcclusionMesh in 0.00s
    d3d11 (total internal programs: 0, unique: 0)
Compiling shader "Hidden/Shadow2DShadowSprite"
  Pass "Draw Sprite Shadow (R)" (vp)
    Target graphics API: d3d11
    Full variant space:         1
    After settings filtering:   1
    After built-in stripping:   1
    After scriptable stripping: 1
    Processed in 0.00 seconds
  Pass "Draw Sprite Shadow (R)" (fp)
    Target graphics API: d3d11
    Full variant space:         1
    After settings filtering:   1
    After built-in stripping:   1
    After scriptable stripping: 1
    Processed in 0.00 seconds
  Pass Draw Sprite Shadow (R) (vp, d3d11) finished in 0.00 seconds. Local cache hits 1 (0.00s CPU time), remote cache hits 0 (0.00s CPU time), compiled 0 variants (0.00s CPU time), skipped 0 variants.
    Prepared data for serialisation in 0.00s
  Pass Draw Sprite Shadow (R) (fp, d3d11) finished in 0.00 seconds. Local cache hits 1 (0.00s CPU time), remote cache hits 0 (0.00s CPU time), compiled 0 variants (0.00s CPU time), skipped 0 variants.
    Prepared data for serialisation in 0.00s
Serialized binary data for shader Hidden/Shadow2DShadowSprite in 0.00s
    d3d11 (total internal programs: 2, unique: 2)
Compiling shader "Hidden/Universal Render Pipeline/Edge Adaptive Spatial Upsampling"
  Pass "EASU" (vp)
    Target graphics API: d3d11
    Full variant space:         1
    After settings filtering:   1
    After built-in stripping:   1
    After scriptable stripping: 1
    Processed in 0.00 seconds
  Pass "EASU" (fp)
    Target graphics API: d3d11
    Full variant space:         2
    After settings filtering:   1
    After built-in stripping:   1
    After scriptable stripping: 1
    Processed in 0.00 seconds
  Pass EASU (vp, d3d11) finished in 0.00 seconds. Local cache hits 1 (0.00s CPU time), remote cache hits 0 (0.00s CPU time), compiled 0 variants (0.00s CPU time), skipped 0 variants.
    Prepared data for serialisation in 0.00s
  Pass EASU (fp, d3d11) finished in 0.00 seconds. Local cache hits 1 (0.00s CPU time), remote cache hits 0 (0.00s CPU time), compiled 0 variants (0.00s CPU time), skipped 0 variants.
    Prepared data for serialisation in 0.00s
Serialized binary data for shader Hidden/Universal Render Pipeline/Edge Adaptive Spatial Upsampling in 0.00s
    d3d11 (total internal programs: 2, unique: 2)
Compiling shader "Hidden/Universal/HDRDebugView"
  Pass "" (vp)
    Target graphics API: d3d11
    Full variant space:         1
    After settings filtering:   1
    After built-in stripping:   1
    After scriptable stripping: 1
    Processed in 0.00 seconds
  Pass "" (fp)
    Target graphics API: d3d11
    Full variant space:         4
    After settings filtering:   1
    After built-in stripping:   1
    After scriptable stripping: 1
    Processed in 0.00 seconds
  Pass "" (vp)
    Target graphics API: d3d11
    Full variant space:         1
    After settings filtering:   1
    After built-in stripping:   1
    After scriptable stripping: 1
    Processed in 0.00 seconds
  Pass "" (fp)
    Target graphics API: d3d11
    Full variant space:         4
    After settings filtering:   1
    After built-in stripping:   1
    After scriptable stripping: 1
    Processed in 0.00 seconds
  Pass  (vp, d3d11) finished in 0.00 seconds. Local cache hits 1 (0.00s CPU time), remote cache hits 0 (0.00s CPU time), compiled 0 variants (0.00s CPU time), skipped 0 variants.
    Prepared data for serialisation in 0.00s
  Pass  (fp, d3d11) finished in 0.00 seconds. Local cache hits 1 (0.00s CPU time), remote cache hits 0 (0.00s CPU time), compiled 0 variants (0.00s CPU time), skipped 0 variants.
    Prepared data for serialisation in 0.00s
  Pass  (vp, d3d11) finished in 0.00 seconds. Local cache hits 1 (0.00s CPU time), remote cache hits 0 (0.00s CPU time), compiled 0 variants (0.00s CPU time), skipped 0 variants.
    Prepared data for serialisation in 0.00s
  Pass  (fp, d3d11) finished in 0.00 seconds. Local cache hits 1 (0.00s CPU time), remote cache hits 0 (0.00s CPU time), compiled 0 variants (0.00s CPU time), skipped 0 variants.
    Prepared data for serialisation in 0.00s
Serialized binary data for shader Hidden/Universal/HDRDebugView in 0.00s
    d3d11 (total internal programs: 4, unique: 3)
Compiling shader "Hidden/Universal Render Pipeline/GaussianDepthOfField"
  Pass "Gaussian Depth Of Field CoC" (vp)
    Target graphics API: d3d11
    Full variant space:         1
    After settings filtering:   1
    After built-in stripping:   1
    After scriptable stripping: 1
    Processed in 0.00 seconds
  Pass "Gaussian Depth Of Field CoC" (fp)
    Target graphics API: d3d11
    Full variant space:         1
    After settings filtering:   1
    After built-in stripping:   1
    After scriptable stripping: 1
    Processed in 0.00 seconds
  Pass "Gaussian Depth Of Field Prefilter" (vp)
    Target graphics API: d3d11
    Full variant space:         1
    After settings filtering:   1
    After built-in stripping:   1
    After scriptable stripping: 1
    Processed in 0.00 seconds
  Pass "Gaussian Depth Of Field Prefilter" (fp)
    Target graphics API: d3d11
    Full variant space:         4
    After settings filtering:   2
    After built-in stripping:   2
    After scriptable stripping: 2
    Processed in 0.00 seconds
  Pass "Gaussian Depth Of Field Blur Horizontal" (vp)
    Target graphics API: d3d11
    Full variant space:         1
    After settings filtering:   1
    After built-in stripping:   1
    After scriptable stripping: 1
    Processed in 0.00 seconds
  Pass "Gaussian Depth Of Field Blur Horizontal" (fp)
    Target graphics API: d3d11
    Full variant space:         2
    After settings filtering:   1
    After built-in stripping:   1
    After scriptable stripping: 1
    Processed in 0.00 seconds
  Pass "Gaussian Depth Of Field Blur Vertical" (vp)
    Target graphics API: d3d11
    Full variant space:         1
    After settings filtering:   1
    After built-in stripping:   1
    After scriptable stripping: 1
    Processed in 0.00 seconds
  Pass "Gaussian Depth Of Field Blur Vertical" (fp)
    Target graphics API: d3d11
    Full variant space:         2
    After settings filtering:   1
    After built-in stripping:   1
    After scriptable stripping: 1
    Processed in 0.00 seconds
  Pass "Gaussian Depth Of Field Composite" (vp)
    Target graphics API: d3d11
    Full variant space:         1
    After settings filtering:   1
    After built-in stripping:   1
    After scriptable stripping: 1
    Processed in 0.00 seconds
  Pass "Gaussian Depth Of Field Composite" (fp)
    Target graphics API: d3d11
    Full variant space:         4
    After settings filtering:   2
    After built-in stripping:   2
    After scriptable stripping: 2
    Processed in 0.00 seconds
  Pass Gaussian Depth Of Field CoC (vp, d3d11) finished in 0.01 seconds. Local cache hits 1 (0.00s CPU time), remote cache hits 0 (0.00s CPU time), compiled 0 variants (0.00s CPU time), skipped 0 variants.
    Prepared data for serialisation in 0.00s
  Pass Gaussian Depth Of Field CoC (fp, d3d11) finished in 0.01 seconds. Local cache hits 1 (0.00s CPU time), remote cache hits 0 (0.00s CPU time), compiled 0 variants (0.00s CPU time), skipped 0 variants.
    Prepared data for serialisation in 0.00s
  Pass Gaussian Depth Of Field Prefilter (vp, d3d11) finished in 0.01 seconds. Local cache hits 1 (0.00s CPU time), remote cache hits 0 (0.00s CPU time), compiled 0 variants (0.00s CPU time), skipped 0 variants.
    Prepared data for serialisation in 0.00s
  Pass Gaussian Depth Of Field Prefilter (fp, d3d11) finished in 0.33 seconds. Local cache hits 1 (0.00s CPU time), remote cache hits 0 (0.00s CPU time), compiled 1 variants (0.33s CPU time), skipped 0 variants.
    Prepared data for serialisation in 0.00s
  Pass Gaussian Depth Of Field Blur Horizontal (vp, d3d11) finished in 0.33 seconds. Local cache hits 1 (0.00s CPU time), remote cache hits 0 (0.00s CPU time), compiled 0 variants (0.00s CPU time), skipped 0 variants.
    Prepared data for serialisation in 0.00s
  Pass Gaussian Depth Of Field Blur Horizontal (fp, d3d11) finished in 0.33 seconds. Local cache hits 1 (0.00s CPU time), remote cache hits 0 (0.00s CPU time), compiled 0 variants (0.00s CPU time), skipped 0 variants.
    Prepared data for serialisation in 0.00s
  Pass Gaussian Depth Of Field Blur Vertical (vp, d3d11) finished in 0.33 seconds. Local cache hits 1 (0.00s CPU time), remote cache hits 0 (0.00s CPU time), compiled 0 variants (0.00s CPU time), skipped 0 variants.
    Prepared data for serialisation in 0.00s
  Pass Gaussian Depth Of Field Blur Vertical (fp, d3d11) finished in 0.32 seconds. Local cache hits 1 (0.00s CPU time), remote cache hits 0 (0.00s CPU time), compiled 0 variants (0.00s CPU time), skipped 0 variants.
    Prepared data for serialisation in 0.00s
  Pass Gaussian Depth Of Field Composite (vp, d3d11) finished in 0.32 seconds. Local cache hits 1 (0.00s CPU time), remote cache hits 0 (0.00s CPU time), compiled 0 variants (0.00s CPU time), skipped 0 variants.
    Prepared data for serialisation in 0.00s
  Pass Gaussian Depth Of Field Composite (fp, d3d11) finished in 0.33 seconds. Local cache hits 1 (0.00s CPU time), remote cache hits 0 (0.00s CPU time), compiled 1 variants (0.33s CPU time), skipped 0 variants.
    Prepared data for serialisation in 0.00s
Serialized binary data for shader Hidden/Universal Render Pipeline/GaussianDepthOfField in 0.00s
    d3d11 (total internal programs: 12, unique: 8)
Compiling shader "Hidden/Universal Render Pipeline/Bloom"
  Pass "Bloom Prefilter" (vp)
    Target graphics API: d3d11
    Full variant space:         1
    After settings filtering:   1
    After built-in stripping:   1
    After scriptable stripping: 1
    Processed in 0.00 seconds
  Pass "Bloom Prefilter" (fp)
    Target graphics API: d3d11
    Full variant space:         4
    After settings filtering:   2
    After built-in stripping:   2
    After scriptable stripping: 2
    Processed in 0.00 seconds
  Pass "Bloom Blur Horizontal" (vp)
    Target graphics API: d3d11
    Full variant space:         1
    After settings filtering:   1
    After built-in stripping:   1
    After scriptable stripping: 1
    Processed in 0.00 seconds
  Pass "Bloom Blur Horizontal" (fp)
    Target graphics API: d3d11
    Full variant space:         1
    After settings filtering:   1
    After built-in stripping:   1
    After scriptable stripping: 1
    Processed in 0.00 seconds
  Pass "Bloom Blur Vertical" (vp)
    Target graphics API: d3d11
    Full variant space:         1
    After settings filtering:   1
    After built-in stripping:   1
    After scriptable stripping: 1
    Processed in 0.00 seconds
  Pass "Bloom Blur Vertical" (fp)
    Target graphics API: d3d11
    Full variant space:         1
    After settings filtering:   1
    After built-in stripping:   1
    After scriptable stripping: 1
    Processed in 0.00 seconds
  Pass "Bloom Upsample" (vp)
    Target graphics API: d3d11
    Full variant space:         1
    After settings filtering:   1
    After built-in stripping:   1
    After scriptable stripping: 1
    Processed in 0.00 seconds
  Pass "Bloom Upsample" (fp)
    Target graphics API: d3d11
    Full variant space:         2
    After settings filtering:   2
    After built-in stripping:   2
    After scriptable stripping: 2
    Processed in 0.00 seconds
  Pass "Bloom Kawase" (vp)
    Target graphics API: d3d11
    Full variant space:         1
    After settings filtering:   1
    After built-in stripping:   1
    After scriptable stripping: 1
    Processed in 0.00 seconds
  Pass "Bloom Kawase" (fp)
    Target graphics API: d3d11
    Full variant space:         1
    After settings filtering:   1
    After built-in stripping:   1
    After scriptable stripping: 1
    Processed in 0.00 seconds
  Pass "Bloom Dual Downsample" (vp)
    Target graphics API: d3d11
    Full variant space:         1
    After settings filtering:   1
    After built-in stripping:   1
    After scriptable stripping: 1
    Processed in 0.00 seconds
  Pass "Bloom Dual Downsample" (fp)
    Target graphics API: d3d11
    Full variant space:         1
    After settings filtering:   1
    After built-in stripping:   1
    After scriptable stripping: 1
    Processed in 0.00 seconds
  Pass "Bloom Dual Upsample" (vp)
    Target graphics API: d3d11
    Full variant space:         1
    After settings filtering:   1
    After built-in stripping:   1
    After scriptable stripping: 1
    Processed in 0.00 seconds
  Pass "Bloom Dual Upsample" (fp)
    Target graphics API: d3d11
    Full variant space:         1
    After settings filtering:   1
    After built-in stripping:   1
    After scriptable stripping: 1
    Processed in 0.00 seconds
  Pass Bloom Prefilter (vp, d3d11) finished in 0.02 seconds. Local cache hits 1 (0.00s CPU time), remote cache hits 0 (0.00s CPU time), compiled 0 variants (0.00s CPU time), skipped 0 variants.
    Prepared data for serialisation in 0.00s
  Pass Bloom Prefilter (fp, d3d11) finished in 0.12 seconds. Local cache hits 1 (0.00s CPU time), remote cache hits 0 (0.00s CPU time), compiled 1 variants (0.12s CPU time), skipped 0 variants.
    Prepared data for serialisation in 0.00s
  Pass Bloom Blur Horizontal (vp, d3d11) finished in 0.12 seconds. Local cache hits 1 (0.00s CPU time), remote cache hits 0 (0.00s CPU time), compiled 0 variants (0.00s CPU time), skipped 0 variants.
    Prepared data for serialisation in 0.00s
  Pass Bloom Blur Horizontal (fp, d3d11) finished in 0.12 seconds. Local cache hits 1 (0.00s CPU time), remote cache hits 0 (0.00s CPU time), compiled 0 variants (0.00s CPU time), skipped 0 variants.
    Prepared data for serialisation in 0.00s
  Pass Bloom Blur Vertical (vp, d3d11) finished in 0.12 seconds. Local cache hits 1 (0.00s CPU time), remote cache hits 0 (0.00s CPU time), compiled 0 variants (0.00s CPU time), skipped 0 variants.
    Prepared data for serialisation in 0.00s
  Pass Bloom Blur Vertical (fp, d3d11) finished in 0.12 seconds. Local cache hits 1 (0.00s CPU time), remote cache hits 0 (0.00s CPU time), compiled 0 variants (0.00s CPU time), skipped 0 variants.
    Prepared data for serialisation in 0.00s
  Pass Bloom Upsample (vp, d3d11) finished in 0.12 seconds. Local cache hits 1 (0.00s CPU time), remote cache hits 0 (0.00s CPU time), compiled 0 variants (0.00s CPU time), skipped 0 variants.
    Prepared data for serialisation in 0.00s
  Pass Bloom Upsample (fp, d3d11) finished in 0.12 seconds. Local cache hits 1 (0.00s CPU time), remote cache hits 0 (0.00s CPU time), compiled 1 variants (0.11s CPU time), skipped 0 variants.
    Prepared data for serialisation in 0.00s
  Pass Bloom Kawase (vp, d3d11) finished in 0.12 seconds. Local cache hits 1 (0.00s CPU time), remote cache hits 0 (0.00s CPU time), compiled 0 variants (0.00s CPU time), skipped 0 variants.
    Prepared data for serialisation in 0.00s
  Pass Bloom Kawase (fp, d3d11) finished in 0.11 seconds. Local cache hits 1 (0.00s CPU time), remote cache hits 0 (0.00s CPU time), compiled 0 variants (0.00s CPU time), skipped 0 variants.
    Prepared data for serialisation in 0.00s
  Pass Bloom Dual Downsample (vp, d3d11) finished in 0.11 seconds. Local cache hits 1 (0.00s CPU time), remote cache hits 0 (0.00s CPU time), compiled 0 variants (0.00s CPU time), skipped 0 variants.
    Prepared data for serialisation in 0.00s
  Pass Bloom Dual Downsample (fp, d3d11) finished in 0.11 seconds. Local cache hits 1 (0.00s CPU time), remote cache hits 0 (0.00s CPU time), compiled 0 variants (0.00s CPU time), skipped 0 variants.
    Prepared data for serialisation in 0.00s
  Pass Bloom Dual Upsample (vp, d3d11) finished in 0.11 seconds. Local cache hits 1 (0.00s CPU time), remote cache hits 0 (0.00s CPU time), compiled 0 variants (0.00s CPU time), skipped 0 variants.
    Prepared data for serialisation in 0.00s
  Pass Bloom Dual Upsample (fp, d3d11) finished in 0.11 seconds. Local cache hits 1 (0.00s CPU time), remote cache hits 0 (0.00s CPU time), compiled 0 variants (0.00s CPU time), skipped 0 variants.
    Prepared data for serialisation in 0.00s
Serialized binary data for shader Hidden/Universal Render Pipeline/Bloom in 0.00s
    d3d11 (total internal programs: 16, unique: 10)
Compiling shader "Hidden/Core/VrsVisualization"
  Pass "VrsVisualization" (vp)
    Target graphics API: d3d11
    Full variant space:         1
    After settings filtering:   1
    After built-in stripping:   1
    After scriptable stripping: 1
    Processed in 0.00 seconds
  Pass "VrsVisualization" (fp)
    Target graphics API: d3d11
    Full variant space:         1
    After settings filtering:   1
    After built-in stripping:   1
    After scriptable stripping: 1
    Processed in 0.00 seconds
  Pass VrsVisualization (vp, d3d11) finished in 0.00 seconds. Local cache hits 1 (0.00s CPU time), remote cache hits 0 (0.00s CPU time), compiled 0 variants (0.00s CPU time), skipped 0 variants.
    Prepared data for serialisation in 0.00s
  Pass VrsVisualization (fp, d3d11) finished in 0.00 seconds. Local cache hits 1 (0.00s CPU time), remote cache hits 0 (0.00s CPU time), compiled 0 variants (0.00s CPU time), skipped 0 variants.
    Prepared data for serialisation in 0.00s
Serialized binary data for shader Hidden/Core/VrsVisualization in 0.00s
    d3d11 (total internal programs: 2, unique: 2)
Compiling shader "Hidden/Universal Render Pipeline/SubpixelMorphologicalAntialiasing"
  Pass "" (vp)
    Target graphics API: d3d11
    Full variant space:         3
    After settings filtering:   3
    After built-in stripping:   3
    After scriptable stripping: 3
    Processed in 0.00 seconds
  Pass "" (fp)
    Target graphics API: d3d11
    Full variant space:         3
    After settings filtering:   3
    After built-in stripping:   3
    After scriptable stripping: 3
    Processed in 0.00 seconds
  Pass "" (vp)
    Target graphics API: d3d11
    Full variant space:         3
    After settings filtering:   3
    After built-in stripping:   3
    After scriptable stripping: 3
    Processed in 0.00 seconds
  Pass "" (fp)
    Target graphics API: d3d11
    Full variant space:         3
    After settings filtering:   3
    After built-in stripping:   3
    After scriptable stripping: 3
    Processed in 0.00 seconds
  Pass "" (vp)
    Target graphics API: d3d11
    Full variant space:         3
    After settings filtering:   3
    After built-in stripping:   3
    After scriptable stripping: 3
    Processed in 0.00 seconds
  Pass "" (fp)
    Target graphics API: d3d11
    Full variant space:         3
    After settings filtering:   3
    After built-in stripping:   3
    After scriptable stripping: 3
    Processed in 0.00 seconds
  Pass  (vp, d3d11) finished in 0.45 seconds. Local cache hits 1 (0.00s CPU time), remote cache hits 0 (0.00s CPU time), compiled 2 variants (0.90s CPU time), skipped 0 variants.
    Prepared data for serialisation in 0.00s
  Pass  (fp, d3d11) finished in 0.46 seconds. Local cache hits 1 (0.00s CPU time), remote cache hits 0 (0.00s CPU time), compiled 2 variants (0.92s CPU time), skipped 0 variants.
    Prepared data for serialisation in 0.00s
  Pass  (vp, d3d11) finished in 0.46 seconds. Local cache hits 1 (0.00s CPU time), remote cache hits 0 (0.00s CPU time), compiled 2 variants (0.90s CPU time), skipped 0 variants.
    Prepared data for serialisation in 0.00s
  Pass  (fp, d3d11) finished in 0.54 seconds. Local cache hits 1 (0.00s CPU time), remote cache hits 0 (0.00s CPU time), compiled 2 variants (1.02s CPU time), skipped 0 variants.
    Prepared data for serialisation in 0.00s
  Pass  (vp, d3d11) finished in 0.54 seconds. Local cache hits 1 (0.00s CPU time), remote cache hits 0 (0.00s CPU time), compiled 2 variants (0.89s CPU time), skipped 0 variants.
    Prepared data for serialisation in 0.00s
  Pass  (fp, d3d11) finished in 0.54 seconds. Local cache hits 1 (0.00s CPU time), remote cache hits 0 (0.00s CPU time), compiled 2 variants (0.51s CPU time), skipped 0 variants.
    Prepared data for serialisation in 0.00s
Serialized binary data for shader Hidden/Universal Render Pipeline/SubpixelMorphologicalAntialiasing in 0.00s
    d3d11 (total internal programs: 18, unique: 18)
Compiling shader "Hidden/Universal Render Pipeline/LutBuilderLdr"
  Pass "LutBuilderLdr" (vp)
    Target graphics API: d3d11
    Full variant space:         1
    After settings filtering:   1
    After built-in stripping:   1
    After scriptable stripping: 1
    Processed in 0.00 seconds
  Pass "LutBuilderLdr" (fp)
    Target graphics API: d3d11
    Full variant space:         1
    After settings filtering:   1
    After built-in stripping:   1
    After scriptable stripping: 1
    Processed in 0.00 seconds
  Pass LutBuilderLdr (vp, d3d11) finished in 0.00 seconds. Local cache hits 1 (0.00s CPU time), remote cache hits 0 (0.00s CPU time), compiled 0 variants (0.00s CPU time), skipped 0 variants.
    Prepared data for serialisation in 0.00s
  Pass LutBuilderLdr (fp, d3d11) finished in 0.00 seconds. Local cache hits 1 (0.00s CPU time), remote cache hits 0 (0.00s CPU time), compiled 0 variants (0.00s CPU time), skipped 0 variants.
    Prepared data for serialisation in 0.00s
Serialized binary data for shader Hidden/Universal Render Pipeline/LutBuilderLdr in 0.00s
    d3d11 (total internal programs: 2, unique: 2)
Compiling shader "Hidden/Universal Render Pipeline/LensFlareDataDriven"
  Pass "LensFlareAdditive" (vp)
    Target graphics API: d3d11
    Full variant space:         4
    After settings filtering:   4
    After built-in stripping:   4
    After scriptable stripping: 4
    Processed in 0.00 seconds
  Pass "LensFlareAdditive" (fp)
    Target graphics API: d3d11
    Full variant space:         4
    After settings filtering:   4
    After built-in stripping:   4
    After scriptable stripping: 4
    Processed in 0.00 seconds
  Pass "LensFlareScreen" (vp)
    Target graphics API: d3d11
    Full variant space:         4
    After settings filtering:   4
    After built-in stripping:   4
    After scriptable stripping: 4
    Processed in 0.00 seconds
  Pass "LensFlareScreen" (fp)
    Target graphics API: d3d11
    Full variant space:         4
    After settings filtering:   4
    After built-in stripping:   4
    After scriptable stripping: 4
    Processed in 0.00 seconds
  Pass "LensFlarePremultiply" (vp)
    Target graphics API: d3d11
    Full variant space:         4
    After settings filtering:   4
    After built-in stripping:   4
    After scriptable stripping: 4
    Processed in 0.00 seconds
  Pass "LensFlarePremultiply" (fp)
    Target graphics API: d3d11
    Full variant space:         4
    After settings filtering:   4
    After built-in stripping:   4
    After scriptable stripping: 4
    Processed in 0.00 seconds
  Pass "LensFlareLerp" (vp)
    Target graphics API: d3d11
    Full variant space:         4
    After settings filtering:   4
    After built-in stripping:   4
    After scriptable stripping: 4
    Processed in 0.00 seconds
  Pass "LensFlareLerp" (fp)
    Target graphics API: d3d11
    Full variant space:         4
    After settings filtering:   4
    After built-in stripping:   4
    After scriptable stripping: 4
    Processed in 0.00 seconds
  Pass "LensFlareOcclusion" (vp)
    Target graphics API: d3d11
    Full variant space:         1
    After settings filtering:   1
    After built-in stripping:   1
    After scriptable stripping: 1
    Processed in 0.00 seconds
  Pass "LensFlareOcclusion" (fp)
    Target graphics API: d3d11
    Full variant space:         1
    After settings filtering:   1
    After built-in stripping:   1
    After scriptable stripping: 1
    Processed in 0.00 seconds
  Pass LensFlareAdditive (vp, d3d11) finished in 0.71 seconds. Local cache hits 1 (0.00s CPU time), remote cache hits 0 (0.00s CPU time), compiled 3 variants (2.11s CPU time), skipped 0 variants.
    Prepared data for serialisation in 0.00s
  Pass LensFlareAdditive (fp, d3d11) finished in 0.71 seconds. Local cache hits 1 (0.00s CPU time), remote cache hits 0 (0.00s CPU time), compiled 3 variants (2.12s CPU time), skipped 0 variants.
    Prepared data for serialisation in 0.00s
  Pass LensFlareScreen (vp, d3d11) finished in 0.71 seconds. Local cache hits 1 (0.00s CPU time), remote cache hits 0 (0.00s CPU time), compiled 3 variants (2.10s CPU time), skipped 0 variants.
    Prepared data for serialisation in 0.00s
  Pass LensFlareScreen (fp, d3d11) finished in 0.86 seconds. Local cache hits 1 (0.00s CPU time), remote cache hits 0 (0.00s CPU time), compiled 3 variants (1.57s CPU time), skipped 0 variants.
    Prepared data for serialisation in 0.00s
  Pass LensFlarePremultiply (vp, d3d11) finished in 0.16 seconds. Local cache hits 1 (0.00s CPU time), remote cache hits 0 (0.00s CPU time), compiled 3 variants (0.33s CPU time), skipped 0 variants.
    Prepared data for serialisation in 0.00s
  Pass LensFlarePremultiply (fp, d3d11) finished in 0.17 seconds. Local cache hits 1 (0.00s CPU time), remote cache hits 0 (0.00s CPU time), compiled 3 variants (0.49s CPU time), skipped 0 variants.
    Prepared data for serialisation in 0.00s
  Pass LensFlareLerp (vp, d3d11) finished in 0.17 seconds. Local cache hits 1 (0.00s CPU time), remote cache hits 0 (0.00s CPU time), compiled 3 variants (0.32s CPU time), skipped 0 variants.
    Prepared data for serialisation in 0.00s
  Pass LensFlareLerp (fp, d3d11) finished in 0.21 seconds. Local cache hits 1 (0.00s CPU time), remote cache hits 0 (0.00s CPU time), compiled 3 variants (0.39s CPU time), skipped 0 variants.
    Prepared data for serialisation in 0.00s
  Pass LensFlareOcclusion (vp, d3d11) finished in 0.12 seconds. Local cache hits 1 (0.00s CPU time), remote cache hits 0 (0.00s CPU time), compiled 0 variants (0.00s CPU time), skipped 0 variants.
    Prepared data for serialisation in 0.00s
  Pass LensFlareOcclusion (fp, d3d11) finished in 0.12 seconds. Local cache hits 1 (0.00s CPU time), remote cache hits 0 (0.00s CPU time), compiled 0 variants (0.00s CPU time), skipped 0 variants.
    Prepared data for serialisation in 0.00s
Serialized binary data for shader Hidden/Universal Render Pipeline/LensFlareDataDriven in 0.00s
    d3d11 (total internal programs: 34, unique: 14)
Compiling shader "Hidden/Universal Render Pipeline/LensFlareScreenSpace"
  Pass "LensFlareScreenSpac Prefilter" (vp)
    Target graphics API: d3d11
    Full variant space:         1
    After settings filtering:   1
    After built-in stripping:   1
    After scriptable stripping: 1
    Processed in 0.00 seconds
  Pass "LensFlareScreenSpac Prefilter" (fp)
    Target graphics API: d3d11
    Full variant space:         1
    After settings filtering:   1
    After built-in stripping:   1
    After scriptable stripping: 1
    Processed in 0.00 seconds
  Pass "LensFlareScreenSpace Downsample" (vp)
    Target graphics API: d3d11
    Full variant space:         1
    After settings filtering:   1
    After built-in stripping:   1
    After scriptable stripping: 1
    Processed in 0.00 seconds
  Pass "LensFlareScreenSpace Downsample" (fp)
    Target graphics API: d3d11
    Full variant space:         1
    After settings filtering:   1
    After built-in stripping:   1
    After scriptable stripping: 1
    Processed in 0.00 seconds
  Pass "LensFlareScreenSpace Upsample" (vp)
    Target graphics API: d3d11
    Full variant space:         1
    After settings filtering:   1
    After built-in stripping:   1
    After scriptable stripping: 1
    Processed in 0.00 seconds
  Pass "LensFlareScreenSpace Upsample" (fp)
    Target graphics API: d3d11
    Full variant space:         1
    After settings filtering:   1
    After built-in stripping:   1
    After scriptable stripping: 1
    Processed in 0.00 seconds
  Pass "LensFlareScreenSpace Composition" (vp)
    Target graphics API: d3d11
    Full variant space:         1
    After settings filtering:   1
    After built-in stripping:   1
    After scriptable stripping: 1
    Processed in 0.00 seconds
  Pass "LensFlareScreenSpace Composition" (fp)
    Target graphics API: d3d11
    Full variant space:         1
    After settings filtering:   1
    After built-in stripping:   1
    After scriptable stripping: 1
    Processed in 0.00 seconds
  Pass "LensFlareScreenSpace Write to BloomTexture" (vp)
    Target graphics API: d3d11
    Full variant space:         1
    After settings filtering:   1
    After built-in stripping:   1
    After scriptable stripping: 1
    Processed in 0.00 seconds
  Pass "LensFlareScreenSpace Write to BloomTexture" (fp)
    Target graphics API: d3d11
    Full variant space:         1
    After settings filtering:   1
    After built-in stripping:   1
    After scriptable stripping: 1
    Processed in 0.00 seconds
  Pass LensFlareScreenSpac Prefilter (vp, d3d11) finished in 0.01 seconds. Local cache hits 1 (0.00s CPU time), remote cache hits 0 (0.00s CPU time), compiled 0 variants (0.00s CPU time), skipped 0 variants.
    Prepared data for serialisation in 0.00s
  Pass LensFlareScreenSpac Prefilter (fp, d3d11) finished in 0.01 seconds. Local cache hits 1 (0.00s CPU time), remote cache hits 0 (0.00s CPU time), compiled 0 variants (0.00s CPU time), skipped 0 variants.
    Prepared data for serialisation in 0.00s
  Pass LensFlareScreenSpace Downsample (vp, d3d11) finished in 0.01 seconds. Local cache hits 1 (0.00s CPU time), remote cache hits 0 (0.00s CPU time), compiled 0 variants (0.00s CPU time), skipped 0 variants.
    Prepared data for serialisation in 0.00s
  Pass LensFlareScreenSpace Downsample (fp, d3d11) finished in 0.01 seconds. Local cache hits 1 (0.00s CPU time), remote cache hits 0 (0.00s CPU time), compiled 0 variants (0.00s CPU time), skipped 0 variants.
    Prepared data for serialisation in 0.00s
  Pass LensFlareScreenSpace Upsample (vp, d3d11) finished in 0.01 seconds. Local cache hits 1 (0.00s CPU time), remote cache hits 0 (0.00s CPU time), compiled 0 variants (0.00s CPU time), skipped 0 variants.
    Prepared data for serialisation in 0.00s
  Pass LensFlareScreenSpace Upsample (fp, d3d11) finished in 0.01 seconds. Local cache hits 1 (0.00s CPU time), remote cache hits 0 (0.00s CPU time), compiled 0 variants (0.00s CPU time), skipped 0 variants.
    Prepared data for serialisation in 0.00s
  Pass LensFlareScreenSpace Composition (vp, d3d11) finished in 0.00 seconds. Local cache hits 1 (0.00s CPU time), remote cache hits 0 (0.00s CPU time), compiled 0 variants (0.00s CPU time), skipped 0 variants.
    Prepared data for serialisation in 0.00s
  Pass LensFlareScreenSpace Composition (fp, d3d11) finished in 0.00 seconds. Local cache hits 1 (0.00s CPU time), remote cache hits 0 (0.00s CPU time), compiled 0 variants (0.00s CPU time), skipped 0 variants.
    Prepared data for serialisation in 0.00s
  Pass LensFlareScreenSpace Write to BloomTexture (vp, d3d11) finished in 0.00 seconds. Local cache hits 1 (0.00s CPU time), remote cache hits 0 (0.00s CPU time), compiled 0 variants (0.00s CPU time), skipped 0 variants.
    Prepared data for serialisation in 0.00s
  Pass LensFlareScreenSpace Write to BloomTexture (fp, d3d11) finished in 0.00 seconds. Local cache hits 1 (0.00s CPU time), remote cache hits 0 (0.00s CPU time), compiled 0 variants (0.00s CPU time), skipped 0 variants.
    Prepared data for serialisation in 0.00s
Serialized binary data for shader Hidden/Universal Render Pipeline/LensFlareScreenSpace in 0.00s
    d3d11 (total internal programs: 10, unique: 6)
Compiling shader "Hidden/Shadow2DUnshadowGeometry"
  Pass "Geometry Unshadow (0) - Stencil: Ref 1, Comp Always, Pass Replace" (vp)
    Target graphics API: d3d11
    Full variant space:         1
    After settings filtering:   1
    After built-in stripping:   1
    After scriptable stripping: 1
    Processed in 0.00 seconds
  Pass "Geometry Unshadow (0) - Stencil: Ref 1, Comp Always, Pass Replace" (fp)
    Target graphics API: d3d11
    Full variant space:         1
    After settings filtering:   1
    After built-in stripping:   1
    After scriptable stripping: 1
    Processed in 0.00 seconds
  Pass "Geometry Unshadow (B) - Stencil: Ref 0, Comp Always, Pass Replace" (vp)
    Target graphics API: d3d11
    Full variant space:         1
    After settings filtering:   1
    After built-in stripping:   1
    After scriptable stripping: 1
    Processed in 0.00 seconds
  Pass "Geometry Unshadow (B) - Stencil: Ref 0, Comp Always, Pass Replace" (fp)
    Target graphics API: d3d11
    Full variant space:         1
    After settings filtering:   1
    After built-in stripping:   1
    After scriptable stripping: 1
    Processed in 0.00 seconds
  Pass Geometry Unshadow (0) - Stencil: Ref 1, Comp Always, Pass Replace (vp, d3d11) finished in 0.00 seconds. Local cache hits 1 (0.00s CPU time), remote cache hits 0 (0.00s CPU time), compiled 0 variants (0.00s CPU time), skipped 0 variants.
    Prepared data for serialisation in 0.00s
  Pass Geometry Unshadow (0) - Stencil: Ref 1, Comp Always, Pass Replace (fp, d3d11) finished in 0.00 seconds. Local cache hits 1 (0.00s CPU time), remote cache hits 0 (0.00s CPU time), compiled 0 variants (0.00s CPU time), skipped 0 variants.
    Prepared data for serialisation in 0.00s
  Pass Geometry Unshadow (B) - Stencil: Ref 0, Comp Always, Pass Replace (vp, d3d11) finished in 0.00 seconds. Local cache hits 1 (0.00s CPU time), remote cache hits 0 (0.00s CPU time), compiled 0 variants (0.00s CPU time), skipped 0 variants.
    Prepared data for serialisation in 0.00s
  Pass Geometry Unshadow (B) - Stencil: Ref 0, Comp Always, Pass Replace (fp, d3d11) finished in 0.00 seconds. Local cache hits 1 (0.00s CPU time), remote cache hits 0 (0.00s CPU time), compiled 0 variants (0.00s CPU time), skipped 0 variants.
    Prepared data for serialisation in 0.00s
Serialized binary data for shader Hidden/Shadow2DUnshadowGeometry in 0.00s
    d3d11 (total internal programs: 4, unique: 4)
Compiling shader "Hidden/Universal/CoreBlit"
  Pass "Nearest" (vp)
    Target graphics API: d3d11
    Full variant space:         1
    After settings filtering:   1
    After built-in stripping:   1
    After scriptable stripping: 1
    Processed in 0.00 seconds
  Pass "Nearest" (fp)
    Target graphics API: d3d11
    Full variant space:         1
    After settings filtering:   1
    After built-in stripping:   1
    After scriptable stripping: 1
    Processed in 0.00 seconds
  Pass "Bilinear" (vp)
    Target graphics API: d3d11
    Full variant space:         1
    After settings filtering:   1
    After built-in stripping:   1
    After scriptable stripping: 1
    Processed in 0.00 seconds
  Pass "Bilinear" (fp)
    Target graphics API: d3d11
    Full variant space:         1
    After settings filtering:   1
    After built-in stripping:   1
    After scriptable stripping: 1
    Processed in 0.00 seconds
  Pass "NearestQuad" (vp)
    Target graphics API: d3d11
    Full variant space:         1
    After settings filtering:   1
    After built-in stripping:   1
    After scriptable stripping: 1
    Processed in 0.00 seconds
  Pass "NearestQuad" (fp)
    Target graphics API: d3d11
    Full variant space:         1
    After settings filtering:   1
    After built-in stripping:   1
    After scriptable stripping: 1
    Processed in 0.00 seconds
  Pass "BilinearQuad" (vp)
    Target graphics API: d3d11
    Full variant space:         1
    After settings filtering:   1
    After built-in stripping:   1
    After scriptable stripping: 1
    Processed in 0.00 seconds
  Pass "BilinearQuad" (fp)
    Target graphics API: d3d11
    Full variant space:         1
    After settings filtering:   1
    After built-in stripping:   1
    After scriptable stripping: 1
    Processed in 0.00 seconds
  Pass "NearestQuadPadding" (vp)
    Target graphics API: d3d11
    Full variant space:         1
    After settings filtering:   1
    After built-in stripping:   1
    After scriptable stripping: 1
    Processed in 0.00 seconds
  Pass "NearestQuadPadding" (fp)
    Target graphics API: d3d11
    Full variant space:         1
    After settings filtering:   1
    After built-in stripping:   1
    After scriptable stripping: 1
    Processed in 0.00 seconds
  Pass "BilinearQuadPadding" (vp)
    Target graphics API: d3d11
    Full variant space:         1
    After settings filtering:   1
    After built-in stripping:   1
    After scriptable stripping: 1
    Processed in 0.00 seconds
  Pass "BilinearQuadPadding" (fp)
    Target graphics API: d3d11
    Full variant space:         1
    After settings filtering:   1
    After built-in stripping:   1
    After scriptable stripping: 1
    Processed in 0.00 seconds
  Pass "NearestQuadPaddingRepeat" (vp)
    Target graphics API: d3d11
    Full variant space:         1
    After settings filtering:   1
    After built-in stripping:   1
    After scriptable stripping: 1
    Processed in 0.00 seconds
  Pass "NearestQuadPaddingRepeat" (fp)
    Target graphics API: d3d11
    Full variant space:         1
    After settings filtering:   1
    After built-in stripping:   1
    After scriptable stripping: 1
    Processed in 0.00 seconds
  Pass "BilinearQuadPaddingRepeat" (vp)
    Target graphics API: d3d11
    Full variant space:         1
    After settings filtering:   1
    After built-in stripping:   1
    After scriptable stripping: 1
    Processed in 0.00 seconds
  Pass "BilinearQuadPaddingRepeat" (fp)
    Target graphics API: d3d11
    Full variant space:         1
    After settings filtering:   1
    After built-in stripping:   1
    After scriptable stripping: 1
    Processed in 0.00 seconds
  Pass "BilinearQuadPaddingOctahedral" (vp)
    Target graphics API: d3d11
    Full variant space:         1
    After settings filtering:   1
    After built-in stripping:   1
    After scriptable stripping: 1
    Processed in 0.00 seconds
  Pass "BilinearQuadPaddingOctahedral" (fp)
    Target graphics API: d3d11
    Full variant space:         1
    After settings filtering:   1
    After built-in stripping:   1
    After scriptable stripping: 1
    Processed in 0.00 seconds
  Pass "NearestQuadPaddingAlphaBlend" (vp)
    Target graphics API: d3d11
    Full variant space:         1
    After settings filtering:   1
    After built-in stripping:   1
    After scriptable stripping: 1
    Processed in 0.00 seconds
  Pass "NearestQuadPaddingAlphaBlend" (fp)
    Target graphics API: d3d11
    Full variant space:         1
    After settings filtering:   1
    After built-in stripping:   1
    After scriptable stripping: 1
    Processed in 0.00 seconds
  Pass "BilinearQuadPaddingAlphaBlend" (vp)
    Target graphics API: d3d11
    Full variant space:         1
    After settings filtering:   1
    After built-in stripping:   1
    After scriptable stripping: 1
    Processed in 0.00 seconds
  Pass "BilinearQuadPaddingAlphaBlend" (fp)
    Target graphics API: d3d11
    Full variant space:         1
    After settings filtering:   1
    After built-in stripping:   1
    After scriptable stripping: 1
    Processed in 0.00 seconds
  Pass "NearestQuadPaddingAlphaBlendRepeat" (vp)
    Target graphics API: d3d11
    Full variant space:         1
    After settings filtering:   1
    After built-in stripping:   1
    After scriptable stripping: 1
    Processed in 0.00 seconds
  Pass "NearestQuadPaddingAlphaBlendRepeat" (fp)
    Target graphics API: d3d11
    Full variant space:         1
    After settings filtering:   1
    After built-in stripping:   1
    After scriptable stripping: 1
    Processed in 0.00 seconds
  Pass "BilinearQuadPaddingAlphaBlendRepeat" (vp)
    Target graphics API: d3d11
    Full variant space:         1
    After settings filtering:   1
    After built-in stripping:   1
    After scriptable stripping: 1
    Processed in 0.00 seconds
  Pass "BilinearQuadPaddingAlphaBlendRepeat" (fp)
    Target graphics API: d3d11
    Full variant space:         1
    After settings filtering:   1
    After built-in stripping:   1
    After scriptable stripping: 1
    Processed in 0.00 seconds
  Pass "BilinearQuadPaddingAlphaBlendOctahedral" (vp)
    Target graphics API: d3d11
    Full variant space:         1
    After settings filtering:   1
    After built-in stripping:   1
    After scriptable stripping: 1
    Processed in 0.00 seconds
  Pass "BilinearQuadPaddingAlphaBlendOctahedral" (fp)
    Target graphics API: d3d11
    Full variant space:         1
    After settings filtering:   1
    After built-in stripping:   1
    After scriptable stripping: 1
    Processed in 0.00 seconds
  Pass "CubeToOctahedral" (vp)
    Target graphics API: d3d11
    Full variant space:         1
    After settings filtering:   1
    After built-in stripping:   1
    After scriptable stripping: 1
    Processed in 0.00 seconds
  Pass "CubeToOctahedral" (fp)
    Target graphics API: d3d11
    Full variant space:         1
    After settings filtering:   1
    After built-in stripping:   1
    After scriptable stripping: 1
    Processed in 0.00 seconds
  Pass "CubeToOctahedralLuminance" (vp)
    Target graphics API: d3d11
    Full variant space:         1
    After settings filtering:   1
    After built-in stripping:   1
    After scriptable stripping: 1
    Processed in 0.00 seconds
  Pass "CubeToOctahedralLuminance" (fp)
    Target graphics API: d3d11
    Full variant space:         1
    After settings filtering:   1
    After built-in stripping:   1
    After scriptable stripping: 1
    Processed in 0.00 seconds
  Pass "CubeToOctahedralAlpha" (vp)
    Target graphics API: d3d11
    Full variant space:         1
    After settings filtering:   1
    After built-in stripping:   1
    After scriptable stripping: 1
    Processed in 0.00 seconds
  Pass "CubeToOctahedralAlpha" (fp)
    Target graphics API: d3d11
    Full variant space:         1
    After settings filtering:   1
    After built-in stripping:   1
    After scriptable stripping: 1
    Processed in 0.00 seconds
  Pass "CubeToOctahedralRed" (vp)
    Target graphics API: d3d11
    Full variant space:         1
    After settings filtering:   1
    After built-in stripping:   1
    After scriptable stripping: 1
    Processed in 0.00 seconds
  Pass "CubeToOctahedralRed" (fp)
    Target graphics API: d3d11
    Full variant space:         1
    After settings filtering:   1
    After built-in stripping:   1
    After scriptable stripping: 1
    Processed in 0.00 seconds
  Pass "BilinearQuadLuminance" (vp)
    Target graphics API: d3d11
    Full variant space:         1
    After settings filtering:   1
    After built-in stripping:   1
    After scriptable stripping: 1
    Processed in 0.00 seconds
  Pass "BilinearQuadLuminance" (fp)
    Target graphics API: d3d11
    Full variant space:         1
    After settings filtering:   1
    After built-in stripping:   1
    After scriptable stripping: 1
    Processed in 0.00 seconds
  Pass "BilinearQuadAlpha" (vp)
    Target graphics API: d3d11
    Full variant space:         1
    After settings filtering:   1
    After built-in stripping:   1
    After scriptable stripping: 1
    Processed in 0.00 seconds
  Pass "BilinearQuadAlpha" (fp)
    Target graphics API: d3d11
    Full variant space:         1
    After settings filtering:   1
    After built-in stripping:   1
    After scriptable stripping: 1
    Processed in 0.00 seconds
  Pass "BilinearQuadRed" (vp)
    Target graphics API: d3d11
    Full variant space:         1
    After settings filtering:   1
    After built-in stripping:   1
    After scriptable stripping: 1
    Processed in 0.00 seconds
  Pass "BilinearQuadRed" (fp)
    Target graphics API: d3d11
    Full variant space:         1
    After settings filtering:   1
    After built-in stripping:   1
    After scriptable stripping: 1
    Processed in 0.00 seconds
  Pass "NearestCubeToOctahedralPadding" (vp)
    Target graphics API: d3d11
    Full variant space:         2
    After settings filtering:   2
    After built-in stripping:   2
    After scriptable stripping: 2
    Processed in 0.00 seconds
  Pass "NearestCubeToOctahedralPadding" (fp)
    Target graphics API: d3d11
    Full variant space:         2
    After settings filtering:   2
    After built-in stripping:   2
    After scriptable stripping: 2
    Processed in 0.00 seconds
  Pass "BilinearCubeToOctahedralPadding" (vp)
    Target graphics API: d3d11
    Full variant space:         2
    After settings filtering:   2
    After built-in stripping:   2
    After scriptable stripping: 2
    Processed in 0.00 seconds
  Pass "BilinearCubeToOctahedralPadding" (fp)
    Target graphics API: d3d11
    Full variant space:         2
    After settings filtering:   2
    After built-in stripping:   2
    After scriptable stripping: 2
    Processed in 0.00 seconds
  Pass "BilinearDebugDraw" (vp)
    Target graphics API: d3d11
    Full variant space:         1
    After settings filtering:   1
    After built-in stripping:   1
    After scriptable stripping: 1
    Processed in 0.00 seconds
  Pass "BilinearDebugDraw" (fp)
    Target graphics API: d3d11
    Full variant space:         4
    After settings filtering:   2
    After built-in stripping:   2
    After scriptable stripping: 2
    Processed in 0.00 seconds
  Pass "NearestDebugDraw" (vp)
    Target graphics API: d3d11
    Full variant space:         1
    After settings filtering:   1
    After built-in stripping:   1
    After scriptable stripping: 1
    Processed in 0.00 seconds
  Pass "NearestDebugDraw" (fp)
    Target graphics API: d3d11
    Full variant space:         4
    After settings filtering:   2
    After built-in stripping:   2
    After scriptable stripping: 2
    Processed in 0.00 seconds
  Pass Nearest (vp, d3d11) finished in 0.06 seconds. Local cache hits 1 (0.00s CPU time), remote cache hits 0 (0.00s CPU time), compiled 0 variants (0.00s CPU time), skipped 0 variants.
    Prepared data for serialisation in 0.00s
  Pass Nearest (fp, d3d11) finished in 0.06 seconds. Local cache hits 1 (0.00s CPU time), remote cache hits 0 (0.00s CPU time), compiled 0 variants (0.00s CPU time), skipped 0 variants.
    Prepared data for serialisation in 0.00s
  Pass Bilinear (vp, d3d11) finished in 0.06 seconds. Local cache hits 1 (0.00s CPU time), remote cache hits 0 (0.00s CPU time), compiled 0 variants (0.00s CPU time), skipped 0 variants.
    Prepared data for serialisation in 0.00s
  Pass Bilinear (fp, d3d11) finished in 0.06 seconds. Local cache hits 1 (0.00s CPU time), remote cache hits 0 (0.00s CPU time), compiled 0 variants (0.00s CPU time), skipped 0 variants.
    Prepared data for serialisation in 0.00s
  Pass NearestQuad (vp, d3d11) finished in 0.06 seconds. Local cache hits 1 (0.00s CPU time), remote cache hits 0 (0.00s CPU time), compiled 0 variants (0.00s CPU time), skipped 0 variants.
    Prepared data for serialisation in 0.00s
  Pass NearestQuad (fp, d3d11) finished in 0.06 seconds. Local cache hits 1 (0.00s CPU time), remote cache hits 0 (0.00s CPU time), compiled 0 variants (0.00s CPU time), skipped 0 variants.
    Prepared data for serialisation in 0.00s
  Pass BilinearQuad (vp, d3d11) finished in 0.06 seconds. Local cache hits 1 (0.00s CPU time), remote cache hits 0 (0.00s CPU time), compiled 0 variants (0.00s CPU time), skipped 0 variants.
    Prepared data for serialisation in 0.00s
  Pass BilinearQuad (fp, d3d11) finished in 0.06 seconds. Local cache hits 1 (0.00s CPU time), remote cache hits 0 (0.00s CPU time), compiled 0 variants (0.00s CPU time), skipped 0 variants.
    Prepared data for serialisation in 0.00s
  Pass NearestQuadPadding (vp, d3d11) finished in 0.05 seconds. Local cache hits 1 (0.00s CPU time), remote cache hits 0 (0.00s CPU time), compiled 0 variants (0.00s CPU time), skipped 0 variants.
    Prepared data for serialisation in 0.00s
  Pass NearestQuadPadding (fp, d3d11) finished in 0.05 seconds. Local cache hits 1 (0.00s CPU time), remote cache hits 0 (0.00s CPU time), compiled 0 variants (0.00s CPU time), skipped 0 variants.
    Prepared data for serialisation in 0.00s
  Pass BilinearQuadPadding (vp, d3d11) finished in 0.05 seconds. Local cache hits 1 (0.00s CPU time), remote cache hits 0 (0.00s CPU time), compiled 0 variants (0.00s CPU time), skipped 0 variants.
    Prepared data for serialisation in 0.00s
  Pass BilinearQuadPadding (fp, d3d11) finished in 0.05 seconds. Local cache hits 1 (0.00s CPU time), remote cache hits 0 (0.00s CPU time), compiled 0 variants (0.00s CPU time), skipped 0 variants.
    Prepared data for serialisation in 0.00s
  Pass NearestQuadPaddingRepeat (vp, d3d11) finished in 0.05 seconds. Local cache hits 1 (0.00s CPU time), remote cache hits 0 (0.00s CPU time), compiled 0 variants (0.00s CPU time), skipped 0 variants.
    Prepared data for serialisation in 0.00s
  Pass NearestQuadPaddingRepeat (fp, d3d11) finished in 0.05 seconds. Local cache hits 1 (0.00s CPU time), remote cache hits 0 (0.00s CPU time), compiled 0 variants (0.00s CPU time), skipped 0 variants.
    Prepared data for serialisation in 0.00s
  Pass BilinearQuadPaddingRepeat (vp, d3d11) finished in 0.05 seconds. Local cache hits 1 (0.00s CPU time), remote cache hits 0 (0.00s CPU time), compiled 0 variants (0.00s CPU time), skipped 0 variants.
    Prepared data for serialisation in 0.00s
  Pass BilinearQuadPaddingRepeat (fp, d3d11) finished in 0.05 seconds. Local cache hits 1 (0.00s CPU time), remote cache hits 0 (0.00s CPU time), compiled 0 variants (0.00s CPU time), skipped 0 variants.
    Prepared data for serialisation in 0.00s
  Pass BilinearQuadPaddingOctahedral (vp, d3d11) finished in 0.04 seconds. Local cache hits 1 (0.00s CPU time), remote cache hits 0 (0.00s CPU time), compiled 0 variants (0.00s CPU time), skipped 0 variants.
    Prepared data for serialisation in 0.00s
  Pass BilinearQuadPaddingOctahedral (fp, d3d11) finished in 0.04 seconds. Local cache hits 1 (0.00s CPU time), remote cache hits 0 (0.00s CPU time), compiled 0 variants (0.00s CPU time), skipped 0 variants.
    Prepared data for serialisation in 0.00s
  Pass NearestQuadPaddingAlphaBlend (vp, d3d11) finished in 0.04 seconds. Local cache hits 1 (0.00s CPU time), remote cache hits 0 (0.00s CPU time), compiled 0 variants (0.00s CPU time), skipped 0 variants.
    Prepared data for serialisation in 0.00s
  Pass NearestQuadPaddingAlphaBlend (fp, d3d11) finished in 0.04 seconds. Local cache hits 1 (0.00s CPU time), remote cache hits 0 (0.00s CPU time), compiled 0 variants (0.00s CPU time), skipped 0 variants.
    Prepared data for serialisation in 0.00s
  Pass BilinearQuadPaddingAlphaBlend (vp, d3d11) finished in 0.04 seconds. Local cache hits 1 (0.00s CPU time), remote cache hits 0 (0.00s CPU time), compiled 0 variants (0.00s CPU time), skipped 0 variants.
    Prepared data for serialisation in 0.00s
  Pass BilinearQuadPaddingAlphaBlend (fp, d3d11) finished in 0.04 seconds. Local cache hits 1 (0.00s CPU time), remote cache hits 0 (0.00s CPU time), compiled 0 variants (0.00s CPU time), skipped 0 variants.
    Prepared data for serialisation in 0.00s
  Pass NearestQuadPaddingAlphaBlendRepeat (vp, d3d11) finished in 0.04 seconds. Local cache hits 1 (0.00s CPU time), remote cache hits 0 (0.00s CPU time), compiled 0 variants (0.00s CPU time), skipped 0 variants.
    Prepared data for serialisation in 0.00s
  Pass NearestQuadPaddingAlphaBlendRepeat (fp, d3d11) finished in 0.04 seconds. Local cache hits 1 (0.00s CPU time), remote cache hits 0 (0.00s CPU time), compiled 0 variants (0.00s CPU time), skipped 0 variants.
    Prepared data for serialisation in 0.00s
  Pass BilinearQuadPaddingAlphaBlendRepeat (vp, d3d11) finished in 0.03 seconds. Local cache hits 1 (0.00s CPU time), remote cache hits 0 (0.00s CPU time), compiled 0 variants (0.00s CPU time), skipped 0 variants.
    Prepared data for serialisation in 0.00s
  Pass BilinearQuadPaddingAlphaBlendRepeat (fp, d3d11) finished in 0.03 seconds. Local cache hits 1 (0.00s CPU time), remote cache hits 0 (0.00s CPU time), compiled 0 variants (0.00s CPU time), skipped 0 variants.
    Prepared data for serialisation in 0.00s
  Pass BilinearQuadPaddingAlphaBlendOctahedral (vp, d3d11) finished in 0.03 seconds. Local cache hits 1 (0.00s CPU time), remote cache hits 0 (0.00s CPU time), compiled 0 variants (0.00s CPU time), skipped 0 variants.
    Prepared data for serialisation in 0.00s
  Pass BilinearQuadPaddingAlphaBlendOctahedral (fp, d3d11) finished in 0.03 seconds. Local cache hits 1 (0.00s CPU time), remote cache hits 0 (0.00s CPU time), compiled 0 variants (0.00s CPU time), skipped 0 variants.
    Prepared data for serialisation in 0.00s
  Pass CubeToOctahedral (vp, d3d11) finished in 0.03 seconds. Local cache hits 1 (0.00s CPU time), remote cache hits 0 (0.00s CPU time), compiled 0 variants (0.00s CPU time), skipped 0 variants.
    Prepared data for serialisation in 0.00s
  Pass CubeToOctahedral (fp, d3d11) finished in 0.03 seconds. Local cache hits 1 (0.00s CPU time), remote cache hits 0 (0.00s CPU time), compiled 0 variants (0.00s CPU time), skipped 0 variants.
    Prepared data for serialisation in 0.00s
  Pass CubeToOctahedralLuminance (vp, d3d11) finished in 0.03 seconds. Local cache hits 1 (0.00s CPU time), remote cache hits 0 (0.00s CPU time), compiled 0 variants (0.00s CPU time), skipped 0 variants.
    Prepared data for serialisation in 0.00s
  Pass CubeToOctahedralLuminance (fp, d3d11) finished in 0.03 seconds. Local cache hits 1 (0.00s CPU time), remote cache hits 0 (0.00s CPU time), compiled 0 variants (0.00s CPU time), skipped 0 variants.
    Prepared data for serialisation in 0.00s
  Pass CubeToOctahedralAlpha (vp, d3d11) finished in 0.02 seconds. Local cache hits 1 (0.00s CPU time), remote cache hits 0 (0.00s CPU time), compiled 0 variants (0.00s CPU time), skipped 0 variants.
    Prepared data for serialisation in 0.00s
  Pass CubeToOctahedralAlpha (fp, d3d11) finished in 0.02 seconds. Local cache hits 1 (0.00s CPU time), remote cache hits 0 (0.00s CPU time), compiled 0 variants (0.00s CPU time), skipped 0 variants.
    Prepared data for serialisation in 0.00s
  Pass CubeToOctahedralRed (vp, d3d11) finished in 0.02 seconds. Local cache hits 1 (0.00s CPU time), remote cache hits 0 (0.00s CPU time), compiled 0 variants (0.00s CPU time), skipped 0 variants.
    Prepared data for serialisation in 0.00s
  Pass CubeToOctahedralRed (fp, d3d11) finished in 0.02 seconds. Local cache hits 1 (0.00s CPU time), remote cache hits 0 (0.00s CPU time), compiled 0 variants (0.00s CPU time), skipped 0 variants.
    Prepared data for serialisation in 0.00s
  Pass BilinearQuadLuminance (vp, d3d11) finished in 0.02 seconds. Local cache hits 1 (0.00s CPU time), remote cache hits 0 (0.00s CPU time), compiled 0 variants (0.00s CPU time), skipped 0 variants.
    Prepared data for serialisation in 0.00s
  Pass BilinearQuadLuminance (fp, d3d11) finished in 0.02 seconds. Local cache hits 1 (0.00s CPU time), remote cache hits 0 (0.00s CPU time), compiled 0 variants (0.00s CPU time), skipped 0 variants.
    Prepared data for serialisation in 0.00s
  Pass BilinearQuadAlpha (vp, d3d11) finished in 0.02 seconds. Local cache hits 1 (0.00s CPU time), remote cache hits 0 (0.00s CPU time), compiled 0 variants (0.00s CPU time), skipped 0 variants.
    Prepared data for serialisation in 0.00s
  Pass BilinearQuadAlpha (fp, d3d11) finished in 0.02 seconds. Local cache hits 1 (0.00s CPU time), remote cache hits 0 (0.00s CPU time), compiled 0 variants (0.00s CPU time), skipped 0 variants.
    Prepared data for serialisation in 0.00s
  Pass BilinearQuadRed (vp, d3d11) finished in 0.01 seconds. Local cache hits 1 (0.00s CPU time), remote cache hits 0 (0.00s CPU time), compiled 0 variants (0.00s CPU time), skipped 0 variants.
    Prepared data for serialisation in 0.00s
  Pass BilinearQuadRed (fp, d3d11) finished in 0.01 seconds. Local cache hits 1 (0.00s CPU time), remote cache hits 0 (0.00s CPU time), compiled 0 variants (0.00s CPU time), skipped 0 variants.
    Prepared data for serialisation in 0.00s
  Pass NearestCubeToOctahedralPadding (vp, d3d11) finished in 0.14 seconds. Local cache hits 1 (0.00s CPU time), remote cache hits 0 (0.00s CPU time), compiled 1 variants (0.14s CPU time), skipped 0 variants.
    Prepared data for serialisation in 0.00s
  Pass NearestCubeToOctahedralPadding (fp, d3d11) finished in 0.15 seconds. Local cache hits 1 (0.00s CPU time), remote cache hits 0 (0.00s CPU time), compiled 1 variants (0.15s CPU time), skipped 0 variants.
    Prepared data for serialisation in 0.00s
  Pass BilinearCubeToOctahedralPadding (vp, d3d11) finished in 0.15 seconds. Local cache hits 1 (0.00s CPU time), remote cache hits 0 (0.00s CPU time), compiled 1 variants (0.14s CPU time), skipped 0 variants.
    Prepared data for serialisation in 0.00s
  Pass BilinearCubeToOctahedralPadding (fp, d3d11) finished in 0.15 seconds. Local cache hits 1 (0.00s CPU time), remote cache hits 0 (0.00s CPU time), compiled 1 variants (0.14s CPU time), skipped 0 variants.
    Prepared data for serialisation in 0.00s
  Pass BilinearDebugDraw (vp, d3d11) finished in 0.15 seconds. Local cache hits 1 (0.00s CPU time), remote cache hits 0 (0.00s CPU time), compiled 0 variants (0.00s CPU time), skipped 0 variants.
    Prepared data for serialisation in 0.00s
  Pass BilinearDebugDraw (fp, d3d11) finished in 0.15 seconds. Local cache hits 1 (0.00s CPU time), remote cache hits 0 (0.00s CPU time), compiled 1 variants (0.13s CPU time), skipped 0 variants.
    Prepared data for serialisation in 0.00s
  Pass NearestDebugDraw (vp, d3d11) finished in 0.14 seconds. Local cache hits 1 (0.00s CPU time), remote cache hits 0 (0.00s CPU time), compiled 0 variants (0.00s CPU time), skipped 0 variants.
    Prepared data for serialisation in 0.00s
  Pass NearestDebugDraw (fp, d3d11) finished in 0.14 seconds. Local cache hits 1 (0.00s CPU time), remote cache hits 0 (0.00s CPU time), compiled 1 variants (0.13s CPU time), skipped 0 variants.
    Prepared data for serialisation in 0.00s
Serialized binary data for shader Hidden/Universal/CoreBlit in 0.00s
    d3d11 (total internal programs: 56, unique: 16)
Compiling shader "Hidden/Universal Render Pipeline/TemporalAA"
  Pass "TemporalAA - Accumulate - Quality Very Low" (vp)
    Target graphics API: d3d11
    Full variant space:         1
    After settings filtering:   1
    After built-in stripping:   1
    After scriptable stripping: 1
    Processed in 0.00 seconds
  Pass "TemporalAA - Accumulate - Quality Very Low" (fp)
    Target graphics API: d3d11
    Full variant space:         2
    After settings filtering:   1
    After built-in stripping:   1
    After scriptable stripping: 1
    Processed in 0.00 seconds
  Pass "TemporalAA - Accumulate - Quality Low" (vp)
    Target graphics API: d3d11
    Full variant space:         1
    After settings filtering:   1
    After built-in stripping:   1
    After scriptable stripping: 1
    Processed in 0.00 seconds
  Pass "TemporalAA - Accumulate - Quality Low" (fp)
    Target graphics API: d3d11
    Full variant space:         2
    After settings filtering:   1
    After built-in stripping:   1
    After scriptable stripping: 1
    Processed in 0.00 seconds
  Pass "TemporalAA - Accumulate - Quality Medium" (vp)
    Target graphics API: d3d11
    Full variant space:         1
    After settings filtering:   1
    After built-in stripping:   1
    After scriptable stripping: 1
    Processed in 0.00 seconds
  Pass "TemporalAA - Accumulate - Quality Medium" (fp)
    Target graphics API: d3d11
    Full variant space:         2
    After settings filtering:   1
    After built-in stripping:   1
    After scriptable stripping: 1
    Processed in 0.00 seconds
  Pass "TemporalAA - Accumulate - Quality High" (vp)
    Target graphics API: d3d11
    Full variant space:         1
    After settings filtering:   1
    After built-in stripping:   1
    After scriptable stripping: 1
    Processed in 0.00 seconds
  Pass "TemporalAA - Accumulate - Quality High" (fp)
    Target graphics API: d3d11
    Full variant space:         2
    After settings filtering:   1
    After built-in stripping:   1
    After scriptable stripping: 1
    Processed in 0.00 seconds
  Pass "TemporalAA - Accumulate - Quality Very High" (vp)
    Target graphics API: d3d11
    Full variant space:         1
    After settings filtering:   1
    After built-in stripping:   1
    After scriptable stripping: 1
    Processed in 0.00 seconds
  Pass "TemporalAA - Accumulate - Quality Very High" (fp)
    Target graphics API: d3d11
    Full variant space:         4
    After settings filtering:   2
    After built-in stripping:   2
    After scriptable stripping: 2
    Processed in 0.00 seconds
  Pass "TemporalAA - Copy History" (vp)
    Target graphics API: d3d11
    Full variant space:         1
    After settings filtering:   1
    After built-in stripping:   1
    After scriptable stripping: 1
    Processed in 0.00 seconds
  Pass "TemporalAA - Copy History" (fp)
    Target graphics API: d3d11
    Full variant space:         2
    After settings filtering:   1
    After built-in stripping:   1
    After scriptable stripping: 1
    Processed in 0.00 seconds
  Pass TemporalAA - Accumulate - Quality Very Low (vp, d3d11) finished in 0.02 seconds. Local cache hits 1 (0.00s CPU time), remote cache hits 0 (0.00s CPU time), compiled 0 variants (0.00s CPU time), skipped 0 variants.
    Prepared data for serialisation in 0.00s
  Pass TemporalAA - Accumulate - Quality Very Low (fp, d3d11) finished in 0.01 seconds. Local cache hits 1 (0.00s CPU time), remote cache hits 0 (0.00s CPU time), compiled 0 variants (0.00s CPU time), skipped 0 variants.
    Prepared data for serialisation in 0.00s
  Pass TemporalAA - Accumulate - Quality Low (vp, d3d11) finished in 0.01 seconds. Local cache hits 1 (0.00s CPU time), remote cache hits 0 (0.00s CPU time), compiled 0 variants (0.00s CPU time), skipped 0 variants.
    Prepared data for serialisation in 0.00s
  Pass TemporalAA - Accumulate - Quality Low (fp, d3d11) finished in 0.01 seconds. Local cache hits 1 (0.00s CPU time), remote cache hits 0 (0.00s CPU time), compiled 0 variants (0.00s CPU time), skipped 0 variants.
    Prepared data for serialisation in 0.00s
  Pass TemporalAA - Accumulate - Quality Medium (vp, d3d11) finished in 0.01 seconds. Local cache hits 1 (0.00s CPU time), remote cache hits 0 (0.00s CPU time), compiled 0 variants (0.00s CPU time), skipped 0 variants.
    Prepared data for serialisation in 0.00s
  Pass TemporalAA - Accumulate - Quality Medium (fp, d3d11) finished in 0.01 seconds. Local cache hits 1 (0.00s CPU time), remote cache hits 0 (0.00s CPU time), compiled 0 variants (0.00s CPU time), skipped 0 variants.
    Prepared data for serialisation in 0.00s
  Pass TemporalAA - Accumulate - Quality High (vp, d3d11) finished in 0.01 seconds. Local cache hits 1 (0.00s CPU time), remote cache hits 0 (0.00s CPU time), compiled 0 variants (0.00s CPU time), skipped 0 variants.
    Prepared data for serialisation in 0.00s
  Pass TemporalAA - Accumulate - Quality High (fp, d3d11) finished in 0.01 seconds. Local cache hits 1 (0.00s CPU time), remote cache hits 0 (0.00s CPU time), compiled 0 variants (0.00s CPU time), skipped 0 variants.
    Prepared data for serialisation in 0.00s
  Pass TemporalAA - Accumulate - Quality Very High (vp, d3d11) finished in 0.00 seconds. Local cache hits 1 (0.00s CPU time), remote cache hits 0 (0.00s CPU time), compiled 0 variants (0.00s CPU time), skipped 0 variants.
    Prepared data for serialisation in 0.00s
  Pass TemporalAA - Accumulate - Quality Very High (fp, d3d11) finished in 0.12 seconds. Local cache hits 1 (0.00s CPU time), remote cache hits 0 (0.00s CPU time), compiled 1 variants (0.12s CPU time), skipped 0 variants.
    Prepared data for serialisation in 0.00s
  Pass TemporalAA - Copy History (vp, d3d11) finished in 0.11 seconds. Local cache hits 1 (0.00s CPU time), remote cache hits 0 (0.00s CPU time), compiled 0 variants (0.00s CPU time), skipped 0 variants.
    Prepared data for serialisation in 0.00s
  Pass TemporalAA - Copy History (fp, d3d11) finished in 0.11 seconds. Local cache hits 1 (0.00s CPU time), remote cache hits 0 (0.00s CPU time), compiled 0 variants (0.00s CPU time), skipped 0 variants.
    Prepared data for serialisation in 0.00s
Serialized binary data for shader Hidden/Universal Render Pipeline/TemporalAA in 0.00s
    d3d11 (total internal programs: 13, unique: 8)
Compiling shader "Hidden/Universal Render Pipeline/PaniniProjection"
  Pass "Panini Projection" (vp)
    Target graphics API: d3d11
    Full variant space:         2
    After settings filtering:   2
    After built-in stripping:   2
    After scriptable stripping: 2
    Processed in 0.00 seconds
  Pass "Panini Projection" (fp)
    Target graphics API: d3d11
    Full variant space:         2
    After settings filtering:   2
    After built-in stripping:   2
    After scriptable stripping: 2
    Processed in 0.00 seconds
  Pass Panini Projection (vp, d3d11) finished in 0.03 seconds. Local cache hits 1 (0.00s CPU time), remote cache hits 0 (0.00s CPU time), compiled 1 variants (0.03s CPU time), skipped 0 variants.
    Prepared data for serialisation in 0.00s
  Pass Panini Projection (fp, d3d11) finished in 0.04 seconds. Local cache hits 1 (0.00s CPU time), remote cache hits 0 (0.00s CPU time), compiled 1 variants (0.04s CPU time), skipped 0 variants.
    Prepared data for serialisation in 0.00s
Serialized binary data for shader Hidden/Universal Render Pipeline/PaniniProjection in 0.00s
    d3d11 (total internal programs: 4, unique: 4)
Compiling shader "Hidden/Universal/BlitHDROverlay"
  Pass "BilinearDebugDraw" (vp)
    Target graphics API: d3d11
    Full variant space:         1
    After settings filtering:   1
    After built-in stripping:   1
    After scriptable stripping: 0
    Processed in 0.00 seconds
  Pass "BilinearDebugDraw" (fp)
    Target graphics API: d3d11
    Full variant space:         8
    After settings filtering:   1
    After built-in stripping:   1
    After scriptable stripping: 0
    Processed in 0.00 seconds
  Pass "NearestDebugDraw" (vp)
    Target graphics API: d3d11
    Full variant space:         1
    After settings filtering:   1
    After built-in stripping:   1
    After scriptable stripping: 0
    Processed in 0.00 seconds
  Pass "NearestDebugDraw" (fp)
    Target graphics API: d3d11
    Full variant space:         8
    After settings filtering:   1
    After built-in stripping:   1
    After scriptable stripping: 0
    Processed in 0.00 seconds
Serialized binary data for shader Hidden/Universal/BlitHDROverlay in 0.00s
    d3d11 (total internal programs: 0, unique: 0)
Compiling shader "Hidden/Universal Render Pipeline/FinalPost"
  Pass "FinalPost" (vp)
    Target graphics API: d3d11
    Full variant space:         1
    After settings filtering:   1
    After built-in stripping:   1
    After scriptable stripping: 1
    Processed in 0.00 seconds
  Pass "FinalPost" (fp)
    Target graphics API: d3d11
    Full variant space:         2.560
    After settings filtering:   48
    After built-in stripping:   48
    After scriptable stripping: 32
    Processed in 0.00 seconds
  Pass "FinalPostXR" (vp)
    Target graphics API: d3d11
    Full variant space:         1
    After settings filtering:   1
    After built-in stripping:   1
    After scriptable stripping: 0
    Processed in 0.00 seconds
  Pass "FinalPostXR" (fp)
    Target graphics API: d3d11
    Full variant space:         2.560
    After settings filtering:   48
    After built-in stripping:   48
    After scriptable stripping: 0
    Processed in 0.00 seconds
  Pass "FinalPost" (vp)
    Target graphics API: d3d11
    Full variant space:         1
    After settings filtering:   1
    After built-in stripping:   1
    After scriptable stripping: 1
    Processed in 0.00 seconds
  Pass "FinalPost" (fp)
    Target graphics API: d3d11
    Full variant space:         2.560
    After settings filtering:   48
    After built-in stripping:   48
    After scriptable stripping: 32
    Processed in 0.00 seconds
  Pass "FinalPostXR" (vp)
    Target graphics API: d3d11
    Full variant space:         1
    After settings filtering:   1
    After built-in stripping:   1
    After scriptable stripping: 0
    Processed in 0.00 seconds
  Pass "FinalPostXR" (fp)
    Target graphics API: d3d11
    Full variant space:         2.560
    After settings filtering:   48
    After built-in stripping:   48
    After scriptable stripping: 0
    Processed in 0.00 seconds
  Pass FinalPost (vp, d3d11) finished in 0.01 seconds. Local cache hits 1 (0.00s CPU time), remote cache hits 0 (0.00s CPU time), compiled 0 variants (0.00s CPU time), skipped 0 variants.
    Prepared data for serialisation in 0.00s
  Pass FinalPost (fp, d3d11) finished in 0.61 seconds. Local cache hits 1 (0.00s CPU time), remote cache hits 0 (0.00s CPU time), compiled 31 variants (6.11s CPU time), skipped 0 variants.
    Prepared data for serialisation in 0.00s
  Pass FinalPost (vp, d3d11) finished in 0.25 seconds. Local cache hits 1 (0.00s CPU time), remote cache hits 0 (0.00s CPU time), compiled 0 variants (0.00s CPU time), skipped 0 variants.
    Prepared data for serialisation in 0.00s
  Pass FinalPost (fp, d3d11) finished in 0.51 seconds. Local cache hits 1 (0.00s CPU time), remote cache hits 0 (0.00s CPU time), compiled 31 variants (3.68s CPU time), skipped 0 variants.
    Prepared data for serialisation in 0.00s
Serialized binary data for shader Hidden/Universal Render Pipeline/FinalPost in 0.00s
    d3d11 (total internal programs: 66, unique: 66)
Compiling shader "Hidden/ShadowProjected2D"
  Pass "Projected Shadow (R)" (vp)
    Target graphics API: d3d11
    Full variant space:         1
    After settings filtering:   1
    After built-in stripping:   1
    After scriptable stripping: 1
    Processed in 0.00 seconds
  Pass "Projected Shadow (R)" (fp)
    Target graphics API: d3d11
    Full variant space:         1
    After settings filtering:   1
    After built-in stripping:   1
    After scriptable stripping: 1
    Processed in 0.00 seconds
  Pass "Projected Unshadow (G) - Stencil: Ref 1, Comp Eq, Pass Keep" (vp)
    Target graphics API: d3d11
    Full variant space:         1
    After settings filtering:   1
    After built-in stripping:   1
    After scriptable stripping: 1
    Processed in 0.00 seconds
  Pass "Projected Unshadow (G) - Stencil: Ref 1, Comp Eq, Pass Keep" (fp)
    Target graphics API: d3d11
    Full variant space:         1
    After settings filtering:   1
    After built-in stripping:   1
    After scriptable stripping: 1
    Processed in 0.00 seconds
  Pass Projected Shadow (R) (vp, d3d11) finished in 0.00 seconds. Local cache hits 1 (0.00s CPU time), remote cache hits 0 (0.00s CPU time), compiled 0 variants (0.00s CPU time), skipped 0 variants.
    Prepared data for serialisation in 0.00s
  Pass Projected Shadow (R) (fp, d3d11) finished in 0.00 seconds. Local cache hits 1 (0.00s CPU time), remote cache hits 0 (0.00s CPU time), compiled 0 variants (0.00s CPU time), skipped 0 variants.
    Prepared data for serialisation in 0.00s
  Pass Projected Unshadow (G) - Stencil: Ref 1, Comp Eq, Pass Keep (vp, d3d11) finished in 0.00 seconds. Local cache hits 1 (0.00s CPU time), remote cache hits 0 (0.00s CPU time), compiled 0 variants (0.00s CPU time), skipped 0 variants.
    Prepared data for serialisation in 0.00s
  Pass Projected Unshadow (G) - Stencil: Ref 1, Comp Eq, Pass Keep (fp, d3d11) finished in 0.00 seconds. Local cache hits 1 (0.00s CPU time), remote cache hits 0 (0.00s CPU time), compiled 0 variants (0.00s CPU time), skipped 0 variants.
    Prepared data for serialisation in 0.00s
Serialized binary data for shader Hidden/ShadowProjected2D in 0.00s
    d3d11 (total internal programs: 4, unique: 2)
Compiling shader "Hidden/Universal Render Pipeline/Debug/DebugReplacement"
  Pass "Vertex Attributes" (vp)
    Target graphics API: d3d11
    Full variant space:         2
    After settings filtering:   2
    After built-in stripping:   1
    After scriptable stripping: 1
    Processed in 0.00 seconds
  Pass "Vertex Attributes" (fp)
    Target graphics API: d3d11
    Full variant space:         2
    After settings filtering:   2
    After built-in stripping:   1
    After scriptable stripping: 1
    Processed in 0.00 seconds
  Pass Vertex Attributes (vp, d3d11) finished in 0.00 seconds. Local cache hits 1 (0.00s CPU time), remote cache hits 0 (0.00s CPU time), compiled 0 variants (0.00s CPU time), skipped 0 variants.
    Prepared data for serialisation in 0.00s
  Pass Vertex Attributes (fp, d3d11) finished in 0.00 seconds. Local cache hits 1 (0.00s CPU time), remote cache hits 0 (0.00s CPU time), compiled 0 variants (0.00s CPU time), skipped 0 variants.
    Prepared data for serialisation in 0.00s
Serialized binary data for shader Hidden/Universal Render Pipeline/Debug/DebugReplacement in 0.00s
    d3d11 (total internal programs: 2, unique: 2)
Compiling shader "Hidden/Universal/CoreBlitColorAndDepth"
  Pass "ColorOnly" (vp)
    Target graphics API: d3d11
    Full variant space:         4
    After settings filtering:   4
    After built-in stripping:   4
    After scriptable stripping: 4
    Processed in 0.00 seconds
  Pass "ColorOnly" (fp)
    Target graphics API: d3d11
    Full variant space:         4
    After settings filtering:   4
    After built-in stripping:   4
    After scriptable stripping: 4
    Processed in 0.00 seconds
  Pass "ColorAndDepth" (vp)
    Target graphics API: d3d11
    Full variant space:         4
    After settings filtering:   4
    After built-in stripping:   4
    After scriptable stripping: 4
    Processed in 0.00 seconds
  Pass "ColorAndDepth" (fp)
    Target graphics API: d3d11
    Full variant space:         4
    After settings filtering:   4
    After built-in stripping:   4
    After scriptable stripping: 4
    Processed in 0.00 seconds
  Pass "DepthOnly" (vp)
    Target graphics API: d3d11
    Full variant space:         4
    After settings filtering:   4
    After built-in stripping:   4
    After scriptable stripping: 4
    Processed in 0.00 seconds
  Pass "DepthOnly" (fp)
    Target graphics API: d3d11
    Full variant space:         4
    After settings filtering:   4
    After built-in stripping:   4
    After scriptable stripping: 4
    Processed in 0.00 seconds
  Pass ColorOnly (vp, d3d11) finished in 0.03 seconds. Local cache hits 1 (0.00s CPU time), remote cache hits 0 (0.00s CPU time), compiled 3 variants (0.08s CPU time), skipped 0 variants.
    Prepared data for serialisation in 0.00s
  Pass ColorOnly (fp, d3d11) finished in 0.03 seconds. Local cache hits 1 (0.00s CPU time), remote cache hits 0 (0.00s CPU time), compiled 3 variants (0.08s CPU time), skipped 0 variants.
    Prepared data for serialisation in 0.00s
  Pass ColorAndDepth (vp, d3d11) finished in 0.03 seconds. Local cache hits 1 (0.00s CPU time), remote cache hits 0 (0.00s CPU time), compiled 3 variants (0.08s CPU time), skipped 0 variants.
    Prepared data for serialisation in 0.00s
  Pass ColorAndDepth (fp, d3d11) finished in 0.04 seconds. Local cache hits 1 (0.00s CPU time), remote cache hits 0 (0.00s CPU time), compiled 3 variants (0.07s CPU time), skipped 0 variants.
    Prepared data for serialisation in 0.00s
  Pass DepthOnly (vp, d3d11) finished in 0.02 seconds. Local cache hits 1 (0.00s CPU time), remote cache hits 0 (0.00s CPU time), compiled 3 variants (0.06s CPU time), skipped 0 variants.
    Prepared data for serialisation in 0.00s
  Pass DepthOnly (fp, d3d11) finished in 0.02 seconds. Local cache hits 1 (0.00s CPU time), remote cache hits 0 (0.00s CPU time), compiled 3 variants (0.06s CPU time), skipped 0 variants.
    Prepared data for serialisation in 0.00s
Serialized binary data for shader Hidden/Universal/CoreBlitColorAndDepth in 0.00s
    d3d11 (total internal programs: 24, unique: 16)
Compiling shader "Hidden/Universal Render Pipeline/XR/XRMirrorView"
  Pass "" (vp)
    Target graphics API: d3d11
    Full variant space:         1
    After settings filtering:   1
    After built-in stripping:   1
    After scriptable stripping: 0
    Processed in 0.00 seconds
  Pass "" (fp)
    Target graphics API: d3d11
    Full variant space:         4
    After settings filtering:   2
    After built-in stripping:   2
    After scriptable stripping: 0
    Processed in 0.00 seconds
Serialized binary data for shader Hidden/Universal Render Pipeline/XR/XRMirrorView in 0.00s
    d3d11 (total internal programs: 0, unique: 0)
Compiling shader "Hidden/Universal Render Pipeline/CopyDepth"
  Pass "CopyDepth" (vp)
    Target graphics API: d3d11
    Full variant space:         8
    After settings filtering:   8
    After built-in stripping:   8
    After scriptable stripping: 8
    Processed in 0.00 seconds
  Pass "CopyDepth" (fp)
    Target graphics API: d3d11
    Full variant space:         8
    After settings filtering:   8
    After built-in stripping:   8
    After scriptable stripping: 8
    Processed in 0.00 seconds
  Pass CopyDepth (vp, d3d11) finished in 0.08 seconds. Local cache hits 1 (0.00s CPU time), remote cache hits 0 (0.00s CPU time), compiled 7 variants (0.52s CPU time), skipped 0 variants.
    Prepared data for serialisation in 0.00s
  Pass CopyDepth (fp, d3d11) finished in 0.11 seconds. Local cache hits 1 (0.00s CPU time), remote cache hits 0 (0.00s CPU time), compiled 7 variants (0.40s CPU time), skipped 0 variants.
    Prepared data for serialisation in 0.00s
Serialized binary data for shader Hidden/Universal Render Pipeline/CopyDepth in 0.00s
    d3d11 (total internal programs: 16, unique: 16)
Compiling shader "Hidden/Shadow2DUnshadowSprite"
  Pass "Sprite Unshadow (B) - Stencil: Ref 1, Comp Always, Pass Replace" (vp)
    Target graphics API: d3d11
    Full variant space:         1
    After settings filtering:   1
    After built-in stripping:   1
    After scriptable stripping: 1
    Processed in 0.00 seconds
  Pass "Sprite Unshadow (B) - Stencil: Ref 1, Comp Always, Pass Replace" (fp)
    Target graphics API: d3d11
    Full variant space:         1
    After settings filtering:   1
    After built-in stripping:   1
    After scriptable stripping: 1
    Processed in 0.00 seconds
  Pass "Sprite Unshadow (B) - Stencil: Ref 0, Comp Always, Pass Replace" (vp)
    Target graphics API: d3d11
    Full variant space:         1
    After settings filtering:   1
    After built-in stripping:   1
    After scriptable stripping: 1
    Processed in 0.00 seconds
  Pass "Sprite Unshadow (B) - Stencil: Ref 0, Comp Always, Pass Replace" (fp)
    Target graphics API: d3d11
    Full variant space:         1
    After settings filtering:   1
    After built-in stripping:   1
    After scriptable stripping: 1
    Processed in 0.00 seconds
  Pass Sprite Unshadow (B) - Stencil: Ref 1, Comp Always, Pass Replace (vp, d3d11) finished in 0.00 seconds. Local cache hits 1 (0.00s CPU time), remote cache hits 0 (0.00s CPU time), compiled 0 variants (0.00s CPU time), skipped 0 variants.
    Prepared data for serialisation in 0.00s
  Pass Sprite Unshadow (B) - Stencil: Ref 1, Comp Always, Pass Replace (fp, d3d11) finished in 0.00 seconds. Local cache hits 1 (0.00s CPU time), remote cache hits 0 (0.00s CPU time), compiled 0 variants (0.00s CPU time), skipped 0 variants.
    Prepared data for serialisation in 0.00s
  Pass Sprite Unshadow (B) - Stencil: Ref 0, Comp Always, Pass Replace (vp, d3d11) finished in 0.00 seconds. Local cache hits 1 (0.00s CPU time), remote cache hits 0 (0.00s CPU time), compiled 0 variants (0.00s CPU time), skipped 0 variants.
    Prepared data for serialisation in 0.00s
  Pass Sprite Unshadow (B) - Stencil: Ref 0, Comp Always, Pass Replace (fp, d3d11) finished in 0.00 seconds. Local cache hits 1 (0.00s CPU time), remote cache hits 0 (0.00s CPU time), compiled 0 variants (0.00s CPU time), skipped 0 variants.
    Prepared data for serialisation in 0.00s
Serialized binary data for shader Hidden/Shadow2DUnshadowSprite in 0.00s
    d3d11 (total internal programs: 4, unique: 3)
Compiling shader "Hidden/TerrainEngine/Details/UniversalPipeline/WavingDoublePass"
  Pass "ForwardLit" (vp)
    Target graphics API: d3d11
    Full variant space:         55.296
    After settings filtering:   2.304
    After built-in stripping:   18
    After scriptable stripping: 6
    Processed in 0.00 seconds
  Pass "ForwardLit" (fp)
    Target graphics API: d3d11
    Full variant space:         35.389.440
    After settings filtering:   4.608
    After built-in stripping:   36
    After scriptable stripping: 12
    Processed in 0.00 seconds
  Pass "GBuffer" (vp)
    Target graphics API: d3d11
    Full variant space:         1.152
    After settings filtering:   288
    After built-in stripping:   9
    After scriptable stripping: 0
    Processed in 0.00 seconds
  Pass "GBuffer" (fp)
    Target graphics API: d3d11
    Full variant space:         737.280
    After settings filtering:   576
    After built-in stripping:   18
    After scriptable stripping: 0
    Processed in 0.00 seconds
  Pass "DepthOnly" (vp)
    Target graphics API: d3d11
    Full variant space:         2
    After settings filtering:   2
    After built-in stripping:   1
    After scriptable stripping: 1
    Processed in 0.00 seconds
  Pass "DepthOnly" (fp)
    Target graphics API: d3d11
    Full variant space:         2
    After settings filtering:   2
    After built-in stripping:   1
    After scriptable stripping: 1
    Processed in 0.00 seconds
  Pass "DepthNormalsOnly" (vp)
    Target graphics API: d3d11
    Full variant space:         2
    After settings filtering:   2
    After built-in stripping:   1
    After scriptable stripping: 1
    Processed in 0.00 seconds
  Pass "DepthNormalsOnly" (fp)
    Target graphics API: d3d11
    Full variant space:         8
    After settings filtering:   2
    After built-in stripping:   1
    After scriptable stripping: 1
    Processed in 0.00 seconds
  Pass ForwardLit (vp, d3d11) finished in 0.25 seconds. Local cache hits 1 (0.00s CPU time), remote cache hits 0 (0.00s CPU time), compiled 5 variants (1.20s CPU time), skipped 0 variants.
    Prepared data for serialisation in 0.00s
  Pass ForwardLit (fp, d3d11) finished in 0.86 seconds. Local cache hits 1 (0.00s CPU time), remote cache hits 0 (0.00s CPU time), compiled 11 variants (4.55s CPU time), skipped 0 variants.
    Prepared data for serialisation in 0.00s
  Pass DepthOnly (vp, d3d11) finished in 0.61 seconds. Local cache hits 1 (0.00s CPU time), remote cache hits 0 (0.00s CPU time), compiled 0 variants (0.00s CPU time), skipped 0 variants.
    Prepared data for serialisation in 0.00s
  Pass DepthOnly (fp, d3d11) finished in 0.61 seconds. Local cache hits 1 (0.00s CPU time), remote cache hits 0 (0.00s CPU time), compiled 0 variants (0.00s CPU time), skipped 0 variants.
    Prepared data for serialisation in 0.00s
  Pass DepthNormalsOnly (vp, d3d11) finished in 0.61 seconds. Local cache hits 1 (0.00s CPU time), remote cache hits 0 (0.00s CPU time), compiled 0 variants (0.00s CPU time), skipped 0 variants.
    Prepared data for serialisation in 0.00s
  Pass DepthNormalsOnly (fp, d3d11) finished in 0.61 seconds. Local cache hits 1 (0.00s CPU time), remote cache hits 0 (0.00s CPU time), compiled 0 variants (0.00s CPU time), skipped 0 variants.
    Prepared data for serialisation in 0.00s
Serialized binary data for shader Hidden/TerrainEngine/Details/UniversalPipeline/WavingDoublePass in 0.00s
    d3d11 (total internal programs: 22, unique: 22)
Compiling shader "Hidden/Universal Render Pipeline/FallbackError"
  Pass "" (vp)
    Target graphics API: d3d11
    Full variant space:         6
    After settings filtering:   6
    After built-in stripping:   1
    After scriptable stripping: 1
    Processed in 0.00 seconds
  Pass "" (fp)
    Target graphics API: d3d11
    Full variant space:         6
    After settings filtering:   6
    After built-in stripping:   1
    After scriptable stripping: 1
    Processed in 0.00 seconds
  Pass  (vp, d3d11) finished in 0.00 seconds. Local cache hits 1 (0.00s CPU time), remote cache hits 0 (0.00s CPU time), compiled 0 variants (0.00s CPU time), skipped 0 variants.
    Prepared data for serialisation in 0.00s
  Pass  (fp, d3d11) finished in 0.00 seconds. Local cache hits 1 (0.00s CPU time), remote cache hits 0 (0.00s CPU time), compiled 0 variants (0.00s CPU time), skipped 0 variants.
    Prepared data for serialisation in 0.00s
Serialized binary data for shader Hidden/Universal Render Pipeline/FallbackError in 0.00s
    d3d11 (total internal programs: 2, unique: 2)
Compiling shader "Hidden/Universal Render Pipeline/UberPost"
  Pass "UberPost" (vp)
    Target graphics API: d3d11
    Full variant space:         1
    After settings filtering:   1
    After built-in stripping:   1
    After scriptable stripping: 1
    Processed in 0.00 seconds
  Pass "UberPost" (fp)
    Target graphics API: d3d11
    Full variant space:         92.160
    After settings filtering:   960
    After built-in stripping:   960
    After scriptable stripping: 720
    Processed in 0.03 seconds
  Pass "UberPostXR" (vp)
    Target graphics API: d3d11
    Full variant space:         1
    After settings filtering:   1
    After built-in stripping:   1
    After scriptable stripping: 0
    Processed in 0.00 seconds
  Pass "UberPostXR" (fp)
    Target graphics API: d3d11
    Full variant space:         92.160
    After settings filtering:   960
    After built-in stripping:   960
    After scriptable stripping: 0
    Processed in 0.00 seconds
  Pass UberPost (vp, d3d11) finished in 0.04 seconds. Local cache hits 1 (0.00s CPU time), remote cache hits 0 (0.00s CPU time), compiled 0 variants (0.00s CPU time), skipped 0 variants.
    Prepared data for serialisation in 0.00s
  Pass UberPost (fp, d3d11) finished in 10.31 seconds. Local cache hits 1 (0.00s CPU time), remote cache hits 0 (0.00s CPU time), compiled 719 variants (121.99s CPU time), skipped 0 variants.
    Prepared data for serialisation in 0.01s
Serialized binary data for shader Hidden/Universal Render Pipeline/UberPost in 0.00s
    d3d11 (total internal programs: 721, unique: 721)
Compressed shader 'Hidden/Universal Render Pipeline/UberPost' on d3d11 from 4.77MB to 0.11MB
Compressed shader 'Hidden/Universal Render Pipeline/UberPost' in 0.03s
Compiling shader "Hidden/Universal Render Pipeline/Scaling Setup"
  Pass "ScalingSetup" (vp)
    Target graphics API: d3d11
    Full variant space:         1
    After settings filtering:   1
    After built-in stripping:   1
    After scriptable stripping: 1
    Processed in 0.00 seconds
  Pass "ScalingSetup" (fp)
    Target graphics API: d3d11
    Full variant space:         12
    After settings filtering:   6
    After built-in stripping:   6
    After scriptable stripping: 4
    Processed in 0.00 seconds
  Pass ScalingSetup (vp, d3d11) finished in 0.00 seconds. Local cache hits 1 (0.00s CPU time), remote cache hits 0 (0.00s CPU time), compiled 0 variants (0.00s CPU time), skipped 0 variants.
    Prepared data for serialisation in 0.00s
  Pass ScalingSetup (fp, d3d11) finished in 0.08 seconds. Local cache hits 1 (0.00s CPU time), remote cache hits 0 (0.00s CPU time), compiled 3 variants (0.19s CPU time), skipped 0 variants.
    Prepared data for serialisation in 0.00s
Serialized binary data for shader Hidden/Universal Render Pipeline/Scaling Setup in 0.00s
    d3d11 (total internal programs: 5, unique: 5)
Compiling shader "Hidden/Universal Render Pipeline/LutBuilderHdr"
  Pass "LutBuilderHdr" (vp)
    Target graphics API: d3d11
    Full variant space:         3
    After settings filtering:   3
    After built-in stripping:   3
    After scriptable stripping: 3
    Processed in 0.00 seconds
  Pass "LutBuilderHdr" (fp)
    Target graphics API: d3d11
    Full variant space:         6
    After settings filtering:   3
    After built-in stripping:   3
    After scriptable stripping: 3
    Processed in 0.00 seconds
  Pass LutBuilderHdr (vp, d3d11) finished in 0.04 seconds. Local cache hits 1 (0.00s CPU time), remote cache hits 0 (0.00s CPU time), compiled 2 variants (0.08s CPU time), skipped 0 variants.
    Prepared data for serialisation in 0.00s
  Pass LutBuilderHdr (fp, d3d11) finished in 0.13 seconds. Local cache hits 1 (0.00s CPU time), remote cache hits 0 (0.00s CPU time), compiled 2 variants (0.22s CPU time), skipped 0 variants.
    Prepared data for serialisation in 0.00s
Serialized binary data for shader Hidden/Universal Render Pipeline/LutBuilderHdr in 0.00s
    d3d11 (total internal programs: 6, unique: 6)
Compiling shader "Hidden/TerrainEngine/Details/UniversalPipeline/Vertexlit"
  Pass "TerrainDetailVertex" (vp)
    Target graphics API: d3d11
    Full variant space:         9.216
    After settings filtering:   384
    After built-in stripping:   6
    After scriptable stripping: 6
    Processed in 0.00 seconds
  Pass "TerrainDetailVertex" (fp)
    Target graphics API: d3d11
    Full variant space:         1.474.560
    After settings filtering:   768
    After built-in stripping:   12
    After scriptable stripping: 12
    Processed in 0.00 seconds
  Pass "TerrainDetailVertex - GBuffer" (vp)
    Target graphics API: d3d11
    Full variant space:         192
    After settings filtering:   48
    After built-in stripping:   12
    After scriptable stripping: 6
    Processed in 0.00 seconds
  Pass "TerrainDetailVertex - GBuffer" (fp)
    Target graphics API: d3d11
    Full variant space:         15.360
    After settings filtering:   48
    After built-in stripping:   12
    After scriptable stripping: 6
    Processed in 0.00 seconds
  Pass "DepthOnly" (vp)
    Target graphics API: d3d11
    Full variant space:         2
    After settings filtering:   2
    After built-in stripping:   1
    After scriptable stripping: 1
    Processed in 0.00 seconds
  Pass "DepthOnly" (fp)
    Target graphics API: d3d11
    Full variant space:         2
    After settings filtering:   2
    After built-in stripping:   1
    After scriptable stripping: 1
    Processed in 0.00 seconds
  Pass "DepthNormals" (vp)
    Target graphics API: d3d11
    Full variant space:         2
    After settings filtering:   2
    After built-in stripping:   1
    After scriptable stripping: 1
    Processed in 0.00 seconds
  Pass "DepthNormals" (fp)
    Target graphics API: d3d11
    Full variant space:         2
    After settings filtering:   2
    After built-in stripping:   1
    After scriptable stripping: 1
    Processed in 0.00 seconds
  Pass TerrainDetailVertex (vp, d3d11) finished in 0.22 seconds. Local cache hits 1 (0.00s CPU time), remote cache hits 0 (0.00s CPU time), compiled 5 variants (1.03s CPU time), skipped 0 variants.
    Prepared data for serialisation in 0.00s
  Pass TerrainDetailVertex (fp, d3d11) finished in 0.37 seconds. Local cache hits 1 (0.00s CPU time), remote cache hits 0 (0.00s CPU time), compiled 11 variants (1.94s CPU time), skipped 0 variants.
    Prepared data for serialisation in 0.00s
  Pass TerrainDetailVertex - GBuffer (vp, d3d11) finished in 0.19 seconds. Local cache hits 1 (0.00s CPU time), remote cache hits 0 (0.00s CPU time), compiled 5 variants (0.79s CPU time), skipped 0 variants.
    Prepared data for serialisation in 0.00s
  Pass TerrainDetailVertex - GBuffer (fp, d3d11) finished in 0.21 seconds. Local cache hits 1 (0.00s CPU time), remote cache hits 0 (0.00s CPU time), compiled 5 variants (0.59s CPU time), skipped 0 variants.
    Prepared data for serialisation in 0.00s
  Pass DepthOnly (vp, d3d11) finished in 0.08 seconds. Local cache hits 1 (0.00s CPU time), remote cache hits 0 (0.00s CPU time), compiled 0 variants (0.00s CPU time), skipped 0 variants.
    Prepared data for serialisation in 0.00s
  Pass DepthOnly (fp, d3d11) finished in 0.08 seconds. Local cache hits 1 (0.00s CPU time), remote cache hits 0 (0.00s CPU time), compiled 0 variants (0.00s CPU time), skipped 0 variants.
    Prepared data for serialisation in 0.00s
  Pass DepthNormals (vp, d3d11) finished in 0.08 seconds. Local cache hits 1 (0.00s CPU time), remote cache hits 0 (0.00s CPU time), compiled 0 variants (0.00s CPU time), skipped 0 variants.
    Prepared data for serialisation in 0.00s
  Pass DepthNormals (fp, d3d11) finished in 0.08 seconds. Local cache hits 1 (0.00s CPU time), remote cache hits 0 (0.00s CPU time), compiled 0 variants (0.00s CPU time), skipped 0 variants.
    Prepared data for serialisation in 0.00s
Serialized binary data for shader Hidden/TerrainEngine/Details/UniversalPipeline/Vertexlit in 0.00s
    d3d11 (total internal programs: 34, unique: 34)
Compiling shader "Hidden/Universal Render Pipeline/XR/XRMotionVector"
  Pass "XR Camera MotionVectors" (vp)
    Target graphics API: d3d11
    Full variant space:         1
    After settings filtering:   1
    After built-in stripping:   1
    After scriptable stripping: 0
    Processed in 0.00 seconds
  Pass "XR Camera MotionVectors" (fp)
    Target graphics API: d3d11
    Full variant space:         1
    After settings filtering:   1
    After built-in stripping:   1
    After scriptable stripping: 0
    Processed in 0.00 seconds
Serialized binary data for shader Hidden/Universal Render Pipeline/XR/XRMotionVector in 0.00s
    d3d11 (total internal programs: 0, unique: 0)
Compiling compute shader "ProbeVolumeSamplingDebugPositionNormal"
    starting stripping...
    finished in 0.09 seconds. 2 of 2 variants left
    2 variants, starting compilation...
    finished in 0.00 seconds. Local cache hits 2, remote cache hits 0, compiled 0 variants
Compiling compute shader "VrsTexture"
    starting stripping...
    finished in 0.14 seconds. 48 of 48 variants left
    48 variants, starting compilation...
    finished in 0.10 seconds. Local cache hits 8, remote cache hits 0, compiled 40 variants
Compiling shader "TextMeshPro/SRP/TMP_SDF-URP Lit"
  Pass "ForwardLit" (vp)
    Target graphics API: d3d11
    Full variant space:         884.736
    After settings filtering:   9.216
    After built-in stripping:   18
    After scriptable stripping: 6
    Processed in 0.00 seconds
  Pass "ForwardLit" (fp)
    Target graphics API: d3d11
    Full variant space:         18.119.393.280
    After settings filtering:   18.432
    After built-in stripping:   36
    After scriptable stripping: 12
    Processed in 0.00 seconds
  Pass "GBuffer" (vp)
    Target graphics API: d3d11
    Full variant space:         196.608
    After settings filtering:   3.072
    After built-in stripping:   6
    After scriptable stripping: 0
    Processed in 0.00 seconds
  Pass "GBuffer" (fp)
    Target graphics API: d3d11
    Full variant space:         503.316.480
    After settings filtering:   3.072
    After built-in stripping:   6
    After scriptable stripping: 0
    Processed in 0.00 seconds
  Pass "ShadowCaster" (vp)
    Target graphics API: d3d11
    Full variant space:         8
    After settings filtering:   8
    After built-in stripping:   2
    After scriptable stripping: 1
    Processed in 0.00 seconds
  Pass "ShadowCaster" (fp)
    Target graphics API: d3d11
    Full variant space:         4
    After settings filtering:   4
    After built-in stripping:   1
    After scriptable stripping: 1
    Processed in 0.00 seconds
  Pass "MotionVectors" (vp)
    Target graphics API: d3d11
    Full variant space:         4
    After settings filtering:   4
    After built-in stripping:   1
    After scriptable stripping: 1
    Processed in 0.00 seconds
  Pass "MotionVectors" (fp)
    Target graphics API: d3d11
    Full variant space:         8
    After settings filtering:   4
    After built-in stripping:   1
    After scriptable stripping: 1
    Processed in 0.00 seconds
  Pass "DepthNormals" (vp)
    Target graphics API: d3d11
    Full variant space:         4
    After settings filtering:   4
    After built-in stripping:   1
    After scriptable stripping: 1
    Processed in 0.00 seconds
  Pass "DepthNormals" (fp)
    Target graphics API: d3d11
    Full variant space:         8
    After settings filtering:   4
    After built-in stripping:   1
    After scriptable stripping: 1
    Processed in 0.00 seconds
  Pass "Universal 2D" (vp)
    Target graphics API: d3d11
    Full variant space:         1
    After settings filtering:   1
    After built-in stripping:   1
    After scriptable stripping: 1
    Processed in 0.00 seconds
  Pass "Universal 2D" (fp)
    Target graphics API: d3d11
    Full variant space:         1
    After settings filtering:   1
    After built-in stripping:   1
    After scriptable stripping: 1
    Processed in 0.00 seconds
  Pass ForwardLit (vp, d3d11) finished in 0.57 seconds. Local cache hits 0 (0.00s CPU time), remote cache hits 0 (0.00s CPU time), compiled 6 variants (3.40s CPU time), skipped 0 variants.
    Prepared data for serialisation in 0.00s
  Pass ForwardLit (fp, d3d11) finished in 1.62 seconds. Local cache hits 0 (0.00s CPU time), remote cache hits 0 (0.00s CPU time), compiled 12 variants (9.84s CPU time), skipped 0 variants.
    Prepared data for serialisation in 0.00s
  Pass ShadowCaster (vp, d3d11) finished in 0.89 seconds. Local cache hits 0 (0.00s CPU time), remote cache hits 0 (0.00s CPU time), compiled 1 variants (0.20s CPU time), skipped 0 variants.
    Prepared data for serialisation in 0.00s
  Pass ShadowCaster (fp, d3d11) finished in 0.69 seconds. Local cache hits 0 (0.00s CPU time), remote cache hits 0 (0.00s CPU time), compiled 1 variants (0.18s CPU time), skipped 0 variants.
    Prepared data for serialisation in 0.00s
  Pass MotionVectors (vp, d3d11) finished in 0.69 seconds. Local cache hits 0 (0.00s CPU time), remote cache hits 0 (0.00s CPU time), compiled 1 variants (0.19s CPU time), skipped 0 variants.
    Prepared data for serialisation in 0.00s
  Pass MotionVectors (fp, d3d11) finished in 0.66 seconds. Local cache hits 0 (0.00s CPU time), remote cache hits 0 (0.00s CPU time), compiled 1 variants (0.21s CPU time), skipped 0 variants.
    Prepared data for serialisation in 0.00s
  Pass DepthNormals (vp, d3d11) finished in 0.63 seconds. Local cache hits 0 (0.00s CPU time), remote cache hits 0 (0.00s CPU time), compiled 1 variants (0.17s CPU time), skipped 0 variants.
    Prepared data for serialisation in 0.00s
  Pass DepthNormals (fp, d3d11) finished in 0.56 seconds. Local cache hits 0 (0.00s CPU time), remote cache hits 0 (0.00s CPU time), compiled 1 variants (0.18s CPU time), skipped 0 variants.
    Prepared data for serialisation in 0.00s
  Pass Universal 2D (vp, d3d11) finished in 0.54 seconds. Local cache hits 0 (0.00s CPU time), remote cache hits 0 (0.00s CPU time), compiled 1 variants (0.14s CPU time), skipped 0 variants.
    Prepared data for serialisation in 0.00s
  Pass Universal 2D (fp, d3d11) finished in 0.51 seconds. Local cache hits 0 (0.00s CPU time), remote cache hits 0 (0.00s CPU time), compiled 1 variants (0.17s CPU time), skipped 0 variants.
    Prepared data for serialisation in 0.00s
Serialized binary data for shader TextMeshPro/SRP/TMP_SDF-URP Lit in 0.00s
    d3d11 (total internal programs: 26, unique: 26)
Compiling shader "TextMeshPro/SRP/TMP_SDF-HDRP LIT"
Serialized binary data for shader TextMeshPro/SRP/TMP_SDF-HDRP LIT in 0.00s
    d3d11 (total internal programs: 0, unique: 0)
Compiling shader "TextMeshPro/SRP/TMP_SDF-HDRP UNLIT"
Serialized binary data for shader TextMeshPro/SRP/TMP_SDF-HDRP UNLIT in 0.00s
    d3d11 (total internal programs: 0, unique: 0)
Compiling shader "TextMeshPro/Mobile/Distance Field - 2 Pass"
  Pass "Outline" (vp)
    Target graphics API: d3d11
    Full variant space:         8
    After settings filtering:   8
    After built-in stripping:   8
    After scriptable stripping: 8
    Processed in 0.00 seconds
  Pass "Outline" (fp)
    Target graphics API: d3d11
    Full variant space:         8
    After settings filtering:   8
    After built-in stripping:   8
    After scriptable stripping: 8
    Processed in 0.00 seconds
  Pass "Face" (vp)
    Target graphics API: d3d11
    Full variant space:         4
    After settings filtering:   4
    After built-in stripping:   4
    After scriptable stripping: 4
    Processed in 0.00 seconds
  Pass "Face" (fp)
    Target graphics API: d3d11
    Full variant space:         4
    After settings filtering:   4
    After built-in stripping:   4
    After scriptable stripping: 4
    Processed in 0.00 seconds
  Pass Outline (vp, d3d11) finished in 0.20 seconds. Local cache hits 1 (0.00s CPU time), remote cache hits 0 (0.00s CPU time), compiled 7 variants (1.35s CPU time), skipped 0 variants.
    Prepared data for serialisation in 0.00s
  Pass Outline (fp, d3d11) finished in 0.20 seconds. Local cache hits 1 (0.00s CPU time), remote cache hits 0 (0.00s CPU time), compiled 7 variants (0.67s CPU time), skipped 0 variants.
    Prepared data for serialisation in 0.00s
  Pass Face (vp, d3d11) finished in 0.06 seconds. Local cache hits 1 (0.00s CPU time), remote cache hits 0 (0.00s CPU time), compiled 3 variants (0.13s CPU time), skipped 0 variants.
    Prepared data for serialisation in 0.00s
  Pass Face (fp, d3d11) finished in 0.04 seconds. Local cache hits 1 (0.00s CPU time), remote cache hits 0 (0.00s CPU time), compiled 3 variants (0.05s CPU time), skipped 0 variants.
    Prepared data for serialisation in 0.00s
Serialized binary data for shader TextMeshPro/Mobile/Distance Field - 2 Pass in 0.00s
    d3d11 (total internal programs: 24, unique: 24)
Compiling shader "TextMeshPro/Distance Field"
  Pass "" (vp)
    Target graphics API: d3d11
    Full variant space:         16
    After settings filtering:   16
    After built-in stripping:   16
    After scriptable stripping: 16
    Processed in 0.00 seconds
  Pass "" (fp)
    Target graphics API: d3d11
    Full variant space:         16
    After settings filtering:   16
    After built-in stripping:   16
    After scriptable stripping: 16
    Processed in 0.00 seconds
  Pass  (vp, d3d11) finished in 0.14 seconds. Local cache hits 1 (0.00s CPU time), remote cache hits 0 (0.00s CPU time), compiled 15 variants (1.19s CPU time), skipped 0 variants.
    Prepared data for serialisation in 0.00s
  Pass  (fp, d3d11) finished in 0.13 seconds. Local cache hits 1 (0.00s CPU time), remote cache hits 0 (0.00s CPU time), compiled 15 variants (0.81s CPU time), skipped 0 variants.
    Prepared data for serialisation in 0.00s
Serialized binary data for shader TextMeshPro/Distance Field in 0.00s
    d3d11 (total internal programs: 32, unique: 32)
Compiling shader "TextMeshPro/Mobile/Distance Field (Surface)"
  Pass "FORWARD" (vp)
    Target graphics API: d3d11
    Full variant space:         24
    After settings filtering:   24
    After built-in stripping:   3
    After scriptable stripping: 3
    Processed in 0.00 seconds
  Pass "FORWARD" (fp)
    Target graphics API: d3d11
    Full variant space:         16
    After settings filtering:   16
    After built-in stripping:   2
    After scriptable stripping: 2
    Processed in 0.00 seconds
  Pass "Caster" (vp)
    Target graphics API: d3d11
    Full variant space:         2
    After settings filtering:   2
    After built-in stripping:   2
    After scriptable stripping: 2
    Processed in 0.00 seconds
  Pass "Caster" (fp)
    Target graphics API: d3d11
    Full variant space:         2
    After settings filtering:   2
    After built-in stripping:   2
    After scriptable stripping: 2
    Processed in 0.00 seconds
  Pass FORWARD (vp, d3d11) finished in 0.31 seconds. Local cache hits 1 (0.00s CPU time), remote cache hits 0 (0.00s CPU time), compiled 2 variants (0.62s CPU time), skipped 0 variants.
    Prepared data for serialisation in 0.00s
  Pass FORWARD (fp, d3d11) finished in 0.31 seconds. Local cache hits 1 (0.00s CPU time), remote cache hits 0 (0.00s CPU time), compiled 1 variants (0.30s CPU time), skipped 0 variants.
    Prepared data for serialisation in 0.00s
  Pass Caster (vp, d3d11) finished in 0.31 seconds. Local cache hits 1 (0.00s CPU time), remote cache hits 0 (0.00s CPU time), compiled 1 variants (0.01s CPU time), skipped 0 variants.
    Prepared data for serialisation in 0.00s
  Pass Caster (fp, d3d11) finished in 0.31 seconds. Local cache hits 1 (0.00s CPU time), remote cache hits 0 (0.00s CPU time), compiled 1 variants (0.01s CPU time), skipped 0 variants.
    Prepared data for serialisation in 0.00s
Serialized binary data for shader TextMeshPro/Mobile/Distance Field (Surface) in 0.00s
    d3d11 (total internal programs: 9, unique: 9)
Compiling shader "TextMeshPro/Mobile/Distance Field Overlay"
  Pass "" (vp)
    Target graphics API: d3d11
    Full variant space:         4
    After settings filtering:   4
    After built-in stripping:   4
    After scriptable stripping: 4
    Processed in 0.00 seconds
  Pass "" (fp)
    Target graphics API: d3d11
    Full variant space:         4
    After settings filtering:   4
    After built-in stripping:   4
    After scriptable stripping: 4
    Processed in 0.00 seconds
  Pass  (vp, d3d11) finished in 0.04 seconds. Local cache hits 1 (0.00s CPU time), remote cache hits 0 (0.00s CPU time), compiled 3 variants (0.12s CPU time), skipped 0 variants.
    Prepared data for serialisation in 0.00s
  Pass  (fp, d3d11) finished in 0.04 seconds. Local cache hits 1 (0.00s CPU time), remote cache hits 0 (0.00s CPU time), compiled 3 variants (0.04s CPU time), skipped 0 variants.
    Prepared data for serialisation in 0.00s
Serialized binary data for shader TextMeshPro/Mobile/Distance Field Overlay in 0.00s
    d3d11 (total internal programs: 8, unique: 8)
Compiling shader "TextMeshPro/Mobile/Distance Field - Masking"
  Pass "" (vp)
    Target graphics API: d3d11
    Full variant space:         4
    After settings filtering:   4
    After built-in stripping:   4
    After scriptable stripping: 4
    Processed in 0.00 seconds
  Pass "" (fp)
    Target graphics API: d3d11
    Full variant space:         4
    After settings filtering:   4
    After built-in stripping:   4
    After scriptable stripping: 4
    Processed in 0.00 seconds
  Pass  (vp, d3d11) finished in 0.04 seconds. Local cache hits 1 (0.00s CPU time), remote cache hits 0 (0.00s CPU time), compiled 3 variants (0.11s CPU time), skipped 0 variants.
    Prepared data for serialisation in 0.00s
  Pass  (fp, d3d11) finished in 0.04 seconds. Local cache hits 1 (0.00s CPU time), remote cache hits 0 (0.00s CPU time), compiled 3 variants (0.06s CPU time), skipped 0 variants.
    Prepared data for serialisation in 0.00s
Serialized binary data for shader TextMeshPro/Mobile/Distance Field - Masking in 0.00s
    d3d11 (total internal programs: 8, unique: 8)
Compiling shader "TextMeshPro/Sprite"
  Pass "Default" (vp)
    Target graphics API: d3d11
    Full variant space:         4
    After settings filtering:   4
    After built-in stripping:   4
    After scriptable stripping: 4
    Processed in 0.00 seconds
  Pass "Default" (fp)
    Target graphics API: d3d11
    Full variant space:         4
    After settings filtering:   4
    After built-in stripping:   4
    After scriptable stripping: 4
    Processed in 0.00 seconds
  Pass Default (vp, d3d11) finished in 0.03 seconds. Local cache hits 1 (0.00s CPU time), remote cache hits 0 (0.00s CPU time), compiled 3 variants (0.08s CPU time), skipped 0 variants.
    Prepared data for serialisation in 0.00s
  Pass Default (fp, d3d11) finished in 0.03 seconds. Local cache hits 1 (0.00s CPU time), remote cache hits 0 (0.00s CPU time), compiled 3 variants (0.04s CPU time), skipped 0 variants.
    Prepared data for serialisation in 0.00s
Serialized binary data for shader TextMeshPro/Sprite in 0.00s
    d3d11 (total internal programs: 8, unique: 8)
Compiling shader "Hidden/Shader Graph/FallbackError"
  Pass "" (vp)
    Target graphics API: d3d11
    Full variant space:         4
    After settings filtering:   4
    After built-in stripping:   1
    After scriptable stripping: 1
    Processed in 0.00 seconds
  Pass "" (fp)
    Target graphics API: d3d11
    Full variant space:         4
    After settings filtering:   4
    After built-in stripping:   1
    After scriptable stripping: 1
    Processed in 0.00 seconds
  Pass  (vp, d3d11) finished in 0.00 seconds. Local cache hits 1 (0.00s CPU time), remote cache hits 0 (0.00s CPU time), compiled 0 variants (0.00s CPU time), skipped 0 variants.
    Prepared data for serialisation in 0.00s
  Pass  (fp, d3d11) finished in 0.00 seconds. Local cache hits 1 (0.00s CPU time), remote cache hits 0 (0.00s CPU time), compiled 0 variants (0.00s CPU time), skipped 0 variants.
    Prepared data for serialisation in 0.00s
Serialized binary data for shader Hidden/Shader Graph/FallbackError in 0.00s
    d3d11 (total internal programs: 2, unique: 2)
Compiling shader "TextMeshPro/Distance Field (Surface)"
  Pass "FORWARD" (vp)
    Target graphics API: d3d11
    Full variant space:         48
    After settings filtering:   48
    After built-in stripping:   6
    After scriptable stripping: 6
    Processed in 0.00 seconds
  Pass "FORWARD" (fp)
    Target graphics API: d3d11
    Full variant space:         32
    After settings filtering:   32
    After built-in stripping:   4
    After scriptable stripping: 4
    Processed in 0.00 seconds
  Pass "FORWARD" (vp)
    Target graphics API: d3d11
    Full variant space:         40
    After settings filtering:   40
    After built-in stripping:   10
    After scriptable stripping: 10
    Processed in 0.00 seconds
  Pass "FORWARD" (fp)
    Target graphics API: d3d11
    Full variant space:         40
    After settings filtering:   40
    After built-in stripping:   10
    After scriptable stripping: 10
    Processed in 0.00 seconds
  Pass "Caster" (vp)
    Target graphics API: d3d11
    Full variant space:         2
    After settings filtering:   2
    After built-in stripping:   2
    After scriptable stripping: 2
    Processed in 0.00 seconds
  Pass "Caster" (fp)
    Target graphics API: d3d11
    Full variant space:         2
    After settings filtering:   2
    After built-in stripping:   2
    After scriptable stripping: 2
    Processed in 0.00 seconds
  Pass FORWARD (vp, d3d11) finished in 0.10 seconds. Local cache hits 1 (0.00s CPU time), remote cache hits 0 (0.00s CPU time), compiled 5 variants (0.35s CPU time), skipped 0 variants.
    Prepared data for serialisation in 0.00s
  Pass FORWARD (fp, d3d11) finished in 0.15 seconds. Local cache hits 1 (0.00s CPU time), remote cache hits 0 (0.00s CPU time), compiled 3 variants (0.37s CPU time), skipped 0 variants.
    Prepared data for serialisation in 0.00s
  Pass FORWARD (vp, d3d11) finished in 0.15 seconds. Local cache hits 1 (0.00s CPU time), remote cache hits 0 (0.00s CPU time), compiled 9 variants (0.57s CPU time), skipped 0 variants.
    Prepared data for serialisation in 0.00s
  Pass FORWARD (fp, d3d11) finished in 0.14 seconds. Local cache hits 1 (0.00s CPU time), remote cache hits 0 (0.00s CPU time), compiled 9 variants (0.81s CPU time), skipped 0 variants.
    Prepared data for serialisation in 0.00s
  Pass Caster (vp, d3d11) finished in 0.08 seconds. Local cache hits 1 (0.00s CPU time), remote cache hits 0 (0.00s CPU time), compiled 1 variants (0.02s CPU time), skipped 0 variants.
    Prepared data for serialisation in 0.00s
  Pass Caster (fp, d3d11) finished in 0.07 seconds. Local cache hits 1 (0.00s CPU time), remote cache hits 0 (0.00s CPU time), compiled 1 variants (0.01s CPU time), skipped 0 variants.
    Prepared data for serialisation in 0.00s
Serialized binary data for shader TextMeshPro/Distance Field (Surface) in 0.00s
    d3d11 (total internal programs: 34, unique: 34)
Compiling shader "Universal Render Pipeline/2D/Sprite-Lit-Default"
  Pass "" (vp)
    Target graphics API: d3d11
    Full variant space:         128
    After settings filtering:   64
    After built-in stripping:   32
    After scriptable stripping: 32
    Processed in 0.00 seconds
  Pass "" (fp)
    Target graphics API: d3d11
    Full variant space:         128
    After settings filtering:   64
    After built-in stripping:   32
    After scriptable stripping: 32
    Processed in 0.00 seconds
  Pass "" (vp)
    Target graphics API: d3d11
    Full variant space:         4
    After settings filtering:   4
    After built-in stripping:   2
    After scriptable stripping: 2
    Processed in 0.00 seconds
  Pass "" (fp)
    Target graphics API: d3d11
    Full variant space:         4
    After settings filtering:   4
    After built-in stripping:   2
    After scriptable stripping: 2
    Processed in 0.00 seconds
  Pass "" (vp)
    Target graphics API: d3d11
    Full variant space:         6
    After settings filtering:   4
    After built-in stripping:   2
    After scriptable stripping: 2
    Processed in 0.00 seconds
  Pass "" (fp)
    Target graphics API: d3d11
    Full variant space:         6
    After settings filtering:   4
    After built-in stripping:   2
    After scriptable stripping: 2
    Processed in 0.00 seconds
  Pass  (vp, d3d11) finished in 0.34 seconds. Local cache hits 2 (0.00s CPU time), remote cache hits 0 (0.00s CPU time), compiled 30 variants (3.48s CPU time), skipped 0 variants.
    Prepared data for serialisation in 0.00s
  Pass  (fp, d3d11) finished in 0.21 seconds. Local cache hits 2 (0.00s CPU time), remote cache hits 0 (0.00s CPU time), compiled 30 variants (1.80s CPU time), skipped 0 variants.
    Prepared data for serialisation in 0.00s
  Pass  (vp, d3d11) finished in 0.07 seconds. Local cache hits 1 (0.00s CPU time), remote cache hits 0 (0.00s CPU time), compiled 1 variants (0.07s CPU time), skipped 0 variants.
    Prepared data for serialisation in 0.00s
  Pass  (fp, d3d11) finished in 0.06 seconds. Local cache hits 1 (0.00s CPU time), remote cache hits 0 (0.00s CPU time), compiled 1 variants (0.05s CPU time), skipped 0 variants.
    Prepared data for serialisation in 0.00s
  Pass  (vp, d3d11) finished in 0.06 seconds. Local cache hits 1 (0.00s CPU time), remote cache hits 0 (0.00s CPU time), compiled 1 variants (0.06s CPU time), skipped 0 variants.
    Prepared data for serialisation in 0.00s
  Pass  (fp, d3d11) finished in 0.06 seconds. Local cache hits 1 (0.00s CPU time), remote cache hits 0 (0.00s CPU time), compiled 1 variants (0.04s CPU time), skipped 0 variants.
    Prepared data for serialisation in 0.00s
Serialized binary data for shader Universal Render Pipeline/2D/Sprite-Lit-Default in 0.00s
    d3d11 (total internal programs: 72, unique: 72)
Compiling shader "TextMeshPro/Mobile/Distance Field"
  Pass "" (vp)
    Target graphics API: d3d11
    Full variant space:         16
    After settings filtering:   16
    After built-in stripping:   16
    After scriptable stripping: 16
    Processed in 0.00 seconds
  Pass "" (fp)
    Target graphics API: d3d11
    Full variant space:         16
    After settings filtering:   16
    After built-in stripping:   16
    After scriptable stripping: 16
    Processed in 0.00 seconds
  Pass  (vp, d3d11) finished in 0.08 seconds. Local cache hits 2 (0.00s CPU time), remote cache hits 0 (0.00s CPU time), compiled 14 variants (0.61s CPU time), skipped 0 variants.
    Prepared data for serialisation in 0.00s
  Pass  (fp, d3d11) finished in 0.06 seconds. Local cache hits 2 (0.00s CPU time), remote cache hits 0 (0.00s CPU time), compiled 14 variants (0.38s CPU time), skipped 0 variants.
    Prepared data for serialisation in 0.00s
Serialized binary data for shader TextMeshPro/Mobile/Distance Field in 0.00s
    d3d11 (total internal programs: 32, unique: 32)
Compressed shader 'TextMeshPro/Mobile/Distance Field' on d3d11 from 2.64MB to 0.24MB
Compressed shader 'TextMeshPro/Mobile/Distance Field' in 0.03s
Compiling shader "Legacy Shaders/VertexLit"
  Pass "" (vp)
    Target graphics API: d3d11
    Full variant space:         12
    After settings filtering:   12
    After built-in stripping:   3
    After scriptable stripping: 3
    Processed in 0.00 seconds
  Pass "" (fp)
    Target graphics API: d3d11
    Full variant space:         12
    After settings filtering:   12
    After built-in stripping:   3
    After scriptable stripping: 3
    Processed in 0.00 seconds
  Pass "" (vp)
    Target graphics API: d3d11
    Full variant space:         4
    After settings filtering:   4
    After built-in stripping:   1
    After scriptable stripping: 1
    Processed in 0.00 seconds
  Pass "" (fp)
    Target graphics API: d3d11
    Full variant space:         4
    After settings filtering:   4
    After built-in stripping:   1
    After scriptable stripping: 1
    Processed in 0.00 seconds
  Pass "ShadowCaster" (vp)
    Target graphics API: d3d11
    Full variant space:         4
    After settings filtering:   4
    After built-in stripping:   2
    After scriptable stripping: 2
    Processed in 0.00 seconds
  Pass "ShadowCaster" (fp)
    Target graphics API: d3d11
    Full variant space:         4
    After settings filtering:   4
    After built-in stripping:   2
    After scriptable stripping: 2
    Processed in 0.00 seconds
  Pass  (vp, d3d11) finished in 0.05 seconds. Local cache hits 0 (0.00s CPU time), remote cache hits 0 (0.00s CPU time), compiled 3 variants (0.15s CPU time), skipped 0 variants.
    Prepared data for serialisation in 0.00s
  Pass  (fp, d3d11) finished in 0.05 seconds. Local cache hits 0 (0.00s CPU time), remote cache hits 0 (0.00s CPU time), compiled 3 variants (0.04s CPU time), skipped 0 variants.
    Prepared data for serialisation in 0.00s
  Pass  (vp, d3d11) finished in 0.05 seconds. Local cache hits 0 (0.00s CPU time), remote cache hits 0 (0.00s CPU time), compiled 1 variants (0.02s CPU time), skipped 0 variants.
    Prepared data for serialisation in 0.00s
  Pass  (fp, d3d11) finished in 0.05 seconds. Local cache hits 0 (0.00s CPU time), remote cache hits 0 (0.00s CPU time), compiled 1 variants (0.01s CPU time), skipped 0 variants.
    Prepared data for serialisation in 0.00s
  Pass ShadowCaster (vp, d3d11) finished in 0.05 seconds. Local cache hits 0 (0.00s CPU time), remote cache hits 0 (0.00s CPU time), compiled 2 variants (0.05s CPU time), skipped 0 variants.
    Prepared data for serialisation in 0.00s
  Pass ShadowCaster (fp, d3d11) finished in 0.05 seconds. Local cache hits 0 (0.00s CPU time), remote cache hits 0 (0.00s CPU time), compiled 2 variants (0.02s CPU time), skipped 0 variants.
    Prepared data for serialisation in 0.00s
Serialized binary data for shader Legacy Shaders/VertexLit in 0.00s
    d3d11 (total internal programs: 12, unique: 12)
Compiling shader "Legacy Shaders/Diffuse"
  Pass "FORWARD" (vp)
    Target graphics API: d3d11
    Full variant space:         664
    After settings filtering:   664
    After built-in stripping:   8
    After scriptable stripping: 8
    Processed in 0.00 seconds
  Pass "FORWARD" (fp)
    Target graphics API: d3d11
    Full variant space:         504
    After settings filtering:   504
    After built-in stripping:   4
    After scriptable stripping: 4
    Processed in 0.00 seconds
  Pass "FORWARD" (vp)
    Target graphics API: d3d11
    Full variant space:         20
    After settings filtering:   20
    After built-in stripping:   5
    After scriptable stripping: 5
    Processed in 0.00 seconds
  Pass "FORWARD" (fp)
    Target graphics API: d3d11
    Full variant space:         20
    After settings filtering:   20
    After built-in stripping:   5
    After scriptable stripping: 5
    Processed in 0.00 seconds
  Pass "DEFERRED" (vp)
    Target graphics API: d3d11
    Full variant space:         76
    After settings filtering:   76
    After built-in stripping:   4
    After scriptable stripping: 4
    Processed in 0.00 seconds
  Pass "DEFERRED" (fp)
    Target graphics API: d3d11
    Full variant space:         76
    After settings filtering:   76
    After built-in stripping:   4
    After scriptable stripping: 4
    Processed in 0.00 seconds
  Pass FORWARD (vp, d3d11) finished in 0.05 seconds. Local cache hits 0 (0.00s CPU time), remote cache hits 0 (0.00s CPU time), compiled 8 variants (0.29s CPU time), skipped 0 variants.
    Prepared data for serialisation in 0.00s
  Pass FORWARD (fp, d3d11) finished in 0.10 seconds. Local cache hits 0 (0.00s CPU time), remote cache hits 0 (0.00s CPU time), compiled 4 variants (0.19s CPU time), skipped 0 variants.
    Prepared data for serialisation in 0.00s
  Pass FORWARD (vp, d3d11) finished in 0.07 seconds. Local cache hits 0 (0.00s CPU time), remote cache hits 0 (0.00s CPU time), compiled 5 variants (0.16s CPU time), skipped 0 variants.
    Prepared data for serialisation in 0.00s
  Pass FORWARD (fp, d3d11) finished in 0.07 seconds. Local cache hits 0 (0.00s CPU time), remote cache hits 0 (0.00s CPU time), compiled 5 variants (0.18s CPU time), skipped 0 variants.
    Prepared data for serialisation in 0.00s
  Pass DEFERRED (vp, d3d11) finished in 0.04 seconds. Local cache hits 0 (0.00s CPU time), remote cache hits 0 (0.00s CPU time), compiled 4 variants (0.12s CPU time), skipped 0 variants.
    Prepared data for serialisation in 0.00s
  Pass DEFERRED (fp, d3d11) finished in 0.04 seconds. Local cache hits 0 (0.00s CPU time), remote cache hits 0 (0.00s CPU time), compiled 4 variants (0.10s CPU time), skipped 0 variants.
    Prepared data for serialisation in 0.00s
Serialized binary data for shader Legacy Shaders/Diffuse in 0.00s
    d3d11 (total internal programs: 30, unique: 30)
Compiling shader "Hidden/Internal-StencilWrite"
  Pass "" (vp)
    Target graphics API: d3d11
    Full variant space:         1
    After settings filtering:   1
    After built-in stripping:   1
    After scriptable stripping: 1
    Processed in 0.00 seconds
  Pass "" (fp)
    Target graphics API: d3d11
    Full variant space:         1
    After settings filtering:   1
    After built-in stripping:   1
    After scriptable stripping: 1
    Processed in 0.00 seconds
  Pass  (vp, d3d11) finished in 0.01 seconds. Local cache hits 0 (0.00s CPU time), remote cache hits 0 (0.00s CPU time), compiled 1 variants (0.01s CPU time), skipped 0 variants.
    Prepared data for serialisation in 0.00s
  Pass  (fp, d3d11) finished in 0.01 seconds. Local cache hits 0 (0.00s CPU time), remote cache hits 0 (0.00s CPU time), compiled 1 variants (0.01s CPU time), skipped 0 variants.
    Prepared data for serialisation in 0.00s
Serialized binary data for shader Hidden/Internal-StencilWrite in 0.00s
    d3d11 (total internal programs: 2, unique: 2)
Compiling shader "Hidden/Internal-DepthNormalsTexture"
  Pass "" (vp)
    Target graphics API: d3d11
    Full variant space:         1
    After settings filtering:   1
    After built-in stripping:   1
    After scriptable stripping: 1
    Processed in 0.00 seconds
  Pass "" (fp)
    Target graphics API: d3d11
    Full variant space:         1
    After settings filtering:   1
    After built-in stripping:   1
    After scriptable stripping: 1
    Processed in 0.00 seconds
  Pass "" (vp)
    Target graphics API: d3d11
    Full variant space:         1
    After settings filtering:   1
    After built-in stripping:   1
    After scriptable stripping: 1
    Processed in 0.00 seconds
  Pass "" (fp)
    Target graphics API: d3d11
    Full variant space:         1
    After settings filtering:   1
    After built-in stripping:   1
    After scriptable stripping: 1
    Processed in 0.00 seconds
  Pass "" (vp)
    Target graphics API: d3d11
    Full variant space:         1
    After settings filtering:   1
    After built-in stripping:   1
    After scriptable stripping: 1
    Processed in 0.00 seconds
  Pass "" (fp)
    Target graphics API: d3d11
    Full variant space:         1
    After settings filtering:   1
    After built-in stripping:   1
    After scriptable stripping: 1
    Processed in 0.00 seconds
  Pass "" (vp)
    Target graphics API: d3d11
    Full variant space:         1
    After settings filtering:   1
    After built-in stripping:   1
    After scriptable stripping: 1
    Processed in 0.00 seconds
  Pass "" (fp)
    Target graphics API: d3d11
    Full variant space:         1
    After settings filtering:   1
    After built-in stripping:   1
    After scriptable stripping: 1
    Processed in 0.00 seconds
  Pass "" (vp)
    Target graphics API: d3d11
    Full variant space:         1
    After settings filtering:   1
    After built-in stripping:   1
    After scriptable stripping: 1
    Processed in 0.00 seconds
  Pass "" (fp)
    Target graphics API: d3d11
    Full variant space:         1
    After settings filtering:   1
    After built-in stripping:   1
    After scriptable stripping: 1
    Processed in 0.00 seconds
  Pass "" (vp)
    Target graphics API: d3d11
    Full variant space:         1
    After settings filtering:   1
    After built-in stripping:   1
    After scriptable stripping: 1
    Processed in 0.00 seconds
  Pass "" (fp)
    Target graphics API: d3d11
    Full variant space:         1
    After settings filtering:   1
    After built-in stripping:   1
    After scriptable stripping: 1
    Processed in 0.00 seconds
  Pass "" (vp)
    Target graphics API: d3d11
    Full variant space:         1
    After settings filtering:   1
    After built-in stripping:   1
    After scriptable stripping: 1
    Processed in 0.00 seconds
  Pass "" (fp)
    Target graphics API: d3d11
    Full variant space:         1
    After settings filtering:   1
    After built-in stripping:   1
    After scriptable stripping: 1
    Processed in 0.00 seconds
  Pass "" (vp)
    Target graphics API: d3d11
    Full variant space:         1
    After settings filtering:   1
    After built-in stripping:   1
    After scriptable stripping: 1
    Processed in 0.00 seconds
  Pass "" (fp)
    Target graphics API: d3d11
    Full variant space:         1
    After settings filtering:   1
    After built-in stripping:   1
    After scriptable stripping: 1
    Processed in 0.00 seconds
  Pass "" (vp)
    Target graphics API: d3d11
    Full variant space:         1
    After settings filtering:   1
    After built-in stripping:   1
    After scriptable stripping: 1
    Processed in 0.00 seconds
  Pass "" (fp)
    Target graphics API: d3d11
    Full variant space:         1
    After settings filtering:   1
    After built-in stripping:   1
    After scriptable stripping: 1
    Processed in 0.00 seconds
  Pass "" (vp)
    Target graphics API: d3d11
    Full variant space:         1
    After settings filtering:   1
    After built-in stripping:   1
    After scriptable stripping: 1
    Processed in 0.00 seconds
  Pass "" (fp)
    Target graphics API: d3d11
    Full variant space:         1
    After settings filtering:   1
    After built-in stripping:   1
    After scriptable stripping: 1
    Processed in 0.00 seconds
  Pass  (vp, d3d11) finished in 0.02 seconds. Local cache hits 0 (0.00s CPU time), remote cache hits 0 (0.00s CPU time), compiled 1 variants (0.02s CPU time), skipped 0 variants.
    Prepared data for serialisation in 0.00s
  Pass  (fp, d3d11) finished in 0.02 seconds. Local cache hits 0 (0.00s CPU time), remote cache hits 0 (0.00s CPU time), compiled 1 variants (0.01s CPU time), skipped 0 variants.
    Prepared data for serialisation in 0.00s
  Pass  (vp, d3d11) finished in 0.02 seconds. Local cache hits 0 (0.00s CPU time), remote cache hits 0 (0.00s CPU time), compiled 1 variants (0.02s CPU time), skipped 0 variants.
    Prepared data for serialisation in 0.00s
  Pass  (fp, d3d11) finished in 0.02 seconds. Local cache hits 0 (0.00s CPU time), remote cache hits 0 (0.00s CPU time), compiled 1 variants (0.01s CPU time), skipped 0 variants.
    Prepared data for serialisation in 0.00s
  Pass  (vp, d3d11) finished in 0.10 seconds. Local cache hits 0 (0.00s CPU time), remote cache hits 0 (0.00s CPU time), compiled 1 variants (0.10s CPU time), skipped 0 variants.
    Prepared data for serialisation in 0.00s
  Pass  (fp, d3d11) finished in 0.10 seconds. Local cache hits 0 (0.00s CPU time), remote cache hits 0 (0.00s CPU time), compiled 1 variants (0.07s CPU time), skipped 0 variants.
    Prepared data for serialisation in 0.00s
  Pass  (vp, d3d11) finished in 0.11 seconds. Local cache hits 0 (0.00s CPU time), remote cache hits 0 (0.00s CPU time), compiled 1 variants (0.11s CPU time), skipped 0 variants.
    Prepared data for serialisation in 0.00s
  Pass  (fp, d3d11) finished in 0.11 seconds. Local cache hits 0 (0.00s CPU time), remote cache hits 0 (0.00s CPU time), compiled 1 variants (0.07s CPU time), skipped 0 variants.
    Prepared data for serialisation in 0.00s
  Pass  (vp, d3d11) finished in 0.11 seconds. Local cache hits 0 (0.00s CPU time), remote cache hits 0 (0.00s CPU time), compiled 1 variants (0.07s CPU time), skipped 0 variants.
    Prepared data for serialisation in 0.00s
  Pass  (fp, d3d11) finished in 0.11 seconds. Local cache hits 0 (0.00s CPU time), remote cache hits 0 (0.00s CPU time), compiled 1 variants (0.06s CPU time), skipped 0 variants.
    Prepared data for serialisation in 0.00s
  Pass  (vp, d3d11) finished in 0.11 seconds. Local cache hits 0 (0.00s CPU time), remote cache hits 0 (0.00s CPU time), compiled 1 variants (0.07s CPU time), skipped 0 variants.
    Prepared data for serialisation in 0.00s
  Pass  (fp, d3d11) finished in 0.10 seconds. Local cache hits 0 (0.00s CPU time), remote cache hits 0 (0.00s CPU time), compiled 1 variants (0.05s CPU time), skipped 0 variants.
    Prepared data for serialisation in 0.00s
  Pass  (vp, d3d11) finished in 0.10 seconds. Local cache hits 0 (0.00s CPU time), remote cache hits 0 (0.00s CPU time), compiled 1 variants (0.06s CPU time), skipped 0 variants.
    Prepared data for serialisation in 0.00s
  Pass  (fp, d3d11) finished in 0.10 seconds. Local cache hits 0 (0.00s CPU time), remote cache hits 0 (0.00s CPU time), compiled 1 variants (0.04s CPU time), skipped 0 variants.
    Prepared data for serialisation in 0.00s
  Pass  (vp, d3d11) finished in 0.10 seconds. Local cache hits 0 (0.00s CPU time), remote cache hits 0 (0.00s CPU time), compiled 1 variants (0.05s CPU time), skipped 0 variants.
    Prepared data for serialisation in 0.00s
  Pass  (fp, d3d11) finished in 0.05 seconds. Local cache hits 0 (0.00s CPU time), remote cache hits 0 (0.00s CPU time), compiled 1 variants (0.02s CPU time), skipped 0 variants.
    Prepared data for serialisation in 0.00s
  Pass  (vp, d3d11) finished in 0.05 seconds. Local cache hits 0 (0.00s CPU time), remote cache hits 0 (0.00s CPU time), compiled 1 variants (0.05s CPU time), skipped 0 variants.
    Prepared data for serialisation in 0.00s
  Pass  (fp, d3d11) finished in 0.05 seconds. Local cache hits 0 (0.00s CPU time), remote cache hits 0 (0.00s CPU time), compiled 1 variants (0.02s CPU time), skipped 0 variants.
    Prepared data for serialisation in 0.00s
  Pass  (vp, d3d11) finished in 0.05 seconds. Local cache hits 0 (0.00s CPU time), remote cache hits 0 (0.00s CPU time), compiled 1 variants (0.05s CPU time), skipped 0 variants.
    Prepared data for serialisation in 0.00s
  Pass  (fp, d3d11) finished in 0.05 seconds. Local cache hits 0 (0.00s CPU time), remote cache hits 0 (0.00s CPU time), compiled 1 variants (0.02s CPU time), skipped 0 variants.
    Prepared data for serialisation in 0.00s
Serialized binary data for shader Hidden/Internal-DepthNormalsTexture in 0.00s
    d3d11 (total internal programs: 20, unique: 17)
Compiling shader "Hidden/Internal-ScreenSpaceShadows"
  Pass "" (vp)
    Target graphics API: d3d11
    Full variant space:         4
    After settings filtering:   4
    After built-in stripping:   4
    After scriptable stripping: 4
    Processed in 0.00 seconds
  Pass "" (fp)
    Target graphics API: d3d11
    Full variant space:         4
    After settings filtering:   4
    After built-in stripping:   4
    After scriptable stripping: 4
    Processed in 0.00 seconds
  Pass "" (vp)
    Target graphics API: d3d11
    Full variant space:         4
    After settings filtering:   4
    After built-in stripping:   4
    After scriptable stripping: 4
    Processed in 0.00 seconds
  Pass "" (fp)
    Target graphics API: d3d11
    Full variant space:         4
    After settings filtering:   4
    After built-in stripping:   4
    After scriptable stripping: 4
    Processed in 0.00 seconds
  Pass "" (vp)
    Target graphics API: d3d11
    Full variant space:         4
    After settings filtering:   4
    After built-in stripping:   4
    After scriptable stripping: 4
    Processed in 0.00 seconds
  Pass "" (fp)
    Target graphics API: d3d11
    Full variant space:         4
    After settings filtering:   4
    After built-in stripping:   4
    After scriptable stripping: 4
    Processed in 0.00 seconds
  Pass "" (vp)
    Target graphics API: d3d11
    Full variant space:         4
    After settings filtering:   4
    After built-in stripping:   4
    After scriptable stripping: 4
    Processed in 0.00 seconds
  Pass "" (fp)
    Target graphics API: d3d11
    Full variant space:         4
    After settings filtering:   4
    After built-in stripping:   4
    After scriptable stripping: 4
    Processed in 0.00 seconds
  Pass  (vp, d3d11) finished in 0.10 seconds. Local cache hits 0 (0.00s CPU time), remote cache hits 0 (0.00s CPU time), compiled 4 variants (0.19s CPU time), skipped 0 variants.
    Prepared data for serialisation in 0.00s
  Pass  (fp, d3d11) finished in 0.10 seconds. Local cache hits 0 (0.00s CPU time), remote cache hits 0 (0.00s CPU time), compiled 4 variants (0.19s CPU time), skipped 0 variants.
    Prepared data for serialisation in 0.00s
  Pass  (vp, d3d11) finished in 0.10 seconds. Local cache hits 0 (0.00s CPU time), remote cache hits 0 (0.00s CPU time), compiled 4 variants (0.17s CPU time), skipped 0 variants.
    Prepared data for serialisation in 0.00s
  Pass  (fp, d3d11) finished in 0.07 seconds. Local cache hits 0 (0.00s CPU time), remote cache hits 0 (0.00s CPU time), compiled 4 variants (0.28s CPU time), skipped 0 variants.
    Prepared data for serialisation in 0.00s
  Pass  (vp, d3d11) finished in 0.07 seconds. Local cache hits 0 (0.00s CPU time), remote cache hits 0 (0.00s CPU time), compiled 4 variants (0.26s CPU time), skipped 0 variants.
    Prepared data for serialisation in 0.00s
  Pass  (fp, d3d11) finished in 0.09 seconds. Local cache hits 0 (0.00s CPU time), remote cache hits 0 (0.00s CPU time), compiled 4 variants (0.31s CPU time), skipped 0 variants.
    Prepared data for serialisation in 0.00s
  Pass  (vp, d3d11) finished in 0.08 seconds. Local cache hits 0 (0.00s CPU time), remote cache hits 0 (0.00s CPU time), compiled 4 variants (0.13s CPU time), skipped 0 variants.
    Prepared data for serialisation in 0.00s
  Pass  (fp, d3d11) finished in 0.09 seconds. Local cache hits 0 (0.00s CPU time), remote cache hits 0 (0.00s CPU time), compiled 4 variants (0.29s CPU time), skipped 0 variants.
    Prepared data for serialisation in 0.00s
Serialized binary data for shader Hidden/Internal-ScreenSpaceShadows in 0.00s
    d3d11 (total internal programs: 32, unique: 20)
Compiling shader "Hidden/Internal-CombineDepthNormals"
  Pass "" (vp)
    Target graphics API: d3d11
    Full variant space:         1
    After settings filtering:   1
    After built-in stripping:   1
    After scriptable stripping: 1
    Processed in 0.00 seconds
  Pass "" (fp)
    Target graphics API: d3d11
    Full variant space:         1
    After settings filtering:   1
    After built-in stripping:   1
    After scriptable stripping: 1
    Processed in 0.00 seconds
  Pass  (vp, d3d11) finished in 0.01 seconds. Local cache hits 0 (0.00s CPU time), remote cache hits 0 (0.00s CPU time), compiled 1 variants (0.01s CPU time), skipped 0 variants.
    Prepared data for serialisation in 0.00s
  Pass  (fp, d3d11) finished in 0.01 seconds. Local cache hits 0 (0.00s CPU time), remote cache hits 0 (0.00s CPU time), compiled 1 variants (0.01s CPU time), skipped 0 variants.
    Prepared data for serialisation in 0.00s
Serialized binary data for shader Hidden/Internal-CombineDepthNormals in 0.00s
    d3d11 (total internal programs: 2, unique: 2)
Compiling shader "Hidden/BlitCopy"
  Pass "" (vp)
    Target graphics API: d3d11
    Full variant space:         1
    After settings filtering:   1
    After built-in stripping:   1
    After scriptable stripping: 1
    Processed in 0.00 seconds
  Pass "" (fp)
    Target graphics API: d3d11
    Full variant space:         1
    After settings filtering:   1
    After built-in stripping:   1
    After scriptable stripping: 1
    Processed in 0.00 seconds
  Pass  (vp, d3d11) finished in 0.00 seconds. Local cache hits 1 (0.00s CPU time), remote cache hits 0 (0.00s CPU time), compiled 0 variants (0.00s CPU time), skipped 0 variants.
    Prepared data for serialisation in 0.00s
  Pass  (fp, d3d11) finished in 0.00 seconds. Local cache hits 1 (0.00s CPU time), remote cache hits 0 (0.00s CPU time), compiled 0 variants (0.00s CPU time), skipped 0 variants.
    Prepared data for serialisation in 0.00s
Serialized binary data for shader Hidden/BlitCopy in 0.00s
    d3d11 (total internal programs: 2, unique: 2)
Compiling shader "Hidden/BlitCopyDepth"
  Pass "" (vp)
    Target graphics API: d3d11
    Full variant space:         1
    After settings filtering:   1
    After built-in stripping:   1
    After scriptable stripping: 1
    Processed in 0.00 seconds
  Pass "" (fp)
    Target graphics API: d3d11
    Full variant space:         1
    After settings filtering:   1
    After built-in stripping:   1
    After scriptable stripping: 1
    Processed in 0.00 seconds
  Pass  (vp, d3d11) finished in 0.01 seconds. Local cache hits 0 (0.00s CPU time), remote cache hits 0 (0.00s CPU time), compiled 1 variants (0.01s CPU time), skipped 0 variants.
    Prepared data for serialisation in 0.00s
  Pass  (fp, d3d11) finished in 0.01 seconds. Local cache hits 0 (0.00s CPU time), remote cache hits 0 (0.00s CPU time), compiled 1 variants (0.01s CPU time), skipped 0 variants.
    Prepared data for serialisation in 0.00s
Serialized binary data for shader Hidden/BlitCopyDepth in 0.00s
    d3d11 (total internal programs: 2, unique: 2)
Compiling shader "Hidden/ConvertTexture"
  Pass "" (vp)
    Target graphics API: d3d11
    Full variant space:         1
    After settings filtering:   1
    After built-in stripping:   1
    After scriptable stripping: 1
    Processed in 0.00 seconds
  Pass "" (fp)
    Target graphics API: d3d11
    Full variant space:         1
    After settings filtering:   1
    After built-in stripping:   1
    After scriptable stripping: 1
    Processed in 0.00 seconds
  Pass  (vp, d3d11) finished in 0.02 seconds. Local cache hits 0 (0.00s CPU time), remote cache hits 0 (0.00s CPU time), compiled 1 variants (0.02s CPU time), skipped 0 variants.
    Prepared data for serialisation in 0.00s
  Pass  (fp, d3d11) finished in 0.02 seconds. Local cache hits 0 (0.00s CPU time), remote cache hits 0 (0.00s CPU time), compiled 1 variants (0.01s CPU time), skipped 0 variants.
    Prepared data for serialisation in 0.00s
Serialized binary data for shader Hidden/ConvertTexture in 0.00s
    d3d11 (total internal programs: 2, unique: 2)
Compiling shader "Hidden/Internal-DeferredShading"
  Pass "" (vp)
    Target graphics API: d3d11
    Full variant space:         94
    After settings filtering:   94
    After built-in stripping:   26
    After scriptable stripping: 26
    Processed in 0.00 seconds
  Pass "" (fp)
    Target graphics API: d3d11
    Full variant space:         94
    After settings filtering:   94
    After built-in stripping:   26
    After scriptable stripping: 26
    Processed in 0.00 seconds
  Pass "" (vp)
    Target graphics API: d3d11
    Full variant space:         1
    After settings filtering:   1
    After built-in stripping:   1
    After scriptable stripping: 1
    Processed in 0.00 seconds
  Pass "" (fp)
    Target graphics API: d3d11
    Full variant space:         1
    After settings filtering:   1
    After built-in stripping:   1
    After scriptable stripping: 1
    Processed in 0.00 seconds
  Pass  (vp, d3d11) finished in 0.20 seconds. Local cache hits 0 (0.00s CPU time), remote cache hits 0 (0.00s CPU time), compiled 26 variants (1.96s CPU time), skipped 0 variants.
    Prepared data for serialisation in 0.00s
  Pass  (fp, d3d11) finished in 0.21 seconds. Local cache hits 0 (0.00s CPU time), remote cache hits 0 (0.00s CPU time), compiled 26 variants (1.85s CPU time), skipped 0 variants.
    Prepared data for serialisation in 0.00s
  Pass  (vp, d3d11) finished in 0.08 seconds. Local cache hits 0 (0.00s CPU time), remote cache hits 0 (0.00s CPU time), compiled 1 variants (0.01s CPU time), skipped 0 variants.
    Prepared data for serialisation in 0.00s
  Pass  (fp, d3d11) finished in 0.07 seconds. Local cache hits 0 (0.00s CPU time), remote cache hits 0 (0.00s CPU time), compiled 1 variants (0.01s CPU time), skipped 0 variants.
    Prepared data for serialisation in 0.00s
Serialized binary data for shader Hidden/Internal-DeferredShading in 0.00s
    d3d11 (total internal programs: 54, unique: 54)
Compiling shader "Hidden/Internal-DeferredReflections"
  Pass "" (vp)
    Target graphics API: d3d11
    Full variant space:         1
    After settings filtering:   1
    After built-in stripping:   1
    After scriptable stripping: 1
    Processed in 0.00 seconds
  Pass "" (fp)
    Target graphics API: d3d11
    Full variant space:         1
    After settings filtering:   1
    After built-in stripping:   1
    After scriptable stripping: 1
    Processed in 0.00 seconds
  Pass "" (vp)
    Target graphics API: d3d11
    Full variant space:         2
    After settings filtering:   2
    After built-in stripping:   2
    After scriptable stripping: 2
    Processed in 0.00 seconds
  Pass "" (fp)
    Target graphics API: d3d11
    Full variant space:         2
    After settings filtering:   2
    After built-in stripping:   2
    After scriptable stripping: 2
    Processed in 0.00 seconds
  Pass  (vp, d3d11) finished in 0.02 seconds. Local cache hits 0 (0.00s CPU time), remote cache hits 0 (0.00s CPU time), compiled 1 variants (0.02s CPU time), skipped 0 variants.
    Prepared data for serialisation in 0.00s
  Pass  (fp, d3d11) finished in 0.04 seconds. Local cache hits 0 (0.00s CPU time), remote cache hits 0 (0.00s CPU time), compiled 1 variants (0.04s CPU time), skipped 0 variants.
    Prepared data for serialisation in 0.00s
  Pass  (vp, d3d11) finished in 0.04 seconds. Local cache hits 0 (0.00s CPU time), remote cache hits 0 (0.00s CPU time), compiled 2 variants (0.03s CPU time), skipped 0 variants.
    Prepared data for serialisation in 0.00s
  Pass  (fp, d3d11) finished in 0.04 seconds. Local cache hits 0 (0.00s CPU time), remote cache hits 0 (0.00s CPU time), compiled 2 variants (0.02s CPU time), skipped 0 variants.
    Prepared data for serialisation in 0.00s
Serialized binary data for shader Hidden/Internal-DeferredReflections in 0.00s
    d3d11 (total internal programs: 6, unique: 6)
Compiling shader "Hidden/Internal-MotionVectors"
  Pass "" (vp)
    Target graphics API: d3d11
    Full variant space:         1
    After settings filtering:   1
    After built-in stripping:   1
    After scriptable stripping: 1
    Processed in 0.00 seconds
  Pass "" (fp)
    Target graphics API: d3d11
    Full variant space:         1
    After settings filtering:   1
    After built-in stripping:   1
    After scriptable stripping: 1
    Processed in 0.00 seconds
  Pass "" (vp)
    Target graphics API: d3d11
    Full variant space:         1
    After settings filtering:   1
    After built-in stripping:   1
    After scriptable stripping: 1
    Processed in 0.00 seconds
  Pass "" (fp)
    Target graphics API: d3d11
    Full variant space:         1
    After settings filtering:   1
    After built-in stripping:   1
    After scriptable stripping: 1
    Processed in 0.00 seconds
  Pass "" (vp)
    Target graphics API: d3d11
    Full variant space:         1
    After settings filtering:   1
    After built-in stripping:   1
    After scriptable stripping: 1
    Processed in 0.00 seconds
  Pass "" (fp)
    Target graphics API: d3d11
    Full variant space:         1
    After settings filtering:   1
    After built-in stripping:   1
    After scriptable stripping: 1
    Processed in 0.00 seconds
  Pass  (vp, d3d11) finished in 0.02 seconds. Local cache hits 0 (0.00s CPU time), remote cache hits 0 (0.00s CPU time), compiled 1 variants (0.02s CPU time), skipped 0 variants.
    Prepared data for serialisation in 0.00s
  Pass  (fp, d3d11) finished in 0.02 seconds. Local cache hits 0 (0.00s CPU time), remote cache hits 0 (0.00s CPU time), compiled 1 variants (0.01s CPU time), skipped 0 variants.
    Prepared data for serialisation in 0.00s
  Pass  (vp, d3d11) finished in 0.02 seconds. Local cache hits 0 (0.00s CPU time), remote cache hits 0 (0.00s CPU time), compiled 1 variants (0.02s CPU time), skipped 0 variants.
    Prepared data for serialisation in 0.00s
  Pass  (fp, d3d11) finished in 0.02 seconds. Local cache hits 0 (0.00s CPU time), remote cache hits 0 (0.00s CPU time), compiled 1 variants (0.02s CPU time), skipped 0 variants.
    Prepared data for serialisation in 0.00s
  Pass  (vp, d3d11) finished in 0.02 seconds. Local cache hits 0 (0.00s CPU time), remote cache hits 0 (0.00s CPU time), compiled 1 variants (0.02s CPU time), skipped 0 variants.
    Prepared data for serialisation in 0.00s
  Pass  (fp, d3d11) finished in 0.02 seconds. Local cache hits 0 (0.00s CPU time), remote cache hits 0 (0.00s CPU time), compiled 1 variants (0.02s CPU time), skipped 0 variants.
    Prepared data for serialisation in 0.00s
Serialized binary data for shader Hidden/Internal-MotionVectors in 0.00s
    d3d11 (total internal programs: 6, unique: 5)
Compiling shader "Hidden/Internal-Flare"
  Pass "" (vp)
    Target graphics API: d3d11
    Full variant space:         1
    After settings filtering:   1
    After built-in stripping:   1
    After scriptable stripping: 1
    Processed in 0.00 seconds
  Pass "" (fp)
    Target graphics API: d3d11
    Full variant space:         1
    After settings filtering:   1
    After built-in stripping:   1
    After scriptable stripping: 1
    Processed in 0.00 seconds
  Pass  (vp, d3d11) finished in 0.01 seconds. Local cache hits 0 (0.00s CPU time), remote cache hits 0 (0.00s CPU time), compiled 1 variants (0.01s CPU time), skipped 0 variants.
    Prepared data for serialisation in 0.00s
  Pass  (fp, d3d11) finished in 0.01 seconds. Local cache hits 0 (0.00s CPU time), remote cache hits 0 (0.00s CPU time), compiled 1 variants (0.01s CPU time), skipped 0 variants.
    Prepared data for serialisation in 0.00s
Serialized binary data for shader Hidden/Internal-Flare in 0.00s
    d3d11 (total internal programs: 2, unique: 2)
Compiling shader "Hidden/Internal-Halo"
  Pass "" (vp)
    Target graphics API: d3d11
    Full variant space:         4
    After settings filtering:   4
    After built-in stripping:   1
    After scriptable stripping: 1
    Processed in 0.00 seconds
  Pass "" (fp)
    Target graphics API: d3d11
    Full variant space:         4
    After settings filtering:   4
    After built-in stripping:   1
    After scriptable stripping: 1
    Processed in 0.00 seconds
  Pass  (vp, d3d11) finished in 0.01 seconds. Local cache hits 0 (0.00s CPU time), remote cache hits 0 (0.00s CPU time), compiled 1 variants (0.01s CPU time), skipped 0 variants.
    Prepared data for serialisation in 0.00s
  Pass  (fp, d3d11) finished in 0.01 seconds. Local cache hits 0 (0.00s CPU time), remote cache hits 0 (0.00s CPU time), compiled 1 variants (0.01s CPU time), skipped 0 variants.
    Prepared data for serialisation in 0.00s
Serialized binary data for shader Hidden/Internal-Halo in 0.00s
    d3d11 (total internal programs: 2, unique: 2)
Compiling shader "Hidden/BlitCopyWithDepth"
  Pass "" (vp)
    Target graphics API: d3d11
    Full variant space:         1
    After settings filtering:   1
    After built-in stripping:   1
    After scriptable stripping: 1
    Processed in 0.00 seconds
  Pass "" (fp)
    Target graphics API: d3d11
    Full variant space:         1
    After settings filtering:   1
    After built-in stripping:   1
    After scriptable stripping: 1
    Processed in 0.00 seconds
  Pass  (vp, d3d11) finished in 0.01 seconds. Local cache hits 0 (0.00s CPU time), remote cache hits 0 (0.00s CPU time), compiled 1 variants (0.01s CPU time), skipped 0 variants.
    Prepared data for serialisation in 0.00s
  Pass  (fp, d3d11) finished in 0.01 seconds. Local cache hits 0 (0.00s CPU time), remote cache hits 0 (0.00s CPU time), compiled 1 variants (0.01s CPU time), skipped 0 variants.
    Prepared data for serialisation in 0.00s
Serialized binary data for shader Hidden/BlitCopyWithDepth in 0.00s
    d3d11 (total internal programs: 2, unique: 2)
Compiling shader "Hidden/BlitToDepth"
  Pass "" (vp)
    Target graphics API: d3d11
    Full variant space:         1
    After settings filtering:   1
    After built-in stripping:   1
    After scriptable stripping: 1
    Processed in 0.00 seconds
  Pass "" (fp)
    Target graphics API: d3d11
    Full variant space:         1
    After settings filtering:   1
    After built-in stripping:   1
    After scriptable stripping: 1
    Processed in 0.00 seconds
  Pass  (vp, d3d11) finished in 0.01 seconds. Local cache hits 0 (0.00s CPU time), remote cache hits 0 (0.00s CPU time), compiled 1 variants (0.01s CPU time), skipped 0 variants.
    Prepared data for serialisation in 0.00s
  Pass  (fp, d3d11) finished in 0.01 seconds. Local cache hits 0 (0.00s CPU time), remote cache hits 0 (0.00s CPU time), compiled 1 variants (0.01s CPU time), skipped 0 variants.
    Prepared data for serialisation in 0.00s
Serialized binary data for shader Hidden/BlitToDepth in 0.00s
    d3d11 (total internal programs: 2, unique: 2)
Compiling shader "Hidden/BlitToDepth_MSAA"
  Pass "" (vp)
    Target graphics API: d3d11
    Full variant space:         1
    After settings filtering:   1
    After built-in stripping:   1
    After scriptable stripping: 1
    Processed in 0.00 seconds
  Pass "" (fp)
    Target graphics API: d3d11
    Full variant space:         1
    After settings filtering:   1
    After built-in stripping:   1
    After scriptable stripping: 1
    Processed in 0.00 seconds
  Pass  (vp, d3d11) finished in 0.01 seconds. Local cache hits 0 (0.00s CPU time), remote cache hits 0 (0.00s CPU time), compiled 1 variants (0.01s CPU time), skipped 0 variants.
    Prepared data for serialisation in 0.00s
  Pass  (fp, d3d11) finished in 0.01 seconds. Local cache hits 0 (0.00s CPU time), remote cache hits 0 (0.00s CPU time), compiled 1 variants (0.01s CPU time), skipped 0 variants.
    Prepared data for serialisation in 0.00s
Serialized binary data for shader Hidden/BlitToDepth_MSAA in 0.00s
    d3d11 (total internal programs: 2, unique: 2)
Compiling shader "Hidden/BlitCopyHDRTonemap"
  Pass "" (vp)
    Target graphics API: d3d11
    Full variant space:         1
    After settings filtering:   1
    After built-in stripping:   1
    After scriptable stripping: 1
    Processed in 0.00 seconds
  Pass "" (fp)
    Target graphics API: d3d11
    Full variant space:         1
    After settings filtering:   1
    After built-in stripping:   1
    After scriptable stripping: 1
    Processed in 0.00 seconds
  Pass  (vp, d3d11) finished in 0.06 seconds. Local cache hits 0 (0.00s CPU time), remote cache hits 0 (0.00s CPU time), compiled 1 variants (0.06s CPU time), skipped 0 variants.
    Prepared data for serialisation in 0.00s
  Pass  (fp, d3d11) finished in 0.07 seconds. Local cache hits 0 (0.00s CPU time), remote cache hits 0 (0.00s CPU time), compiled 1 variants (0.07s CPU time), skipped 0 variants.
    Prepared data for serialisation in 0.00s
Serialized binary data for shader Hidden/BlitCopyHDRTonemap in 0.00s
    d3d11 (total internal programs: 2, unique: 2)
Compiling shader "Hidden/Internal-DebugPattern"
  Pass "Target Color and DepthStencil" (vp)
    Target graphics API: d3d11
    Full variant space:         1
    After settings filtering:   1
    After built-in stripping:   1
    After scriptable stripping: 1
    Processed in 0.00 seconds
  Pass "Target Color and DepthStencil" (fp)
    Target graphics API: d3d11
    Full variant space:         1
    After settings filtering:   1
    After built-in stripping:   1
    After scriptable stripping: 1
    Processed in 0.00 seconds
  Pass "Target only Color" (vp)
    Target graphics API: d3d11
    Full variant space:         1
    After settings filtering:   1
    After built-in stripping:   1
    After scriptable stripping: 1
    Processed in 0.00 seconds
  Pass "Target only Color" (fp)
    Target graphics API: d3d11
    Full variant space:         1
    After settings filtering:   1
    After built-in stripping:   1
    After scriptable stripping: 1
    Processed in 0.00 seconds
  Pass "Target only DepthStencil" (vp)
    Target graphics API: d3d11
    Full variant space:         1
    After settings filtering:   1
    After built-in stripping:   1
    After scriptable stripping: 1
    Processed in 0.00 seconds
  Pass "Target only DepthStencil" (fp)
    Target graphics API: d3d11
    Full variant space:         1
    After settings filtering:   1
    After built-in stripping:   1
    After scriptable stripping: 1
    Processed in 0.00 seconds
  Pass Target Color and DepthStencil (vp, d3d11) finished in 0.01 seconds. Local cache hits 0 (0.00s CPU time), remote cache hits 0 (0.00s CPU time), compiled 1 variants (0.01s CPU time), skipped 0 variants.
    Prepared data for serialisation in 0.00s
  Pass Target Color and DepthStencil (fp, d3d11) finished in 0.01 seconds. Local cache hits 0 (0.00s CPU time), remote cache hits 0 (0.00s CPU time), compiled 1 variants (0.01s CPU time), skipped 0 variants.
    Prepared data for serialisation in 0.00s
  Pass Target only Color (vp, d3d11) finished in 0.01 seconds. Local cache hits 0 (0.00s CPU time), remote cache hits 0 (0.00s CPU time), compiled 1 variants (0.01s CPU time), skipped 0 variants.
    Prepared data for serialisation in 0.00s
  Pass Target only Color (fp, d3d11) finished in 0.01 seconds. Local cache hits 0 (0.00s CPU time), remote cache hits 0 (0.00s CPU time), compiled 1 variants (0.01s CPU time), skipped 0 variants.
    Prepared data for serialisation in 0.00s
  Pass Target only DepthStencil (vp, d3d11) finished in 0.01 seconds. Local cache hits 0 (0.00s CPU time), remote cache hits 0 (0.00s CPU time), compiled 1 variants (0.01s CPU time), skipped 0 variants.
    Prepared data for serialisation in 0.00s
  Pass Target only DepthStencil (fp, d3d11) finished in 0.01 seconds. Local cache hits 0 (0.00s CPU time), remote cache hits 0 (0.00s CPU time), compiled 1 variants (0.01s CPU time), skipped 0 variants.
    Prepared data for serialisation in 0.00s
Serialized binary data for shader Hidden/Internal-DebugPattern in 0.00s
    d3d11 (total internal programs: 6, unique: 4)
Compiling shader "Hidden/Internal-GUITextureClip"
  Pass "" (vp)
    Target graphics API: d3d11
    Full variant space:         1
    After settings filtering:   1
    After built-in stripping:   1
    After scriptable stripping: 1
    Processed in 0.00 seconds
  Pass "" (fp)
    Target graphics API: d3d11
    Full variant space:         1
    After settings filtering:   1
    After built-in stripping:   1
    After scriptable stripping: 1
    Processed in 0.00 seconds
  Pass "" (vp)
    Target graphics API: d3d11
    Full variant space:         1
    After settings filtering:   1
    After built-in stripping:   1
    After scriptable stripping: 1
    Processed in 0.00 seconds
  Pass "" (fp)
    Target graphics API: d3d11
    Full variant space:         1
    After settings filtering:   1
    After built-in stripping:   1
    After scriptable stripping: 1
    Processed in 0.00 seconds
  Pass  (vp, d3d11) finished in 0.00 seconds. Local cache hits 1 (0.00s CPU time), remote cache hits 0 (0.00s CPU time), compiled 0 variants (0.00s CPU time), skipped 0 variants.
    Prepared data for serialisation in 0.00s
  Pass  (fp, d3d11) finished in 0.00 seconds. Local cache hits 1 (0.00s CPU time), remote cache hits 0 (0.00s CPU time), compiled 0 variants (0.00s CPU time), skipped 0 variants.
    Prepared data for serialisation in 0.00s
  Pass  (vp, d3d11) finished in 0.00 seconds. Local cache hits 1 (0.00s CPU time), remote cache hits 0 (0.00s CPU time), compiled 0 variants (0.00s CPU time), skipped 0 variants.
    Prepared data for serialisation in 0.00s
  Pass  (fp, d3d11) finished in 0.00 seconds. Local cache hits 1 (0.00s CPU time), remote cache hits 0 (0.00s CPU time), compiled 0 variants (0.00s CPU time), skipped 0 variants.
    Prepared data for serialisation in 0.00s
Serialized binary data for shader Hidden/Internal-GUITextureClip in 0.00s
    d3d11 (total internal programs: 4, unique: 2)
Compiling shader "Hidden/Internal-GUITextureClipText"
  Pass "" (vp)
    Target graphics API: d3d11
    Full variant space:         1
    After settings filtering:   1
    After built-in stripping:   1
    After scriptable stripping: 1
    Processed in 0.00 seconds
  Pass "" (fp)
    Target graphics API: d3d11
    Full variant space:         1
    After settings filtering:   1
    After built-in stripping:   1
    After scriptable stripping: 1
    Processed in 0.00 seconds
  Pass "" (vp)
    Target graphics API: d3d11
    Full variant space:         1
    After settings filtering:   1
    After built-in stripping:   1
    After scriptable stripping: 1
    Processed in 0.00 seconds
  Pass "" (fp)
    Target graphics API: d3d11
    Full variant space:         1
    After settings filtering:   1
    After built-in stripping:   1
    After scriptable stripping: 1
    Processed in 0.00 seconds
  Pass  (vp, d3d11) finished in 0.00 seconds. Local cache hits 1 (0.00s CPU time), remote cache hits 0 (0.00s CPU time), compiled 0 variants (0.00s CPU time), skipped 0 variants.
    Prepared data for serialisation in 0.00s
  Pass  (fp, d3d11) finished in 0.00 seconds. Local cache hits 1 (0.00s CPU time), remote cache hits 0 (0.00s CPU time), compiled 0 variants (0.00s CPU time), skipped 0 variants.
    Prepared data for serialisation in 0.00s
  Pass  (vp, d3d11) finished in 0.00 seconds. Local cache hits 1 (0.00s CPU time), remote cache hits 0 (0.00s CPU time), compiled 0 variants (0.00s CPU time), skipped 0 variants.
    Prepared data for serialisation in 0.00s
  Pass  (fp, d3d11) finished in 0.00 seconds. Local cache hits 1 (0.00s CPU time), remote cache hits 0 (0.00s CPU time), compiled 0 variants (0.00s CPU time), skipped 0 variants.
    Prepared data for serialisation in 0.00s
Serialized binary data for shader Hidden/Internal-GUITextureClipText in 0.00s
    d3d11 (total internal programs: 4, unique: 2)
Compiling shader "Hidden/Internal-GUITexture"
  Pass "" (vp)
    Target graphics API: d3d11
    Full variant space:         1
    After settings filtering:   1
    After built-in stripping:   1
    After scriptable stripping: 1
    Processed in 0.00 seconds
  Pass "" (fp)
    Target graphics API: d3d11
    Full variant space:         1
    After settings filtering:   1
    After built-in stripping:   1
    After scriptable stripping: 1
    Processed in 0.00 seconds
  Pass "" (vp)
    Target graphics API: d3d11
    Full variant space:         1
    After settings filtering:   1
    After built-in stripping:   1
    After scriptable stripping: 1
    Processed in 0.00 seconds
  Pass "" (fp)
    Target graphics API: d3d11
    Full variant space:         1
    After settings filtering:   1
    After built-in stripping:   1
    After scriptable stripping: 1
    Processed in 0.00 seconds
  Pass  (vp, d3d11) finished in 0.00 seconds. Local cache hits 1 (0.00s CPU time), remote cache hits 0 (0.00s CPU time), compiled 0 variants (0.00s CPU time), skipped 0 variants.
    Prepared data for serialisation in 0.00s
  Pass  (fp, d3d11) finished in 0.00 seconds. Local cache hits 1 (0.00s CPU time), remote cache hits 0 (0.00s CPU time), compiled 0 variants (0.00s CPU time), skipped 0 variants.
    Prepared data for serialisation in 0.00s
  Pass  (vp, d3d11) finished in 0.00 seconds. Local cache hits 1 (0.00s CPU time), remote cache hits 0 (0.00s CPU time), compiled 0 variants (0.00s CPU time), skipped 0 variants.
    Prepared data for serialisation in 0.00s
  Pass  (fp, d3d11) finished in 0.00 seconds. Local cache hits 1 (0.00s CPU time), remote cache hits 0 (0.00s CPU time), compiled 0 variants (0.00s CPU time), skipped 0 variants.
    Prepared data for serialisation in 0.00s
Serialized binary data for shader Hidden/Internal-GUITexture in 0.00s
    d3d11 (total internal programs: 4, unique: 2)
Compiling shader "Hidden/Internal-GUITextureBlit"
  Pass "" (vp)
    Target graphics API: d3d11
    Full variant space:         1
    After settings filtering:   1
    After built-in stripping:   1
    After scriptable stripping: 1
    Processed in 0.00 seconds
  Pass "" (fp)
    Target graphics API: d3d11
    Full variant space:         1
    After settings filtering:   1
    After built-in stripping:   1
    After scriptable stripping: 1
    Processed in 0.00 seconds
  Pass "" (vp)
    Target graphics API: d3d11
    Full variant space:         1
    After settings filtering:   1
    After built-in stripping:   1
    After scriptable stripping: 1
    Processed in 0.00 seconds
  Pass "" (fp)
    Target graphics API: d3d11
    Full variant space:         1
    After settings filtering:   1
    After built-in stripping:   1
    After scriptable stripping: 1
    Processed in 0.00 seconds
  Pass  (vp, d3d11) finished in 0.00 seconds. Local cache hits 1 (0.00s CPU time), remote cache hits 0 (0.00s CPU time), compiled 0 variants (0.00s CPU time), skipped 0 variants.
    Prepared data for serialisation in 0.00s
  Pass  (fp, d3d11) finished in 0.00 seconds. Local cache hits 1 (0.00s CPU time), remote cache hits 0 (0.00s CPU time), compiled 0 variants (0.00s CPU time), skipped 0 variants.
    Prepared data for serialisation in 0.00s
  Pass  (vp, d3d11) finished in 0.00 seconds. Local cache hits 1 (0.00s CPU time), remote cache hits 0 (0.00s CPU time), compiled 0 variants (0.00s CPU time), skipped 0 variants.
    Prepared data for serialisation in 0.00s
  Pass  (fp, d3d11) finished in 0.00 seconds. Local cache hits 1 (0.00s CPU time), remote cache hits 0 (0.00s CPU time), compiled 0 variants (0.00s CPU time), skipped 0 variants.
    Prepared data for serialisation in 0.00s
Serialized binary data for shader Hidden/Internal-GUITextureBlit in 0.00s
    d3d11 (total internal programs: 4, unique: 2)
Compiling shader "Hidden/Internal-GUIRoundedRect"
  Pass "" (vp)
    Target graphics API: d3d11
    Full variant space:         1
    After settings filtering:   1
    After built-in stripping:   1
    After scriptable stripping: 1
    Processed in 0.00 seconds
  Pass "" (fp)
    Target graphics API: d3d11
    Full variant space:         1
    After settings filtering:   1
    After built-in stripping:   1
    After scriptable stripping: 1
    Processed in 0.00 seconds
  Pass "" (vp)
    Target graphics API: d3d11
    Full variant space:         1
    After settings filtering:   1
    After built-in stripping:   1
    After scriptable stripping: 1
    Processed in 0.00 seconds
  Pass "" (fp)
    Target graphics API: d3d11
    Full variant space:         1
    After settings filtering:   1
    After built-in stripping:   1
    After scriptable stripping: 1
    Processed in 0.00 seconds
  Pass  (vp, d3d11) finished in 0.00 seconds. Local cache hits 1 (0.00s CPU time), remote cache hits 0 (0.00s CPU time), compiled 0 variants (0.00s CPU time), skipped 0 variants.
    Prepared data for serialisation in 0.00s
  Pass  (fp, d3d11) finished in 0.00 seconds. Local cache hits 1 (0.00s CPU time), remote cache hits 0 (0.00s CPU time), compiled 0 variants (0.00s CPU time), skipped 0 variants.
    Prepared data for serialisation in 0.00s
  Pass  (vp, d3d11) finished in 0.00 seconds. Local cache hits 1 (0.00s CPU time), remote cache hits 0 (0.00s CPU time), compiled 0 variants (0.00s CPU time), skipped 0 variants.
    Prepared data for serialisation in 0.00s
  Pass  (fp, d3d11) finished in 0.00 seconds. Local cache hits 1 (0.00s CPU time), remote cache hits 0 (0.00s CPU time), compiled 0 variants (0.00s CPU time), skipped 0 variants.
    Prepared data for serialisation in 0.00s
Serialized binary data for shader Hidden/Internal-GUIRoundedRect in 0.00s
    d3d11 (total internal programs: 4, unique: 2)
Compiling shader "Hidden/Internal-GUIRoundedRectWithColorPerBorder"
  Pass "" (vp)
    Target graphics API: d3d11
    Full variant space:         1
    After settings filtering:   1
    After built-in stripping:   1
    After scriptable stripping: 1
    Processed in 0.00 seconds
  Pass "" (fp)
    Target graphics API: d3d11
    Full variant space:         1
    After settings filtering:   1
    After built-in stripping:   1
    After scriptable stripping: 1
    Processed in 0.00 seconds
  Pass "" (vp)
    Target graphics API: d3d11
    Full variant space:         1
    After settings filtering:   1
    After built-in stripping:   1
    After scriptable stripping: 1
    Processed in 0.00 seconds
  Pass "" (fp)
    Target graphics API: d3d11
    Full variant space:         1
    After settings filtering:   1
    After built-in stripping:   1
    After scriptable stripping: 1
    Processed in 0.00 seconds
  Pass  (vp, d3d11) finished in 0.00 seconds. Local cache hits 1 (0.00s CPU time), remote cache hits 0 (0.00s CPU time), compiled 0 variants (0.00s CPU time), skipped 0 variants.
    Prepared data for serialisation in 0.00s
  Pass  (fp, d3d11) finished in 0.00 seconds. Local cache hits 1 (0.00s CPU time), remote cache hits 0 (0.00s CPU time), compiled 0 variants (0.00s CPU time), skipped 0 variants.
    Prepared data for serialisation in 0.00s
  Pass  (vp, d3d11) finished in 0.00 seconds. Local cache hits 1 (0.00s CPU time), remote cache hits 0 (0.00s CPU time), compiled 0 variants (0.00s CPU time), skipped 0 variants.
    Prepared data for serialisation in 0.00s
  Pass  (fp, d3d11) finished in 0.00 seconds. Local cache hits 1 (0.00s CPU time), remote cache hits 0 (0.00s CPU time), compiled 0 variants (0.00s CPU time), skipped 0 variants.
    Prepared data for serialisation in 0.00s
Serialized binary data for shader Hidden/Internal-GUIRoundedRectWithColorPerBorder in 0.00s
    d3d11 (total internal programs: 4, unique: 2)
Compiling shader "Hidden/Internal-UIRDefault"
  Pass "" (vp)
    Target graphics API: d3d11
    Full variant space:         40
    After settings filtering:   40
    After built-in stripping:   40
    After scriptable stripping: 40
    Processed in 0.00 seconds
  Pass "" (fp)
    Target graphics API: d3d11
    Full variant space:         40
    After settings filtering:   40
    After built-in stripping:   40
    After scriptable stripping: 40
    Processed in 0.00 seconds
  Pass  (vp, d3d11) finished in 0.44 seconds. Local cache hits 1 (0.00s CPU time), remote cache hits 0 (0.00s CPU time), compiled 39 variants (3.84s CPU time), skipped 0 variants.
    Prepared data for serialisation in 0.00s
  Pass  (fp, d3d11) finished in 0.28 seconds. Local cache hits 1 (0.00s CPU time), remote cache hits 0 (0.00s CPU time), compiled 39 variants (2.20s CPU time), skipped 0 variants.
    Prepared data for serialisation in 0.00s
Serialized binary data for shader Hidden/Internal-UIRDefault in 0.00s
    d3d11 (total internal programs: 80, unique: 80)
Compiling shader "Hidden/Internal-UIRAtlasBlitCopy"
  Pass "" (vp)
    Target graphics API: d3d11
    Full variant space:         1
    After settings filtering:   1
    After built-in stripping:   1
    After scriptable stripping: 1
    Processed in 0.00 seconds
  Pass "" (fp)
    Target graphics API: d3d11
    Full variant space:         1
    After settings filtering:   1
    After built-in stripping:   1
    After scriptable stripping: 1
    Processed in 0.00 seconds
  Pass  (vp, d3d11) finished in 0.00 seconds. Local cache hits 1 (0.00s CPU time), remote cache hits 0 (0.00s CPU time), compiled 0 variants (0.00s CPU time), skipped 0 variants.
    Prepared data for serialisation in 0.00s
  Pass  (fp, d3d11) finished in 0.00 seconds. Local cache hits 1 (0.00s CPU time), remote cache hits 0 (0.00s CPU time), compiled 0 variants (0.00s CPU time), skipped 0 variants.
    Prepared data for serialisation in 0.00s
Serialized binary data for shader Hidden/Internal-UIRAtlasBlitCopy in 0.00s
    d3d11 (total internal programs: 2, unique: 2)
Compiling shader "Sprites/Default"
  Pass "" (vp)
    Target graphics API: d3d11
    Full variant space:         8
    After settings filtering:   8
    After built-in stripping:   4
    After scriptable stripping: 4
    Processed in 0.00 seconds
  Pass "" (fp)
    Target graphics API: d3d11
    Full variant space:         8
    After settings filtering:   8
    After built-in stripping:   4
    After scriptable stripping: 4
    Processed in 0.00 seconds
  Pass  (vp, d3d11) finished in 0.05 seconds. Local cache hits 1 (0.00s CPU time), remote cache hits 0 (0.00s CPU time), compiled 3 variants (0.14s CPU time), skipped 0 variants.
    Prepared data for serialisation in 0.00s
  Pass  (fp, d3d11) finished in 0.05 seconds. Local cache hits 1 (0.00s CPU time), remote cache hits 0 (0.00s CPU time), compiled 3 variants (0.13s CPU time), skipped 0 variants.
    Prepared data for serialisation in 0.00s
Serialized binary data for shader Sprites/Default in 0.00s
    d3d11 (total internal programs: 8, unique: 8)
Compiling shader "Sprites/Mask"
  Pass "" (vp)
    Target graphics API: d3d11
    Full variant space:         4
    After settings filtering:   4
    After built-in stripping:   4
    After scriptable stripping: 4
    Processed in 0.00 seconds
  Pass "" (fp)
    Target graphics API: d3d11
    Full variant space:         4
    After settings filtering:   4
    After built-in stripping:   4
    After scriptable stripping: 4
    Processed in 0.00 seconds
  Pass  (vp, d3d11) finished in 0.02 seconds. Local cache hits 0 (0.00s CPU time), remote cache hits 0 (0.00s CPU time), compiled 4 variants (0.06s CPU time), skipped 0 variants.
    Prepared data for serialisation in 0.00s
  Pass  (fp, d3d11) finished in 0.02 seconds. Local cache hits 0 (0.00s CPU time), remote cache hits 0 (0.00s CPU time), compiled 4 variants (0.05s CPU time), skipped 0 variants.
    Prepared data for serialisation in 0.00s
Serialized binary data for shader Sprites/Mask in 0.00s
    d3d11 (total internal programs: 8, unique: 8)
Compiling shader "UI/Default"
  Pass "Default" (vp)
    Target graphics API: d3d11
    Full variant space:         4
    After settings filtering:   4
    After built-in stripping:   4
    After scriptable stripping: 4
    Processed in 0.00 seconds
  Pass "Default" (fp)
    Target graphics API: d3d11
    Full variant space:         4
    After settings filtering:   4
    After built-in stripping:   4
    After scriptable stripping: 4
    Processed in 0.00 seconds
  Pass "XRMotionVectors" (vp)
    Target graphics API: d3d11
    Full variant space:         4
    After settings filtering:   4
    After built-in stripping:   4
    After scriptable stripping: 0
    Processed in 0.00 seconds
  Pass "XRMotionVectors" (fp)
    Target graphics API: d3d11
    Full variant space:         4
    After settings filtering:   4
    After built-in stripping:   4
    After scriptable stripping: 0
    Processed in 0.00 seconds
  Pass Default (vp, d3d11) finished in 0.02 seconds. Local cache hits 1 (0.00s CPU time), remote cache hits 0 (0.00s CPU time), compiled 3 variants (0.07s CPU time), skipped 0 variants.
    Prepared data for serialisation in 0.00s
  Pass Default (fp, d3d11) finished in 0.02 seconds. Local cache hits 1 (0.00s CPU time), remote cache hits 0 (0.00s CPU time), compiled 3 variants (0.04s CPU time), skipped 0 variants.
    Prepared data for serialisation in 0.00s
Serialized binary data for shader UI/Default in 0.00s
    d3d11 (total internal programs: 8, unique: 8)
Compiling shader "UI/DefaultETC1"
  Pass "Default" (vp)
    Target graphics API: d3d11
    Full variant space:         4
    After settings filtering:   4
    After built-in stripping:   4
    After scriptable stripping: 4
    Processed in 0.00 seconds
  Pass "Default" (fp)
    Target graphics API: d3d11
    Full variant space:         4
    After settings filtering:   4
    After built-in stripping:   4
    After scriptable stripping: 4
    Processed in 0.00 seconds
  Pass "XRMotionVectors" (vp)
    Target graphics API: d3d11
    Full variant space:         4
    After settings filtering:   4
    After built-in stripping:   4
    After scriptable stripping: 0
    Processed in 0.00 seconds
  Pass "XRMotionVectors" (fp)
    Target graphics API: d3d11
    Full variant space:         4
    After settings filtering:   4
    After built-in stripping:   4
    After scriptable stripping: 0
    Processed in 0.00 seconds
  Pass Default (vp, d3d11) finished in 0.03 seconds. Local cache hits 0 (0.00s CPU time), remote cache hits 0 (0.00s CPU time), compiled 4 variants (0.11s CPU time), skipped 0 variants.
    Prepared data for serialisation in 0.00s
  Pass Default (fp, d3d11) finished in 0.03 seconds. Local cache hits 0 (0.00s CPU time), remote cache hits 0 (0.00s CPU time), compiled 4 variants (0.05s CPU time), skipped 0 variants.
    Prepared data for serialisation in 0.00s
Serialized binary data for shader UI/DefaultETC1 in 0.00s
    d3d11 (total internal programs: 8, unique: 8)
Compiling shader "Hidden/CubeBlur"
  Pass "" (vp)
    Target graphics API: d3d11
    Full variant space:         1
    After settings filtering:   1
    After built-in stripping:   1
    After scriptable stripping: 1
    Processed in 0.00 seconds
  Pass "" (fp)
    Target graphics API: d3d11
    Full variant space:         1
    After settings filtering:   1
    After built-in stripping:   1
    After scriptable stripping: 1
    Processed in 0.00 seconds
  Pass "" (vp)
    Target graphics API: d3d11
    Full variant space:         1
    After settings filtering:   1
    After built-in stripping:   1
    After scriptable stripping: 1
    Processed in 0.00 seconds
  Pass "" (fp)
    Target graphics API: d3d11
    Full variant space:         1
    After settings filtering:   1
    After built-in stripping:   1
    After scriptable stripping: 1
    Processed in 0.00 seconds
  Pass  (vp, d3d11) finished in 0.01 seconds. Local cache hits 0 (0.00s CPU time), remote cache hits 0 (0.00s CPU time), compiled 1 variants (0.01s CPU time), skipped 0 variants.
    Prepared data for serialisation in 0.00s
  Pass  (fp, d3d11) finished in 0.13 seconds. Local cache hits 0 (0.00s CPU time), remote cache hits 0 (0.00s CPU time), compiled 1 variants (0.13s CPU time), skipped 0 variants.
    Prepared data for serialisation in 0.00s
  Pass  (vp, d3d11) finished in 0.13 seconds. Local cache hits 0 (0.00s CPU time), remote cache hits 0 (0.00s CPU time), compiled 1 variants (0.01s CPU time), skipped 0 variants.
    Prepared data for serialisation in 0.00s
  Pass  (fp, d3d11) finished in 0.13 seconds. Local cache hits 0 (0.00s CPU time), remote cache hits 0 (0.00s CPU time), compiled 1 variants (0.01s CPU time), skipped 0 variants.
    Prepared data for serialisation in 0.00s
Serialized binary data for shader Hidden/CubeBlur in 0.00s
    d3d11 (total internal programs: 4, unique: 3)
Compiling shader "Hidden/CubeCopy"
  Pass "" (vp)
    Target graphics API: d3d11
    Full variant space:         1
    After settings filtering:   1
    After built-in stripping:   1
    After scriptable stripping: 1
    Processed in 0.00 seconds
  Pass "" (fp)
    Target graphics API: d3d11
    Full variant space:         1
    After settings filtering:   1
    After built-in stripping:   1
    After scriptable stripping: 1
    Processed in 0.00 seconds
  Pass "" (vp)
    Target graphics API: d3d11
    Full variant space:         1
    After settings filtering:   1
    After built-in stripping:   1
    After scriptable stripping: 1
    Processed in 0.00 seconds
  Pass "" (fp)
    Target graphics API: d3d11
    Full variant space:         1
    After settings filtering:   1
    After built-in stripping:   1
    After scriptable stripping: 1
    Processed in 0.00 seconds
  Pass  (vp, d3d11) finished in 0.01 seconds. Local cache hits 0 (0.00s CPU time), remote cache hits 0 (0.00s CPU time), compiled 1 variants (0.01s CPU time), skipped 0 variants.
    Prepared data for serialisation in 0.00s
  Pass  (fp, d3d11) finished in 0.01 seconds. Local cache hits 0 (0.00s CPU time), remote cache hits 0 (0.00s CPU time), compiled 1 variants (0.01s CPU time), skipped 0 variants.
    Prepared data for serialisation in 0.00s
  Pass  (vp, d3d11) finished in 0.01 seconds. Local cache hits 0 (0.00s CPU time), remote cache hits 0 (0.00s CPU time), compiled 1 variants (0.01s CPU time), skipped 0 variants.
    Prepared data for serialisation in 0.00s
  Pass  (fp, d3d11) finished in 0.01 seconds. Local cache hits 0 (0.00s CPU time), remote cache hits 0 (0.00s CPU time), compiled 1 variants (0.01s CPU time), skipped 0 variants.
    Prepared data for serialisation in 0.00s
Serialized binary data for shader Hidden/CubeCopy in 0.00s
    d3d11 (total internal programs: 4, unique: 2)
Compiling shader "Hidden/CubeBlend"
  Pass "" (vp)
    Target graphics API: d3d11
    Full variant space:         1
    After settings filtering:   1
    After built-in stripping:   1
    After scriptable stripping: 1
    Processed in 0.00 seconds
  Pass "" (fp)
    Target graphics API: d3d11
    Full variant space:         1
    After settings filtering:   1
    After built-in stripping:   1
    After scriptable stripping: 1
    Processed in 0.00 seconds
  Pass "" (vp)
    Target graphics API: d3d11
    Full variant space:         1
    After settings filtering:   1
    After built-in stripping:   1
    After scriptable stripping: 1
    Processed in 0.00 seconds
  Pass "" (fp)
    Target graphics API: d3d11
    Full variant space:         1
    After settings filtering:   1
    After built-in stripping:   1
    After scriptable stripping: 1
    Processed in 0.00 seconds
  Pass  (vp, d3d11) finished in 0.01 seconds. Local cache hits 0 (0.00s CPU time), remote cache hits 0 (0.00s CPU time), compiled 1 variants (0.01s CPU time), skipped 0 variants.
    Prepared data for serialisation in 0.00s
  Pass  (fp, d3d11) finished in 0.01 seconds. Local cache hits 0 (0.00s CPU time), remote cache hits 0 (0.00s CPU time), compiled 1 variants (0.01s CPU time), skipped 0 variants.
    Prepared data for serialisation in 0.00s
  Pass  (vp, d3d11) finished in 0.01 seconds. Local cache hits 0 (0.00s CPU time), remote cache hits 0 (0.00s CPU time), compiled 1 variants (0.01s CPU time), skipped 0 variants.
    Prepared data for serialisation in 0.00s
  Pass  (fp, d3d11) finished in 0.01 seconds. Local cache hits 0 (0.00s CPU time), remote cache hits 0 (0.00s CPU time), compiled 1 variants (0.01s CPU time), skipped 0 variants.
    Prepared data for serialisation in 0.00s
Serialized binary data for shader Hidden/CubeBlend in 0.00s
    d3d11 (total internal programs: 4, unique: 2)
Compiling shader "Hidden/VR/BlitTexArraySlice"
  Pass "" (vp)
    Target graphics API: d3d11
    Full variant space:         1
    After settings filtering:   1
    After built-in stripping:   1
    After scriptable stripping: 1
    Processed in 0.00 seconds
  Pass "" (fp)
    Target graphics API: d3d11
    Full variant space:         1
    After settings filtering:   1
    After built-in stripping:   1
    After scriptable stripping: 1
    Processed in 0.00 seconds
  Pass  (vp, d3d11) finished in 0.01 seconds. Local cache hits 0 (0.00s CPU time), remote cache hits 0 (0.00s CPU time), compiled 1 variants (0.01s CPU time), skipped 0 variants.
    Prepared data for serialisation in 0.00s
  Pass  (fp, d3d11) finished in 0.01 seconds. Local cache hits 0 (0.00s CPU time), remote cache hits 0 (0.00s CPU time), compiled 1 variants (0.01s CPU time), skipped 0 variants.
    Prepared data for serialisation in 0.00s
Serialized binary data for shader Hidden/VR/BlitTexArraySlice in 0.00s
    d3d11 (total internal programs: 2, unique: 2)
Compiling shader "Hidden/Internal-ODSWorldTexture"
  Pass "" (vp)
    Target graphics API: d3d11
    Full variant space:         1
    After settings filtering:   1
    After built-in stripping:   1
    After scriptable stripping: 1
    Processed in 0.00 seconds
  Pass "" (fp)
    Target graphics API: d3d11
    Full variant space:         1
    After settings filtering:   1
    After built-in stripping:   1
    After scriptable stripping: 1
    Processed in 0.00 seconds
  Pass "" (vp)
    Target graphics API: d3d11
    Full variant space:         1
    After settings filtering:   1
    After built-in stripping:   1
    After scriptable stripping: 1
    Processed in 0.00 seconds
  Pass "" (fp)
    Target graphics API: d3d11
    Full variant space:         1
    After settings filtering:   1
    After built-in stripping:   1
    After scriptable stripping: 1
    Processed in 0.00 seconds
  Pass "" (vp)
    Target graphics API: d3d11
    Full variant space:         1
    After settings filtering:   1
    After built-in stripping:   1
    After scriptable stripping: 1
    Processed in 0.00 seconds
  Pass "" (fp)
    Target graphics API: d3d11
    Full variant space:         1
    After settings filtering:   1
    After built-in stripping:   1
    After scriptable stripping: 1
    Processed in 0.00 seconds
  Pass "" (vp)
    Target graphics API: d3d11
    Full variant space:         1
    After settings filtering:   1
    After built-in stripping:   1
    After scriptable stripping: 1
    Processed in 0.00 seconds
  Pass "" (fp)
    Target graphics API: d3d11
    Full variant space:         1
    After settings filtering:   1
    After built-in stripping:   1
    After scriptable stripping: 1
    Processed in 0.00 seconds
  Pass "" (vp)
    Target graphics API: d3d11
    Full variant space:         1
    After settings filtering:   1
    After built-in stripping:   1
    After scriptable stripping: 1
    Processed in 0.00 seconds
  Pass "" (fp)
    Target graphics API: d3d11
    Full variant space:         1
    After settings filtering:   1
    After built-in stripping:   1
    After scriptable stripping: 1
    Processed in 0.00 seconds
  Pass "" (vp)
    Target graphics API: d3d11
    Full variant space:         1
    After settings filtering:   1
    After built-in stripping:   1
    After scriptable stripping: 1
    Processed in 0.00 seconds
  Pass "" (fp)
    Target graphics API: d3d11
    Full variant space:         1
    After settings filtering:   1
    After built-in stripping:   1
    After scriptable stripping: 1
    Processed in 0.00 seconds
  Pass "" (vp)
    Target graphics API: d3d11
    Full variant space:         1
    After settings filtering:   1
    After built-in stripping:   1
    After scriptable stripping: 1
    Processed in 0.00 seconds
  Pass "" (fp)
    Target graphics API: d3d11
    Full variant space:         1
    After settings filtering:   1
    After built-in stripping:   1
    After scriptable stripping: 1
    Processed in 0.00 seconds
  Pass "" (vp)
    Target graphics API: d3d11
    Full variant space:         1
    After settings filtering:   1
    After built-in stripping:   1
    After scriptable stripping: 1
    Processed in 0.00 seconds
  Pass "" (fp)
    Target graphics API: d3d11
    Full variant space:         1
    After settings filtering:   1
    After built-in stripping:   1
    After scriptable stripping: 1
    Processed in 0.00 seconds
  Pass "" (vp)
    Target graphics API: d3d11
    Full variant space:         1
    After settings filtering:   1
    After built-in stripping:   1
    After scriptable stripping: 1
    Processed in 0.00 seconds
  Pass "" (fp)
    Target graphics API: d3d11
    Full variant space:         1
    After settings filtering:   1
    After built-in stripping:   1
    After scriptable stripping: 1
    Processed in 0.00 seconds
  Pass "" (vp)
    Target graphics API: d3d11
    Full variant space:         1
    After settings filtering:   1
    After built-in stripping:   1
    After scriptable stripping: 1
    Processed in 0.00 seconds
  Pass "" (fp)
    Target graphics API: d3d11
    Full variant space:         1
    After settings filtering:   1
    After built-in stripping:   1
    After scriptable stripping: 1
    Processed in 0.00 seconds
  Pass  (vp, d3d11) finished in 0.01 seconds. Local cache hits 0 (0.00s CPU time), remote cache hits 0 (0.00s CPU time), compiled 1 variants (0.01s CPU time), skipped 0 variants.
    Prepared data for serialisation in 0.00s
  Pass  (fp, d3d11) finished in 0.01 seconds. Local cache hits 0 (0.00s CPU time), remote cache hits 0 (0.00s CPU time), compiled 1 variants (0.01s CPU time), skipped 0 variants.
    Prepared data for serialisation in 0.00s
  Pass  (vp, d3d11) finished in 0.03 seconds. Local cache hits 0 (0.00s CPU time), remote cache hits 0 (0.00s CPU time), compiled 1 variants (0.03s CPU time), skipped 0 variants.
    Prepared data for serialisation in 0.00s
  Pass  (fp, d3d11) finished in 0.02 seconds. Local cache hits 0 (0.00s CPU time), remote cache hits 0 (0.00s CPU time), compiled 1 variants (0.01s CPU time), skipped 0 variants.
    Prepared data for serialisation in 0.00s
  Pass  (vp, d3d11) finished in 0.04 seconds. Local cache hits 0 (0.00s CPU time), remote cache hits 0 (0.00s CPU time), compiled 1 variants (0.04s CPU time), skipped 0 variants.
    Prepared data for serialisation in 0.00s
  Pass  (fp, d3d11) finished in 0.04 seconds. Local cache hits 0 (0.00s CPU time), remote cache hits 0 (0.00s CPU time), compiled 1 variants (0.02s CPU time), skipped 0 variants.
    Prepared data for serialisation in 0.00s
  Pass  (vp, d3d11) finished in 0.06 seconds. Local cache hits 0 (0.00s CPU time), remote cache hits 0 (0.00s CPU time), compiled 1 variants (0.06s CPU time), skipped 0 variants.
    Prepared data for serialisation in 0.00s
  Pass  (fp, d3d11) finished in 0.06 seconds. Local cache hits 0 (0.00s CPU time), remote cache hits 0 (0.00s CPU time), compiled 1 variants (0.02s CPU time), skipped 0 variants.
    Prepared data for serialisation in 0.00s
  Pass  (vp, d3d11) finished in 0.06 seconds. Local cache hits 0 (0.00s CPU time), remote cache hits 0 (0.00s CPU time), compiled 1 variants (0.02s CPU time), skipped 0 variants.
    Prepared data for serialisation in 0.00s
  Pass  (fp, d3d11) finished in 0.05 seconds. Local cache hits 0 (0.00s CPU time), remote cache hits 0 (0.00s CPU time), compiled 1 variants (0.01s CPU time), skipped 0 variants.
    Prepared data for serialisation in 0.00s
  Pass  (vp, d3d11) finished in 0.05 seconds. Local cache hits 0 (0.00s CPU time), remote cache hits 0 (0.00s CPU time), compiled 1 variants (0.02s CPU time), skipped 0 variants.
    Prepared data for serialisation in 0.00s
  Pass  (fp, d3d11) finished in 0.05 seconds. Local cache hits 0 (0.00s CPU time), remote cache hits 0 (0.00s CPU time), compiled 1 variants (0.01s CPU time), skipped 0 variants.
    Prepared data for serialisation in 0.00s
  Pass  (vp, d3d11) finished in 0.05 seconds. Local cache hits 0 (0.00s CPU time), remote cache hits 0 (0.00s CPU time), compiled 1 variants (0.03s CPU time), skipped 0 variants.
    Prepared data for serialisation in 0.00s
  Pass  (fp, d3d11) finished in 0.04 seconds. Local cache hits 0 (0.00s CPU time), remote cache hits 0 (0.00s CPU time), compiled 1 variants (0.02s CPU time), skipped 0 variants.
    Prepared data for serialisation in 0.00s
  Pass  (vp, d3d11) finished in 0.04 seconds. Local cache hits 0 (0.00s CPU time), remote cache hits 0 (0.00s CPU time), compiled 1 variants (0.03s CPU time), skipped 0 variants.
    Prepared data for serialisation in 0.00s
  Pass  (fp, d3d11) finished in 0.04 seconds. Local cache hits 0 (0.00s CPU time), remote cache hits 0 (0.00s CPU time), compiled 1 variants (0.02s CPU time), skipped 0 variants.
    Prepared data for serialisation in 0.00s
  Pass  (vp, d3d11) finished in 0.04 seconds. Local cache hits 0 (0.00s CPU time), remote cache hits 0 (0.00s CPU time), compiled 1 variants (0.04s CPU time), skipped 0 variants.
    Prepared data for serialisation in 0.00s
  Pass  (fp, d3d11) finished in 0.04 seconds. Local cache hits 0 (0.00s CPU time), remote cache hits 0 (0.00s CPU time), compiled 1 variants (0.01s CPU time), skipped 0 variants.
    Prepared data for serialisation in 0.00s
  Pass  (vp, d3d11) finished in 0.04 seconds. Local cache hits 0 (0.00s CPU time), remote cache hits 0 (0.00s CPU time), compiled 1 variants (0.04s CPU time), skipped 0 variants.
    Prepared data for serialisation in 0.00s
  Pass  (fp, d3d11) finished in 0.04 seconds. Local cache hits 0 (0.00s CPU time), remote cache hits 0 (0.00s CPU time), compiled 1 variants (0.01s CPU time), skipped 0 variants.
    Prepared data for serialisation in 0.00s
Serialized binary data for shader Hidden/Internal-ODSWorldTexture in 0.00s
    d3d11 (total internal programs: 20, unique: 15)
Compiling shader "Hidden/Internal-CubemapToEquirect"
  Pass "" (vp)
    Target graphics API: d3d11
    Full variant space:         1
    After settings filtering:   1
    After built-in stripping:   1
    After scriptable stripping: 1
    Processed in 0.00 seconds
  Pass "" (fp)
    Target graphics API: d3d11
    Full variant space:         1
    After settings filtering:   1
    After built-in stripping:   1
    After scriptable stripping: 1
    Processed in 0.00 seconds
  Pass  (vp, d3d11) finished in 0.01 seconds. Local cache hits 0 (0.00s CPU time), remote cache hits 0 (0.00s CPU time), compiled 1 variants (0.01s CPU time), skipped 0 variants.
    Prepared data for serialisation in 0.00s
  Pass  (fp, d3d11) finished in 0.01 seconds. Local cache hits 0 (0.00s CPU time), remote cache hits 0 (0.00s CPU time), compiled 1 variants (0.01s CPU time), skipped 0 variants.
    Prepared data for serialisation in 0.00s
Serialized binary data for shader Hidden/Internal-CubemapToEquirect in 0.00s
    d3d11 (total internal programs: 2, unique: 2)
Compiling shader "Hidden/VR/BlitFromTex2DToTexArraySlice"
  Pass "" (vp)
    Target graphics API: d3d11
    Full variant space:         1
    After settings filtering:   1
    After built-in stripping:   1
    After scriptable stripping: 1
    Processed in 0.00 seconds
  Pass "" (fp)
    Target graphics API: d3d11
    Full variant space:         1
    After settings filtering:   1
    After built-in stripping:   1
    After scriptable stripping: 1
    Processed in 0.00 seconds
  Pass "" (vp)
    Target graphics API: d3d11
    Full variant space:         1
    After settings filtering:   1
    After built-in stripping:   1
    After scriptable stripping: 1
    Processed in 0.00 seconds
  Pass "" (fp)
    Target graphics API: d3d11
    Full variant space:         1
    After settings filtering:   1
    After built-in stripping:   1
    After scriptable stripping: 1
    Processed in 0.00 seconds
  Pass "" (gp)
    Target graphics API: d3d11
    Full variant space:         1
    After settings filtering:   1
    After built-in stripping:   1
    After scriptable stripping: 1
    Processed in 0.00 seconds
  Pass  (vp, d3d11) finished in 0.01 seconds. Local cache hits 0 (0.00s CPU time), remote cache hits 0 (0.00s CPU time), compiled 1 variants (0.01s CPU time), skipped 0 variants.
    Prepared data for serialisation in 0.00s
  Pass  (fp, d3d11) finished in 0.01 seconds. Local cache hits 0 (0.00s CPU time), remote cache hits 0 (0.00s CPU time), compiled 1 variants (0.01s CPU time), skipped 0 variants.
    Prepared data for serialisation in 0.00s
  Pass  (vp, d3d11) finished in 0.01 seconds. Local cache hits 0 (0.00s CPU time), remote cache hits 0 (0.00s CPU time), compiled 1 variants (0.01s CPU time), skipped 0 variants.
    Prepared data for serialisation in 0.00s
  Pass  (fp, d3d11) finished in 0.01 seconds. Local cache hits 0 (0.00s CPU time), remote cache hits 0 (0.00s CPU time), compiled 1 variants (0.01s CPU time), skipped 0 variants.
    Prepared data for serialisation in 0.00s
  Pass  (gp, d3d11) finished in 0.01 seconds. Local cache hits 0 (0.00s CPU time), remote cache hits 0 (0.00s CPU time), compiled 1 variants (0.01s CPU time), skipped 0 variants.
    Prepared data for serialisation in 0.00s
Serialized binary data for shader Hidden/VR/BlitFromTex2DToTexArraySlice in 0.00s
    d3d11 (total internal programs: 5, unique: 5)
Compiling shader "Hidden/VideoComposite"
  Pass "Default" (vp)
    Target graphics API: d3d11
    Full variant space:         1
    After settings filtering:   1
    After built-in stripping:   1
    After scriptable stripping: 1
    Processed in 0.00 seconds
  Pass "Default" (fp)
    Target graphics API: d3d11
    Full variant space:         1
    After settings filtering:   1
    After built-in stripping:   1
    After scriptable stripping: 1
    Processed in 0.00 seconds
  Pass Default (vp, d3d11) finished in 0.01 seconds. Local cache hits 0 (0.00s CPU time), remote cache hits 0 (0.00s CPU time), compiled 1 variants (0.01s CPU time), skipped 0 variants.
    Prepared data for serialisation in 0.00s
  Pass Default (fp, d3d11) finished in 0.01 seconds. Local cache hits 0 (0.00s CPU time), remote cache hits 0 (0.00s CPU time), compiled 1 variants (0.01s CPU time), skipped 0 variants.
    Prepared data for serialisation in 0.00s
Serialized binary data for shader Hidden/VideoComposite in 0.00s
    d3d11 (total internal programs: 2, unique: 2)
Compiling shader "Hidden/VideoDecode"
  Pass "YCbCr_To_RGB1" (vp)
    Target graphics API: d3d11
    Full variant space:         2
    After settings filtering:   2
    After built-in stripping:   2
    After scriptable stripping: 2
    Processed in 0.00 seconds
  Pass "YCbCr_To_RGB1" (fp)
    Target graphics API: d3d11
    Full variant space:         2
    After settings filtering:   2
    After built-in stripping:   2
    After scriptable stripping: 2
    Processed in 0.00 seconds
  Pass "YCbCrA_To_RGBAFull" (vp)
    Target graphics API: d3d11
    Full variant space:         2
    After settings filtering:   2
    After built-in stripping:   2
    After scriptable stripping: 2
    Processed in 0.00 seconds
  Pass "YCbCrA_To_RGBAFull" (fp)
    Target graphics API: d3d11
    Full variant space:         2
    After settings filtering:   2
    After built-in stripping:   2
    After scriptable stripping: 2
    Processed in 0.00 seconds
  Pass "YCbCrA_To_RGBA" (vp)
    Target graphics API: d3d11
    Full variant space:         2
    After settings filtering:   2
    After built-in stripping:   2
    After scriptable stripping: 2
    Processed in 0.00 seconds
  Pass "YCbCrA_To_RGBA" (fp)
    Target graphics API: d3d11
    Full variant space:         2
    After settings filtering:   2
    After built-in stripping:   2
    After scriptable stripping: 2
    Processed in 0.00 seconds
  Pass "Flip_RGBA_To_RGBA" (vp)
    Target graphics API: d3d11
    Full variant space:         2
    After settings filtering:   2
    After built-in stripping:   2
    After scriptable stripping: 2
    Processed in 0.00 seconds
  Pass "Flip_RGBA_To_RGBA" (fp)
    Target graphics API: d3d11
    Full variant space:         2
    After settings filtering:   2
    After built-in stripping:   2
    After scriptable stripping: 2
    Processed in 0.00 seconds
  Pass "Flip_RGBASplit_To_RGBA" (vp)
    Target graphics API: d3d11
    Full variant space:         2
    After settings filtering:   2
    After built-in stripping:   2
    After scriptable stripping: 2
    Processed in 0.00 seconds
  Pass "Flip_RGBASplit_To_RGBA" (fp)
    Target graphics API: d3d11
    Full variant space:         2
    After settings filtering:   2
    After built-in stripping:   2
    After scriptable stripping: 2
    Processed in 0.00 seconds
  Pass "Flip_NV12_To_RGB1" (vp)
    Target graphics API: d3d11
    Full variant space:         2
    After settings filtering:   2
    After built-in stripping:   2
    After scriptable stripping: 2
    Processed in 0.00 seconds
  Pass "Flip_NV12_To_RGB1" (fp)
    Target graphics API: d3d11
    Full variant space:         2
    After settings filtering:   2
    After built-in stripping:   2
    After scriptable stripping: 2
    Processed in 0.00 seconds
  Pass "Flip_NV12_To_RGBA" (vp)
    Target graphics API: d3d11
    Full variant space:         2
    After settings filtering:   2
    After built-in stripping:   2
    After scriptable stripping: 2
    Processed in 0.00 seconds
  Pass "Flip_NV12_To_RGBA" (fp)
    Target graphics API: d3d11
    Full variant space:         2
    After settings filtering:   2
    After built-in stripping:   2
    After scriptable stripping: 2
    Processed in 0.00 seconds
  Pass "Flip_P010_To_RGB1" (vp)
    Target graphics API: d3d11
    Full variant space:         1
    After settings filtering:   1
    After built-in stripping:   1
    After scriptable stripping: 1
    Processed in 0.00 seconds
  Pass "Flip_P010_To_RGB1" (fp)
    Target graphics API: d3d11
    Full variant space:         1
    After settings filtering:   1
    After built-in stripping:   1
    After scriptable stripping: 1
    Processed in 0.00 seconds
  Pass YCbCr_To_RGB1 (vp, d3d11) finished in 0.02 seconds. Local cache hits 0 (0.00s CPU time), remote cache hits 0 (0.00s CPU time), compiled 2 variants (0.04s CPU time), skipped 0 variants.
    Prepared data for serialisation in 0.00s
  Pass YCbCr_To_RGB1 (fp, d3d11) finished in 0.02 seconds. Local cache hits 0 (0.00s CPU time), remote cache hits 0 (0.00s CPU time), compiled 2 variants (0.04s CPU time), skipped 0 variants.
    Prepared data for serialisation in 0.00s
  Pass YCbCrA_To_RGBAFull (vp, d3d11) finished in 0.02 seconds. Local cache hits 0 (0.00s CPU time), remote cache hits 0 (0.00s CPU time), compiled 2 variants (0.03s CPU time), skipped 0 variants.
    Prepared data for serialisation in 0.00s
  Pass YCbCrA_To_RGBAFull (fp, d3d11) finished in 0.02 seconds. Local cache hits 0 (0.00s CPU time), remote cache hits 0 (0.00s CPU time), compiled 2 variants (0.04s CPU time), skipped 0 variants.
    Prepared data for serialisation in 0.00s
  Pass YCbCrA_To_RGBA (vp, d3d11) finished in 0.02 seconds. Local cache hits 0 (0.00s CPU time), remote cache hits 0 (0.00s CPU time), compiled 2 variants (0.04s CPU time), skipped 0 variants.
    Prepared data for serialisation in 0.00s
  Pass YCbCrA_To_RGBA (fp, d3d11) finished in 0.03 seconds. Local cache hits 0 (0.00s CPU time), remote cache hits 0 (0.00s CPU time), compiled 2 variants (0.04s CPU time), skipped 0 variants.
    Prepared data for serialisation in 0.00s
  Pass Flip_RGBA_To_RGBA (vp, d3d11) finished in 0.02 seconds. Local cache hits 0 (0.00s CPU time), remote cache hits 0 (0.00s CPU time), compiled 2 variants (0.04s CPU time), skipped 0 variants.
    Prepared data for serialisation in 0.00s
  Pass Flip_RGBA_To_RGBA (fp, d3d11) finished in 0.03 seconds. Local cache hits 0 (0.00s CPU time), remote cache hits 0 (0.00s CPU time), compiled 2 variants (0.04s CPU time), skipped 0 variants.
    Prepared data for serialisation in 0.00s
  Pass Flip_RGBASplit_To_RGBA (vp, d3d11) finished in 0.03 seconds. Local cache hits 0 (0.00s CPU time), remote cache hits 0 (0.00s CPU time), compiled 2 variants (0.04s CPU time), skipped 0 variants.
    Prepared data for serialisation in 0.00s
  Pass Flip_RGBASplit_To_RGBA (fp, d3d11) finished in 0.03 seconds. Local cache hits 0 (0.00s CPU time), remote cache hits 0 (0.00s CPU time), compiled 2 variants (0.03s CPU time), skipped 0 variants.
    Prepared data for serialisation in 0.00s
  Pass Flip_NV12_To_RGB1 (vp, d3d11) finished in 0.03 seconds. Local cache hits 0 (0.00s CPU time), remote cache hits 0 (0.00s CPU time), compiled 2 variants (0.04s CPU time), skipped 0 variants.
    Prepared data for serialisation in 0.00s
  Pass Flip_NV12_To_RGB1 (fp, d3d11) finished in 0.03 seconds. Local cache hits 0 (0.00s CPU time), remote cache hits 0 (0.00s CPU time), compiled 2 variants (0.04s CPU time), skipped 0 variants.
    Prepared data for serialisation in 0.00s
  Pass Flip_NV12_To_RGBA (vp, d3d11) finished in 0.02 seconds. Local cache hits 0 (0.00s CPU time), remote cache hits 0 (0.00s CPU time), compiled 2 variants (0.04s CPU time), skipped 0 variants.
    Prepared data for serialisation in 0.00s
  Pass Flip_NV12_To_RGBA (fp, d3d11) finished in 0.02 seconds. Local cache hits 0 (0.00s CPU time), remote cache hits 0 (0.00s CPU time), compiled 2 variants (0.03s CPU time), skipped 0 variants.
    Prepared data for serialisation in 0.00s
  Pass Flip_P010_To_RGB1 (vp, d3d11) finished in 0.02 seconds. Local cache hits 0 (0.00s CPU time), remote cache hits 0 (0.00s CPU time), compiled 1 variants (0.02s CPU time), skipped 0 variants.
    Prepared data for serialisation in 0.00s
  Pass Flip_P010_To_RGB1 (fp, d3d11) finished in 0.02 seconds. Local cache hits 0 (0.00s CPU time), remote cache hits 0 (0.00s CPU time), compiled 1 variants (0.02s CPU time), skipped 0 variants.
    Prepared data for serialisation in 0.00s
Serialized binary data for shader Hidden/VideoDecode in 0.00s
    d3d11 (total internal programs: 30, unique: 19)
Compiling shader "Hidden/Compositing"
  Pass "Mix_RGBA_To_RGBA" (vp)
    Target graphics API: d3d11
    Full variant space:         1
    After settings filtering:   1
    After built-in stripping:   1
    After scriptable stripping: 1
    Processed in 0.00 seconds
  Pass "Mix_RGBA_To_RGBA" (fp)
    Target graphics API: d3d11
    Full variant space:         1
    After settings filtering:   1
    After built-in stripping:   1
    After scriptable stripping: 1
    Processed in 0.00 seconds
  Pass Mix_RGBA_To_RGBA (vp, d3d11) finished in 0.01 seconds. Local cache hits 0 (0.00s CPU time), remote cache hits 0 (0.00s CPU time), compiled 1 variants (0.01s CPU time), skipped 0 variants.
    Prepared data for serialisation in 0.00s
  Pass Mix_RGBA_To_RGBA (fp, d3d11) finished in 0.01 seconds. Local cache hits 0 (0.00s CPU time), remote cache hits 0 (0.00s CPU time), compiled 1 variants (0.01s CPU time), skipped 0 variants.
    Prepared data for serialisation in 0.00s
Serialized binary data for shader Hidden/Compositing in 0.00s
    d3d11 (total internal programs: 2, unique: 2)
Compiling shader "Hidden/TextCore/Distance Field SSD"
  Pass "" (vp)
    Target graphics API: d3d11
    Full variant space:         1
    After settings filtering:   1
    After built-in stripping:   1
    After scriptable stripping: 1
    Processed in 0.00 seconds
  Pass "" (fp)
    Target graphics API: d3d11
    Full variant space:         1
    After settings filtering:   1
    After built-in stripping:   1
    After scriptable stripping: 1
    Processed in 0.00 seconds
  Pass  (vp, d3d11) finished in 0.00 seconds. Local cache hits 1 (0.00s CPU time), remote cache hits 0 (0.00s CPU time), compiled 0 variants (0.00s CPU time), skipped 0 variants.
    Prepared data for serialisation in 0.00s
  Pass  (fp, d3d11) finished in 0.00 seconds. Local cache hits 1 (0.00s CPU time), remote cache hits 0 (0.00s CPU time), compiled 0 variants (0.00s CPU time), skipped 0 variants.
    Prepared data for serialisation in 0.00s
Serialized binary data for shader Hidden/TextCore/Distance Field SSD in 0.00s
    d3d11 (total internal programs: 2, unique: 2)
Compiling shader "Hidden/Physics2D/SDF_CircleGeometry"
  Pass "" (vp)
    Target graphics API: d3d11
    Full variant space:         2
    After settings filtering:   2
    After built-in stripping:   1
    After scriptable stripping: 1
    Processed in 0.00 seconds
  Pass "" (fp)
    Target graphics API: d3d11
    Full variant space:         2
    After settings filtering:   2
    After built-in stripping:   1
    After scriptable stripping: 1
    Processed in 0.00 seconds
  Pass  (vp, d3d11) finished in 0.03 seconds. Local cache hits 0 (0.00s CPU time), remote cache hits 0 (0.00s CPU time), compiled 1 variants (0.03s CPU time), skipped 0 variants.
    Prepared data for serialisation in 0.00s
  Pass  (fp, d3d11) finished in 0.03 seconds. Local cache hits 0 (0.00s CPU time), remote cache hits 0 (0.00s CPU time), compiled 1 variants (0.02s CPU time), skipped 0 variants.
    Prepared data for serialisation in 0.00s
Serialized binary data for shader Hidden/Physics2D/SDF_CircleGeometry in 0.00s
    d3d11 (total internal programs: 2, unique: 2)
Compiling shader "Hidden/Physics2D/SDF_CapsuleGeometry"
  Pass "" (vp)
    Target graphics API: d3d11
    Full variant space:         2
    After settings filtering:   2
    After built-in stripping:   1
    After scriptable stripping: 1
    Processed in 0.00 seconds
  Pass "" (fp)
    Target graphics API: d3d11
    Full variant space:         2
    After settings filtering:   2
    After built-in stripping:   1
    After scriptable stripping: 1
    Processed in 0.00 seconds
  Pass  (vp, d3d11) finished in 0.02 seconds. Local cache hits 0 (0.00s CPU time), remote cache hits 0 (0.00s CPU time), compiled 1 variants (0.02s CPU time), skipped 0 variants.
    Prepared data for serialisation in 0.00s
  Pass  (fp, d3d11) finished in 0.02 seconds. Local cache hits 0 (0.00s CPU time), remote cache hits 0 (0.00s CPU time), compiled 1 variants (0.02s CPU time), skipped 0 variants.
    Prepared data for serialisation in 0.00s
Serialized binary data for shader Hidden/Physics2D/SDF_CapsuleGeometry in 0.00s
    d3d11 (total internal programs: 2, unique: 2)
Compiling shader "Hidden/Physics2D/SDF_PolygonGeometry"
  Pass "" (vp)
    Target graphics API: d3d11
    Full variant space:         2
    After settings filtering:   2
    After built-in stripping:   1
    After scriptable stripping: 1
    Processed in 0.00 seconds
  Pass "" (fp)
    Target graphics API: d3d11
    Full variant space:         2
    After settings filtering:   2
    After built-in stripping:   1
    After scriptable stripping: 1
    Processed in 0.00 seconds
  Pass  (vp, d3d11) finished in 0.07 seconds. Local cache hits 0 (0.00s CPU time), remote cache hits 0 (0.00s CPU time), compiled 1 variants (0.07s CPU time), skipped 0 variants.
    Prepared data for serialisation in 0.00s
  Pass  (fp, d3d11) finished in 0.08 seconds. Local cache hits 0 (0.00s CPU time), remote cache hits 0 (0.00s CPU time), compiled 1 variants (0.08s CPU time), skipped 0 variants.
    Prepared data for serialisation in 0.00s
Serialized binary data for shader Hidden/Physics2D/SDF_PolygonGeometry in 0.00s
    d3d11 (total internal programs: 2, unique: 2)
Compiling shader "Hidden/Physics2D/SDF_Line"
  Pass "" (vp)
    Target graphics API: d3d11
    Full variant space:         2
    After settings filtering:   2
    After built-in stripping:   1
    After scriptable stripping: 1
    Processed in 0.00 seconds
  Pass "" (fp)
    Target graphics API: d3d11
    Full variant space:         2
    After settings filtering:   2
    After built-in stripping:   1
    After scriptable stripping: 1
    Processed in 0.00 seconds
  Pass  (vp, d3d11) finished in 0.03 seconds. Local cache hits 0 (0.00s CPU time), remote cache hits 0 (0.00s CPU time), compiled 1 variants (0.03s CPU time), skipped 0 variants.
    Prepared data for serialisation in 0.00s
  Pass  (fp, d3d11) finished in 0.03 seconds. Local cache hits 0 (0.00s CPU time), remote cache hits 0 (0.00s CPU time), compiled 1 variants (0.01s CPU time), skipped 0 variants.
    Prepared data for serialisation in 0.00s
Serialized binary data for shader Hidden/Physics2D/SDF_Line in 0.00s
    d3d11 (total internal programs: 2, unique: 2)
Compiling shader "Hidden/Physics2D/SDF_Point"
  Pass "" (vp)
    Target graphics API: d3d11
    Full variant space:         2
    After settings filtering:   2
    After built-in stripping:   1
    After scriptable stripping: 1
    Processed in 0.00 seconds
  Pass "" (fp)
    Target graphics API: d3d11
    Full variant space:         2
    After settings filtering:   2
    After built-in stripping:   1
    After scriptable stripping: 1
    Processed in 0.00 seconds
  Pass  (vp, d3d11) finished in 0.03 seconds. Local cache hits 0 (0.00s CPU time), remote cache hits 0 (0.00s CPU time), compiled 1 variants (0.03s CPU time), skipped 0 variants.
    Prepared data for serialisation in 0.00s
  Pass  (fp, d3d11) finished in 0.03 seconds. Local cache hits 0 (0.00s CPU time), remote cache hits 0 (0.00s CPU time), compiled 1 variants (0.01s CPU time), skipped 0 variants.
    Prepared data for serialisation in 0.00s
Serialized binary data for shader Hidden/Physics2D/SDF_Point in 0.00s
    d3d11 (total internal programs: 2, unique: 2)
info: Microsoft.AspNetCore.Hosting.Diagnostics[1]
      Request starting HTTP/2 POST http://ilpp/UnityILPP.PostProcessing/Ping - application/grpc -
info: Microsoft.AspNetCore.Routing.EndpointMiddleware[0]
      Executing endpoint 'gRPC - /UnityILPP.PostProcessing/Ping'
info: Microsoft.AspNetCore.Routing.EndpointMiddleware[1]
      Executed endpoint 'gRPC - /UnityILPP.PostProcessing/Ping'
info: Microsoft.AspNetCore.Hosting.Diagnostics[2]
      Request finished HTTP/2 POST http://ilpp/UnityILPP.PostProcessing/Ping - 200 - application/grpc 0.2637ms
Starting: D:\Unity\installs\6000.5.0f1\Editor\Data\Tools\BuildPipeline\bee_backend.exe --ipc --dagfile="Library/Bee/Player3ba1215f.dag" --profile="Library/Bee/backend1.traceevents" Player
WorkingDir: D:/Unity/Projects/Project 01
[             ] Require frontend run.  Library/Bee/Player3ba1215f.dag couldn't be loaded
Starting: D:\Unity\installs\6000.5.0f1\Editor\Data\netcorerun\netcorerun.exe "D:\Unity\installs\6000.5.0f1\Editor\Data\PlaybackEngines\WindowsStandaloneSupport\WinPlayerBuildProgram.exe" "D:/Unity/installs/6000.5.0f1/Editor/Data/PlaybackEngines/WindowsStandaloneSupport/Bee;D:/Unity/installs/6000.5.0f1/Editor/Data/Tools/BuildPipeline" "Library/Bee/Player3ba1215f.dag.json" "Library/Bee/Player3ba1215f-inputdata.json" "Library\Bee\buildprogram0.traceevents"
WorkingDir: D:/Unity/Projects/Project 01
ExitCode: 4 Duration: 0s31ms
ExitCode: 0 Duration: 2s263ms
Starting: D:\Unity\installs\6000.5.0f1\Editor\Data\Tools\BuildPipeline\bee_backend.exe --ipc --dagfile="Library/Bee/Player3ba1215f.dag" --dagfilejson="Library\Bee\Player3ba1215f.dag.json" --profile="Library/Bee/backend2.traceevents" Player
WorkingDir: D:/Unity/Projects/Project 01
Finished compiling graph: 55 nodes, 109 flattened edges (109 ToBuild, 0 ToUse), maximum node priority 11
[ 1/54      0s] WriteResponseFile Library/Bee/artifacts/rsp/14899237338968889468.rsp
[ 2/54      0s] WriteText Library/Bee/artifacts/csharpactions/dummy-FeaturesChecked.txt_mv20.info
[ 3/54      0s] CopyFiles D:/Unity/Projects/Project 01 build/MonoBleedingEdge/etc/mono/config
[ 4/54      0s] WriteText Library/Bee/artifacts/csharpactions/boot.config_tyr4.info
[ 5/54      0s] WriteText Library/Bee/artifacts/WinPlayerBuildProgram/Data/app.info
[ 6/54      0s] CopyFiles D:/Unity/Projects/Project 01 build/Project 01_Data/app.info
[ 7/54      0s] CopyFiles D:/Unity/Projects/Project 01 build/MonoBleedingEdge/etc/mono/4.0/settings.map
[ 8/54      0s] CopyFiles D:/Unity/Projects/Project 01 build/MonoBleedingEdge/etc/mono/4.0/web.config
[ 9/54      0s] CopyFiles D:/Unity/Projects/Project 01 build/MonoBleedingEdge/etc/mono/4.5/settings.map
[10/54      0s] CopyFiles D:/Unity/Projects/Project 01 build/MonoBleedingEdge/etc/mono/4.5/Browsers/Compat.browser
[11/54      0s] CopyFiles D:/Unity/Projects/Project 01 build/MonoBleedingEdge/etc/mono/4.5/DefaultWsdlHelpGenerator.aspx
[12/54      0s] CopyFiles D:/Unity/Projects/Project 01 build/MonoBleedingEdge/etc/mono/4.5/web.config
[13/54      0s] CopyFiles D:/Unity/Projects/Project 01 build/MonoBleedingEdge/etc/mono/browscap.ini
[14/54      0s] CopyFiles D:/Unity/Projects/Project 01 build/MonoBleedingEdge/etc/mono/4.0/machine.config
[15/54      0s] CopyFiles D:/Unity/Projects/Project 01 build/MonoBleedingEdge/etc/mono/2.0/DefaultWsdlHelpGenerator.aspx
[16/54      0s] CopyFiles D:/Unity/Projects/Project 01 build/MonoBleedingEdge/etc/mono/4.0/DefaultWsdlHelpGenerator.aspx
[17/54      0s] CopyFiles D:/Unity/Projects/Project 01 build/MonoBleedingEdge/etc/mono/mconfig/config.xml
[18/54      0s] CopyFiles D:/Unity/Projects/Project 01 build/Project 01.exe
[19/54      0s] CopyFiles D:/Unity/Projects/Project 01 build/MonoBleedingEdge/etc/mono/4.5/machine.config
[20/54      0s] CopyFiles D:/Unity/Projects/Project 01 build/MonoBleedingEdge/etc/mono/2.0/settings.map
[21/54      0s] CopyFiles D:/Unity/Projects/Project 01 build/dstorage.dll
[22/54      0s] CopyFiles D:/Unity/Projects/Project 01 build/MonoBleedingEdge/etc/mono/2.0/Browsers/Compat.browser
[23/54      0s] CopyFiles D:/Unity/Projects/Project 01 build/MonoBleedingEdge/etc/mono/4.0/Browsers/Compat.browser
[24/54      0s] CopyFiles D:/Unity/Projects/Project 01 build/MonoBleedingEdge/etc/mono/2.0/web.config
[25/54      0s] CopyFiles D:/Unity/Projects/Project 01 build/MonoBleedingEdge/etc/mono/2.0/machine.config
[26/54      0s] CopyFiles D:/Unity/Projects/Project 01 build/D3D12/D3D12Core.dll
[27/54      0s] CopyFiles D:/Unity/Projects/Project 01 build/Project 01_Data/sharedassets0.assets.resS
[28/54      0s] CopyFiles D:/Unity/Projects/Project 01 build/Project 01_Data/sharedassets0.assets
[29/54      0s] CopyFiles D:/Unity/Projects/Project 01 build/Project 01_Data/ScriptingAssemblies.json
[30/54      0s] CopyFiles D:/Unity/Projects/Project 01 build/Project 01_Data/RuntimeInitializeOnLoads.json
[31/54      0s] CopyFiles D:/Unity/Projects/Project 01 build/Project 01_Data/Resources/unity_builtin_extra
[32/54      0s] CopyFiles D:/Unity/Projects/Project 01 build/Project 01_Data/resources.assets.resS
[33/54      0s] CopyFiles D:/Unity/Projects/Project 01 build/Project 01_Data/resources.assets
[34/54      0s] CopyFiles D:/Unity/Projects/Project 01 build/Project 01_Data/level0
[35/54      0s] CopyFiles D:/Unity/Projects/Project 01 build/Project 01_Data/globalgamemanagers.assets.resS
[36/54      0s] CopyFiles D:/Unity/Projects/Project 01 build/Project 01_Data/globalgamemanagers.assets
[37/54      0s] CopyFiles D:/Unity/Projects/Project 01 build/Project 01_Data/globalgamemanagers
[38/54      0s] CopyFiles D:/Unity/Projects/Project 01 build/Project 01_Data/StreamingAssets/UnityServicesProjectConfiguration.json
[39/54      0s] CopyFiles D:/Unity/Projects/Project 01 build/Project 01_Data/Plugins/x86_64/lsl.dll
[40/54      0s] CopyFiles D:/Unity/Projects/Project 01 build/Project 01_Data/Resources/unity default resources
[41/54      0s] CopyFiles D:/Unity/Projects/Project 01 build/Project 01_Data/Plugins/x86_64/libonigwrap.dll
[42/54      0s] CopyFiles D:/Unity/Projects/Project 01 build/dstoragecore.dll
[43/54      0s] CopyFiles D:/Unity/Projects/Project 01 build/UnityCrashHandler64.exe
[44/54      0s] CopyFiles D:/Unity/Projects/Project 01 build/MonoBleedingEdge/EmbedRuntime/MonoPosixHelper.dll
[45/54      0s] CopyFiles D:/Unity/Projects/Project 01 build/MonoBleedingEdge/EmbedRuntime/mono-2.0-bdwgc.dll
[46/54      0s] CopyFiles D:/Unity/Projects/Project 01 build/UnityPlayer.dll
[47/54      0s] AddBootConfigGUID Library/Bee/artifacts/WinPlayerBuildProgram/boot.config
[48/54      0s] CopyFiles D:/Unity/Projects/Project 01 build/Project 01_Data/boot.config
[49/54      0s] UnityLinker D:/Unity/Projects/Project 01/Library/Bee/artifacts/unitylinker_dwek.traceevents
D:\Unity\installs\6000.5.0f1\Editor\Data\il2cpp\build\deploy\UnityLinker.exe @Library\Bee\artifacts\rsp\14899237338968889468.rsp
*** Tundra requires additional run (31.33 seconds), 49 items updated, 54 evaluated
*** Additional run caused by: contents change of Library/Bee/artifacts/WinPlayerBuildProgram/ManagedStripped
Starting: D:\Unity\installs\6000.5.0f1\Editor\Data\netcorerun\netcorerun.exe "D:\Unity\installs\6000.5.0f1\Editor\Data\PlaybackEngines\WindowsStandaloneSupport\WinPlayerBuildProgram.exe" "D:/Unity/installs/6000.5.0f1/Editor/Data/PlaybackEngines/WindowsStandaloneSupport/Bee;D:/Unity/installs/6000.5.0f1/Editor/Data/Tools/BuildPipeline" "Library/Bee/Player3ba1215f.dag.json" "Library/Bee/Player3ba1215f-inputdata.json" "Library\Bee\buildprogram1.traceevents"
WorkingDir: D:/Unity/Projects/Project 01
ExitCode: 4 Duration: 31s
ExitCode: 0 Duration: 0s346ms
Starting: D:\Unity\installs\6000.5.0f1\Editor\Data\Tools\BuildPipeline\bee_backend.exe --ipc --dagfile="Library/Bee/Player3ba1215f.dag" --dagfilejson="Library\Bee\Player3ba1215f.dag.json" --profile="Library/Bee/backend3.traceevents" Player
WorkingDir: D:/Unity/Projects/Project 01
Finished compiling graph: 595 nodes, 1549 flattened edges (1549 ToBuild, 0 ToUse), maximum node priority 371
[           0s] Delete 1 artifact files that are no longer in use. (like Library\Bee\artifacts\csharpactions\dummy-FeaturesChecked.txt_mv20.info)
[  3/594    0s] WriteText Library/Bee/artifacts/csharpactions/UnityEngine.XRModule-FeaturesChecked.txt_pvv9.info
[  4/594    0s] WriteText Library/Bee/artifacts/csharpactions/System.Runtime-FeaturesChecked.txt_hkre.info
[  6/594    0s] WriteText Library/Bee/artifacts/csharpactions/System.Drawing-FeaturesChecked.txt_vy29.info
[  7/594    0s] WriteText Library/Bee/artifacts/csharpactions/System.Net.Http-FeaturesChecked.txt_iku7.info
[  8/594    0s] WriteText Library/Bee/artifacts/csharpactions/System-FeaturesChecked.txt_vic3.info
[  9/594    0s] WriteText Library/Bee/artifacts/csharpactions/System.Data-FeaturesChecked.txt_vhp1.info
[ 10/594    0s] WriteText Library/Bee/artifacts/csharpactions/System.Reflection.Metadata-FeaturesChecked.txt_rg5j.info
[ 11/594    0s] WriteText Library/Bee/artifacts/csharpactions/System.Data.DataSetExtensions-FeaturesChecked.txt_pams.info
[ 12/594    0s] WriteText Library/Bee/artifacts/csharpactions/UnityEngine.UnityWebRequestModule-FeaturesChecked.txt_b1wr.info
[ 13/594    0s] WriteText Library/Bee/artifacts/csharpactions/System.Core-FeaturesChecked.txt_och0.info
[ 14/594    0s] WriteText Library/Bee/artifacts/csharpactions/System.Collections.Immutable-FeaturesChecked.txt_m3zv.info
[ 16/594    0s] WriteText Library/Bee/artifacts/csharpactions/Purchasing.Common-FeaturesChecked.txt_hp3r.info
[ 17/594    0s] WriteText Library/Bee/artifacts/csharpactions/System.ComponentModel.Composition-FeaturesChecked.txt_91q2.info
[ 18/594    0s] WriteText Library/Bee/artifacts/csharpactions/System.Configuration-FeaturesChecked.txt_nqsf.info
[ 19/594    0s] WriteText Library/Bee/artifacts/csharpactions/Newtonsoft.Json-FeaturesChecked.txt_zgd9.info
[ 20/594    0s] WriteText Library/Bee/artifacts/csharpactions/System.Buffers-FeaturesChecked.txt_wbhf.info
[ 21/594    0s] WriteText Library/Bee/artifacts/csharpactions/netstandard-FeaturesChecked.txt_0cit.info
[ 23/594    0s] WriteText Library/Bee/artifacts/csharpactions/Mono.Security-FeaturesChecked.txt_dyiy.info
[ 24/594    0s] WriteText Library/Bee/artifacts/csharpactions/mscorlib-FeaturesChecked.txt_9kc9.info
[ 25/594    0s] WriteText Library/Bee/artifacts/csharpactions/labstreaminglayer.LSL4Unity.Runtime-FeaturesChecked.txt_wawg.info
[ 26/594    0s] WriteText Library/Bee/artifacts/csharpactions/UnityEngine.Purchasing-FeaturesChecked.txt_hn95.info
[ 27/594    0s] WriteText Library/Bee/artifacts/csharpactions/Assembly-CSharp-FeaturesChecked.txt_w20p.info
[ 28/594    0s] WriteText Library/Bee/artifacts/csharpactions/UnityEngine.Purchasing.Codeless-FeaturesChecked.txt_5k8s.info
[ 29/594    0s] WriteText Library/Bee/artifacts/csharpactions/System.Transactions-FeaturesChecked.txt_ugsj.info
[ 30/594    0s] WriteText Library/Bee/artifacts/csharpactions/System.Security-FeaturesChecked.txt_1xux.info
[ 31/594    0s] WriteText Library/Bee/artifacts/csharpactions/Unity.VisualScripting.State-FeaturesChecked.txt_70xz.info
[ 32/594    0s] WriteText Library/Bee/artifacts/csharpactions/System.ServiceModel.Internals-FeaturesChecked.txt_hhne.info
[ 33/594    0s] WriteText Library/Bee/artifacts/csharpactions/System.Xml.Linq-FeaturesChecked.txt_s1tc.info
[ 34/594    0s] WriteText Library/Bee/artifacts/csharpactions/System.Xml-FeaturesChecked.txt_wcjl.info
[ 35/594    0s] WriteText Library/Bee/artifacts/csharpactions/Unity.AI.Navigation-FeaturesChecked.txt_nx8f.info
[ 36/594    0s] WriteText Library/Bee/artifacts/csharpactions/Unity.2D.SpriteShape.Runtime-FeaturesChecked.txt_ze4h.info
[ 37/594    0s] WriteText Library/Bee/artifacts/csharpactions/Unity.2D.Common.Runtime-FeaturesChecked.txt_2jk0.info
[ 38/594    0s] WriteText Library/Bee/artifacts/csharpactions/Unity.Burst-FeaturesChecked.txt_9564.info
[ 39/594    0s] WriteText Library/Bee/artifacts/csharpactions/Unity.Analytics.DataPrivacy-FeaturesChecked.txt_nkmd.info
[ 40/594    0s] WriteText Library/Bee/artifacts/csharpactions/Unity.2D.Animation.Runtime-FeaturesChecked.txt_n3xf.info
[ 41/594    0s] WriteText Library/Bee/artifacts/csharpactions/Unity.2D.Tilemap.Extras-FeaturesChecked.txt_4ewg.info
[ 42/594    0s] WriteText Library/Bee/artifacts/csharpactions/Unity.Collections.LowLevel.ILSupport-FeaturesChecked.txt_ocjd.info
[ 43/594    0s] WriteText Library/Bee/artifacts/csharpactions/Unity.InputSystem-FeaturesChecked.txt_ymdi.info
[ 44/594    0s] WriteText Library/Bee/artifacts/csharpactions/Unity.Burst.Unsafe-FeaturesChecked.txt_1w2c.info
[ 45/594    0s] WriteText Library/Bee/artifacts/csharpactions/Unity.Collections-FeaturesChecked.txt_yda5.info
[ 46/594    0s] WriteText Library/Bee/artifacts/csharpactions/Unity.InternalAPIEngineBridge.004-FeaturesChecked.txt_znhe.info
[ 47/594    0s] WriteText Library/Bee/artifacts/csharpactions/System.IO.Compression.FileSystem-FeaturesChecked.txt_caef.info
[ 48/594    0s] WriteText Library/Bee/artifacts/csharpactions/System.Numerics-FeaturesChecked.txt_bd3w.info
[ 49/594    0s] WriteText Library/Bee/artifacts/csharpactions/System.IO.Compression-FeaturesChecked.txt_f62v.info
[ 50/594    0s] WriteText Library/Bee/artifacts/csharpactions/Unity.InternalAPIEngineBridge.001-FeaturesChecked.txt_ke8c.info
[ 51/594    0s] WriteText Library/Bee/artifacts/csharpactions/System.EnterpriseServices-FeaturesChecked.txt_kt5q.info
[ 52/594    0s] WriteText Library/Bee/artifacts/csharpactions/System.Runtime.CompilerServices.Unsafe-FeaturesChecked.txt_mtva.info
[ 53/594    0s] WriteText Library/Bee/artifacts/csharpactions/Unity.RenderPipeline.Universal.ShaderLibrary-FeaturesChecked.txt_65z3.info
[ 54/594    0s] WriteText Library/Bee/artifacts/csharpactions/Unity.RenderPipelines.Core.Runtime.Shared-FeaturesChecked.txt_09x5.info
[ 55/594    0s] WriteText Library/Bee/artifacts/csharpactions/Unity.PathTracing.Runtime-FeaturesChecked.txt_0lax.info
[ 56/594    0s] WriteText Library/Bee/artifacts/csharpactions/Unity.InputSystem.ForUI-FeaturesChecked.txt_58gu.info
[ 57/594    0s] WriteText Library/Bee/artifacts/csharpactions/Unity.RenderPipelines.Core.Runtime-FeaturesChecked.txt_p13n.info
[ 58/594    0s] WriteText Library/Bee/artifacts/csharpactions/Unity.Multiplayer.Center.Common-FeaturesChecked.txt_h48p.info
[ 59/594    0s] WriteText Library/Bee/artifacts/csharpactions/Unity.RenderPipelines.GPUDriven.Runtime-FeaturesChecked.txt_snbh.info
[ 60/594    0s] WriteText Library/Bee/artifacts/csharpactions/Unity.RenderPipelines.ShaderGraph.ShaderGraphLibrary-FeaturesChecked.txt_ze5s.info
[ 61/594    0s] WriteText Library/Bee/artifacts/csharpactions/Unity.Mathematics-FeaturesChecked.txt_rnku.info
[ 62/594    0s] WriteText Library/Bee/artifacts/csharpactions/Unity.RenderPipelines.Universal.Config.Runtime-FeaturesChecked.txt_n7li.info
[ 63/594    0s] WriteText Library/Bee/artifacts/csharpactions/Unity.Services.Analytics-FeaturesChecked.txt_7bfj.info
[ 64/594    0s] WriteText Library/Bee/artifacts/csharpactions/Unity.RenderPipelines.Core.ShaderLibrary-FeaturesChecked.txt_7gs3.info
[ 65/594    0s] WriteText Library/Bee/artifacts/csharpactions/Unity.RenderPipelines.Universal.Shaders-FeaturesChecked.txt_58bu.info
[ 66/594    0s] WriteText Library/Bee/artifacts/csharpactions/Unity.Scripting-FeaturesChecked.txt_wmpq.info
[ 67/594    0s] WriteText Library/Bee/artifacts/csharpactions/Unity.Services.Core.Components-FeaturesChecked.txt_emze.info
[ 68/594    0s] WriteText Library/Bee/artifacts/csharpactions/Unity.InternalAPIEngineBridge.RenderPipelines.Core.Runtime.Shared-FeaturesChecked.txt_2bq4.info
[ 69/594    0s] WriteText Library/Bee/artifacts/csharpactions/Unity.Services.Core.Environments-FeaturesChecked.txt_8tgh.info
[ 70/594    0s] WriteText Library/Bee/artifacts/csharpactions/Unity.Services.Core.Environments.Internal-FeaturesChecked.txt_d47n.info
[ 71/594    0s] WriteText Library/Bee/artifacts/csharpactions/Unity.RenderPipelines.Universal.Runtime-FeaturesChecked.txt_j4ut.info
[ 72/594    0s] WriteText Library/Bee/artifacts/csharpactions/Unity.Services.Core-FeaturesChecked.txt_0jri.info
[ 73/594    0s] WriteText Library/Bee/artifacts/csharpactions/Unity.Services.Core.Networking-FeaturesChecked.txt_0syn.info
[ 74/594    0s] WriteText Library/Bee/artifacts/csharpactions/Unity.Services.Core.Analytics-FeaturesChecked.txt_4cnl.info
[ 75/594    0s] WriteText Library/Bee/artifacts/csharpactions/Unity.Services.Core.Scheduler-FeaturesChecked.txt_5lde.info
[ 76/594    0s] WriteText Library/Bee/artifacts/csharpactions/Unity.Services.Core.Internal-FeaturesChecked.txt_lisp.info
[ 77/594    0s] WriteText Library/Bee/artifacts/csharpactions/Unity.Services.Core.Threading-FeaturesChecked.txt_y2i3.info
[ 78/594    0s] WriteText Library/Bee/artifacts/csharpactions/System.Memory-FeaturesChecked.txt_mhrh.info
[ 79/594    0s] WriteText Library/Bee/artifacts/csharpactions/Unity.Services.Core.Telemetry-FeaturesChecked.txt_fb0o.info
[ 80/594    0s] WriteText Library/Bee/artifacts/csharpactions/Unity.TextMeshPro-FeaturesChecked.txt_syok.info
[ 81/594    0s] WriteText Library/Bee/artifacts/csharpactions/Unity.UnifiedRayTracing.Runtime-FeaturesChecked.txt_pj76.info
[ 82/594    0s] WriteText Library/Bee/artifacts/csharpactions/Unity.Services.Core.Device-FeaturesChecked.txt_q7m1.info
[ 83/594    0s] WriteText Library/Bee/artifacts/csharpactions/Unity.Timeline-FeaturesChecked.txt_ygu9.info
[ 84/594    0s] WriteText Library/Bee/artifacts/csharpactions/Unity.Services.Core.Registration-FeaturesChecked.txt_pcqv.info
[ 85/594    0s] WriteText Library/Bee/artifacts/csharpactions/UnityEngine.AccessibilityModule-FeaturesChecked.txt_tops.info
[ 86/594    0s] WriteText Library/Bee/artifacts/csharpactions/Unity.RenderPipelines.Universal.2D.Runtime-FeaturesChecked.txt_rikc.info
[ 87/594    0s] WriteText Library/Bee/artifacts/csharpactions/Unity.SurfaceCache.Runtime-FeaturesChecked.txt_ww3m.info
[ 88/594    0s] WriteText Library/Bee/artifacts/csharpactions/Unity.VisualScripting.Flow-FeaturesChecked.txt_m429.info
[ 89/594    0s] WriteText Library/Bee/artifacts/csharpactions/Unity.VisualScripting.DocCodeExamples-FeaturesChecked.txt_o48l.info
[ 90/594    0s] WriteText Library/Bee/artifacts/csharpactions/UnityEngine.AMDModule-FeaturesChecked.txt_v240.info
[ 91/594    0s] WriteText Library/Bee/artifacts/csharpactions/UnityEngine.AIModule-FeaturesChecked.txt_b24d.info
[ 92/594    0s] WriteText Library/Bee/artifacts/csharpactions/Unity.Services.Core.Configuration-FeaturesChecked.txt_059l.info
[ 93/594    0s] WriteText Library/Bee/artifacts/csharpactions/UnityEngine.AdaptivePerformanceModule-FeaturesChecked.txt_dfzh.info
[ 94/594    0s] WriteText Library/Bee/artifacts/csharpactions/UnityEngine.AnimationModule-FeaturesChecked.txt_ryhl.info
[ 95/594    0s] WriteText Library/Bee/artifacts/csharpactions/Unity.VisualScripting.Core-FeaturesChecked.txt_bnmf.info
[ 96/594    0s] WriteText Library/Bee/artifacts/csharpactions/UnityEngine.ARModule-FeaturesChecked.txt_41lh.info
[ 97/594    0s] WriteText Library/Bee/artifacts/csharpactions/UnityEngine.ContentLoadModule-FeaturesChecked.txt_iz9q.info
[ 98/594    0s] WriteText Library/Bee/artifacts/csharpactions/UnityEngine.AssetBundleModule-FeaturesChecked.txt_1jdn.info
[ 99/594    0s] WriteText Library/Bee/artifacts/csharpactions/UnityEngine.AudioModule-FeaturesChecked.txt_dmkb.info
[100/594    0s] WriteText Library/Bee/artifacts/csharpactions/UnityEngine.ClusterInputModule-FeaturesChecked.txt_frb1.info
[101/594    0s] WriteText Library/Bee/artifacts/csharpactions/UnityEngine.AndroidJNIModule-FeaturesChecked.txt_p2rr.info
[102/594    0s] WriteText Library/Bee/artifacts/csharpactions/Unity.VisualScripting.Antlr3.Runtime-FeaturesChecked.txt_o8bf.info
[103/594    0s] WriteText Library/Bee/artifacts/csharpactions/UnityEngine.ClusterRendererModule-FeaturesChecked.txt_ssow.info
[104/594    0s] WriteText Library/Bee/artifacts/csharpactions/UnityEngine.CrashReportingModule-FeaturesChecked.txt_2398.info
[105/594    0s] WriteText Library/Bee/artifacts/csharpactions/UnityEngine.DSPGraphModule-FeaturesChecked.txt_8ndh.info
[106/594    0s] WriteText Library/Bee/artifacts/csharpactions/UnityEngine-FeaturesChecked.txt_1bd3.info
[107/594    0s] WriteText Library/Bee/artifacts/csharpactions/UnityEngine.CoreModule-FeaturesChecked.txt_ezkd.info
[108/594    0s] WriteText Library/Bee/artifacts/csharpactions/UnityEngine.ClothModule-FeaturesChecked.txt_df2e.info
[109/594    0s] WriteText Library/Bee/artifacts/csharpactions/UnityEngine.IMGUIModule-FeaturesChecked.txt_eqp3.info
[110/594    0s] WriteText Library/Bee/artifacts/csharpactions/UnityEngine.GameCenterModule-FeaturesChecked.txt_uhhl.info
[111/594    0s] WriteText Library/Bee/artifacts/csharpactions/UnityEngine.GIModule-FeaturesChecked.txt_p171.info
[112/594    0s] WriteText Library/Bee/artifacts/csharpactions/UnityEngine.GridModule-FeaturesChecked.txt_p67v.info
[113/594    0s] WriteText Library/Bee/artifacts/csharpactions/UnityEngine.ImageConversionModule-FeaturesChecked.txt_kvxg.info
[114/594    0s] WriteText Library/Bee/artifacts/csharpactions/UnityEngine.InputForUIModule-FeaturesChecked.txt_inc2.info
[115/594    0s] WriteText Library/Bee/artifacts/csharpactions/UnityEngine.InputLegacyModule-FeaturesChecked.txt_y8g4.info
[116/594    0s] WriteText Library/Bee/artifacts/csharpactions/UnityEngine.InsightsModule-FeaturesChecked.txt_ei8i.info
[117/594    0s] WriteText Library/Bee/artifacts/csharpactions/UnityEngine.GraphicsStateCollectionSerializerModule-FeaturesChecked.txt_teqg.info
[118/594    0s] WriteText Library/Bee/artifacts/csharpactions/UnityEngine.IdentifiersModule-FeaturesChecked.txt_l52h.info
[119/594    0s] WriteText Library/Bee/artifacts/csharpactions/UnityEngine.HotReloadModule-FeaturesChecked.txt_p7t3.info
[120/594    0s] WriteText Library/Bee/artifacts/csharpactions/UnityEngine.HierarchyCoreModule-FeaturesChecked.txt_rufr.info
[121/594    0s] WriteText Library/Bee/artifacts/csharpactions/UnityEngine.LocalizationModule-FeaturesChecked.txt_gh92.info
[122/594    0s] WriteText Library/Bee/artifacts/csharpactions/UnityEngine.JSONSerializeModule-FeaturesChecked.txt_fm7j.info
[123/594    0s] WriteText Library/Bee/artifacts/csharpactions/UnityEngine.InputModule-FeaturesChecked.txt_hmqk.info
[124/594    0s] WriteText Library/Bee/artifacts/csharpactions/UnityEngine.HierarchyModule-FeaturesChecked.txt_cyms.info
[125/594    0s] WriteText Library/Bee/artifacts/csharpactions/UnityEngine.MathematicsModule-FeaturesChecked.txt_145x.info
[126/594    0s] WriteText Library/Bee/artifacts/csharpactions/UnityEngine.MultiplayerModule-FeaturesChecked.txt_d35b.info
[127/594    0s] WriteText Library/Bee/artifacts/csharpactions/UnityEngine.NVIDIAModule-FeaturesChecked.txt_eiz4.info
[128/594    0s] WriteText Library/Bee/artifacts/csharpactions/UnityEngine.ParticleSystemModule-FeaturesChecked.txt_8t4d.info
[129/594    0s] WriteText Library/Bee/artifacts/csharpactions/UnityEngine.Physics2DModule-FeaturesChecked.txt_cj5q.info
[130/594    0s] WriteText Library/Bee/artifacts/csharpactions/UnityEngine.PerformanceReportingModule-FeaturesChecked.txt_drqr.info
[131/594    0s] WriteText Library/Bee/artifacts/csharpactions/UnityEngine.MarshallingModule-FeaturesChecked.txt_ru2c.info
[132/594    0s] WriteText Library/Bee/artifacts/csharpactions/UnityEngine.DirectorModule-FeaturesChecked.txt_rfay.info
[133/594    0s] WriteText Library/Bee/artifacts/csharpactions/UnityEngine.PhysicsBackendPhysXModule-FeaturesChecked.txt_cfnn.info
[134/594    0s] WriteText Library/Bee/artifacts/csharpactions/UnityEngine.Purchasing.AppleCore-FeaturesChecked.txt_szbx.info
[135/594    0s] WriteText Library/Bee/artifacts/csharpactions/UnityEngine.PhysicsModule-FeaturesChecked.txt_2kc2.info
[136/594    0s] WriteText Library/Bee/artifacts/csharpactions/UnityEngine.Purchasing.AppleMacosStub-FeaturesChecked.txt_qs52.info
[137/594    0s] WriteText Library/Bee/artifacts/csharpactions/UnityEngine.Purchasing.Stores-FeaturesChecked.txt_pz7a.info
[138/594    0s] WriteText Library/Bee/artifacts/csharpactions/UnityEngine.Purchasing.SecurityCore-FeaturesChecked.txt_mf9h.info
[139/594    0s] WriteText Library/Bee/artifacts/csharpactions/UnityEngine.Purchasing.WinRTStub-FeaturesChecked.txt_boa7.info
[140/594    0s] WriteText Library/Bee/artifacts/csharpactions/UnityEngine.RuntimeInitializeOnLoadManagerInitializerModule-FeaturesChecked.txt_5e3c.info
[141/594    0s] WriteText Library/Bee/artifacts/csharpactions/UnityEngine.Purchasing.AppleStub-FeaturesChecked.txt_rz38.info
[142/594    0s] WriteText Library/Bee/artifacts/csharpactions/UnityEngine.PropertiesModule-FeaturesChecked.txt_e859.info
[143/594    0s] WriteText Library/Bee/artifacts/csharpactions/System.Runtime.Serialization-FeaturesChecked.txt_37nq.info
[144/594    0s] WriteText Library/Bee/artifacts/csharpactions/UnityEngine.ScreenCaptureModule-FeaturesChecked.txt_dnv7.info
[145/594    0s] WriteText Library/Bee/artifacts/csharpactions/UnityEngine.PhysicsCore2DModule-FeaturesChecked.txt_735n.info
[146/594    0s] WriteText Library/Bee/artifacts/csharpactions/UnityEngine.ScriptingModule-FeaturesChecked.txt_6ztc.info
[147/594    0s] WriteText Library/Bee/artifacts/csharpactions/UnityEngine.RenderAs2DModule-FeaturesChecked.txt_x91e.info
[148/594    0s] WriteText Library/Bee/artifacts/csharpactions/UnityEngine.SpriteMaskModule-FeaturesChecked.txt_80xg.info
[149/594    0s] WriteText Library/Bee/artifacts/csharpactions/UnityEngine.SpatialTracking-FeaturesChecked.txt_uklv.info
[150/594    0s] WriteText Library/Bee/artifacts/csharpactions/UnityEngine.Purchasing.SecurityStub-FeaturesChecked.txt_17hm.info
[151/594    0s] WriteText Library/Bee/artifacts/csharpactions/UnityEngine.StreamingModule-FeaturesChecked.txt_pydr.info
[152/594    0s] WriteText Library/Bee/artifacts/csharpactions/UnityEngine.Purchasing.WinRTCore-FeaturesChecked.txt_wv12.info
[153/594    0s] WriteText Library/Bee/artifacts/csharpactions/UnityEngine.SubsystemsModule-FeaturesChecked.txt_nywe.info
[154/594    0s] WriteText Library/Bee/artifacts/csharpactions/UnityEngine.SubstanceModule-FeaturesChecked.txt_rpif.info
[155/594    0s] WriteText Library/Bee/artifacts/csharpactions/UnityEngine.SpriteShapeModule-FeaturesChecked.txt_fn2f.info
[156/594    0s] WriteText Library/Bee/artifacts/csharpactions/UnityEngine.UIModule-FeaturesChecked.txt_rlwj.info
[157/594    0s] WriteText Library/Bee/artifacts/csharpactions/UnityEngine.TextRenderingModule-FeaturesChecked.txt_ibdi.info
[158/594    0s] WriteText Library/Bee/artifacts/csharpactions/UnityEngine.UmbraModule-FeaturesChecked.txt_cv7q.info
[159/594    0s] WriteText Library/Bee/artifacts/csharpactions/UnityEngine.UI-FeaturesChecked.txt_buxz.info
[160/594    0s] WriteText Library/Bee/artifacts/csharpactions/UnityEngine.SharedInternalsModule-FeaturesChecked.txt_0vls.info
[161/594    0s] WriteText Library/Bee/artifacts/csharpactions/UnityEngine.TerrainModule-FeaturesChecked.txt_wxmw.info
[162/594    0s] WriteText Library/Bee/artifacts/csharpactions/UnityEngine.UIElementsModule-FeaturesChecked.txt_28gs.info
[163/594    0s] WriteText Library/Bee/artifacts/csharpactions/UnityEngine.UnityAnalyticsModule-FeaturesChecked.txt_gvtj.info
[164/594    0s] WriteText Library/Bee/artifacts/csharpactions/UnityEngine.UnityAnalyticsCommonModule-FeaturesChecked.txt_nc1m.info
[165/594    0s] WriteText Library/Bee/artifacts/csharpactions/UnityEngine.TLSModule-FeaturesChecked.txt_yqwi.info
[166/594    0s] WriteText Library/Bee/artifacts/csharpactions/UnityEngine.TextCoreFontEngineModule-FeaturesChecked.txt_k50w.info
[167/594    0s] WriteText Library/Bee/artifacts/csharpactions/UnityEngine.UnityConnectModule-FeaturesChecked.txt_wobe.info
[168/594    0s] WriteText Library/Bee/artifacts/csharpactions/UnityEngine.TilemapModule-FeaturesChecked.txt_xb4c.info
[169/594    0s] WriteText Library/Bee/artifacts/csharpactions/UnityEngine.U2DRuntimeModule-FeaturesChecked.txt_8c93.info
[170/594    0s] WriteText Library/Bee/artifacts/csharpactions/UnityEngine.TextCoreTextEngineModule-FeaturesChecked.txt_uyte.info
[171/594    0s] WriteText Library/Bee/artifacts/csharpactions/UnityEngine.UnityWebRequestTextureModule-FeaturesChecked.txt_y9fk.info
[172/594    0s] WriteText Library/Bee/artifacts/csharpactions/UnityEngine.UnityWebRequestAudioModule-FeaturesChecked.txt_5ujt.info
[173/594    0s] WriteText Library/Bee/artifacts/csharpactions/UnityEngine.UnityWebRequestAssetBundleModule-FeaturesChecked.txt_5xwn.info
[174/594    0s] WriteText Library/Bee/artifacts/csharpactions/UnityEngine.UnityWebRequestWWWModule-FeaturesChecked.txt_u1d6.info
[175/594    0s] WriteText Library/Bee/artifacts/csharpactions/UnityEngine.ShaderVariantAnalyticsModule-FeaturesChecked.txt_lj2r.info
[176/594    0s] WriteText Library/Bee/artifacts/csharpactions/UnityEngine.UnityConsentModule-FeaturesChecked.txt_s5qy.info
[177/594    0s] WriteText Library/Bee/artifacts/csharpactions/UnityEngine.UnityCurlModule-FeaturesChecked.txt_sheb.info
[178/594    0s] WriteText Library/Bee/artifacts/csharpactions/UnityEngine.VFXModule-FeaturesChecked.txt_7vv1.info
[179/594    0s] WriteText Library/Bee/artifacts/csharpactions/UnityEngine.WindModule-FeaturesChecked.txt_3z9k.info
[180/594    0s] WriteText Library/Bee/artifacts/csharpactions/UnityEngine.VehiclesModule-FeaturesChecked.txt_qeat.info
[181/594    0s] WriteText Library/Bee/artifacts/csharpactions/UnityEngine.VectorGraphicsModule-FeaturesChecked.txt_11bp.info
[182/594    0s] WriteText Library/Bee/artifacts/csharpactions/UnityEngine.XR.LegacyInputHelpers-FeaturesChecked.txt_7klc.info
[183/594    0s] WriteText Library/Bee/artifacts/csharpactions/UnityEngine.TerrainPhysicsModule-FeaturesChecked.txt_5hsl.info
[184/594    0s] WriteText Library/Bee/artifacts/csharpactions/Unity.2D.IK.Runtime-FeaturesChecked.txt_1trq.info
[185/594    0s] WriteText Library/Bee/artifacts/csharpactions/UnityEngine.VideoModule-FeaturesChecked.txt_mt2t.info
[186/594    0s] WriteText Library/Bee/artifacts/csharpactions/UnityEngine.VirtualTexturingModule-FeaturesChecked.txt_s30u.info
[187/594    0s] ExtractUsedFeatures Library/Bee/artifacts/WinPlayerBuildProgram/Features/UnityEngine.UnityCurlModule-FeaturesChecked.txt
[188/594    0s] ExtractUsedFeatures Library/Bee/artifacts/WinPlayerBuildProgram/Features/UnityEngine.UnityConsentModule-FeaturesChecked.txt
[189/594    0s] ExtractUsedFeatures Library/Bee/artifacts/WinPlayerBuildProgram/Features/UnityEngine.WindModule-FeaturesChecked.txt
[190/594    0s] ExtractUsedFeatures Library/Bee/artifacts/WinPlayerBuildProgram/Features/UnityEngine.VehiclesModule-FeaturesChecked.txt
[191/594    0s] ExtractUsedFeatures Library/Bee/artifacts/WinPlayerBuildProgram/Features/UnityEngine.TerrainPhysicsModule-FeaturesChecked.txt
[192/594    0s] ExtractUsedFeatures Library/Bee/artifacts/WinPlayerBuildProgram/Features/UnityEngine.VirtualTexturingModule-FeaturesChecked.txt
[193/594    0s] ExtractUsedFeatures Library/Bee/artifacts/WinPlayerBuildProgram/Features/UnityEngine.VideoModule-FeaturesChecked.txt
[194/594    0s] ExtractUsedFeatures Library/Bee/artifacts/WinPlayerBuildProgram/Features/UnityEngine.VFXModule-FeaturesChecked.txt
[195/594    0s] ExtractUsedFeatures Library/Bee/artifacts/WinPlayerBuildProgram/Features/UnityEngine.XR.LegacyInputHelpers-FeaturesChecked.txt
[196/594    0s] ExtractUsedFeatures Library/Bee/artifacts/WinPlayerBuildProgram/Features/Unity.2D.IK.Runtime-FeaturesChecked.txt
[197/594    0s] ExtractUsedFeatures Library/Bee/artifacts/WinPlayerBuildProgram/Features/UnityEngine.VectorGraphicsModule-FeaturesChecked.txt
[198/594    0s] ExtractUsedFeatures Library/Bee/artifacts/WinPlayerBuildProgram/Features/UnityEngine.ShaderVariantAnalyticsModule-FeaturesChecked.txt
[199/594    0s] ExtractUsedFeatures Library/Bee/artifacts/WinPlayerBuildProgram/Features/UnityEngine.UnityWebRequestAudioModule-FeaturesChecked.txt
[200/594    0s] ExtractUsedFeatures Library/Bee/artifacts/WinPlayerBuildProgram/Features/UnityEngine.UnityWebRequestAssetBundleModule-FeaturesChecked.txt
[201/594    0s] ExtractUsedFeatures Library/Bee/artifacts/WinPlayerBuildProgram/Features/UnityEngine.UnityWebRequestWWWModule-FeaturesChecked.txt
[202/594    0s] ExtractUsedFeatures Library/Bee/artifacts/WinPlayerBuildProgram/Features/UnityEngine.UnityWebRequestTextureModule-FeaturesChecked.txt
[203/594    0s] ExtractUsedFeatures Library/Bee/artifacts/WinPlayerBuildProgram/Features/UnityEngine.U2DRuntimeModule-FeaturesChecked.txt
[204/594    0s] ExtractUsedFeatures Library/Bee/artifacts/WinPlayerBuildProgram/Features/UnityEngine.UnityConnectModule-FeaturesChecked.txt
[205/594    0s] ExtractUsedFeatures Library/Bee/artifacts/WinPlayerBuildProgram/Features/UnityEngine.TLSModule-FeaturesChecked.txt
[206/594    0s] ExtractUsedFeatures Library/Bee/artifacts/WinPlayerBuildProgram/Features/UnityEngine.TextCoreFontEngineModule-FeaturesChecked.txt
[207/594    0s] ExtractUsedFeatures Library/Bee/artifacts/WinPlayerBuildProgram/Features/UnityEngine.TilemapModule-FeaturesChecked.txt
[208/594    0s] ExtractUsedFeatures Library/Bee/artifacts/WinPlayerBuildProgram/Features/UnityEngine.UnityAnalyticsCommonModule-FeaturesChecked.txt
[209/594    0s] ExtractUsedFeatures Library/Bee/artifacts/WinPlayerBuildProgram/Features/UnityEngine.UmbraModule-FeaturesChecked.txt
[210/594    0s] ExtractUsedFeatures Library/Bee/artifacts/WinPlayerBuildProgram/Features/UnityEngine.SharedInternalsModule-FeaturesChecked.txt
[211/594    0s] ExtractUsedFeatures Library/Bee/artifacts/WinPlayerBuildProgram/Features/UnityEngine.UnityAnalyticsModule-FeaturesChecked.txt
[212/594    0s] ExtractUsedFeatures Library/Bee/artifacts/WinPlayerBuildProgram/Features/UnityEngine.TextRenderingModule-FeaturesChecked.txt
[213/594    0s] ExtractUsedFeatures Library/Bee/artifacts/WinPlayerBuildProgram/Features/UnityEngine.TextCoreTextEngineModule-FeaturesChecked.txt
[214/594    0s] ExtractUsedFeatures Library/Bee/artifacts/WinPlayerBuildProgram/Features/UnityEngine.TerrainModule-FeaturesChecked.txt
[215/594    0s] ExtractUsedFeatures Library/Bee/artifacts/WinPlayerBuildProgram/Features/UnityEngine.SpriteShapeModule-FeaturesChecked.txt
[216/594    0s] ExtractUsedFeatures Library/Bee/artifacts/WinPlayerBuildProgram/Features/UnityEngine.UIModule-FeaturesChecked.txt
[217/594    0s] ExtractUsedFeatures Library/Bee/artifacts/WinPlayerBuildProgram/Features/UnityEngine.Purchasing.WinRTCore-FeaturesChecked.txt
[218/594    0s] ExtractUsedFeatures Library/Bee/artifacts/WinPlayerBuildProgram/Features/UnityEngine.SubstanceModule-FeaturesChecked.txt
[219/594    0s] ExtractUsedFeatures Library/Bee/artifacts/WinPlayerBuildProgram/Features/UnityEngine.UI-FeaturesChecked.txt
[220/594    0s] ExtractUsedFeatures Library/Bee/artifacts/WinPlayerBuildProgram/Features/UnityEngine.SubsystemsModule-FeaturesChecked.txt
[221/594    0s] ExtractUsedFeatures Library/Bee/artifacts/WinPlayerBuildProgram/Features/UnityEngine.RenderAs2DModule-FeaturesChecked.txt
[222/594    0s] ExtractUsedFeatures Library/Bee/artifacts/WinPlayerBuildProgram/Features/UnityEngine.SpriteMaskModule-FeaturesChecked.txt
[223/594    0s] ExtractUsedFeatures Library/Bee/artifacts/WinPlayerBuildProgram/Features/UnityEngine.SpatialTracking-FeaturesChecked.txt
[224/594    0s] ExtractUsedFeatures Library/Bee/artifacts/WinPlayerBuildProgram/Features/UnityEngine.StreamingModule-FeaturesChecked.txt
[225/594    0s] ExtractUsedFeatures Library/Bee/artifacts/WinPlayerBuildProgram/Features/UnityEngine.Purchasing.SecurityStub-FeaturesChecked.txt
[226/594    0s] ExtractUsedFeatures Library/Bee/artifacts/WinPlayerBuildProgram/Features/UnityEngine.ScriptingModule-FeaturesChecked.txt
[227/594    0s] ExtractUsedFeatures Library/Bee/artifacts/WinPlayerBuildProgram/Features/UnityEngine.ScreenCaptureModule-FeaturesChecked.txt
[228/594    0s] ExtractUsedFeatures Library/Bee/artifacts/WinPlayerBuildProgram/Features/UnityEngine.RuntimeInitializeOnLoadManagerInitializerModule-FeaturesChecked.txt
[229/594    0s] ExtractUsedFeatures Library/Bee/artifacts/WinPlayerBuildProgram/Features/UnityEngine.Purchasing.AppleMacosStub-FeaturesChecked.txt
[230/594    0s] ExtractUsedFeatures Library/Bee/artifacts/WinPlayerBuildProgram/Features/UnityEngine.Purchasing.AppleStub-FeaturesChecked.txt
[231/594    0s] ExtractUsedFeatures Library/Bee/artifacts/WinPlayerBuildProgram/Features/UnityEngine.Purchasing.SecurityCore-FeaturesChecked.txt
[232/594    0s] ExtractUsedFeatures Library/Bee/artifacts/WinPlayerBuildProgram/Features/UnityEngine.Purchasing.WinRTStub-FeaturesChecked.txt
[233/594    0s] ExtractUsedFeatures Library/Bee/artifacts/WinPlayerBuildProgram/Features/UnityEngine.PhysicsCore2DModule-FeaturesChecked.txt
[234/594    0s] ExtractUsedFeatures Library/Bee/artifacts/WinPlayerBuildProgram/Features/UnityEngine.PropertiesModule-FeaturesChecked.txt
[235/594    0s] ExtractUsedFeatures Library/Bee/artifacts/WinPlayerBuildProgram/Features/UnityEngine.Purchasing.Stores-FeaturesChecked.txt
[236/594    0s] ExtractUsedFeatures Library/Bee/artifacts/WinPlayerBuildProgram/Features/UnityEngine.Purchasing.AppleCore-FeaturesChecked.txt
[237/594    0s] ExtractUsedFeatures Library/Bee/artifacts/WinPlayerBuildProgram/Features/UnityEngine.PhysicsBackendPhysXModule-FeaturesChecked.txt
[238/594    0s] ExtractUsedFeatures Library/Bee/artifacts/WinPlayerBuildProgram/Features/UnityEngine.PerformanceReportingModule-FeaturesChecked.txt
[239/594    0s] ExtractUsedFeatures Library/Bee/artifacts/WinPlayerBuildProgram/Features/UnityEngine.DirectorModule-FeaturesChecked.txt
[240/594    0s] ExtractUsedFeatures Library/Bee/artifacts/WinPlayerBuildProgram/Features/UnityEngine.UIElementsModule-FeaturesChecked.txt
[241/594    0s] ExtractUsedFeatures Library/Bee/artifacts/WinPlayerBuildProgram/Features/UnityEngine.PhysicsModule-FeaturesChecked.txt
[242/594    0s] ExtractUsedFeatures Library/Bee/artifacts/WinPlayerBuildProgram/Features/UnityEngine.MarshallingModule-FeaturesChecked.txt
[243/594    0s] ExtractUsedFeatures Library/Bee/artifacts/WinPlayerBuildProgram/Features/System.Runtime.Serialization-FeaturesChecked.txt
[244/594    0s] ExtractUsedFeatures Library/Bee/artifacts/WinPlayerBuildProgram/Features/UnityEngine.ParticleSystemModule-FeaturesChecked.txt
[245/594    0s] ExtractUsedFeatures Library/Bee/artifacts/WinPlayerBuildProgram/Features/UnityEngine.Physics2DModule-FeaturesChecked.txt
[246/594    0s] ExtractUsedFeatures Library/Bee/artifacts/WinPlayerBuildProgram/Features/UnityEngine.MultiplayerModule-FeaturesChecked.txt
[247/594    0s] ExtractUsedFeatures Library/Bee/artifacts/WinPlayerBuildProgram/Features/UnityEngine.NVIDIAModule-FeaturesChecked.txt
[248/594    0s] ExtractUsedFeatures Library/Bee/artifacts/WinPlayerBuildProgram/Features/UnityEngine.LocalizationModule-FeaturesChecked.txt
[249/594    0s] ExtractUsedFeatures Library/Bee/artifacts/WinPlayerBuildProgram/Features/UnityEngine.JSONSerializeModule-FeaturesChecked.txt
[250/594    0s] ExtractUsedFeatures Library/Bee/artifacts/WinPlayerBuildProgram/Features/UnityEngine.InputModule-FeaturesChecked.txt
[251/594    0s] ExtractUsedFeatures Library/Bee/artifacts/WinPlayerBuildProgram/Features/UnityEngine.HierarchyModule-FeaturesChecked.txt
[252/594    0s] ExtractUsedFeatures Library/Bee/artifacts/WinPlayerBuildProgram/Features/UnityEngine.HotReloadModule-FeaturesChecked.txt
[253/594    0s] ExtractUsedFeatures Library/Bee/artifacts/WinPlayerBuildProgram/Features/UnityEngine.GraphicsStateCollectionSerializerModule-FeaturesChecked.txt
[254/594    0s] ExtractUsedFeatures Library/Bee/artifacts/WinPlayerBuildProgram/Features/UnityEngine.IdentifiersModule-FeaturesChecked.txt
[255/594    0s] ExtractUsedFeatures Library/Bee/artifacts/WinPlayerBuildProgram/Features/UnityEngine.HierarchyCoreModule-FeaturesChecked.txt
[256/594    0s] ExtractUsedFeatures Library/Bee/artifacts/WinPlayerBuildProgram/Features/UnityEngine.InsightsModule-FeaturesChecked.txt
[257/594    0s] ExtractUsedFeatures Library/Bee/artifacts/WinPlayerBuildProgram/Features/UnityEngine.InputLegacyModule-FeaturesChecked.txt
[258/594    0s] ExtractUsedFeatures Library/Bee/artifacts/WinPlayerBuildProgram/Features/UnityEngine.MathematicsModule-FeaturesChecked.txt
[259/594    0s] ExtractUsedFeatures Library/Bee/artifacts/WinPlayerBuildProgram/Features/UnityEngine.GridModule-FeaturesChecked.txt
[260/594    0s] ExtractUsedFeatures Library/Bee/artifacts/WinPlayerBuildProgram/Features/UnityEngine.ImageConversionModule-FeaturesChecked.txt
[261/594    0s] ExtractUsedFeatures Library/Bee/artifacts/WinPlayerBuildProgram/Features/UnityEngine.GIModule-FeaturesChecked.txt
[262/594    0s] ExtractUsedFeatures Library/Bee/artifacts/WinPlayerBuildProgram/Features/UnityEngine.GameCenterModule-FeaturesChecked.txt
[263/594    0s] ExtractUsedFeatures Library/Bee/artifacts/WinPlayerBuildProgram/Features/UnityEngine.InputForUIModule-FeaturesChecked.txt
[264/594    0s] ExtractUsedFeatures Library/Bee/artifacts/WinPlayerBuildProgram/Features/UnityEngine.ClothModule-FeaturesChecked.txt
[265/594    0s] ExtractUsedFeatures Library/Bee/artifacts/WinPlayerBuildProgram/Features/UnityEngine-FeaturesChecked.txt
[266/594    0s] ExtractUsedFeatures Library/Bee/artifacts/WinPlayerBuildProgram/Features/UnityEngine.DSPGraphModule-FeaturesChecked.txt
[267/594    0s] ExtractUsedFeatures Library/Bee/artifacts/WinPlayerBuildProgram/Features/UnityEngine.CrashReportingModule-FeaturesChecked.txt
[268/594    0s] ExtractUsedFeatures Library/Bee/artifacts/WinPlayerBuildProgram/Features/UnityEngine.IMGUIModule-FeaturesChecked.txt
[269/594    0s] ExtractUsedFeatures Library/Bee/artifacts/WinPlayerBuildProgram/Features/UnityEngine.ClusterRendererModule-FeaturesChecked.txt
[270/594    0s] ExtractUsedFeatures Library/Bee/artifacts/WinPlayerBuildProgram/Features/Unity.VisualScripting.Antlr3.Runtime-FeaturesChecked.txt
[271/594    0s] ExtractUsedFeatures Library/Bee/artifacts/WinPlayerBuildProgram/Features/UnityEngine.ClusterInputModule-FeaturesChecked.txt
[272/594    0s] ExtractUsedFeatures Library/Bee/artifacts/WinPlayerBuildProgram/Features/UnityEngine.ARModule-FeaturesChecked.txt
[273/594    0s] ExtractUsedFeatures Library/Bee/artifacts/WinPlayerBuildProgram/Features/UnityEngine.AssetBundleModule-FeaturesChecked.txt
[274/594    0s] ExtractUsedFeatures Library/Bee/artifacts/WinPlayerBuildProgram/Features/UnityEngine.ContentLoadModule-FeaturesChecked.txt
[275/594    0s] ExtractUsedFeatures Library/Bee/artifacts/WinPlayerBuildProgram/Features/UnityEngine.AudioModule-FeaturesChecked.txt
[276/594    0s] ExtractUsedFeatures Library/Bee/artifacts/WinPlayerBuildProgram/Features/UnityEngine.CoreModule-FeaturesChecked.txt
[277/594    0s] ExtractUsedFeatures Library/Bee/artifacts/WinPlayerBuildProgram/Features/Unity.Services.Core.Configuration-FeaturesChecked.txt
[278/594    0s] ExtractUsedFeatures Library/Bee/artifacts/WinPlayerBuildProgram/Features/UnityEngine.AnimationModule-FeaturesChecked.txt
[279/594    0s] ExtractUsedFeatures Library/Bee/artifacts/WinPlayerBuildProgram/Features/UnityEngine.AndroidJNIModule-FeaturesChecked.txt
[280/594    0s] ExtractUsedFeatures Library/Bee/artifacts/WinPlayerBuildProgram/Features/UnityEngine.AMDModule-FeaturesChecked.txt
[281/594    0s] ExtractUsedFeatures Library/Bee/artifacts/WinPlayerBuildProgram/Features/UnityEngine.AdaptivePerformanceModule-FeaturesChecked.txt
[282/594    0s] ExtractUsedFeatures Library/Bee/artifacts/WinPlayerBuildProgram/Features/UnityEngine.AIModule-FeaturesChecked.txt
[283/594    0s] ExtractUsedFeatures Library/Bee/artifacts/WinPlayerBuildProgram/Features/Unity.VisualScripting.DocCodeExamples-FeaturesChecked.txt
[284/594    0s] ExtractUsedFeatures Library/Bee/artifacts/WinPlayerBuildProgram/Features/Unity.VisualScripting.Core-FeaturesChecked.txt
[285/594    0s] ExtractUsedFeatures Library/Bee/artifacts/WinPlayerBuildProgram/Features/Unity.SurfaceCache.Runtime-FeaturesChecked.txt
[286/594    0s] ExtractUsedFeatures Library/Bee/artifacts/WinPlayerBuildProgram/Features/Unity.Services.Core.Registration-FeaturesChecked.txt
[287/594    0s] ExtractUsedFeatures Library/Bee/artifacts/WinPlayerBuildProgram/Features/Unity.VisualScripting.Flow-FeaturesChecked.txt
[288/594    0s] ExtractUsedFeatures Library/Bee/artifacts/WinPlayerBuildProgram/Features/UnityEngine.AccessibilityModule-FeaturesChecked.txt
[289/594    0s] ExtractUsedFeatures Library/Bee/artifacts/WinPlayerBuildProgram/Features/Unity.Services.Core.Device-FeaturesChecked.txt
[290/594    0s] ExtractUsedFeatures Library/Bee/artifacts/WinPlayerBuildProgram/Features/System.Memory-FeaturesChecked.txt
[291/594    0s] ExtractUsedFeatures Library/Bee/artifacts/WinPlayerBuildProgram/Features/Unity.Services.Core.Telemetry-FeaturesChecked.txt
[292/594    0s] ExtractUsedFeatures Library/Bee/artifacts/WinPlayerBuildProgram/Features/Unity.RenderPipelines.Universal.2D.Runtime-FeaturesChecked.txt
[293/594    0s] ExtractUsedFeatures Library/Bee/artifacts/WinPlayerBuildProgram/Features/Unity.Timeline-FeaturesChecked.txt
[294/594    0s] ExtractUsedFeatures Library/Bee/artifacts/WinPlayerBuildProgram/Features/Unity.Services.Core.Threading-FeaturesChecked.txt
[295/594    0s] ExtractUsedFeatures Library/Bee/artifacts/WinPlayerBuildProgram/Features/Unity.Services.Core.Analytics-FeaturesChecked.txt
[296/594    0s] ExtractUsedFeatures Library/Bee/artifacts/WinPlayerBuildProgram/Features/Unity.UnifiedRayTracing.Runtime-FeaturesChecked.txt
[297/594    0s] ExtractUsedFeatures Library/Bee/artifacts/WinPlayerBuildProgram/Features/Unity.Services.Core.Internal-FeaturesChecked.txt
[298/594    0s] ExtractUsedFeatures Library/Bee/artifacts/WinPlayerBuildProgram/Features/Unity.Services.Core.Networking-FeaturesChecked.txt
[299/594    0s] ExtractUsedFeatures Library/Bee/artifacts/WinPlayerBuildProgram/Features/Unity.TextMeshPro-FeaturesChecked.txt
[300/594    0s] ExtractUsedFeatures Library/Bee/artifacts/WinPlayerBuildProgram/Features/Unity.Services.Core.Environments.Internal-FeaturesChecked.txt
[301/594    0s] ExtractUsedFeatures Library/Bee/artifacts/WinPlayerBuildProgram/Features/Unity.Services.Core.Scheduler-FeaturesChecked.txt
[302/594    0s] ExtractUsedFeatures Library/Bee/artifacts/WinPlayerBuildProgram/Features/Unity.Services.Core.Environments-FeaturesChecked.txt
[303/594    0s] ExtractUsedFeatures Library/Bee/artifacts/WinPlayerBuildProgram/Features/Unity.Services.Core-FeaturesChecked.txt
[304/594    0s] ExtractUsedFeatures Library/Bee/artifacts/WinPlayerBuildProgram/Features/Unity.InternalAPIEngineBridge.RenderPipelines.Core.Runtime.Shared-FeaturesChecked.txt
[305/594    0s] ExtractUsedFeatures Library/Bee/artifacts/WinPlayerBuildProgram/Features/Unity.RenderPipelines.Core.ShaderLibrary-FeaturesChecked.txt
[306/594    0s] ExtractUsedFeatures Library/Bee/artifacts/WinPlayerBuildProgram/Features/Unity.RenderPipelines.Universal.Shaders-FeaturesChecked.txt
[307/594    0s] ExtractUsedFeatures Library/Bee/artifacts/WinPlayerBuildProgram/Features/Unity.Services.Core.Components-FeaturesChecked.txt
[308/594    0s] ExtractUsedFeatures Library/Bee/artifacts/WinPlayerBuildProgram/Features/Unity.RenderPipelines.Universal.Config.Runtime-FeaturesChecked.txt
[309/594    0s] ExtractUsedFeatures Library/Bee/artifacts/WinPlayerBuildProgram/Features/Unity.RenderPipelines.Universal.Runtime-FeaturesChecked.txt
[310/594    0s] ExtractUsedFeatures Library/Bee/artifacts/WinPlayerBuildProgram/Features/Unity.RenderPipelines.ShaderGraph.ShaderGraphLibrary-FeaturesChecked.txt
[311/594    0s] ExtractUsedFeatures Library/Bee/artifacts/WinPlayerBuildProgram/Features/Unity.Mathematics-FeaturesChecked.txt
[312/594    0s] ExtractUsedFeatures Library/Bee/artifacts/WinPlayerBuildProgram/Features/Unity.Scripting-FeaturesChecked.txt
[313/594    0s] ExtractUsedFeatures Library/Bee/artifacts/WinPlayerBuildProgram/Features/Unity.Multiplayer.Center.Common-FeaturesChecked.txt
[314/594    0s] ExtractUsedFeatures Library/Bee/artifacts/WinPlayerBuildProgram/Features/Unity.InputSystem.ForUI-FeaturesChecked.txt
[315/594    0s] ExtractUsedFeatures Library/Bee/artifacts/WinPlayerBuildProgram/Features/Unity.RenderPipelines.Core.Runtime.Shared-FeaturesChecked.txt
[316/594    0s] ExtractUsedFeatures Library/Bee/artifacts/WinPlayerBuildProgram/Features/Unity.Services.Analytics-FeaturesChecked.txt
[317/594    0s] ExtractUsedFeatures Library/Bee/artifacts/WinPlayerBuildProgram/Features/Unity.RenderPipelines.GPUDriven.Runtime-FeaturesChecked.txt
[318/594    0s] ExtractUsedFeatures Library/Bee/artifacts/WinPlayerBuildProgram/Features/System.EnterpriseServices-FeaturesChecked.txt
[319/594    0s] ExtractUsedFeatures Library/Bee/artifacts/WinPlayerBuildProgram/Features/Unity.RenderPipeline.Universal.ShaderLibrary-FeaturesChecked.txt
[320/594    0s] ExtractUsedFeatures Library/Bee/artifacts/WinPlayerBuildProgram/Features/System.Runtime.CompilerServices.Unsafe-FeaturesChecked.txt
[321/594    0s] ExtractUsedFeatures Library/Bee/artifacts/WinPlayerBuildProgram/Features/Unity.InternalAPIEngineBridge.001-FeaturesChecked.txt
[322/594    0s] ExtractUsedFeatures Library/Bee/artifacts/WinPlayerBuildProgram/Features/System.IO.Compression-FeaturesChecked.txt
[323/594    0s] ExtractUsedFeatures Library/Bee/artifacts/WinPlayerBuildProgram/Features/System.IO.Compression.FileSystem-FeaturesChecked.txt
[324/594    0s] ExtractUsedFeatures Library/Bee/artifacts/WinPlayerBuildProgram/Features/Unity.InternalAPIEngineBridge.004-FeaturesChecked.txt
[325/594    0s] ExtractUsedFeatures Library/Bee/artifacts/WinPlayerBuildProgram/Features/Unity.Burst.Unsafe-FeaturesChecked.txt
[326/594    0s] ExtractUsedFeatures Library/Bee/artifacts/WinPlayerBuildProgram/Features/Unity.Collections.LowLevel.ILSupport-FeaturesChecked.txt
[327/594    0s] ExtractUsedFeatures Library/Bee/artifacts/WinPlayerBuildProgram/Features/System.Numerics-FeaturesChecked.txt
[328/594    0s] ExtractUsedFeatures Library/Bee/artifacts/WinPlayerBuildProgram/Features/Unity.PathTracing.Runtime-FeaturesChecked.txt
[329/594    0s] ExtractUsedFeatures Library/Bee/artifacts/WinPlayerBuildProgram/Features/Unity.RenderPipelines.Core.Runtime-FeaturesChecked.txt
[330/594    0s] ExtractUsedFeatures Library/Bee/artifacts/WinPlayerBuildProgram/Features/Unity.2D.Tilemap.Extras-FeaturesChecked.txt
[331/594    0s] ExtractUsedFeatures Library/Bee/artifacts/WinPlayerBuildProgram/Features/Unity.2D.Animation.Runtime-FeaturesChecked.txt
[332/594    0s] ExtractUsedFeatures Library/Bee/artifacts/WinPlayerBuildProgram/Features/Unity.Analytics.DataPrivacy-FeaturesChecked.txt
[333/594    0s] ExtractUsedFeatures Library/Bee/artifacts/WinPlayerBuildProgram/Features/Unity.Collections-FeaturesChecked.txt
[334/594    0s] ExtractUsedFeatures Library/Bee/artifacts/WinPlayerBuildProgram/Features/Unity.InputSystem-FeaturesChecked.txt
[335/594    0s] ExtractUsedFeatures Library/Bee/artifacts/WinPlayerBuildProgram/Features/Unity.2D.Common.Runtime-FeaturesChecked.txt
[336/594    0s] ExtractUsedFeatures Library/Bee/artifacts/WinPlayerBuildProgram/Features/Unity.AI.Navigation-FeaturesChecked.txt
[337/594    0s] ExtractUsedFeatures Library/Bee/artifacts/WinPlayerBuildProgram/Features/Unity.Burst-FeaturesChecked.txt
[338/594    0s] ExtractUsedFeatures Library/Bee/artifacts/WinPlayerBuildProgram/Features/Unity.2D.SpriteShape.Runtime-FeaturesChecked.txt
[339/594    0s] ExtractUsedFeatures Library/Bee/artifacts/WinPlayerBuildProgram/Features/Unity.VisualScripting.State-FeaturesChecked.txt
[340/594    0s] ExtractUsedFeatures Library/Bee/artifacts/WinPlayerBuildProgram/Features/System.Xml.Linq-FeaturesChecked.txt
[342/594    0s] CopyFiles D:/Unity/Projects/Project 01 build/Project 01_Data/Managed/UnityEngine.InsightsModule.dll
[343/594    0s] CopyFiles D:/Unity/Projects/Project 01 build/Project 01_Data/Managed/Unity.Services.Core.Threading.dll
[344/594    0s] CopyFiles D:/Unity/Projects/Project 01 build/Project 01_Data/Managed/UnityEngine.VectorGraphicsModule.dll
[345/594    0s] CopyFiles D:/Unity/Projects/Project 01 build/Project 01_Data/Managed/UnityEngine.TLSModule.dll
[346/594    0s] CopyFiles D:/Unity/Projects/Project 01 build/Project 01_Data/Managed/UnityEngine.AnimationModule.dll
[347/594    0s] CopyFiles D:/Unity/Projects/Project 01 build/Project 01_Data/Managed/System.Security.dll
[348/594    0s] ExtractUsedFeatures Library/Bee/artifacts/WinPlayerBuildProgram/Features/Assembly-CSharp-FeaturesChecked.txt
[349/594    0s] CopyFiles D:/Unity/Projects/Project 01 build/Project 01_Data/Managed/UnityEngine.SpriteShapeModule.dll
[350/594    0s] ExtractUsedFeatures Library/Bee/artifacts/WinPlayerBuildProgram/Features/System.Transactions-FeaturesChecked.txt
[351/594    0s] ExtractUsedFeatures Library/Bee/artifacts/WinPlayerBuildProgram/Features/System.ServiceModel.Internals-FeaturesChecked.txt
[352/594    0s] CopyFiles D:/Unity/Projects/Project 01 build/Project 01_Data/Managed/Unity.Collections.LowLevel.ILSupport.dll
[353/594    0s] CopyFiles D:/Unity/Projects/Project 01 build/Project 01_Data/Managed/UnityEngine.MathematicsModule.dll
[354/594    0s] CopyFiles D:/Unity/Projects/Project 01 build/Project 01_Data/Managed/UnityEngine.WindModule.dll
[355/594    0s] CopyFiles D:/Unity/Projects/Project 01 build/Project 01_Data/Managed/System.Data.DataSetExtensions.dll
[356/594    0s] CopyFiles D:/Unity/Projects/Project 01 build/Project 01_Data/Managed/Unity.RenderPipelines.Core.ShaderLibrary.dll
[357/594    0s] CopyFiles D:/Unity/Projects/Project 01 build/Project 01_Data/Managed/UnityEngine.UnityWebRequestAssetBundleModule.dll
[358/594    0s] CopyFiles D:/Unity/Projects/Project 01 build/Project 01_Data/Managed/UnityEngine.UnityWebRequestAudioModule.dll
[359/594    0s] CopyFiles D:/Unity/Projects/Project 01 build/Project 01_Data/Managed/UnityEngine.SubstanceModule.dll
[360/594    0s] CopyFiles D:/Unity/Projects/Project 01 build/Project 01_Data/Managed/UnityEngine.IdentifiersModule.dll
[361/594    0s] CopyFiles D:/Unity/Projects/Project 01 build/Project 01_Data/Managed/Unity.PathTracing.Runtime.dll
[362/594    0s] CopyFiles D:/Unity/Projects/Project 01 build/Project 01_Data/Managed/System.Configuration.dll
[363/594    0s] CopyFiles D:/Unity/Projects/Project 01 build/Project 01_Data/Managed/UnityEngine.VirtualTexturingModule.dll
[364/594    0s] CopyFiles D:/Unity/Projects/Project 01 build/Project 01_Data/Managed/System.Buffers.dll
[365/594    0s] CopyFiles D:/Unity/Projects/Project 01 build/Project 01_Data/Managed/UnityEngine.GridModule.dll
[366/594    0s] CopyFiles D:/Unity/Projects/Project 01 build/Project 01_Data/Managed/labstreaminglayer.LSL4Unity.Runtime.dll
[367/594    0s] CopyFiles D:/Unity/Projects/Project 01 build/Project 01_Data/Managed/UnityEngine.CoreModule.dll
[368/594    0s] CopyFiles D:/Unity/Projects/Project 01 build/Project 01_Data/Managed/UnityEngine.HierarchyCoreModule.dll
[369/594    0s] CopyFiles D:/Unity/Projects/Project 01 build/Project 01_Data/Managed/System.ComponentModel.Composition.dll
[370/594    0s] CopyFiles D:/Unity/Projects/Project 01 build/Project 01_Data/Managed/Unity.2D.Animation.Runtime.dll
[371/594    0s] CopyFiles D:/Unity/Projects/Project 01 build/Project 01_Data/Managed/UnityEngine.TextCoreTextEngineModule.dll
[372/594    0s] CopyFiles D:/Unity/Projects/Project 01 build/Project 01_Data/Managed/Unity.Services.Core.dll
[373/594    0s] CopyFiles D:/Unity/Projects/Project 01 build/Project 01_Data/Managed/Unity.RenderPipeline.Universal.ShaderLibrary.dll
[374/594    0s] CopyFiles D:/Unity/Projects/Project 01 build/Project 01_Data/Managed/Assembly-CSharp.dll
[375/594    0s] CopyFiles D:/Unity/Projects/Project 01 build/Project 01_Data/Managed/System.Runtime.Serialization.dll
[376/594    0s] CopyFiles D:/Unity/Projects/Project 01 build/Project 01_Data/Managed/System.Numerics.dll
[377/594    0s] CopyFiles D:/Unity/Projects/Project 01 build/Project 01_Data/Managed/UnityEngine.MarshallingModule.dll
[378/594    0s] CopyFiles D:/Unity/Projects/Project 01 build/Project 01_Data/Managed/UnityEngine.SpatialTracking.dll
[379/594    0s] CopyFiles D:/Unity/Projects/Project 01 build/Project 01_Data/Managed/UnityEngine.ClusterRendererModule.dll
[380/594    0s] ExtractUsedFeatures Library/Bee/artifacts/WinPlayerBuildProgram/Features/UnityEngine.Purchasing.Codeless-FeaturesChecked.txt
[381/594    0s] ExtractUsedFeatures Library/Bee/artifacts/WinPlayerBuildProgram/Features/labstreaminglayer.LSL4Unity.Runtime-FeaturesChecked.txt
[382/594    0s] CopyFiles D:/Unity/Projects/Project 01 build/Project 01_Data/Managed/Unity.Multiplayer.Center.Common.dll
[383/594    0s] CopyFiles D:/Unity/Projects/Project 01 build/Project 01_Data/Managed/UnityEngine.TerrainPhysicsModule.dll
[384/594    0s] CopyFiles D:/Unity/Projects/Project 01 build/Project 01_Data/Managed/Unity.Mathematics.dll
[385/594    0s] CopyFiles D:/Unity/Projects/Project 01 build/Project 01_Data/Managed/Unity.SurfaceCache.Runtime.dll
[386/594    0s] CopyFiles D:/Unity/Projects/Project 01 build/Project 01_Data/Managed/UnityEngine.UnityAnalyticsCommonModule.dll
[387/594    0s] CopyFiles D:/Unity/Projects/Project 01 build/Project 01_Data/Managed/UnityEngine.AndroidJNIModule.dll
[388/594    0s] CopyFiles D:/Unity/Projects/Project 01 build/Project 01_Data/Managed/UnityEngine.UnityConnectModule.dll
[389/594    0s] CopyFiles D:/Unity/Projects/Project 01 build/Project 01_Data/Managed/UnityEngine.UIModule.dll
[390/594    0s] CopyFiles D:/Unity/Projects/Project 01 build/Project 01_Data/Managed/UnityEngine.PhysicsBackendPhysXModule.dll
[391/594    0s] CopyFiles D:/Unity/Projects/Project 01 build/Project 01_Data/Managed/UnityEngine.Physics2DModule.dll
[392/594    0s] CopyFiles D:/Unity/Projects/Project 01 build/Project 01_Data/Managed/UnityEngine.ParticleSystemModule.dll
[393/594    0s] CopyFiles D:/Unity/Projects/Project 01 build/Project 01_Data/Managed/System.Drawing.dll
[394/594    0s] CopyFiles D:/Unity/Projects/Project 01 build/Project 01_Data/Managed/UnityEngine.Purchasing.WinRTCore.dll
[395/594    0s] CopyFiles D:/Unity/Projects/Project 01 build/Project 01_Data/Managed/Unity.Services.Core.Device.dll
[396/594    0s] CopyFiles D:/Unity/Projects/Project 01 build/Project 01_Data/Managed/UnityEngine.Purchasing.WinRTStub.dll
[397/594    0s] CopyFiles D:/Unity/Projects/Project 01 build/Project 01_Data/Managed/Unity.TextMeshPro.dll
[398/594    0s] CopyFiles D:/Unity/Projects/Project 01 build/Project 01_Data/Managed/UnityEngine.Purchasing.AppleMacosStub.dll
[399/594    0s] CopyFiles D:/Unity/Projects/Project 01 build/Project 01_Data/Managed/UnityEngine.Purchasing.AppleCore.dll
[400/594    0s] CopyFiles D:/Unity/Projects/Project 01 build/Project 01_Data/Managed/UnityEngine.Purchasing.AppleStub.dll
[401/594    0s] ExtractUsedFeatures Library/Bee/artifacts/WinPlayerBuildProgram/Features/UnityEngine.Purchasing-FeaturesChecked.txt
[402/594    0s] CopyFiles D:/Unity/Projects/Project 01 build/Project 01_Data/Managed/UnityEngine.DirectorModule.dll
[403/594    0s] CopyFiles D:/Unity/Projects/Project 01 build/Project 01_Data/Managed/netstandard.dll
[404/594    0s] CopyFiles D:/Unity/Projects/Project 01 build/Project 01_Data/Managed/System.Data.dll
[405/594    0s] CopyFiles D:/Unity/Projects/Project 01 build/Project 01_Data/Managed/Unity.Burst.dll
[406/594    0s] CopyFiles D:/Unity/Projects/Project 01 build/Project 01_Data/Managed/System.Core.dll
[407/594    0s] CopyFiles D:/Unity/Projects/Project 01 build/Project 01_Data/Managed/UnityEngine.dll
[408/594    0s] CopyFiles D:/Unity/Projects/Project 01 build/Project 01_Data/Managed/UnityEngine.HierarchyModule.dll
[409/594    0s] CopyFiles D:/Unity/Projects/Project 01 build/Project 01_Data/Managed/System.IO.Compression.dll
[410/594    0s] CopyFiles D:/Unity/Projects/Project 01 build/Project 01_Data/Managed/Unity.2D.Tilemap.Extras.dll
[411/594    0s] ExtractUsedFeatures Library/Bee/artifacts/WinPlayerBuildProgram/Features/System.Security-FeaturesChecked.txt
[412/594    0s] ExtractUsedFeatures Library/Bee/artifacts/WinPlayerBuildProgram/Features/Mono.Security-FeaturesChecked.txt
[413/594    0s] ExtractUsedFeatures Library/Bee/artifacts/WinPlayerBuildProgram/Features/System.Data.DataSetExtensions-FeaturesChecked.txt
[414/594    0s] CopyFiles D:/Unity/Projects/Project 01 build/Project 01_Data/Managed/UnityEngine.PerformanceReportingModule.dll
[415/594    0s] ExtractUsedFeatures Library/Bee/artifacts/WinPlayerBuildProgram/Features/System.Configuration-FeaturesChecked.txt
[416/594    0s] CopyFiles D:/Unity/Projects/Project 01 build/Project 01_Data/Managed/Unity.Services.Core.Scheduler.dll
[417/594    0s] CopyFiles D:/Unity/Projects/Project 01 build/Project 01_Data/Managed/Unity.Services.Core.Telemetry.dll
[418/594    0s] ExtractUsedFeatures Library/Bee/artifacts/WinPlayerBuildProgram/Features/Purchasing.Common-FeaturesChecked.txt
[419/594    0s] CopyFiles D:/Unity/Projects/Project 01 build/Project 01_Data/Managed/Unity.VisualScripting.State.dll
[420/594    0s] CopyFiles D:/Unity/Projects/Project 01 build/Project 01_Data/Managed/Unity.InputSystem.dll
[421/594    0s] CopyFiles D:/Unity/Projects/Project 01 build/Project 01_Data/Managed/Unity.UnifiedRayTracing.Runtime.dll
[422/594    0s] CopyFiles D:/Unity/Projects/Project 01 build/Project 01_Data/Managed/UnityEngine.UI.dll
[423/594    0s] CopyFiles D:/Unity/Projects/Project 01 build/Project 01_Data/Managed/UnityEngine.TextRenderingModule.dll
[424/594    0s] CopyFiles D:/Unity/Projects/Project 01 build/Project 01_Data/Managed/UnityEngine.AdaptivePerformanceModule.dll
[425/594    0s] CopyFiles D:/Unity/Projects/Project 01 build/Project 01_Data/Managed/UnityEngine.XRModule.dll
[426/594    0s] CopyFiles D:/Unity/Projects/Project 01 build/Project 01_Data/Managed/System.dll
[427/594    0s] CopyFiles D:/Unity/Projects/Project 01 build/Project 01_Data/Managed/UnityEngine.Purchasing.Codeless.dll
[428/594    0s] CopyFiles D:/Unity/Projects/Project 01 build/Project 01_Data/Managed/UnityEngine.JSONSerializeModule.dll
[429/594    0s] ExtractUsedFeatures Library/Bee/artifacts/WinPlayerBuildProgram/Features/System.Reflection.Metadata-FeaturesChecked.txt
[430/594    0s] CopyFiles D:/Unity/Projects/Project 01 build/Project 01_Data/Managed/Unity.VisualScripting.Core.dll
[431/594    0s] CopyFiles D:/Unity/Projects/Project 01 build/Project 01_Data/Managed/UnityEngine.AudioModule.dll
[432/594    0s] CopyFiles D:/Unity/Projects/Project 01 build/Project 01_Data/Managed/UnityEngine.UIElementsModule.dll
[433/594    0s] CopyFiles D:/Unity/Projects/Project 01 build/Project 01_Data/Managed/System.Xml.Linq.dll
[434/594    0s] CopyFiles D:/Unity/Projects/Project 01 build/Project 01_Data/Managed/Unity.RenderPipelines.Core.Runtime.dll
[435/594    0s] CopyFiles D:/Unity/Projects/Project 01 build/Project 01_Data/Managed/Unity.RenderPipelines.Core.Runtime.Shared.dll
[436/594    0s] CopyFiles D:/Unity/Projects/Project 01 build/Project 01_Data/Managed/mscorlib.dll
[437/594    0s] CopyFiles D:/Unity/Projects/Project 01 build/Project 01_Data/Managed/Unity.Services.Core.Analytics.dll
[438/594    0s] CopyFiles D:/Unity/Projects/Project 01 build/Project 01_Data/Managed/UnityEngine.AccessibilityModule.dll
[439/594    0s] CopyFiles D:/Unity/Projects/Project 01 build/Project 01_Data/Managed/UnityEngine.InputLegacyModule.dll
[440/594    0s] CopyFiles D:/Unity/Projects/Project 01 build/Project 01_Data/Managed/UnityEngine.GIModule.dll
[441/594    0s] CopyFiles D:/Unity/Projects/Project 01 build/Project 01_Data/Managed/Unity.VisualScripting.DocCodeExamples.dll
[442/594    0s] CopyFiles D:/Unity/Projects/Project 01 build/Project 01_Data/Managed/System.Net.Http.dll
[443/594    0s] CopyFiles D:/Unity/Projects/Project 01 build/Project 01_Data/Managed/UnityEngine.ContentLoadModule.dll
[444/594    0s] CopyFiles D:/Unity/Projects/Project 01 build/Project 01_Data/Managed/UnityEngine.PropertiesModule.dll
[445/594    0s] CopyFiles D:/Unity/Projects/Project 01 build/Project 01_Data/Managed/UnityEngine.Purchasing.dll
[446/594    0s] CopyFiles D:/Unity/Projects/Project 01 build/Project 01_Data/Managed/UnityEngine.PhysicsCore2DModule.dll
[447/594    0s] CopyFiles D:/Unity/Projects/Project 01 build/Project 01_Data/Managed/Unity.Services.Core.Components.dll
[448/594    0s] CopyFiles D:/Unity/Projects/Project 01 build/Project 01_Data/Managed/UnityEngine.PhysicsModule.dll
[449/594    0s] CopyFiles D:/Unity/Projects/Project 01 build/Project 01_Data/Managed/UnityEngine.ScriptingModule.dll
[450/594    0s] CopyFiles D:/Unity/Projects/Project 01 build/Project 01_Data/Managed/Unity.Scripting.dll
[451/594    0s] CopyFiles D:/Unity/Projects/Project 01 build/Project 01_Data/Managed/Unity.Analytics.DataPrivacy.dll
[452/594    0s] CopyFiles D:/Unity/Projects/Project 01 build/Project 01_Data/Managed/UnityEngine.TilemapModule.dll
[453/594    0s] CopyFiles D:/Unity/Projects/Project 01 build/Project 01_Data/Managed/System.EnterpriseServices.dll
[454/594    0s] CopyFiles D:/Unity/Projects/Project 01 build/Project 01_Data/Managed/Unity.2D.SpriteShape.Runtime.dll
[455/594    0s] CopyFiles D:/Unity/Projects/Project 01 build/Project 01_Data/Managed/UnityEngine.SubsystemsModule.dll
[456/594    0s] CopyFiles D:/Unity/Projects/Project 01 build/Project 01_Data/Managed/System.Runtime.CompilerServices.Unsafe.dll
[457/594    0s] CopyFiles D:/Unity/Projects/Project 01 build/Project 01_Data/Managed/System.Collections.Immutable.dll
[458/594    0s] ExtractUsedFeatures Library/Bee/artifacts/WinPlayerBuildProgram/Features/netstandard-FeaturesChecked.txt
[459/594    0s] ExtractUsedFeatures Library/Bee/artifacts/WinPlayerBuildProgram/Features/UnityEngine.UnityWebRequestModule-FeaturesChecked.txt
[460/594    0s] CopyFiles D:/Unity/Projects/Project 01 build/Project 01_Data/Managed/UnityEngine.VideoModule.dll
[461/594    0s] CopyFiles D:/Unity/Projects/Project 01 build/Project 01_Data/Managed/UnityEngine.ShaderVariantAnalyticsModule.dll
[462/594    0s] CopyFiles D:/Unity/Projects/Project 01 build/Project 01_Data/Managed/Newtonsoft.Json.dll
[463/594    0s] CopyFiles D:/Unity/Projects/Project 01 build/Project 01_Data/Managed/UnityEngine.RuntimeInitializeOnLoadManagerInitializerModule.dll
[464/594    0s] CopyFiles D:/Unity/Projects/Project 01 build/Project 01_Data/Managed/UnityEngine.ClusterInputModule.dll
[465/594    0s] CopyFiles D:/Unity/Projects/Project 01 build/Project 01_Data/Managed/UnityEngine.GraphicsStateCollectionSerializerModule.dll
[466/594    0s] CopyFiles D:/Unity/Projects/Project 01 build/Project 01_Data/Managed/UnityEngine.CrashReportingModule.dll
[467/594    0s] CopyFiles D:/Unity/Projects/Project 01 build/Project 01_Data/Managed/UnityEngine.SharedInternalsModule.dll
[468/594    0s] CopyFiles D:/Unity/Projects/Project 01 build/Project 01_Data/Managed/UnityEngine.UmbraModule.dll
[469/594    0s] CopyFiles D:/Unity/Projects/Project 01 build/Project 01_Data/Managed/UnityEngine.RenderAs2DModule.dll
[470/594    0s] CopyFiles D:/Unity/Projects/Project 01 build/Project 01_Data/Managed/UnityEngine.ARModule.dll
[471/594    0s] CopyFiles D:/Unity/Projects/Project 01 build/Project 01_Data/Managed/UnityEngine.Purchasing.Stores.dll
[472/594    0s] CopyFiles D:/Unity/Projects/Project 01 build/Project 01_Data/Managed/Unity.RenderPipelines.ShaderGraph.ShaderGraphLibrary.dll
[473/594    0s] ExtractUsedFeatures Library/Bee/artifacts/WinPlayerBuildProgram/Features/UnityEngine.XRModule-FeaturesChecked.txt
[474/594    0s] ExtractUsedFeatures Library/Bee/artifacts/WinPlayerBuildProgram/Features/System.Buffers-FeaturesChecked.txt
[475/594    0s] CopyFiles D:/Unity/Projects/Project 01 build/Project 01_Data/Managed/Unity.RenderPipelines.Universal.Shaders.dll
[476/594    0s] CopyFiles D:/Unity/Projects/Project 01 build/Project 01_Data/Managed/Unity.RenderPipelines.Universal.Runtime.dll
[477/594    0s] CopyFiles D:/Unity/Projects/Project 01 build/Project 01_Data/Managed/Unity.RenderPipelines.Universal.2D.Runtime.dll
[478/594    0s] CopyFiles D:/Unity/Projects/Project 01 build/Project 01_Data/Managed/Unity.RenderPipelines.Universal.Config.Runtime.dll
[479/594    0s] ExtractUsedFeatures Library/Bee/artifacts/WinPlayerBuildProgram/Features/System.Runtime-FeaturesChecked.txt
[480/594    0s] ExtractUsedFeatures Library/Bee/artifacts/WinPlayerBuildProgram/Features/System.Collections.Immutable-FeaturesChecked.txt
[481/594    0s] ExtractUsedFeatures Library/Bee/artifacts/WinPlayerBuildProgram/Features/System.ComponentModel.Composition-FeaturesChecked.txt
[482/594    0s] ExtractUsedFeatures Library/Bee/artifacts/WinPlayerBuildProgram/Features/System.Drawing-FeaturesChecked.txt
[483/594    0s] ExtractUsedFeatures Library/Bee/artifacts/WinPlayerBuildProgram/Features/System.Net.Http-FeaturesChecked.txt
[484/594    0s] ExtractUsedFeatures Library/Bee/artifacts/WinPlayerBuildProgram/Features/System.Core-FeaturesChecked.txt
[485/594    0s] CopyFiles D:/Unity/Projects/Project 01 build/Project 01_Data/Managed/System.IO.Compression.FileSystem.dll
[486/594    0s] CopyFiles D:/Unity/Projects/Project 01 build/Project 01_Data/Managed/UnityEngine.NVIDIAModule.dll
[487/594    0s] CopyFiles D:/Unity/Projects/Project 01 build/Project 01_Data/Managed/UnityEngine.XR.LegacyInputHelpers.dll
[488/594    0s] CopyFiles D:/Unity/Projects/Project 01 build/Project 01_Data/Managed/UnityEngine.Purchasing.SecurityStub.dll
[489/594    0s] CopyFiles D:/Unity/Projects/Project 01 build/Project 01_Data/Managed/Unity.Services.Core.Environments.dll
[490/594    0s] CopyFiles D:/Unity/Projects/Project 01 build/Project 01_Data/Managed/UnityEngine.Purchasing.SecurityCore.dll
[491/594    0s] CopyFiles D:/Unity/Projects/Project 01 build/Project 01_Data/Managed/Unity.Services.Core.Environments.Internal.dll
[492/594    0s] CopyFiles D:/Unity/Projects/Project 01 build/Project 01_Data/Managed/UnityEngine.TerrainModule.dll
[493/594    0s] CopyFiles D:/Unity/Projects/Project 01 build/Project 01_Data/Managed/UnityEngine.UnityCurlModule.dll
[494/594    0s] CopyFiles D:/Unity/Projects/Project 01 build/Project 01_Data/Managed/UnityEngine.InputForUIModule.dll
[495/594    0s] CopyFiles D:/Unity/Projects/Project 01 build/Project 01_Data/Managed/Unity.Services.Core.Networking.dll
[496/594    0s] CopyFiles D:/Unity/Projects/Project 01 build/Project 01_Data/Managed/Unity.Collections.dll
[497/594    0s] CopyFiles D:/Unity/Projects/Project 01 build/Project 01_Data/Managed/UnityEngine.AssetBundleModule.dll
[498/594    0s] CopyFiles D:/Unity/Projects/Project 01 build/Project 01_Data/Managed/System.ServiceModel.Internals.dll
[499/594    0s] CopyFiles D:/Unity/Projects/Project 01 build/Project 01_Data/Managed/UnityEngine.InputModule.dll
[500/594    0s] CopyFiles D:/Unity/Projects/Project 01 build/Project 01_Data/Managed/Mono.Security.dll
[501/594    0s] CopyFiles D:/Unity/Projects/Project 01 build/Project 01_Data/Managed/System.Runtime.dll
[502/594    0s] CopyFiles D:/Unity/Projects/Project 01 build/Project 01_Data/Managed/System.Memory.dll
[503/594    0s] CopyFiles D:/Unity/Projects/Project 01 build/Project 01_Data/Managed/UnityEngine.UnityAnalyticsModule.dll
[504/594    0s] CopyFiles D:/Unity/Projects/Project 01 build/Project 01_Data/Managed/UnityEngine.VFXModule.dll
[505/594    0s] CopyFiles D:/Unity/Projects/Project 01 build/Project 01_Data/Managed/UnityEngine.UnityWebRequestTextureModule.dll
[506/594    0s] CopyFiles D:/Unity/Projects/Project 01 build/Project 01_Data/Managed/Unity.Services.Core.Internal.dll
[507/594    0s] CopyFiles D:/Unity/Projects/Project 01 build/Project 01_Data/Managed/UnityEngine.VehiclesModule.dll
[508/594    0s] CopyFiles D:/Unity/Projects/Project 01 build/Project 01_Data/Managed/Purchasing.Common.dll
[509/594    0s] CopyFiles D:/Unity/Projects/Project 01 build/Project 01_Data/Managed/UnityEngine.U2DRuntimeModule.dll
[510/594    0s] CopyFiles D:/Unity/Projects/Project 01 build/Project 01_Data/Managed/UnityEngine.UnityWebRequestWWWModule.dll
[511/594    0s] CopyFiles D:/Unity/Projects/Project 01 build/Project 01_Data/Managed/Unity.VisualScripting.Flow.dll
[512/594    0s] CopyFiles D:/Unity/Projects/Project 01 build/Project 01_Data/Managed/Unity.2D.IK.Runtime.dll
[513/594    0s] CopyFiles D:/Unity/Projects/Project 01 build/Project 01_Data/Managed/UnityEngine.GameCenterModule.dll
[514/594    0s] CopyFiles D:/Unity/Projects/Project 01 build/Project 01_Data/Managed/UnityEngine.ImageConversionModule.dll
[515/594    0s] CopyFiles D:/Unity/Projects/Project 01 build/Project 01_Data/Managed/Unity.AI.Navigation.dll
[516/594    0s] CopyFiles D:/Unity/Projects/Project 01 build/Project 01_Data/Managed/Unity.2D.Common.Runtime.dll
[517/594    0s] CopyFiles D:/Unity/Projects/Project 01 build/Project 01_Data/Managed/Unity.Timeline.dll
[518/594    0s] CopyFiles D:/Unity/Projects/Project 01 build/Project 01_Data/Managed/UnityEngine.DSPGraphModule.dll
[519/594    0s] CopyFiles D:/Unity/Projects/Project 01 build/Project 01_Data/Managed/UnityEngine.UnityWebRequestModule.dll
[520/594    0s] CopyFiles D:/Unity/Projects/Project 01 build/Project 01_Data/Managed/UnityEngine.AIModule.dll
[521/594    0s] CopyFiles D:/Unity/Projects/Project 01 build/Project 01_Data/Managed/Unity.Burst.Unsafe.dll
[522/594    0s] CopyFiles D:/Unity/Projects/Project 01 build/Project 01_Data/Managed/Unity.InternalAPIEngineBridge.RenderPipelines.Core.Runtime.Shared.dll
[523/594    0s] CopyFiles D:/Unity/Projects/Project 01 build/Project 01_Data/Managed/UnityEngine.StreamingModule.dll
[524/594    0s] CopyFiles D:/Unity/Projects/Project 01 build/Project 01_Data/Managed/UnityEngine.LocalizationModule.dll
[525/594    0s] CopyFiles D:/Unity/Projects/Project 01 build/Project 01_Data/Managed/UnityEngine.ScreenCaptureModule.dll
[526/594    0s] CopyFiles D:/Unity/Projects/Project 01 build/Project 01_Data/D:/Unity/Projects/Project 01/Library/PackageCache/com.unity.burst@6bb9aca3ef38/.Runtime\bcl.exe exited after 16079 ms.
stdout:
Starting 1 library requests
Done
stderr:

Managed/System.Transactions.dll
[527/594    0s] CopyFiles D:/Unity/Projects/Project 01 build/Project 01_Data/Managed/Unity.InputSystem.ForUI.dll
[528/594    0s] CopyFiles D:/Unity/Projects/Project 01 build/Project 01_Data/Managed/Unity.InternalAPIEngineBridge.004.dll
[529/594    0s] CopyFiles D:/Unity/Projects/Project 01 build/Project 01_Data/Managed/UnityEngine.SpriteMaskModule.dll
[530/594    0s] CopyFiles D:/Unity/Projects/Project 01 build/Project 01_Data/Managed/Unity.InternalAPIEngineBridge.001.dll
[531/594    0s] CopyFiles D:/Unity/Projects/Project 01 build/Project 01_Data/Managed/UnityEngine.IMGUIModule.dll
[532/594    0s] CopyFiles D:/Unity/Projects/Project 01 build/Project 01_Data/Managed/Unity.Services.Core.Registration.dll
[533/594    0s] CopyFiles D:/Unity/Projects/Project 01 build/Project 01_Data/Managed/UnityEngine.MultiplayerModule.dll
[534/594    0s] CopyFiles D:/Unity/Projects/Project 01 build/Project 01_Data/Managed/Unity.VisualScripting.Antlr3.Runtime.dll
[535/594    0s] CopyFiles D:/Unity/Projects/Project 01 build/Project 01_Data/Managed/Unity.Services.Analytics.dll
[536/594    0s] CopyFiles D:/Unity/Projects/Project 01 build/Project 01_Data/Managed/System.Reflection.Metadata.dll
[537/594    0s] CopyFiles D:/Unity/Projects/Project 01 build/Project 01_Data/Managed/Unity.RenderPipelines.GPUDriven.Runtime.dll
[538/594    0s] CopyFiles D:/Unity/Projects/Project 01 build/Project 01_Data/Managed/System.Xml.dll
[539/594    0s] CopyFiles D:/Unity/Projects/Project 01 build/Project 01_Data/Managed/Unity.Services.Core.Configuration.dll
[544/594    0s] CopyFiles D:/Unity/Projects/Project 01 build/Project 01_Data/Managed/UnityEngine.ClothModule.dll
[548/594    0s] CopyFiles D:/Unity/Projects/Project 01 build/Project 01_Data/Managed/UnityEngine.UnityConsentModule.dll
[568/594    0s] CopyFiles D:/Unity/Projects/Project 01 build/Project 01_Data/Managed/UnityEngine.AMDModule.dll
[585/594    0s] CopyFiles D:/Unity/Projects/Project 01 build/Project 01_Data/Managed/UnityEngine.TextCoreFontEngineModule.dll
[586/594    0s] CopyFiles D:/Unity/Projects/Project 01 build/Project 01_Data/Managed/UnityEngine.HotReloadModule.dll
[587/594    0s] ExtractUsedFeatures Library/Bee/artifacts/WinPlayerBuildProgram/Features/Newtonsoft.Json-FeaturesChecked.txt
[588/594    0s] ExtractUsedFeatures Library/Bee/artifacts/WinPlayerBuildProgram/Features/System.Data-FeaturesChecked.txt
[589/594    1s] ExtractUsedFeatures Library/Bee/artifacts/WinPlayerBuildProgram/Features/mscorlib-FeaturesChecked.txt
[590/594    1s] ExtractUsedFeatures Library/Bee/artifacts/WinPlayerBuildProgram/Features/System.Xml-FeaturesChecked.txt
[591/594    0s] ExtractUsedFeatures Library/Bee/artifacts/WinPlayerBuildProgram/Features/System-FeaturesChecked.txt
[592/594   16s] GenerateNativePluginsForAssemblies Library/Bee/artifacts/WinPlayerBuildProgram/AsyncPluginsFromLinker
*** Tundra requires additional run (21.95 seconds), 544 items updated, 594 evaluated
*** Additional run caused by: timestamp change of Library/Bee/artifacts/WinPlayerBuildProgram/Features/System.Net.Http-FeaturesChecked.txt
Starting: D:\Unity\installs\6000.5.0f1\Editor\Data\netcorerun\netcorerun.exe "D:\Unity\installs\6000.5.0f1\Editor\Data\PlaybackEngines\WindowsStandaloneSupport\WinPlayerBuildProgram.exe" "D:/Unity/installs/6000.5.0f1/Editor/Data/PlaybackEngines/WindowsStandaloneSupport/Bee;D:/Unity/installs/6000.5.0f1/Editor/Data/Tools/BuildPipeline" "Library/Bee/Player3ba1215f.dag.json" "Library/Bee/Player3ba1215f-inputdata.json" "Library\Bee\buildprogram2.traceevents"
WorkingDir: D:/Unity/Projects/Project 01
ExitCode: 4 Duration: 21s
ExitCode: 0 Duration: 0s460ms
Starting: D:\Unity\installs\6000.5.0f1\Editor\Data\Tools\BuildPipeline\bee_backend.exe --ipc --dagfile="Library/Bee/Player3ba1215f.dag" --dagfilejson="Library\Bee\Player3ba1215f.dag.json" --profile="Library/Bee/backend4.traceevents" Player
WorkingDir: D:/Unity/Projects/Project 01
Finished compiling graph: 595 nodes, 1549 flattened edges (1549 ToBuild, 0 ToUse), maximum node priority 371
[593/594    0s] CopyFiles D:/Unity/Projects/Project 01 build/Project 01_Data/Plugins/x86_64/lib_burst_generated.dll
*** Tundra build success (0.11 seconds), 1 items updated, 594 evaluated
ExitCode: 0 Duration: 0s151ms
Refreshing native plugins compatible for Editor in 6.50 ms, found 6 plugins.
Total cache size 59501688
Total cache size after purge 59501688, took 00:00:00.0801035
Refreshing native plugins compatible for Editor in 5.46 ms, found 6 plugins.
Asset Pipeline Refresh (id=714c4d62ba97cd34c94d57c74d8bc92d): Total: 0.165 seconds - Initiated by RefreshV2(NoUpdateAssetOptions)
Refreshing native plugins compatible for Editor in 7.17 ms, found 6 plugins.

-------------------------------------------------------------------------------
Build Report
Uncompressed usage by category (Percentages based on user generated assets only):
Textures               10.0 mb	 80.3% 
Meshes                 0.0 kb	 0.0% 
Animations             0.0 kb	 0.0% 
Sounds                 0.0 kb	 0.0% 
Shaders                1.1 mb	 9.2% 
Other Assets           918.9 kb	 7.2% 
Levels                 8.5 kb	 0.1% 
File headers           84.6 kb	 0.7% 
Total User Assets      12.4 mb	 100.0% 
Complete build size    108.3 mb
Used Assets and files from the Resources folder, sorted by uncompressed size:
 2.7 mb	 2.5% Built-in Texture2D: Splash Screen Unity Logo
 1.0 mb	 0.9% Assets/TextMesh Pro/Resources/Fonts & Materials/LiberationSans SDF.asset
 1.0 mb	 0.9% Assets/TextMesh Pro/Examples & Extras/Resources/Fonts & Materials/Unity SDF.asset
 1013.1 kb	 0.9% Assets/BayatGames/Free Platform Game Assets/Backgrounds/Background/png/1920x1080/All/Sky.png
 344.5 kb	 0.3% Assets/TextMesh Pro/Fonts/LiberationSans.ttf
 341.5 kb	 0.3% Assets/TextMesh Pro/Examples & Extras/Sprites/DropCap Numbers.psd
 341.5 kb	 0.3% Assets/TextMesh Pro/Examples & Extras/Sprites/Default Sprites.png
 262.6 kb	 0.2% Packages/com.unity.render-pipelines.universal/Textures/SMAA/AreaTex.tga
 257.4 kb	 0.2% Assets/Nine Pines Animation/2D Character Sprite Animation - Penguin/sprites/penguin_idle_04.png
 256.1 kb	 0.2% Packages/com.unity.render-pipelines.universal/Textures/FilmGrain/Thin02.png
 256.1 kb	 0.2% Packages/com.unity.render-pipelines.universal/Textures/FilmGrain/Thin01.png
 256.1 kb	 0.2% Packages/com.unity.render-pipelines.universal/Textures/FilmGrain/Medium06.png
 256.1 kb	 0.2% Packages/com.unity.render-pipelines.universal/Textures/FilmGrain/Medium05.png
 256.1 kb	 0.2% Packages/com.unity.render-pipelines.universal/Textures/FilmGrain/Medium04.png
 256.1 kb	 0.2% Packages/com.unity.render-pipelines.universal/Textures/FilmGrain/Medium03.png
 256.1 kb	 0.2% Packages/com.unity.render-pipelines.universal/Textures/FilmGrain/Medium02.png
 256.1 kb	 0.2% Packages/com.unity.render-pipelines.universal/Textures/FilmGrain/Medium01.png
 256.1 kb	 0.2% Packages/com.unity.render-pipelines.universal/Textures/FilmGrain/Large02.png
 256.1 kb	 0.2% Packages/com.unity.render-pipelines.universal/Textures/FilmGrain/Large01.png
 254.9 kb	 0.2% Assets/TextMesh Pro/Shaders/TMP_SDF-Mobile.shader
 183.0 kb	 0.2% Packages/com.unity.render-pipelines.universal/Shaders/2D/Light2D.shader
 170.8 kb	 0.2% Assets/TextMesh Pro/Examples & Extras/Textures/Fruit Jelly (B&W).jpg
 170.8 kb	 0.2% Assets/TextMesh Pro/Examples & Extras/Textures/Floor Cement.jpg
 167.1 kb	 0.2% Assets/TextMesh Pro/Examples & Extras/Fonts/Roboto-Bold.ttf
 144.3 kb	 0.1% Packages/com.unity.render-pipelines.universal/Shaders/PostProcessing/UberPost.shader
 128.6 kb	 0.1% Assets/BayatGames/Free Platform Game Assets/Tiles/2D Tiles ( Update 1.9 )/Winter/512x512/GrassJoinHillLeft2.png
 85.5 kb	 0.1% Assets/TextMesh Pro/Examples & Extras/Textures/Brushed Metal 3.jpg
 71.8 kb	 0.1% Assets/TextMesh Pro/Examples & Extras/Fonts/Electronic Highway Sign.TTF
 68.3 kb	 0.1% Packages/com.unity.render-pipelines.core/Runtime/Vrs/Shaders/VrsTexture.compute
 65.7 kb	 0.1% Packages/com.unity.render-pipelines.universal/Shaders/Utils/CoreBlit.shader
 64.2 kb	 0.1% Assets/TextMesh Pro/Examples & Extras/Textures/Sunny Days - Seamless.jpg
 52.2 kb	 0.0% Assets/TextMesh Pro/Examples & Extras/Fonts/Oswald-Bold.ttf
 41.8 kb	 0.0% Assets/TextMesh Pro/Examples & Extras/Fonts/Anton.ttf
 41.7 kb	 0.0% Assets/TextMesh Pro/Shaders/TMP_SDF-URP Lit.shadergraph
 39.1 kb	 0.0% Assets/TextMesh Pro/Examples & Extras/Fonts/Bangers.ttf
 31.0 kb	 0.0% Assets/TextMesh Pro/Shaders/TMP_SDF-Surface.shader
 29.6 kb	 0.0% Packages/com.unity.render-pipelines.universal/Shaders/PostProcessing/BokehDepthOfField.shader
 22.9 kb	 0.0% Packages/com.unity.render-pipelines.universal/Shaders/PostProcessing/TemporalAA.shader
 21.6 kb	 0.0% Packages/com.unity.render-pipelines.universal/Shaders/PostProcessing/Bloom.shader
 21.0 kb	 0.0% Packages/com.unity.render-pipelines.universal/Shaders/PostProcessing/LensFlareDataDriven.shader
 20.5 kb	 0.0% Packages/com.unity.render-pipelines.universal/Shaders/PostProcessing/FinalPost.shader
 20.2 kb	 0.0% Packages/com.unity.render-pipelines.universal/Shaders/Terrain/WavingGrass.shader
 19.0 kb	 0.0% Packages/com.unity.render-pipelines.universal/Shaders/PostProcessing/CameraMotionBlur.shader
 18.4 kb	 0.0% Packages/com.unity.render-pipelines.universal/Shaders/2D/Sprite-Lit-Default.shader
 18.1 kb	 0.0% Packages/com.unity.render-pipelines.universal/Shaders/Terrain/TerrainDetailLit.shader
 17.5 kb	 0.0% Packages/com.unity.render-pipelines.universal/Shaders/Terrain/WavingGrassBillboard.shader
 17.5 kb	 0.0% Assets/TextMesh Pro/Shaders/TMP_SDF.shader
 17.1 kb	 0.0% Packages/com.unity.render-pipelines.universal/Shaders/PostProcessing/LensFlareScreenSpace.shader
 16.2 kb	 0.0% Packages/com.unity.render-pipelines.universal/Textures/DebugFont.tga
 15.9 kb	 0.0% Packages/com.unity.render-pipelines.universal/Shaders/PostProcessing/GaussianDepthOfField.shader
 14.6 kb	 0.0% Assets/TextMesh Pro/Shaders/TMP_SDF-Mobile-2-Pass.shader
 14.6 kb	 0.0% Assets/TextMesh Pro/Shaders/TMP_SDF-Surface-Mobile.shader
 13.3 kb	 0.0% Packages/com.unity.render-pipelines.universal/Shaders/PostProcessing/SubpixelMorphologicalAntialiasing.shader
 9.8 kb	 0.0% Assets/InputSystem_Actions.inputactions
 9.8 kb	 0.0% Packages/com.unity.render-pipelines.universal/Shaders/Debug/HDRDebugView.shader
 9.7 kb	 0.0% Assets/TextMesh Pro/Shaders/TMP_SDF-Mobile Masking.shader
 9.6 kb	 0.0% Packages/com.unity.render-pipelines.universal/Shaders/Utils/CoreBlitColorAndDepth.shader
 9.1 kb	 0.0% Assets/TextMesh Pro/Shaders/TMP_SDF-Mobile Overlay.shader
 8.8 kb	 0.0% Packages/com.unity.inputsystem/InputSystem/Plugins/PlayerInput/DefaultInputActions.inputactions
 8.2 kb	 0.0% Packages/com.unity.render-pipelines.universal/Shaders/PostProcessing/LutBuilderHdr.shader
 7.8 kb	 0.0% Packages/com.unity.render-pipelines.core/Shaders/CoreCopy.shader
 7.2 kb	 0.0% Packages/com.unity.render-pipelines.universal/Shaders/2D/Shadow2D-Projected.shader
 6.6 kb	 0.0% Packages/com.unity.render-pipelines.universal/Shaders/2D/Shadow2D-Unshadow-Sprite.shader
 6.1 kb	 0.0% Packages/com.unity.render-pipelines.universal/Shaders/2D/Shadow2D-Unshadow-Geometry.shader
 6.1 kb	 0.0% Assets/TextMesh Pro/Shaders/TMP_Sprite.shader
 6.1 kb	 0.0% Packages/com.unity.render-pipelines.universal/Shaders/PostProcessing/EdgeAdaptiveSpatialUpsampling.shader
 6.0 kb	 0.0% Packages/com.unity.render-pipelines.universal/Shaders/PostProcessing/LutBuilderLdr.shader
 5.4 kb	 0.0% Packages/com.unity.render-pipelines.universal/Shaders/PostProcessing/ScalingSetup.shader
 4.5 kb	 0.0% Packages/com.unity.render-pipelines.universal/Shaders/Utils/CopyDepth.shader
 4.2 kb	 0.0% Packages/com.unity.render-pipelines.universal/Shaders/Debug/DebugReplacement.shader
 4.2 kb	 0.0% Assets/TextMesh Pro/Examples & Extras/Textures/Wipe Pattern - Circle.psd
 4.2 kb	 0.0% Packages/com.unity.render-pipelines.universal/Textures/BlueNoise64/L/LDR_LLL1_0.png
 4.0 kb	 0.0% Packages/com.unity.render-pipelines.universal/Shaders/PostProcessing/PaniniProjection.shader
 3.7 kb	 0.0% Packages/com.unity.render-pipelines.universal/Shaders/2D/Shadow2D-Shadow-Sprite.shader
 3.7 kb	 0.0% Assets/TextMesh Pro/Examples & Extras/Resources/Fonts & Materials/Unity SDF - HDRP LIT - Bloom.mat
 3.6 kb	 0.0% Packages/com.unity.render-pipelines.universal/Shaders/Utils/Sampling.shader
 3.5 kb	 0.0% Packages/com.unity.render-pipelines.universal/Shaders/PostProcessing/StopNaN.shader
 3.5 kb	 0.0% Packages/com.unity.render-pipelines.universal/Shaders/Utils/FallbackError.shader
 3.5 kb	 0.0% Assets/TextMesh Pro/Examples & Extras/Resources/Fonts & Materials/Roboto-Bold SDF - HDRP Unlit.mat
 3.4 kb	 0.0% Packages/com.unity.render-pipelines.core/Runtime/Vrs/Shaders/VrsVisualization.shader
 3.3 kb	 0.0% Assets/Resources/PerformanceTestRunInfo.json
 3.3 kb	 0.0% Packages/com.unity.shadergraph/Editor/Resources/Shaders/FallbackError.shader
 3.3 kb	 0.0% Packages/com.unity.render-pipelines.universal/Shaders/2D/Shadow2D-Shadow-Geometry.shader
 3.3 kb	 0.0% Assets/TextMesh Pro/Resources/Fonts & Materials/LiberationSans SDF - Fallback.asset
 3.2 kb	 0.0% Assets/karsiori/Sprites/Pixel Art Rock Pile Pack/Rock Pile - AZURE -/Rock Pile 8 - AZURE - BIG.PNG
 3.2 kb	 0.0% Packages/com.unity.render-pipelines.core/Runtime/RenderPipelineResources/FallbackShader.shader
 2.9 kb	 0.0% Assets/TextMesh Pro/Examples & Extras/Resources/Fonts & Materials/Oswald Bold SDF.asset
 2.9 kb	 0.0% Assets/TextMesh Pro/Examples & Extras/Resources/Fonts & Materials/Bangers SDF.asset
 2.9 kb	 0.0% Assets/TextMesh Pro/Shaders/TMP_SDF-HDRP UNLIT.shadergraph
 2.9 kb	 0.0% Assets/TextMesh Pro/Shaders/TMP_SDF-HDRP LIT.shadergraph
 2.8 kb	 0.0% Assets/TextMesh Pro/Examples & Extras/Resources/Fonts & Materials/Electronic Highway Sign SDF.asset
 2.8 kb	 0.0% Assets/DefaultVolumeProfile.asset
 2.8 kb	 0.0% Assets/TextMesh Pro/Examples & Extras/Resources/Fonts & Materials/Roboto-Bold SDF.asset
 2.7 kb	 0.0% Assets/TextMesh Pro/Examples & Extras/Resources/Fonts & Materials/Unity SDF - HDRP LIT - Outline.mat
 2.7 kb	 0.0% Assets/TextMesh Pro/Examples & Extras/Resources/Fonts & Materials/Anton SDF.asset
 2.6 kb	 0.0% Assets/UniversalRenderPipelineGlobalSettings.asset
 2.5 kb	 0.0% Packages/com.unity.render-pipelines.universal/Shaders/Debug/ProbeVolumeSamplingDebugPositionNormal.compute
 2.4 kb	 0.0% Assets/TextMesh Pro/Examples & Extras/Resources/Fonts & Materials/Roboto-Bold SDF - URP.mat
 2.3 kb	 0.0% Assets/TextMesh Pro/Resources/Style Sheets/Default Style Sheet.asset
 2.2 kb	 0.0% Assets/TextMesh Pro/Examples & Extras/Resources/Fonts & Materials/Bangers SDF Logo - URP.mat
 1.9 kb	 0.0% Assets/TextMesh Pro/Examples & Extras/Resources/Sprite Assets/Default Sprite Asset.asset
 1.8 kb	 0.0% Assets/TextMesh Pro/Examples & Extras/Resources/Fonts & Materials/Bangers SDF Glow.mat
 1.8 kb	 0.0% Assets/TextMesh Pro/Examples & Extras/Resources/Fonts & Materials/LiberationSans SDF - Metalic Green.mat
 1.8 kb	 0.0% Assets/TextMesh Pro/Examples & Extras/Resources/Sprite Assets/DropCap Numbers.asset
 1.7 kb	 0.0% Assets/TextMesh Pro/Examples & Extras/Resources/Fonts & Materials/Anton SDF - Sunny Days.mat
 1.7 kb	 0.0% Assets/TextMesh Pro/Examples & Extras/Resources/Fonts & Materials/Roboto-Bold SDF - Surface.mat
 1.7 kb	 0.0% Assets/TextMesh Pro/Examples & Extras/Resources/Fonts & Materials/LiberationSans SDF - Soft Mask.mat
 1.7 kb	 0.0% Assets/TextMesh Pro/Examples & Extras/Resources/Fonts & Materials/Bangers SDF Logo.mat
 1.6 kb	 0.0% Assets/TextMesh Pro/Resources/Fonts & Materials/LiberationSans SDF - Drop Shadow.mat
 1.6 kb	 0.0% Assets/FreePixelFood/Sprite/Food/Sashimi.png
 1.6 kb	 0.0% Assets/TextMesh Pro/Examples & Extras/Resources/Fonts & Materials/Bangers SDF - Drop Shadow - 2 Pass.mat
 1.6 kb	 0.0% Assets/TextMesh Pro/Examples & Extras/Resources/Fonts & Materials/Bangers SDF - Drop Shadow.mat
 1.6 kb	 0.0% Assets/FreePixelFood/Sprite/Food/Fish.png
 1.6 kb	 0.0% Assets/TextMesh Pro/Examples & Extras/Resources/Fonts & Materials/Bangers SDF - Outline.mat
 1.6 kb	 0.0% Assets/TextMesh Pro/Examples & Extras/Resources/Fonts & Materials/Roboto-Bold SDF - Drop Shadow.mat
 1.6 kb	 0.0% Assets/TextMesh Pro/Examples & Extras/Resources/Fonts & Materials/Anton SDF - Drop Shadow.mat
 1.6 kb	 0.0% Assets/TextMesh Pro/Resources/Fonts & Materials/LiberationSans SDF - Outline.mat
 1.6 kb	 0.0% Assets/TextMesh Pro/Examples & Extras/Resources/Fonts & Materials/Anton SDF - Outline.mat
 1.2 kb	 0.0% Packages/com.unity.render-pipelines.universal/Textures/SMAA/SearchTex.tga
 0.9 kb	 0.0% Assets/TextMesh Pro/Examples & Extras/Resources/Fonts & Materials/LiberationSans SDF - Overlay.mat
 0.8 kb	 0.0% Packages/com.unity.render-pipelines.universal/Runtime/Data/PostProcessData.asset
 0.6 kb	 0.0% Assets/Sushi.prefab
 0.6 kb	 0.0% Assets/Rock.prefab
 0.6 kb	 0.0% Assets/Fish.prefab
 0.5 kb	 0.0% Packages/com.unity.render-pipelines.universal/Shaders/XR/XRMirrorView.shader
 0.5 kb	 0.0% Packages/com.unity.render-pipelines.universal/Shaders/Utils/BlitHDROverlay.shader
 0.4 kb	 0.0% Assets/Settings/UniversalRP.asset
 0.4 kb	 0.0% Built-in Sprite: 
 0.4 kb	 0.0% Packages/com.unity.render-pipelines.universal/Textures/BlueNoise16/L/LDR_LLL1_9.png
 0.4 kb	 0.0% Packages/com.unity.render-pipelines.universal/Textures/BlueNoise16/L/LDR_LLL1_8.png
 0.4 kb	 0.0% Packages/com.unity.render-pipelines.universal/Textures/BlueNoise16/L/LDR_LLL1_7.png
 0.4 kb	 0.0% Packages/com.unity.render-pipelines.universal/Textures/BlueNoise16/L/LDR_LLL1_6.png
 0.4 kb	 0.0% Packages/com.unity.render-pipelines.universal/Textures/BlueNoise16/L/LDR_LLL1_5.png
 0.4 kb	 0.0% Packages/com.unity.render-pipelines.universal/Textures/BlueNoise16/L/LDR_LLL1_4.png
 0.4 kb	 0.0% Packages/com.unity.render-pipelines.universal/Textures/BlueNoise16/L/LDR_LLL1_31.png
 0.4 kb	 0.0% Packages/com.unity.render-pipelines.universal/Textures/BlueNoise16/L/LDR_LLL1_30.png
 0.4 kb	 0.0% Packages/com.unity.render-pipelines.universal/Textures/BlueNoise16/L/LDR_LLL1_3.png
 0.4 kb	 0.0% Packages/com.unity.render-pipelines.universal/Textures/BlueNoise16/L/LDR_LLL1_29.png
 0.4 kb	 0.0% Packages/com.unity.render-pipelines.universal/Textures/BlueNoise16/L/LDR_LLL1_28.png
 0.4 kb	 0.0% Packages/com.unity.render-pipelines.universal/Textures/BlueNoise16/L/LDR_LLL1_27.png
 0.4 kb	 0.0% Packages/com.unity.render-pipelines.universal/Textures/BlueNoise16/L/LDR_LLL1_26.png
 0.4 kb	 0.0% Packages/com.unity.render-pipelines.universal/Textures/BlueNoise16/L/LDR_LLL1_25.png
 0.4 kb	 0.0% Packages/com.unity.render-pipelines.universal/Textures/BlueNoise16/L/LDR_LLL1_24.png
 0.4 kb	 0.0% Packages/com.unity.render-pipelines.universal/Textures/BlueNoise16/L/LDR_LLL1_23.png
 0.4 kb	 0.0% Packages/com.unity.render-pipelines.universal/Textures/BlueNoise16/L/LDR_LLL1_22.png
 0.4 kb	 0.0% Packages/com.unity.render-pipelines.universal/Textures/BlueNoise16/L/LDR_LLL1_21.png
 0.4 kb	 0.0% Packages/com.unity.render-pipelines.universal/Textures/BlueNoise16/L/LDR_LLL1_20.png
 0.4 kb	 0.0% Packages/com.unity.render-pipelines.universal/Textures/BlueNoise16/L/LDR_LLL1_2.png
 0.4 kb	 0.0% Packages/com.unity.render-pipelines.universal/Textures/BlueNoise16/L/LDR_LLL1_19.png
 0.4 kb	 0.0% Packages/com.unity.render-pipelines.universal/Textures/BlueNoise16/L/LDR_LLL1_18.png
 0.4 kb	 0.0% Packages/com.unity.render-pipelines.universal/Textures/BlueNoise16/L/LDR_LLL1_17.png
 0.4 kb	 0.0% Packages/com.unity.render-pipelines.universal/Textures/BlueNoise16/L/LDR_LLL1_16.png
 0.4 kb	 0.0% Packages/com.unity.render-pipelines.universal/Textures/BlueNoise16/L/LDR_LLL1_15.png
 0.4 kb	 0.0% Packages/com.unity.render-pipelines.universal/Textures/BlueNoise16/L/LDR_LLL1_14.png
 0.4 kb	 0.0% Packages/com.unity.render-pipelines.universal/Textures/BlueNoise16/L/LDR_LLL1_13.png
 0.4 kb	 0.0% Packages/com.unity.render-pipelines.universal/Textures/BlueNoise16/L/LDR_LLL1_12.png
 0.4 kb	 0.0% Packages/com.unity.render-pipelines.universal/Textures/BlueNoise16/L/LDR_LLL1_11.png
 0.4 kb	 0.0% Packages/com.unity.render-pipelines.universal/Textures/BlueNoise16/L/LDR_LLL1_10.png
 0.4 kb	 0.0% Packages/com.unity.render-pipelines.universal/Textures/BlueNoise16/L/LDR_LLL1_1.png
 0.4 kb	 0.0% Packages/com.unity.render-pipelines.universal/Textures/BlueNoise16/L/LDR_LLL1_0.png
 0.4 kb	 0.0% Packages/com.unity.render-pipelines.universal/Runtime/Materials/Sprite-Lit-Default.mat
 0.4 kb	 0.0% Packages/com.unity.render-pipelines.universal/Shaders/XR/XROcclusionMesh.shader
 0.4 kb	 0.0% Packages/com.unity.render-pipelines.universal/Shaders/XR/XRMotionVector.shader
 0.3 kb	 0.0% Assets/TextMesh Pro/Examples & Extras/Textures/Gradient Horizontal (Color).jpg
 0.3 kb	 0.0% Assets/TextMesh Pro/Examples & Extras/Textures/Gradient Diagonal (Color).jpg
 0.3 kb	 0.0% Assets/Settings/Renderer2D.asset
 0.3 kb	 0.0% Assets/TextMesh Pro/Resources/LineBreaking Following Characters.txt
 0.3 kb	 0.0% Resources/unity_builtin_extra
 0.3 kb	 0.0% Assets/TextMesh Pro/Resources/TMP Settings.asset
 0.2 kb	 0.0% Packages/com.unity.render-pipelines.core/Runtime-PrivateShared/InternalBridge/RenderPipelineEditorUtilityBridge.cs
 0.2 kb	 0.0% Packages/com.unity.render-pipelines.core/Runtime-PrivateShared/InternalRenderPipelineGlobalSettingsUtils.cs
 0.2 kb	 0.0% Packages/com.unity.render-pipelines.universal/Runtime/Debug/UniversalRenderPipelineVolumeDebugSettings.deprecated.cs
 0.2 kb	 0.0% Packages/com.unity.render-pipelines.universal/Runtime/RenderPipelineResources/UniversalRenderPipelineRuntimeXRResources.cs
 0.2 kb	 0.0% Packages/com.unity.render-pipelines.universal/Runtime/RenderPipelineResources/UniversalRenderPipelineRuntimeTerrainShaders.cs
 0.2 kb	 0.0% Packages/com.unity.render-pipelines.universal/Runtime/Debug/UniversalRenderPipelineVolumeDebugSettings.cs
 0.2 kb	 0.0% Packages/com.unity.render-pipelines.universal/Runtime/Debug/UniversalRenderPipelineDebugDisplaySettings.cs
 0.2 kb	 0.0% Packages/com.unity.render-pipelines.core/Runtime/RenderGraph/RenderGraphResourceAccelerationStructure.cs
 0.2 kb	 0.0% Packages/com.unity.render-pipelines.universal/Runtime/UniversalRenderPipelineGlobalSettings.cs
 0.2 kb	 0.0% Packages/com.unity.render-pipelines.universal/Runtime/RenderPipelineResources/UniversalRenderPipelineRuntimeTextures.cs
 0.2 kb	 0.0% Packages/com.unity.render-pipelines.universal/Runtime/RenderPipelineResources/UniversalRenderPipelineRuntimeShaders.cs
 0.2 kb	 0.0% Packages/com.unity.render-pipelines.universal/Runtime/RenderPipelineResources/UniversalRenderPipelineEditorMaterials.cs
 0.2 kb	 0.0% Packages/com.unity.render-pipelines.universal/Runtime/Debug/UniversalRenderPipelineDebugDisplayStats.cs
 0.2 kb	 0.0% Packages/com.unity.render-pipelines.core/Runtime-PrivateShared/InternalRenderGraphValidation.cs
 0.2 kb	 0.0% Packages/com.unity.render-pipelines.universal/Runtime/2D/Shadows/Providers/ShadowShape2DProvider_SpriteShape.cs
 0.2 kb	 0.0% Packages/com.unity.render-pipelines.universal/Runtime/2D/Shadows/Providers/ShadowShape2DProvider_SpriteRenderer.cs
 0.2 kb	 0.0% Packages/com.unity.render-pipelines.core/Runtime/Stripping/RenderPipelineGraphicsSettingsStripperFetcher.cs
 0.2 kb	 0.0% Packages/com.unity.render-pipelines.core/Runtime/RenderGraph/IRenderGraphEnabledRenderPipeline.cs
 0.2 kb	 0.0% Packages/com.unity.purchasing/Runtime/Stores/Android/GooglePlay/AAR/Models/ExternalBillingProgramClientInternal.cs
 0.2 kb	 0.0% Packages/com.unity.multiplayer.center/Common/IOnboardingSectionAnalyticsProvider.cs
 0.2 kb	 0.0% Packages/com.unity.services.core/Runtime/Configuration/StreamingAssetsConfigurationLoader.cs
 0.2 kb	 0.0% Packages/com.unity.render-pipelines.universal/Runtime/RenderPipelineResources/UniversalRenderPipelineEditorShaders.cs
 0.2 kb	 0.0% Packages/com.unity.render-pipelines.universal/Runtime/RenderPipelineResources/UniversalRenderPipelineEditorAssets.cs
 0.2 kb	 0.0% Packages/com.unity.render-pipelines.universal/Runtime/RenderPipelineResources/UniversalRenderPipelineDebugShaders.cs
 0.2 kb	 0.0% Packages/com.unity.render-pipelines.universal/Runtime/Passes/PostProcess/TemporalAntiAliasingPostProcessPass.cs
 0.2 kb	 0.0% Packages/com.unity.render-pipelines.universal/Runtime/Passes/PostProcess/LensFlareScreenSpacePostProcessPass.cs
 0.2 kb	 0.0% Packages/com.unity.render-pipelines.universal/Runtime/Passes/PostProcess/LensFlareDataDrivenPostProcessPass.cs
 0.2 kb	 0.0% Packages/com.unity.render-pipelines.universal/Runtime/Passes/PostProcess/DepthOfFieldGaussianPostProcessPass.cs
 0.2 kb	 0.0% Packages/com.unity.render-pipelines.universal/Runtime/Passes/AdditionalLightsShadowCasterPass.cs
 0.2 kb	 0.0% Packages/com.unity.render-pipelines.universal/Runtime/Passes/AdditionalLightsShadowAtlasLayout.cs
 0.2 kb	 0.0% Packages/com.unity.render-pipelines.core/Runtime/Stripping/RenderPipelineGraphicsSettingsStripperReport.cs
 0.2 kb	 0.0% Packages/com.unity.render-pipelines.core/Runtime/RenderGraph/Compiler/NativePassCompiler.Debug.cs
 0.2 kb	 0.0% Packages/com.unity.render-pipelines.core/Runtime/GPUDriven/Culling/OcclusionCullingCommonShaderVariables.cs
 0.2 kb	 0.0% Packages/com.unity.render-pipelines.core/Runtime/GPUDriven/Culling/InstanceOcclusionCullerShaderVariables.cs
 0.2 kb	 0.0% Packages/com.unity.visualscripting/Runtime/VisualScripting.Core/Listeners/UI/UnityOnScrollbarValueChangedMessageListener.cs
 0.2 kb	 0.0% Packages/com.unity.visualscripting/Runtime/VisualScripting.Core/Listeners/UI/UnityOnScrollRectValueChangedMessageListener.cs
 0.2 kb	 0.0% Packages/com.unity.visualscripting/Runtime/VisualScripting.Core/Listeners/UI/UnityOnInputFieldValueChangedMessageListener.cs
 0.2 kb	 0.0% Packages/com.unity.visualscripting/Runtime/VisualScripting.Core/Listeners/UI/UnityOnDropdownValueChangedMessageListener.cs
 0.2 kb	 0.0% Packages/com.unity.visualscripting/Runtime/VisualScripting.Core/Listeners/MonoBehaviour/UnityOnTransformChildrenChangedMListener.cs
 0.2 kb	 0.0% Packages/com.unity.visualscripting/Runtime/VisualScripting.Core/Listeners/MonoBehaviour/UnityOnControllerColliderHitMessageListener.cs
 0.2 kb	 0.0% Packages/com.unity.render-pipelines.universal/Runtime/2D/Shadows/Providers/ShadowShape2DProvider_SpriteSkin.cs
 0.2 kb	 0.0% Packages/com.unity.render-pipelines.universal/Runtime/2D/Shadows/Providers/ShadowShape2DProvider_Collider.cs
 0.2 kb	 0.0% Packages/com.unity.render-pipelines.universal/Runtime/2D/CinemachineUniversalPixelPerfect.cs
 0.2 kb	 0.0% Packages/com.unity.render-pipelines.core/Runtime/Stripping/RenderPipelineGraphicsSettingsStripper.cs
 0.2 kb	 0.0% Packages/com.unity.render-pipelines.core/Runtime/RenderPipeline/RenderPipelineGraphicsSettingsContainer.cs
 0.2 kb	 0.0% Packages/com.unity.render-pipelines.core/Runtime/RenderGraph/Compiler/NativePassCompiler.cs
 0.2 kb	 0.0% Packages/com.unity.render-pipelines.core/Runtime/RenderGraph/Compiler/CompilerContextData.cs
 0.2 kb	 0.0% Packages/com.unity.render-pipelines.core/Runtime/Common/IVirtualTexturingEnabledRenderPipeline.cs
 0.2 kb	 0.0% Packages/com.unity.purchasing/Runtime/Stores/Android/GooglePlay/AAR/Models/BillingProgramReportingDetails.cs
 0.2 kb	 0.0% Packages/com.unity.purchasing/Runtime/Stores/Android/GooglePlay/AAR/Interfaces/IProductDetailsResponseConsolidator.cs
 0.2 kb	 0.0% Packages/com.unity.visualscripting/Runtime/VisualScripting.Core/Listeners/MonoBehaviour/UnityOnTransformParentChangedMListener.cs
 0.2 kb	 0.0% Packages/com.unity.visualscripting/Runtime/VisualScripting.Core/Dependencies/AssemblyQualifiedNameParser/ParsedAssemblyQualifiedName.cs
 0.2 kb	 0.0% Packages/com.unity.services.core/Runtime/Configuration/SerializableProjectConfiguration.cs
 0.2 kb	 0.0% Packages/com.unity.services.core/Runtime/Configuration/ConfigurationCollectionHelper.cs
 0.2 kb	 0.0% Packages/com.unity.render-pipelines.universal/Textures/BayerMatrix.png
 0.2 kb	 0.0% Packages/com.unity.render-pipelines.universal/Runtime/VolumeRequiresRendererFeatures.cs
 0.2 kb	 0.0% Packages/com.unity.render-pipelines.universal/Runtime/UniversalAdditionalCameraData.cs
 0.2 kb	 0.0% Packages/com.unity.render-pipelines.universal/Runtime/Settings/URPDefaultVolumeProfileSetting.cs
 0.2 kb	 0.0% Packages/com.unity.render-pipelines.universal/Runtime/RendererFeatures/FullScreenPassRendererFeature.cs
 0.2 kb	 0.0% Packages/com.unity.render-pipelines.universal/Runtime/RendererFeatures/DisallowMultipleRendererFeature.cs
 0.2 kb	 0.0% Packages/com.unity.render-pipelines.universal/Runtime/Passes/ScreenSpaceAmbientOcclusionPass.cs
 0.2 kb	 0.0% Packages/com.unity.render-pipelines.universal/Runtime/Passes/PostProcess/PaniniProjectionPostProcessPass.cs
 0.2 kb	 0.0% Packages/com.unity.render-pipelines.universal/Runtime/Passes/MainLightShadowCasterPass.cs
 0.2 kb	 0.0% Packages/com.unity.render-pipelines.universal/Runtime/Passes/InvokeOnRenderObjectCallbackPass.cs
 0.2 kb	 0.0% Packages/com.unity.render-pipelines.universal/Runtime/Decal/Entities/DecalUpdateCullingGroupSystem.cs
 0.2 kb	 0.0% Packages/com.unity.render-pipelines.universal/Runtime/Debug/DebugDisplaySettingsRendering.cs
 0.2 kb	 0.0% Packages/com.unity.render-pipelines.core/Runtime/UnifiedRayTracing/Hardware/HardwareRayTracingAccelStruct.cs
 0.2 kb	 0.0% Packages/com.unity.render-pipelines.core/Runtime/RenderGraph/RenderGraphUtilsResources.cs
 0.2 kb	 0.0% Packages/com.unity.render-pipelines.core/Runtime/Lighting/ProbeVolume/ProbeReferenceVolume.ReflProbeNormalization.cs
 0.2 kb	 0.0% Packages/com.unity.render-pipelines.core/Runtime/GPUDriven/Culling/OcclusionCullingDebugShaderVariables.cs
 0.2 kb	 0.0% Packages/com.unity.render-pipelines.core/Runtime-PrivateShared/OnTileValidationLayer.cs
 0.2 kb	 0.0% Packages/com.unity.purchasing/Runtime/Stores/AppleAppStore/AppleJsonProductDescriptionsDeserializer.cs
 0.2 kb	 0.0% Packages/com.unity.purchasing/Runtime/Stores/Android/GooglePlay/Services/GooglePlayStoreRetrieveProductsService.cs
 0.2 kb	 0.0% Packages/com.unity.purchasing/Runtime/Stores/Android/GooglePlay/Services/GooglePlayStoreFinishTransactionService.cs
 0.2 kb	 0.0% Packages/com.unity.purchasing/Runtime/Stores/Android/GooglePlay/Interfaces/Services/IGooglePlayStoreRetrieveProductsService.cs
 0.2 kb	 0.0% Packages/com.unity.purchasing/Runtime/Stores/Android/GooglePlay/Interfaces/Services/IGooglePlayStoreFinishTransactionService.cs
 0.2 kb	 0.0% Packages/com.unity.purchasing/Runtime/Stores/Android/GooglePlay/AAR/Listeners/BillingProgramReportingDetailsListener.cs
 0.2 kb	 0.0% Packages/com.unity.purchasing/Runtime/Stores/Android/GooglePlay/AAR/Interfaces/IGoogleCachedQueryProductDetailsService.cs
 0.2 kb	 0.0% Packages/com.unity.visualscripting/Runtime/VisualScripting.Core/Listeners/UI/UnityOnToggleValueChangedMessageListener.cs
 0.2 kb	 0.0% Packages/com.unity.visualscripting/Runtime/VisualScripting.Core/Listeners/UI/UnityOnSliderValueChangedMessageListener.cs
 0.2 kb	 0.0% Packages/com.unity.visualscripting/Runtime/VisualScripting.Core/Listeners/UI/UnityOnInputFieldEndEditMessageListener.cs
 0.2 kb	 0.0% Packages/com.unity.visualscripting/Runtime/VisualScripting.Core/Listeners/MonoBehaviour/UnityOnParticleCollisionMessageListener.cs
 0.2 kb	 0.0% Packages/com.unity.visualscripting/Runtime/VisualScripting.Core/Listeners/MonoBehaviour/UnityOnMouseUpAsButtonMessageListener.cs
 0.2 kb	 0.0% Packages/com.unity.visualscripting/Runtime/VisualScripting.Core/Listeners/MonoBehaviour/UnityOnCollisionStay2DMessageListener.cs
 0.2 kb	 0.0% Packages/com.unity.visualscripting/Runtime/VisualScripting.Core/Listeners/MonoBehaviour/UnityOnCollisionExit2DMessageListener.cs
 0.2 kb	 0.0% Packages/com.unity.visualscripting/Runtime/VisualScripting.Core/Listeners/MonoBehaviour/UnityOnCollisionEnter2DMessageListener.cs
 0.2 kb	 0.0% Packages/com.unity.visualscripting/Runtime/VisualScripting.Core/Listeners/MonoBehaviour/UnityOnBecameInvisibleMessageListener.cs
 0.2 kb	 0.0% Packages/com.unity.services.core/Runtime/Core.Internal/Components/Telemetry/IDiagnosticsComponentProvider.cs
 0.2 kb	 0.0% Packages/com.unity.services.core/Runtime/Core.Internal/Components/Analytics/IAnalyticsStandardEventComponent.cs
 0.2 kb	 0.0% Packages/com.unity.render-pipelines.universal/Runtime/UniversalRenderPipelineRenderGraph.cs
 0.2 kb	 0.0% Packages/com.unity.render-pipelines.universal/Runtime/Passes/PostProcess/DepthOfFieldBokehProcessPass.cs
 0.2 kb	 0.0% Packages/com.unity.render-pipelines.universal/Runtime/2D/Sources/Shadow2DSource_ShapeEditor.cs
 0.2 kb	 0.0% Packages/com.unity.render-pipelines.universal/Runtime/2D/Shadows/ShadowCasterGroup2DManager.cs
 0.2 kb	 0.0% Packages/com.unity.render-pipelines.universal/Runtime/2D/Rendergraph/CopyCameraSortingLayerPass.cs
 0.2 kb	 0.0% Packages/com.unity.render-pipelines.universal/Runtime/2D/RendererFeatures/ScriptableRendererFeature2D.cs
 0.2 kb	 0.0% Packages/com.unity.render-pipelines.universal/Runtime/2D/PixelPerfectCameraInternal.cs
 0.2 kb	 0.0% Packages/com.unity.render-pipelines.core/Runtime/Vrs/VrsRenderPipelineRuntimeResources.cs
 0.2 kb	 0.0% Packages/com.unity.render-pipelines.core/Runtime/Settings/RenderingDebuggerRuntimeResources.cs
 0.2 kb	 0.0% Packages/com.unity.render-pipelines.core/Runtime/RenderPipeline/RenderPipelineGlobalSettingsUtils.cs
 0.2 kb	 0.0% Packages/com.unity.render-pipelines.core/Runtime/RenderGraph/RenderGraphValidationLayer.cs
 0.2 kb	 0.0% Packages/com.unity.render-pipelines.core/Runtime/RenderGraph/RenderGraphResourceRegistry.cs
 0.2 kb	 0.0% Packages/com.unity.render-pipelines.core/Runtime/RenderGraph/RenderGraphDefaultResources.cs
 0.2 kb	 0.0% Packages/com.unity.render-pipelines.core/Runtime/RenderGraph/Compiler/ResourcesData.cs
 0.2 kb	 0.0% Packages/com.unity.render-pipelines.core/Runtime/Lighting/ProbeVolume/ProbeVolumeConstantRuntimeResources.cs
 0.2 kb	 0.0% Packages/com.unity.render-pipelines.core/Runtime/Lighting/ProbeVolume/ProbeVolumeBakingSetWeakReference.cs
 0.2 kb	 0.0% Packages/com.unity.render-pipelines.core/Runtime/Lighting/ProbeVolume/IProbeVolumeEnabledRenderPipeline.cs
 0.2 kb	 0.0% Packages/com.unity.purchasing/Runtime/Stores/Android/GooglePlay/AAR/Models/ExternalBillingProgramClient.cs
 0.2 kb	 0.0% Packages/com.unity.purchasing/Runtime/Stores/Android/GooglePlay/AAR/Interfaces/IGooglePurchaseUpdatedListener.cs
 0.2 kb	 0.0% Packages/com.unity.purchasing/Runtime/Stores/Android/GooglePlay/AAR/Interfaces/IGooglePurchaseStateEnumProvider.cs
 0.2 kb	 0.0% Packages/com.unity.purchasing/Runtime/Stores/Android/GooglePlay/AAR/Interfaces/IGoogleLastKnownProductService.cs
 0.2 kb	 0.0% Packages/com.unity.purchasing/Runtime/Stores/Android/GooglePlay/AAR/Interfaces/IGoogleFinishTransactionService.cs
 0.2 kb	 0.0% Packages/com.unity.purchasing/Runtime/Stores/Android/GooglePlay/AAR/GoogleCachedQuerySkuDetailsService.cs
 0.2 kb	 0.0% Packages/com.unity.visualscripting/Runtime/VisualScripting.Core/Dependencies/FullSerializer/Converters/Unity/GUIStyleState_DirectConverter.cs
 0.2 kb	 0.0% Packages/com.unity.visualscripting/Runtime/VisualScripting.Core/Dependencies/FullSerializer/Converters/Unity/AnimationCurve_DirectConverter.cs
 0.2 kb	 0.0% Packages/com.unity.services.core/Runtime/Telemetry/Diagnotstics/DisabledDiagnosticsFactory.cs
 0.2 kb	 0.0% Packages/com.unity.services.core/Runtime/Scheduler/ScheduledInvocationComparer.cs
 0.2 kb	 0.0% Packages/com.unity.services.core/Runtime/Environments/EnvironmentsOptionsExtensions.cs
 0.2 kb	 0.0% Packages/com.unity.services.core/Runtime/Core.Internal/Registry/DependencyTreeInitializeOrderSorter.cs
 0.2 kb	 0.0% Packages/com.unity.services.core/Runtime/Configuration/MemoryConfigurationLoader.cs
 0.2 kb	 0.0% Packages/com.unity.render-pipelines.universal/Runtime/UniversalAdditionalLightData.cs
 0.2 kb	 0.0% Packages/com.unity.render-pipelines.universal/Runtime/Tiling/ReflectionProbeMinMaxZJob.cs
 0.2 kb	 0.0% Packages/com.unity.render-pipelines.universal/Runtime/Settings/URPShaderStrippingSetting.cs
 0.2 kb	 0.0% Packages/com.unity.render-pipelines.universal/Runtime/ScriptableRendererFeature.cs
 0.2 kb	 0.0% Packages/com.unity.render-pipelines.universal/Runtime/RendererFeatures/ScreenSpaceAmbientOcclusion.cs
 0.2 kb	 0.0% Packages/com.unity.render-pipelines.universal/Runtime/RendererFeatures/OnTilePostProcessResource.cs
 0.2 kb	 0.0% Packages/com.unity.render-pipelines.universal/Runtime/RenderTargetBufferSystem.cs
 0.2 kb	 0.0% Packages/com.unity.render-pipelines.universal/Runtime/RenderPipelineResources/UniversalRendererResources.cs
 0.2 kb	 0.0% Packages/com.unity.render-pipelines.universal/Runtime/Passes/StencilCrossFadeRenderPass.cs
 0.2 kb	 0.0% Packages/com.unity.render-pipelines.universal/Runtime/Passes/PostProcess/ScalingSetupPostProcessPass.cs
 0.2 kb	 0.0% Packages/com.unity.render-pipelines.universal/Runtime/Passes/PostProcess/MotionBlurPostProcessPass.cs
 0.2 kb	 0.0% Packages/com.unity.render-pipelines.universal/Runtime/Passes/PostProcess/Fsr1UpscalePostProcessPass.cs
 0.2 kb	 0.0% Packages/com.unity.render-pipelines.universal/Runtime/Overrides/ShadowsMidtonesHighlights.cs
 0.2 kb	 0.0% Packages/com.unity.render-pipelines.universal/Runtime/FrameData/UniversalPostProcessingData.cs
 0.2 kb	 0.0% Packages/com.unity.render-pipelines.universal/Runtime/Decal/ScreenSpace/DecalScreenSpaceRenderPass.cs
 0.2 kb	 0.0% Packages/com.unity.render-pipelines.universal/Runtime/Decal/Entities/DecalCreateDrawCallSystem.cs
 0.2 kb	 0.0% Packages/com.unity.render-pipelines.universal/Runtime/Debug/DebugDisplaySettingsMaterial.cs
 0.2 kb	 0.0% Packages/com.unity.render-pipelines.universal/Runtime/Debug/DebugDisplaySettingsLighting.cs
 0.2 kb	 0.0% Packages/com.unity.render-pipelines.universal/Runtime/Debug/DebugDisplaySettingsCommon.cs
 0.2 kb	 0.0% Packages/com.unity.render-pipelines.universal/Runtime/Data/UniversalRenderPipelineAsset.cs
 0.2 kb	 0.0% Packages/com.unity.render-pipelines.core/Runtime/UnifiedRayTracing/UnifiedRayTracingException.cs
 0.2 kb	 0.0% Packages/com.unity.render-pipelines.core/Runtime/UnifiedRayTracing/Hardware/HardwareRayTracingBackend.cs
 0.2 kb	 0.0% Packages/com.unity.render-pipelines.core/Runtime/UnifiedRayTracing/Compute/ComputeRayTracingAccelStruct.cs
 0.2 kb	 0.0% Packages/com.unity.render-pipelines.core/Runtime/RenderGraph/RenderGraphResourceRendererList.cs
 0.2 kb	 0.0% Packages/com.unity.render-pipelines.core/Runtime/RenderGraph/Compiler/PassesData.cs
 0.2 kb	 0.0% Packages/com.unity.render-pipelines.core/Runtime/GPUDriven/Debug/DebugDisplayGPUResidentDrawer.cs
 0.2 kb	 0.0% Packages/com.unity.render-pipelines.core/Runtime/GPUDriven/Culling/OccluderDepthPyramidConstants.cs
 0.2 kb	 0.0% Packages/com.unity.purchasing/Runtime/Stores/Android/GooglePlay/MetricizedGooglePlayStoreExtensions.cs
 0.2 kb	 0.0% Packages/com.unity.purchasing/Runtime/Stores/Android/GooglePlay/Interfaces/IGooglePlayStoreExtensionsInternal.cs
 0.2 kb	 0.0% Packages/com.unity.purchasing/Runtime/Stores/Android/GooglePlay/GetGoogleProductMetadataExtension.cs
 0.2 kb	 0.0% Packages/com.unity.purchasing/Runtime/Stores/Android/GooglePlay/AAR/ProductDetailsResponseConsolidator.cs
 0.2 kb	 0.0% Packages/com.unity.purchasing/Runtime/Stores/Android/GooglePlay/AAR/Models/GooglePurchaseStateEnumProvider.cs
 0.2 kb	 0.0% Packages/com.unity.purchasing/Runtime/Stores/Android/GooglePlay/AAR/Listeners/LaunchExternalLinkResponseListener.cs
 0.2 kb	 0.0% Packages/com.unity.purchasing/Runtime/Stores/Android/GooglePlay/AAR/Listeners/GoogleAcknowledgePurchaseListener.cs
 0.2 kb	 0.0% Packages/com.unity.purchasing/Runtime/Stores/Android/GooglePlay/AAR/Listeners/BillingProgramAvailabilityListener.cs
 0.2 kb	 0.0% Packages/com.unity.purchasing/Runtime/Purchasing/Telemetry/Diagnostics/TelemetryDiagnosticsInstanceWrapper.cs
 0.2 kb	 0.0% Packages/com.unity.purchasing/Runtime/Purchasing/Telemetry/Diagnostics/Interfaces/ITelemetryDiagnosticsInstanceWrapper.cs
 0.2 kb	 0.0% Packages/com.unity.collections/Unity.Collections/GenerateTestsForBurstCompatibilityAttribute.cs
 0.2 kb	 0.0% Packages/com.unity.visualscripting/Runtime/VisualScripting.Core/SerializedProperties/SerializedPropertyProviderAttribute.cs
 0.2 kb	 0.0% Packages/com.unity.visualscripting/Runtime/VisualScripting.Core/Listeners/UIInterfaces/UnityOnPointerExitMessageListener.cs
 0.2 kb	 0.0% Packages/com.unity.visualscripting/Runtime/VisualScripting.Core/Listeners/UIInterfaces/UnityOnPointerEnterMessageListener.cs
 0.2 kb	 0.0% Packages/com.unity.visualscripting/Runtime/VisualScripting.Core/Listeners/UIInterfaces/UnityOnPointerDownMessageListener.cs
 0.2 kb	 0.0% Packages/com.unity.visualscripting/Runtime/VisualScripting.Core/Listeners/UIInterfaces/UnityOnPointerClickMessageListener.cs
 0.2 kb	 0.0% Packages/com.unity.visualscripting/Runtime/VisualScripting.Core/Listeners/UI/UnityOnButtonClickMessageListener.cs
 0.2 kb	 0.0% Packages/com.unity.visualscripting/Runtime/VisualScripting.Core/Listeners/MonoBehaviour/UnityOnTriggerEnterMessageListener.cs
 0.2 kb	 0.0% Packages/com.unity.visualscripting/Runtime/VisualScripting.Core/Listeners/MonoBehaviour/UnityOnJointBreak2DMessageListener.cs
 0.2 kb	 0.0% Packages/com.unity.visualscripting/Runtime/VisualScripting.Core/Listeners/MonoBehaviour/UnityOnCollisionStayMessageListener.cs
 0.2 kb	 0.0% Packages/com.unity.visualscripting/Runtime/VisualScripting.Core/Listeners/MonoBehaviour/UnityOnCollisionExitMessageListener.cs
 0.2 kb	 0.0% Packages/com.unity.visualscripting/Runtime/VisualScripting.Core/Listeners/MonoBehaviour/UnityOnCollisionEnterMessageListener.cs
 0.2 kb	 0.0% Packages/com.unity.visualscripting/Runtime/VisualScripting.Core/Listeners/MonoBehaviour/UnityOnBecameVisibleMessageListener.cs
 0.2 kb	 0.0% Packages/com.unity.visualscripting/Runtime/VisualScripting.Core/EditorBinding/Inspector/InspectorActionDirectionAttribute.cs
 0.2 kb	 0.0% Packages/com.unity.visualscripting/Runtime/VisualScripting.Core/EditorBinding/Inspector/InspectViaImplementationsAttribute.cs
 0.2 kb	 0.0% Packages/com.unity.visualscripting/Runtime/VisualScripting.Core/Dependencies/FullSerializer/Internal/fsCyclicReferenceManager.cs
 0.2 kb	 0.0% Packages/com.unity.visualscripting/Runtime/VisualScripting.Core/Dependencies/FullSerializer/Converters/Unity/UnityEvent_Converter.cs
 0.2 kb	 0.0% Packages/com.unity.services.analytics/Runtime/StandardEventServiceComponent.cs
 0.2 kb	 0.0% Packages/com.unity.services.analytics/Runtime/AnalyticsUserIdServiceComponent.cs
 0.2 kb	 0.0% Packages/com.unity.render-pipelines.universal/Runtime/UniversalRenderPipelineCore.cs
 0.2 kb	 0.0% Packages/com.unity.render-pipelines.universal/Runtime/FrameData/UniversalResourceBase.cs
 0.2 kb	 0.0% Packages/com.unity.render-pipelines.universal/Runtime/2D/URP2D_GraphicsExtensions.cs
 0.2 kb	 0.0% Packages/com.unity.render-pipelines.universal/Runtime/2D/Sources/Shadow2DProviderSources.cs
 0.2 kb	 0.0% Packages/com.unity.render-pipelines.universal/Runtime/2D/Sources/Shadow2DProviderSource.cs
 0.2 kb	 0.0% Packages/com.unity.render-pipelines.universal/Runtime/2D/Sources/Light2DSource_BuiltIn.cs
 0.2 kb	 0.0% Packages/com.unity.render-pipelines.universal/Runtime/2D/Sources/Light2DProviderSources.cs
 0.2 kb	 0.0% Packages/com.unity.render-pipelines.universal/Runtime/2D/Sources/Light2DProviderSource.cs
 0.2 kb	 0.0% Packages/com.unity.render-pipelines.universal/Runtime/2D/Shadows/Providers/ShadowShape2DProvider.cs
 0.2 kb	 0.0% Packages/com.unity.render-pipelines.universal/Runtime/2D/Shadows/CompositeShadowCaster2D.cs
 0.2 kb	 0.0% Packages/com.unity.render-pipelines.universal/Runtime/2D/RendererFeatures/ScriptableRenderPass2D.cs
 0.2 kb	 0.0% Packages/com.unity.render-pipelines.universal/Runtime/2D/FrameData/Universal2DRenderingData.cs
 0.2 kb	 0.0% Packages/com.unity.render-pipelines.core/Runtime/Utilities/CoreRenderPipelinePreferences.cs
 0.2 kb	 0.0% Packages/com.unity.render-pipelines.core/Runtime/Settings/IDefaultVolumeProfileSettings.cs
 0.2 kb	 0.0% Packages/com.unity.render-pipelines.core/Runtime/RenderGraph/RenderGraphResourcePool.cs
 0.2 kb	 0.0% Packages/com.unity.render-pipelines.core/Runtime/RenderGraph/RenderGraphObjectPool.cs
 0.2 kb	 0.0% Packages/com.unity.render-pipelines.core/Runtime/RenderGraph/Debug/RenderGraphDebugSession.cs
 0.2 kb	 0.0% Packages/com.unity.render-pipelines.core/Runtime/RenderGraph/Debug/RenderGraphDebugParams.cs
 0.2 kb	 0.0% Packages/com.unity.render-pipelines.core/Runtime/RenderGraph/Debug/RenderGraph.DebugDataSerialization.cs
 0.2 kb	 0.0% Packages/com.unity.render-pipelines.core/Runtime/RenderGraph/Debug/DebugDisplaySettingsRenderGraph.cs
 0.2 kb	 0.0% Packages/com.unity.render-pipelines.core/Runtime/Lighting/ProbeVolume/ProbeVolumeBakingProcessSettings.cs
 0.2 kb	 0.0% Packages/com.unity.render-pipelines.core/Runtime/Debugging/ISerializedDebugDisplaySettings.cs
 0.2 kb	 0.0% Packages/com.unity.render-pipelines.core/Runtime/Debugging/DebugDisplaySettingsHDROutput.cs
 0.2 kb	 0.0% Packages/com.unity.render-pipelines.core/Runtime/Common/GlobalDynamicResolutionSettings.cs
 0.2 kb	 0.0% Packages/com.unity.purchasing/Runtime/Stores/ServicesCore/IapCoreInitializeCallback.cs
 0.2 kb	 0.0% Packages/com.unity.purchasing/Runtime/Stores/Android/GooglePlay/AAR/Interfaces/IQueryProductDetailsService.cs
 0.2 kb	 0.0% Packages/com.unity.purchasing/Runtime/Stores/Android/GooglePlay/AAR/Interfaces/IGoogleQueryPurchasesService.cs
 0.2 kb	 0.0% Packages/com.unity.purchasing/Runtime/Stores/Android/GooglePlay/AAR/Interfaces/IBillingClientStateListener.cs
 0.2 kb	 0.0% Packages/com.unity.inputsystem/InputSystem/Editor/UITKAssetEditor/Views/CompositePartBindingPropertiesView.cs
 0.2 kb	 0.0% Packages/com.unity.inputsystem/InputSystem/Editor/UITKAssetEditor/Views/CollectionViewSelectionChangeFilter.cs
 0.2 kb	 0.0% Packages/com.unity.inputsystem/InputSystem/Editor/UITKAssetEditor/InputActionsEditorSettingsProvider.cs
 0.2 kb	 0.0% Packages/com.unity.inputsystem/InputSystem/Editor/PropertyDrawers/InputActionReferenceSearchProviders.cs
 0.2 kb	 0.0% Packages/com.unity.inputsystem/InputSystem/Editor/PropertyDrawers/InputActionReferencePropertyDrawer.cs
 0.2 kb	 0.0% Packages/com.unity.inputsystem/InputSystem/Editor/Analytics/InputActionsEditorSessionAnalytic.cs
 0.2 kb	 0.0% Packages/com.unity.inputsystem/InputSystem/Devices/Commands/QueryEditorWindowCoordinatesCommand.cs
 0.2 kb	 0.0% Packages/com.unity.inputsystem/InputSystem/Devices/Commands/InitiateUserAccountPairingCommand.cs
 0.2 kb	 0.0% Packages/com.unity.visualscripting/Runtime/VisualScripting.Core/Listeners/MonoBehaviour/UnityOnTriggerStay2DMListener.cs
 0.2 kb	 0.0% Packages/com.unity.visualscripting/Runtime/VisualScripting.Core/Listeners/MonoBehaviour/UnityOnTriggerExit2DMListener.cs
 0.2 kb	 0.0% Packages/com.unity.visualscripting/Runtime/VisualScripting.Core/Listeners/MonoBehaviour/UnityOnTriggerEnter2DMListener.cs
 0.2 kb	 0.0% Packages/com.unity.visualscripting/Runtime/VisualScripting.Core/Dependencies/FullSerializer/fsISerializationCallbacks.cs
 0.2 kb	 0.0% Packages/com.unity.visualscripting/Runtime/VisualScripting.Core/Dependencies/FullSerializer/Converters/Unity/RectOffset_DirectConverter.cs
 0.2 kb	 0.0% Packages/com.unity.visualscripting/Runtime/VisualScripting.Core/Dependencies/FullSerializer/Converters/Unity/LayerMask_DirectConverter.cs
 0.2 kb	 0.0% Packages/com.unity.visualscripting/Runtime/VisualScripting.Core/Dependencies/FullSerializer/Converters/Unity/InputAction_DirectConverter.cs
 0.2 kb	 0.0% Packages/com.unity.services.core/Runtime/Threading/UnityThreadUtilsInternal.cs
 0.2 kb	 0.0% Packages/com.unity.services.core/Runtime/Telemetry/Metrics/DisabledMetricsFactory.cs
 0.2 kb	 0.0% Packages/com.unity.services.core/Runtime/Core.Internal/Components/Configuration/IProjectConfiguration.cs
 0.2 kb	 0.0% Packages/com.unity.services.core/Runtime/Configuration/ConfigurationResetter.cs
 0.2 kb	 0.0% Packages/com.unity.services.core/Runtime/Components/ServicesInitializationEvents.cs
 0.2 kb	 0.0% Packages/com.unity.services.core/Runtime/Analytics/AnalyticsOptionsExtensions.cs
 0.2 kb	 0.0% Packages/com.unity.render-pipelines.universal/Runtime/UniversalRendererRenderGraph.cs
 0.2 kb	 0.0% Packages/com.unity.render-pipelines.universal/Runtime/UniversalRendererData.cs
 0.2 kb	 0.0% Packages/com.unity.render-pipelines.universal/Runtime/UniversalRenderPipeline.cs
 0.2 kb	 0.0% Packages/com.unity.render-pipelines.universal/Runtime/UniversalCameraHistory.cs
 0.2 kb	 0.0% Packages/com.unity.render-pipelines.universal/Runtime/Tiling/TileRangeExpansionJob.cs
 0.2 kb	 0.0% Packages/com.unity.render-pipelines.universal/Runtime/SupportedOnRenderer.cs
 0.2 kb	 0.0% Packages/com.unity.render-pipelines.universal/Runtime/Settings/URPTerrainShaderSetting.cs
 0.2 kb	 0.0% Packages/com.unity.render-pipelines.universal/Runtime/Settings/URPReflectionProbeSettings.cs
 0.2 kb	 0.0% Packages/com.unity.render-pipelines.universal/Runtime/ScriptableRendererData.cs
 0.2 kb	 0.0% Packages/com.unity.render-pipelines.universal/Runtime/RendererFeatures/FullScreenPassRendererFeature_OldGUID.cs
 0.2 kb	 0.0% Packages/com.unity.render-pipelines.universal/Runtime/ReflectionProbeManager.cs
 0.2 kb	 0.0% Packages/com.unity.render-pipelines.universal/Runtime/Passes/TransparentSettingsPass.cs
 0.2 kb	 0.0% Packages/com.unity.render-pipelines.universal/Runtime/Passes/PostProcess/UpscalerPostProcessPass.cs
 0.2 kb	 0.0% Packages/com.unity.render-pipelines.universal/Runtime/Passes/PostProcess/StopNanPostProcessPass.cs
 0.2 kb	 0.0% Packages/com.unity.render-pipelines.universal/Runtime/Passes/MotionVectorRenderPass.cs
 0.2 kb	 0.0% Packages/com.unity.render-pipelines.universal/Runtime/Passes/DrawScreenSpaceUIPass.cs
 0.2 kb	 0.0% Packages/com.unity.render-pipelines.universal/Runtime/Passes/DepthNormalOnlyPass.cs
 0.2 kb	 0.0% Packages/com.unity.render-pipelines.universal/Runtime/Passes/ColorGradingLutPass.cs
 0.2 kb	 0.0% Packages/com.unity.render-pipelines.universal/Runtime/NormalReconstruction.cs
 0.2 kb	 0.0% Packages/com.unity.render-pipelines.universal/Runtime/FrameData/UniversalResourceData.cs
 0.2 kb	 0.0% Packages/com.unity.render-pipelines.universal/Runtime/FrameData/UniversalRenderingData.cs
 0.2 kb	 0.0% Packages/com.unity.render-pipelines.universal/Runtime/FrameData/Universal2DResourceData.cs
 0.2 kb	 0.0% Packages/com.unity.render-pipelines.universal/Runtime/Decal/ScreenSpace/DecalGBufferRenderPass.cs
 0.2 kb	 0.0% Packages/com.unity.render-pipelines.universal/Runtime/Decal/Entities/DecalUpdateCulledSystem.cs
 0.2 kb	 0.0% Packages/com.unity.render-pipelines.universal/Runtime/Decal/Entities/DecalUpdateCachedSystem.cs
 0.2 kb	 0.0% Packages/com.unity.render-pipelines.universal/Runtime/Decal/Entities/DecalSkipCulledSystem.cs
 0.2 kb	 0.0% Packages/com.unity.render-pipelines.universal/Runtime/Decal/DBuffer/DecalForwardEmissivePass.cs
 0.2 kb	 0.0% Packages/com.unity.render-pipelines.core/Runtime/XR/XRBuiltinShaderConstants.cs
 0.2 kb	 0.0% Packages/com.unity.render-pipelines.core/Runtime/UnifiedRayTracing/IRayTracingAccelStruct.cs
 0.2 kb	 0.0% Packages/com.unity.render-pipelines.core/Runtime/UnifiedRayTracing/Hardware/HardwareRayTracingShader.cs
 0.2 kb	 0.0% Packages/com.unity.render-pipelines.core/Runtime/UnifiedRayTracing/Compute/ComputeRayTracingShader.cs
 0.2 kb	 0.0% Packages/com.unity.render-pipelines.core/Runtime/UnifiedRayTracing/Compute/ComputeRayTracingBackend.cs
 0.2 kb	 0.0% Packages/com.unity.render-pipelines.core/Runtime/Settings/IDefaultVolumeProfileResource.cs
 0.2 kb	 0.0% Packages/com.unity.render-pipelines.core/Runtime/RenderGraph/RenderGraphResourceTexture.cs
 0.2 kb	 0.0% Packages/com.unity.render-pipelines.core/Runtime/RenderGraph/RenderGraph.ExceptionMessages.cs
 0.2 kb	 0.0% Packages/com.unity.render-pipelines.core/Runtime/RenderGraph/IRenderGraphBuilder.cs
 0.2 kb	 0.0% Packages/com.unity.render-pipelines.core/Runtime/PathTracing/UnityComputeProbeIntegrator.cs
 0.2 kb	 0.0% Packages/com.unity.render-pipelines.core/Runtime/PathTracing/LightmapResourceCache.cs
 0.2 kb	 0.0% Packages/com.unity.render-pipelines.core/Runtime/PathTracing/LightmapIntegrationHelpers.cs
 0.2 kb	 0.0% Packages/com.unity.render-pipelines.core/Runtime/PathTracing/Environment/EnvironmentImportanceSampling.cs
 0.2 kb	 0.0% Packages/com.unity.render-pipelines.core/Runtime/GPUDriven/SceneProcessors/SpeedTreeWindGPUDataUpdater.cs
 0.2 kb	 0.0% Packages/com.unity.render-pipelines.core/Runtime/GPUDriven/SceneProcessors/MeshRendererProcessorBurst.cs
 0.2 kb	 0.0% Packages/com.unity.render-pipelines.core/Runtime/GPUDriven/IGPUResidentRenderPipeline.cs
 0.2 kb	 0.0% Packages/com.unity.render-pipelines.core/Runtime/GPUDriven/GPUResidentDrawerResources.cs
 0.2 kb	 0.0% Packages/com.unity.render-pipelines.core/Runtime/GPUDriven/Components/DisallowGPUDrivenRendering.cs
 0.2 kb	 0.0% Packages/com.unity.render-pipelines.core/Runtime/GPUDriven/Batching/InstanceCullingBatcherBurst.cs
 0.2 kb	 0.0% Packages/com.unity.render-pipelines.core/Runtime/GPUDriven/Batching/InstanceCullingBatcher.Jobs.cs
 0.2 kb	 0.0% Packages/com.unity.render-pipelines.core/Runtime-PrivateShared/AssemblyInfo.cs
 0.2 kb	 0.0% Packages/com.unity.purchasing/Runtime/Stores/TransactionHistory/ITransactionHistoryExtensions.cs
 0.2 kb	 0.0% Packages/com.unity.purchasing/Runtime/Stores/TransactionHistory/FakeTransactionHistoryExtensions.cs
 0.2 kb	 0.0% Packages/com.unity.purchasing/Runtime/Stores/AppleAppStore/GetAppleProductMetadataExtension.cs
 0.2 kb	 0.0% Packages/com.unity.purchasing/Runtime/Stores/Android/GooglePlay/StoreCallbackExtensionMethods.cs
 0.2 kb	 0.0% Packages/com.unity.purchasing/Runtime/Stores/Android/GooglePlay/Services/GooglePlayStorePurchaseService.cs
 0.2 kb	 0.0% Packages/com.unity.purchasing/Runtime/Stores/Android/GooglePlay/Interfaces/Services/IGooglePlayStorePurchaseService.cs
 0.2 kb	 0.0% Packages/com.unity.purchasing/Runtime/Stores/Android/GooglePlay/Interfaces/IGooglePlayConfigurationInternal.cs
 0.2 kb	 0.0% Packages/com.unity.purchasing/Runtime/Stores/Android/GooglePlay/FakeGooglePlayStoreExtensions.cs
 0.2 kb	 0.0% Packages/com.unity.purchasing/Runtime/Stores/Android/GooglePlay/FakeGooglePlayStoreConfiguration.cs
 0.2 kb	 0.0% Packages/com.unity.purchasing/Runtime/Stores/Android/GooglePlay/AAR/MetricizedGooglePlayStoreService.cs
 0.2 kb	 0.0% Packages/com.unity.purchasing/Runtime/Stores/Android/GooglePlay/AAR/Listeners/ProductDetailsResponseListener.cs
 0.2 kb	 0.0% Packages/com.unity.purchasing/Runtime/Stores/Android/GooglePlay/AAR/Listeners/GooglePurchasesResponseListener.cs
 0.2 kb	 0.0% Packages/com.unity.purchasing/Runtime/Stores/Android/GooglePlay/AAR/Listeners/GooglePurchaseUpdatedListener.cs
 0.2 kb	 0.0% Packages/com.unity.purchasing/Runtime/Stores/Android/GooglePlay/AAR/Listeners/GoogleConsumeResponseListener.cs
 0.2 kb	 0.0% Packages/com.unity.purchasing/Runtime/Stores/Android/GooglePlay/AAR/Interfaces/ISkuDetailsQueryResponse.cs
 0.2 kb	 0.0% Packages/com.unity.purchasing/Runtime/Stores/Android/GooglePlay/AAR/Interfaces/IBillingClientBase.cs
 0.2 kb	 0.0% Packages/com.unity.purchasing/Runtime/Stores/Android/GooglePlay/AAR/GoogleLastKnownProductService.cs
 0.2 kb	 0.0% Packages/com.unity.purchasing/Runtime/Stores/Android/GooglePlay/AAR/GoogleFinishTransactionService.cs
 0.2 kb	 0.0% Packages/com.unity.purchasing/Runtime/Stores/Android/Common/AAR/AndroidJavaObjectExtensions.cs
 0.2 kb	 0.0% Packages/com.unity.purchasing/Runtime/Stores/Android/AmazonAppStore/AmazonAppStoreStoreExtensions.cs
 0.2 kb	 0.0% Packages/com.unity.purchasing/Runtime/Purchasing/Telemetry/Metrics/TelemetryMetricsInstanceWrapper.cs
 0.2 kb	 0.0% Packages/com.unity.purchasing/Runtime/Purchasing/Telemetry/Metrics/Interfaces/ITelemetryMetricsInstanceWrapper.cs
 0.2 kb	 0.0% Packages/com.unity.purchasing/Runtime/Purchasing/CoreServices/UnityServicesInitializationChecker.cs
 0.2 kb	 0.0% Packages/com.unity.purchasing/Runtime/Purchasing/CoreServices/Interfaces/IUnityServicesInitializationChecker.cs
 0.2 kb	 0.0% Packages/com.unity.inputsystem/InputSystem/Plugins/UI/StandaloneInputModuleEditor.cs
 0.2 kb	 0.0% Packages/com.unity.inputsystem/InputSystem/Plugins/UI/InputSystemUIInputModuleEditor.cs
 0.2 kb	 0.0% Packages/com.unity.2d.animation/Runtime/BatchedDeformation/BoneTransformsChangeDetectionJob.cs
 0.1 kb	 0.0% Packages/com.unity.visualscripting/Runtime/VisualScripting.Flow/Ports/MissingValuePortInputException.cs
 0.1 kb	 0.0% Packages/com.unity.visualscripting/Runtime/VisualScripting.Flow/EditorBinding/UnitHeaderInspectableAttribute.cs
 0.1 kb	 0.0% Packages/com.unity.visualscripting/Runtime/VisualScripting.Flow/Dependencies/NCalc/LogicalExpressionVisitor.cs
 0.1 kb	 0.0% Packages/com.unity.visualscripting/Runtime/VisualScripting.Core/Variables/VariableDeclarationCollection.cs
 0.1 kb	 0.0% Packages/com.unity.visualscripting/Runtime/VisualScripting.Core/Variables/InspectorVariableNameAttribute.cs
 0.1 kb	 0.0% Packages/com.unity.visualscripting/Runtime/VisualScripting.Core/Serialization/SerializationVersionAttribute.cs
 0.1 kb	 0.0% Packages/com.unity.visualscripting/Runtime/VisualScripting.Core/Listeners/UIInterfaces/UnityOnPointerUpMessageListener.cs
 0.1 kb	 0.0% Packages/com.unity.visualscripting/Runtime/VisualScripting.Core/Listeners/UIInterfaces/UnityOnEndDragMessageListener.cs
 0.1 kb	 0.0% Packages/com.unity.visualscripting/Runtime/VisualScripting.Core/Listeners/UIInterfaces/UnityOnDeselectMessageListener.cs
 0.1 kb	 0.0% Packages/com.unity.visualscripting/Runtime/VisualScripting.Core/Listeners/UIInterfaces/UnityOnBeginDragMessageListener.cs
 0.1 kb	 0.0% Packages/com.unity.visualscripting/Runtime/VisualScripting.Core/Listeners/MonoBehaviour/UnityOnTriggerStayMListener.cs
 0.1 kb	 0.0% Packages/com.unity.visualscripting/Runtime/VisualScripting.Core/Listeners/MonoBehaviour/UnityOnTriggerExitMListener.cs
 0.1 kb	 0.0% Packages/com.unity.visualscripting/Runtime/VisualScripting.Core/Listeners/MonoBehaviour/UnityOnMouseUpMessageListener.cs
 0.1 kb	 0.0% Packages/com.unity.visualscripting/Runtime/VisualScripting.Core/Listeners/MonoBehaviour/UnityOnMouseOverMessageListener.cs
 0.1 kb	 0.0% Packages/com.unity.visualscripting/Runtime/VisualScripting.Core/Listeners/MonoBehaviour/UnityOnMouseExitMessageListener.cs
 0.1 kb	 0.0% Packages/com.unity.visualscripting/Runtime/VisualScripting.Core/Listeners/MonoBehaviour/UnityOnMouseEnterMessageListener.cs
 0.1 kb	 0.0% Packages/com.unity.visualscripting/Runtime/VisualScripting.Core/Listeners/MonoBehaviour/UnityOnMouseDragMessageListener.cs
 0.1 kb	 0.0% Packages/com.unity.visualscripting/Runtime/VisualScripting.Core/Listeners/MonoBehaviour/UnityOnMouseDownMessageListener.cs
 0.1 kb	 0.0% Packages/com.unity.visualscripting/Runtime/VisualScripting.Core/Listeners/MonoBehaviour/UnityOnJointBreakMessageListener.cs
 0.1 kb	 0.0% Packages/com.unity.visualscripting/Runtime/VisualScripting.Core/Exceptions/InvalidImplementationException.cs
 0.1 kb	 0.0% Packages/com.unity.visualscripting/Runtime/VisualScripting.Core/EditorBinding/Inspector/InspectorExpandTooltipAttribute.cs
 0.1 kb	 0.0% Packages/com.unity.visualscripting/Runtime/VisualScripting.Core/EditorBinding/Inspector/InspectorAdaptiveWidthAttribute.cs
 0.1 kb	 0.0% Packages/com.unity.visualscripting/Runtime/VisualScripting.Core/Dependencies/FullSerializer/Internal/fsPortableReflection.cs
 0.1 kb	 0.0% Packages/com.unity.visualscripting/Runtime/VisualScripting.Core/Attributes/VisualScriptingHelpURLAttribute.cs
 0.1 kb	 0.0% Packages/com.unity.services.core/Runtime/Core.Internal/Registry/DependencyTreeExceptions.cs
 0.1 kb	 0.0% Packages/com.unity.services.core/Runtime/Core.Internal/Components/Vivox/IVivoxTokenProviderInternal.cs
 0.1 kb	 0.0% Packages/com.unity.services.core/Runtime/Core.Internal/Components/Networking/HttpRequestExtensions.cs
 0.1 kb	 0.0% Packages/com.unity.services.core/Runtime/Core.Internal/Components/Authentication/IServerEnvironmentId.cs
 0.1 kb	 0.0% Packages/com.unity.services.core/Runtime/Core.Internal/Components/Authentication/IServerAccessToken.cs
 0.1 kb	 0.0% Packages/com.unity.render-pipelines.universal/Runtime/UniversalRendererDebug.cs
 0.1 kb	 0.0% Packages/com.unity.render-pipelines.universal/Runtime/MotionVectors.cs
 0.1 kb	 0.0% Packages/com.unity.render-pipelines.universal/Runtime/Decal/DecalDrawErrorRenderPass.cs
 0.1 kb	 0.0% Packages/com.unity.render-pipelines.universal/Runtime/2D/Sources/IProvider2DSources.cs
 0.1 kb	 0.0% Packages/com.unity.render-pipelines.universal/Runtime/2D/Shadows/ShadowCasterGroup2D.cs
 0.1 kb	 0.0% Packages/com.unity.render-pipelines.universal/Runtime/2D/Shadows/Shadow Provider Utility/ShapeProviderUtility.cs
 0.1 kb	 0.0% Packages/com.unity.render-pipelines.universal/Runtime/2D/Rendergraph/GlobalPropertiesPass.cs
 0.1 kb	 0.0% Packages/com.unity.render-pipelines.universal/Runtime/2D/Rendergraph/DrawRenderer2DPass.cs
 0.1 kb	 0.0% Packages/com.unity.render-pipelines.universal/Runtime/2D/PixelPerfectCamera.cs
 0.1 kb	 0.0% Packages/com.unity.render-pipelines.universal/Runtime/2D/Passes/Utility/Light2DLookupTexture.cs
 0.1 kb	 0.0% Packages/com.unity.render-pipelines.universal/Runtime/2D/Lights/Light2DCullResult.cs
 0.1 kb	 0.0% Packages/com.unity.render-pipelines.universal/Runtime/2D/Lights/Light2DBlendStyle.cs
 0.1 kb	 0.0% Packages/com.unity.render-pipelines.core/Runtime/Utilities/BatchRendererGroupGlobals.cs
 0.1 kb	 0.0% Packages/com.unity.render-pipelines.core/Runtime/Settings/IncludeRenderPipelineAsset.cs
 0.1 kb	 0.0% Packages/com.unity.render-pipelines.core/Runtime/STP/ISTPEnabledRenderPipeline.cs
 0.1 kb	 0.0% Packages/com.unity.render-pipelines.core/Runtime/RenderGraph/RenderGraphUtilsBlit.cs
 0.1 kb	 0.0% Packages/com.unity.render-pipelines.core/Runtime/RenderGraph/RenderGraphResourceBuffer.cs
 0.1 kb	 0.0% Packages/com.unity.render-pipelines.core/Runtime/RenderGraph/RenderGraphGlobalSettings.cs
 0.1 kb	 0.0% Packages/com.unity.render-pipelines.core/Runtime/RenderGraph/RenderGraphBuilders.cs
 0.1 kb	 0.0% Packages/com.unity.render-pipelines.core/Runtime/RenderGraph/IRenderGraphRecorder.cs
 0.1 kb	 0.0% Packages/com.unity.render-pipelines.core/Runtime/RenderGraph/Debug/DebugMessageHandler.cs
 0.1 kb	 0.0% Packages/com.unity.render-pipelines.core/Runtime/Lighting/ProbeVolume/ShaderVariablesProbeVolumes.cs
 0.1 kb	 0.0% Packages/com.unity.render-pipelines.core/Runtime/Lighting/ProbeVolume/ProbeVolumeStreamableAsset.cs
 0.1 kb	 0.0% Packages/com.unity.render-pipelines.core/Runtime/Lighting/ProbeVolume/ProbeVolumeScratchBufferPool.cs
 0.1 kb	 0.0% Packages/com.unity.render-pipelines.core/Runtime/Lighting/ProbeVolume/ProbeVolumeGlobalSettings.cs
 0.1 kb	 0.0% Packages/com.unity.render-pipelines.core/Runtime/GPUDriven/GPUResidentDrawerTypes.cs
 0.1 kb	 0.0% Packages/com.unity.render-pipelines.core/Runtime/GPUDriven/CoreDataSystems/LODGroupDataSystem.Jobs.cs
 0.1 kb	 0.0% Packages/com.unity.render-pipelines.core/Runtime/GPUDriven/CoreDataSystems/InstanceWindDataUpdateDefs.cs
 0.1 kb	 0.0% Packages/com.unity.render-pipelines.core/Runtime/GPUDriven/CoreDataSystems/InstanceTransformUpdateDefs.cs
 0.1 kb	 0.0% Packages/com.unity.render-pipelines.core/Runtime/Debugging/IDebugDisplaySettingsQuery.cs
 0.1 kb	 0.0% Packages/com.unity.render-pipelines.core/Runtime/Debugging/IDebugDisplaySettingsPanel.cs
 0.1 kb	 0.0% Packages/com.unity.render-pipelines.core/Runtime/Debugging/IDebugDisplaySettingsData.cs
 0.1 kb	 0.0% Packages/com.unity.render-pipelines.core/Runtime/Debugging/DebugDisplaySettingsVolumes.cs
 0.1 kb	 0.0% Packages/com.unity.render-pipelines.core/Runtime/Debugging/DebugDisplaySettingsPanel.cs
 0.1 kb	 0.0% Packages/com.unity.purchasing/Runtime/Stores/Util/JsonProductDescriptionsDeserializer.cs
 0.1 kb	 0.0% Packages/com.unity.purchasing/Runtime/Stores/Android/GooglePlay/AAR/Models/BillingClientBase.cs
 0.1 kb	 0.0% Packages/com.unity.purchasing/Runtime/Stores/Android/GooglePlay/AAR/Interfaces/IProductDetailsConverter.cs
 0.1 kb	 0.0% Packages/com.unity.purchasing/Runtime/Stores/Android/GooglePlay/AAR/Interfaces/IGooglePurchaseService.cs
 0.1 kb	 0.0% Packages/com.unity.purchasing/Runtime/Stores/Android/GooglePlay/AAR/Interfaces/IGooglePurchaseCallback.cs
 0.1 kb	 0.0% Packages/com.unity.purchasing/Runtime/Stores/Android/GooglePlay/AAR/Interfaces/IGooglePurchaseBuilder.cs
 0.1 kb	 0.0% Packages/com.unity.purchasing/Runtime/Stores/Android/GooglePlay/AAR/Interfaces/IGoogleProductCallback.cs
 0.1 kb	 0.0% Packages/com.unity.purchasing/Runtime/Stores/Android/GooglePlay/AAR/Interfaces/IGooglePlayStoreService.cs
 0.1 kb	 0.0% Packages/com.unity.purchasing/Runtime/SecurityStub/CrossPlatformValidator.cs
 0.1 kb	 0.0% Packages/com.unity.inputsystem/InputSystem/Plugins/InputForUI/InputActionAssetVerifier.cs
 0.1 kb	 0.0% Packages/com.unity.inputsystem/InputSystem/Editor/UITKAssetEditor/Views/CompositeBindingPropertiesView.cs
 0.1 kb	 0.0% Packages/com.unity.inputsystem/InputSystem/Editor/UITKAssetEditor/InputActionsEditorWindowUtils.cs
 0.1 kb	 0.0% Packages/com.unity.inputsystem/InputSystem/Editor/PropertyDrawers/InputActionAssetSearchProvider.cs
 0.1 kb	 0.0% Packages/com.unity.inputsystem/InputSystem/Editor/ProjectWideActions/ProjectWideActionsBuildProvider.cs
 0.1 kb	 0.0% Packages/com.unity.inputsystem/InputSystem/Editor/Internal/SerializedPropertyLinqExtensions.cs
 0.1 kb	 0.0% Packages/com.unity.inputsystem/InputSystem/Editor/Internal/InputActionSerializationHelpers.cs
 0.1 kb	 0.0% Packages/com.unity.inputsystem/InputSystem/Editor/EditorInputControlLayoutCache.cs
 0.1 kb	 0.0% Packages/com.unity.inputsystem/InputSystem/Editor/ControlPicker/Layouts/TouchscreenControlPickerLayout.cs
 0.1 kb	 0.0% Packages/com.unity.inputsystem/InputSystem/Editor/ControlPicker/Layouts/DefaultInputControlPickerLayout.cs
 0.1 kb	 0.0% Packages/com.unity.inputsystem/InputSystem/Editor/Analytics/VirtualMouseInputEditorAnalytic.cs
 0.1 kb	 0.0% Packages/com.unity.inputsystem/InputSystem/Editor/Analytics/PlayerInputManagerEditorAnalytic.cs
 0.1 kb	 0.0% Packages/com.unity.inputsystem/InputSystem/Devices/Commands/QuerySamplingFrequencyCommand.cs
 0.1 kb	 0.0% Packages/com.unity.inputsystem/InputSystem/Devices/Commands/QueryPairedUserAccountCommand.cs
 0.1 kb	 0.0% Packages/com.unity.xr.legacyinputhelpers/Runtime/ArmModels/TransitionArmModel.cs
 0.1 kb	 0.0% Packages/com.unity.visualscripting/Runtime/VisualScripting.Core/Dependencies/FullSerializer/fsExceptions.cs
 0.1 kb	 0.0% Packages/com.unity.visualscripting/Runtime/VisualScripting.Core/Dependencies/FullSerializer/fsAotCompilationManager.cs
 0.1 kb	 0.0% Packages/com.unity.visualscripting/Runtime/VisualScripting.Core/Dependencies/FullSerializer/Converters/fsWeakReferenceConverter.cs
 0.1 kb	 0.0% Packages/com.unity.visualscripting/Runtime/VisualScripting.Core/Dependencies/FullSerializer/Converters/fsKeyValuePairConverter.cs
 0.1 kb	 0.0% Packages/com.unity.visualscripting/Runtime/VisualScripting.Core/Dependencies/FullSerializer/Converters/fsIEnumerableConverter.cs
 0.1 kb	 0.0% Packages/com.unity.visualscripting/Runtime/VisualScripting.Core/Dependencies/FullSerializer/Converters/fsDictionaryConverter.cs
 0.1 kb	 0.0% Packages/com.unity.visualscripting/Runtime/VisualScripting.Core/Dependencies/FullSerializer/Converters/Unity/Keyframe_DirectConverter.cs
 0.1 kb	 0.0% Packages/com.unity.visualscripting/Runtime/VisualScripting.Core/Dependencies/FullSerializer/Converters/Unity/Gradient_DirectConverter.cs
 0.1 kb	 0.0% Packages/com.unity.visualscripting/Runtime/VisualScripting.Core/Dependencies/FullSerializer/Converters/Unity/GUIStyle_DirectConverter.cs
 0.1 kb	 0.0% Packages/com.unity.visualscripting/Runtime/VisualScripting.Core/Dependencies/FullSerializer/Converters/Unity/Bounds_DirectConverter.cs
 0.1 kb	 0.0% Packages/com.unity.services.core/Runtime/Telemetry/Diagnotstics/DisabledDiagnostics.cs
 0.1 kb	 0.0% Packages/com.unity.services.core/Runtime/Telemetry/Diagnotstics/DiagnosticsFactory.cs
 0.1 kb	 0.0% Packages/com.unity.services.core/Runtime/Scheduler/ScheduledInvocation.cs
 0.1 kb	 0.0% Packages/com.unity.services.core/Runtime/Scheduler/MinimumBinaryHeap.cs
 0.1 kb	 0.0% Packages/com.unity.services.core/Runtime/Registration/CorePackageInitializer.cs
 0.1 kb	 0.0% Packages/com.unity.services.core/Runtime/Networking/UnityWebRequestClient.cs
 0.1 kb	 0.0% Packages/com.unity.services.core/Runtime/Environments/Internal/Environments.cs
 0.1 kb	 0.0% Packages/com.unity.services.core/Runtime/Core.Internal/Serialization/NewtonsoftSerializer.cs
 0.1 kb	 0.0% Packages/com.unity.services.core/Runtime/Core.Internal/Registry/PackageInitializationInfo.cs
 0.1 kb	 0.0% Packages/com.unity.services.core/Runtime/Core.Internal/Registry/CircularDependencyException.cs
 0.1 kb	 0.0% Packages/com.unity.services.core/Runtime/Core.Internal/Components/Device/IEngineInstallationId.cs
 0.1 kb	 0.0% Packages/com.unity.services.core/Runtime/Configuration/Utils/StreamingAssetsUtils.cs
 0.1 kb	 0.0% Packages/com.unity.services.core/Runtime/Configuration/ProjectConfiguration.cs
 0.1 kb	 0.0% Packages/com.unity.services.core/Runtime/Configuration/IConfigurationLoader.cs
 0.1 kb	 0.0% Packages/com.unity.services.core/Runtime/Configuration/ConfigurationUtils.cs
 0.1 kb	 0.0% Packages/com.unity.services.core/Runtime/Configuration/ConfigurationEntry.cs
 0.1 kb	 0.0% Packages/com.unity.services.core/Runtime/Components/ServicesInitialization.cs
 0.1 kb	 0.0% Packages/com.unity.render-pipelines.universal/Runtime/XR/XRSystemUniversal.cs
 0.1 kb	 0.0% Packages/com.unity.render-pipelines.universal/Runtime/ValidationHandler.cs
 0.1 kb	 0.0% Packages/com.unity.render-pipelines.universal/Runtime/UniversalRenderer.cs
 0.1 kb	 0.0% Packages/com.unity.render-pipelines.universal/Runtime/SpaceFillingCurves.cs
 0.1 kb	 0.0% Packages/com.unity.render-pipelines.universal/Runtime/Settings/RenderGraphSettings.cs
 0.1 kb	 0.0% Packages/com.unity.render-pipelines.universal/Runtime/ScriptableRenderer.cs
 0.1 kb	 0.0% Packages/com.unity.render-pipelines.universal/Runtime/SceneViewDrawMode.cs
 0.1 kb	 0.0% Packages/com.unity.render-pipelines.universal/Runtime/RenderingLayerUtils.cs
 0.1 kb	 0.0% Packages/com.unity.render-pipelines.universal/Runtime/RendererFeatures/ScreenSpaceShadows.cs
 0.1 kb	 0.0% Packages/com.unity.render-pipelines.universal/Runtime/RendererFeatures/DecalRendererFeature.cs
 0.1 kb	 0.0% Packages/com.unity.render-pipelines.universal/Runtime/RenderTargetHandle.cs
 0.1 kb	 0.0% Packages/com.unity.render-pipelines.universal/Runtime/RenderPipelineResources/Renderer2DResources.cs
 0.1 kb	 0.0% Packages/com.unity.render-pipelines.universal/Runtime/Passes/XROcclusionMeshPass.cs
 0.1 kb	 0.0% Packages/com.unity.render-pipelines.universal/Runtime/Passes/XRDepthMotionPass.cs
 0.1 kb	 0.0% Packages/com.unity.render-pipelines.universal/Runtime/Passes/ScriptableRenderPass.cs
 0.1 kb	 0.0% Packages/com.unity.render-pipelines.universal/Runtime/Passes/RenderObjectsPass.cs
 0.1 kb	 0.0% Packages/com.unity.render-pipelines.universal/Runtime/Passes/ProbeVolumeDebugPass.cs
 0.1 kb	 0.0% Packages/com.unity.render-pipelines.universal/Runtime/Passes/PostProcess/UberPostProcessPass.cs
 0.1 kb	 0.0% Packages/com.unity.render-pipelines.universal/Runtime/Passes/PostProcess/StpPostProcessPass.cs
 0.1 kb	 0.0% Packages/com.unity.render-pipelines.universal/Runtime/Passes/PostProcess/SmaaPostProcessPass.cs
 0.1 kb	 0.0% Packages/com.unity.render-pipelines.universal/Runtime/Passes/PostProcess/FinalPostProcessPass.cs
 0.1 kb	 0.0% Packages/com.unity.render-pipelines.universal/Runtime/Passes/PostProcess/BloomPostProcessPass.cs
 0.1 kb	 0.0% Packages/com.unity.render-pipelines.universal/Runtime/Passes/FinalBlitPass.cs
 0.1 kb	 0.0% Packages/com.unity.render-pipelines.universal/Runtime/Passes/DrawObjectsPass.cs
 0.1 kb	 0.0% Packages/com.unity.render-pipelines.universal/Runtime/Passes/DepthOnlyPass.cs
 0.1 kb	 0.0% Packages/com.unity.render-pipelines.universal/Runtime/Passes/CopyDepthPass.cs
 0.1 kb	 0.0% Packages/com.unity.render-pipelines.universal/Runtime/Passes/CopyColorPass.cs
 0.1 kb	 0.0% Packages/com.unity.render-pipelines.universal/Runtime/Overrides/ScreenSpaceLensFlare.cs
 0.1 kb	 0.0% Packages/com.unity.render-pipelines.universal/Runtime/Overrides/ChromaticAberration.cs
 0.1 kb	 0.0% Packages/com.unity.render-pipelines.universal/Runtime/LightCookieManager.cs
 0.1 kb	 0.0% Packages/com.unity.render-pipelines.universal/Runtime/History/SingleHistoryBase.cs
 0.1 kb	 0.0% Packages/com.unity.render-pipelines.universal/Runtime/FrameData/UniversalShadowData.cs
 0.1 kb	 0.0% Packages/com.unity.render-pipelines.universal/Runtime/FrameData/UniversalLightData.cs
 0.1 kb	 0.0% Packages/com.unity.render-pipelines.universal/Runtime/FrameData/UniversalCameraData.cs
 0.1 kb	 0.0% Packages/com.unity.render-pipelines.universal/Runtime/ForwardRendererData.cs
 0.1 kb	 0.0% Packages/com.unity.render-pipelines.universal/Runtime/ForwardLights.cs
 0.1 kb	 0.0% Packages/com.unity.render-pipelines.universal/Runtime/DeferredLights.cs
 0.1 kb	 0.0% Packages/com.unity.render-pipelines.universal/Runtime/Decal/Entities/DecalEntityManager.cs
 0.1 kb	 0.0% Packages/com.unity.render-pipelines.universal/Runtime/Decal/DecalShaderPassNames.cs
 0.1 kb	 0.0% Packages/com.unity.render-pipelines.universal/Runtime/Decal/DBuffer/DBufferRenderPass.cs
 0.1 kb	 0.0% Packages/com.unity.render-pipelines.universal/Runtime/Decal/DBuffer/DBufferDepthCopyPass.cs
 0.1 kb	 0.0% Packages/com.unity.render-pipelines.universal/Runtime/2D/Sources/SelectionSource2D.cs
 0.1 kb	 0.0% Packages/com.unity.render-pipelines.universal/Runtime/2D/Rendergraph/Renderer2DRendergraph.cs
 0.1 kb	 0.0% Packages/com.unity.render-pipelines.core/Runtime/UnifiedRayTracing/RayTracingResources.cs
 0.1 kb	 0.0% Packages/com.unity.render-pipelines.core/Runtime/UnifiedRayTracing/RayTracingContext.cs
 0.1 kb	 0.0% Packages/com.unity.render-pipelines.core/Runtime/UnifiedRayTracing/IRayTracingShader.cs
 0.1 kb	 0.0% Packages/com.unity.render-pipelines.core/Runtime/UnifiedRayTracing/IRayTracingBackend.cs
 0.1 kb	 0.0% Packages/com.unity.render-pipelines.core/Runtime/UnifiedRayTracing/Compute/BLASPositionsPool.cs
 0.1 kb	 0.0% Packages/com.unity.render-pipelines.core/Runtime/UnifiedRayTracing/Common/GeometryPool/GeometryPoolDefs.cs
 0.1 kb	 0.0% Packages/com.unity.render-pipelines.core/Runtime/UnifiedRayTracing/Common/AccelStructInstances.cs
 0.1 kb	 0.0% Packages/com.unity.render-pipelines.core/Runtime/UnifiedRayTracing/Common/AccelStructAdapter.cs
 0.1 kb	 0.0% Packages/com.unity.render-pipelines.core/Runtime/RenderGraph/RenderGraphResources.cs
 0.1 kb	 0.0% Packages/com.unity.render-pipelines.core/Runtime/RenderGraph/Debug/RenderGraph.DebugData.cs
 0.1 kb	 0.0% Packages/com.unity.render-pipelines.core/Runtime/PathTracing/UnityComputeDeviceContext.cs
 0.1 kb	 0.0% Packages/com.unity.render-pipelines.core/Runtime/PathTracing/UVAccelerationStructure.cs
 0.1 kb	 0.0% Packages/com.unity.render-pipelines.core/Runtime/PathTracing/LightmapIntegration.cs
 0.1 kb	 0.0% Packages/com.unity.render-pipelines.core/Runtime/PathTracing/AdaptiveSamplingHelpers.cs
 0.1 kb	 0.0% Packages/com.unity.render-pipelines.core/Runtime/Lighting/ProbeVolume/ProbeReferenceVolume.Streaming.cs
 0.1 kb	 0.0% Packages/com.unity.render-pipelines.core/Runtime/Lighting/ProbeVolume/ProbeReferenceVolume.Debug.cs
 0.1 kb	 0.0% Packages/com.unity.render-pipelines.core/Runtime/GPUDriven/Utilities/ParallelSortExtensions.cs
 0.1 kb	 0.0% Packages/com.unity.render-pipelines.core/Runtime/GPUDriven/Utilities/NativeHandleAllocator.cs
 0.1 kb	 0.0% Packages/com.unity.render-pipelines.core/Runtime/GPUDriven/SceneProcessors/MeshRendererUpdateBatch.cs
 0.1 kb	 0.0% Packages/com.unity.render-pipelines.core/Runtime/GPUDriven/SceneProcessors/MeshRendererProcessor.cs
 0.1 kb	 0.0% Packages/com.unity.render-pipelines.core/Runtime/GPUDriven/GPUResidentDrawer.Validator.cs
 0.1 kb	 0.0% Packages/com.unity.render-pipelines.core/Runtime/GPUDriven/Debug/GPUResidentDrawerDebug.cs
 0.1 kb	 0.0% Packages/com.unity.render-pipelines.core/Runtime/GPUDriven/Culling/OcclusionCullingCommon.cs
 0.1 kb	 0.0% Packages/com.unity.render-pipelines.core/Runtime/GPUDriven/CoreDataSystems/LODGroupDataSystemBurst.cs
 0.1 kb	 0.0% Packages/com.unity.render-pipelines.core/Runtime/GPUDriven/CoreDataSystems/InstanceDataSystemBurst.cs
 0.1 kb	 0.0% Packages/com.unity.render-pipelines.core/Runtime/GPUDriven/CoreDataSystems/GPUInstanceDataBuffer.cs
 0.1 kb	 0.0% Packages/com.unity.render-pipelines.core/Runtime/GPUDriven/Components/DisallowSmallMeshCulling.cs
 0.1 kb	 0.0% Packages/com.unity.render-pipelines.core/Runtime/GPUDriven/Batching/InstanceCullingBatcher.cs
 0.1 kb	 0.0% Packages/com.unity.render-pipelines.core/Runtime/GPUDriven/Batching/CPUDrawInstanceDataBurst.cs
 0.1 kb	 0.0% Packages/com.unity.purchasing/Runtime/WinRTCore/WinProductDescription.cs
 0.1 kb	 0.0% Packages/com.unity.purchasing/Runtime/Stores/Util/ProductDefinitionExtensions.cs
 0.1 kb	 0.0% Packages/com.unity.purchasing/Runtime/Stores/Util/GoogleConnectionRetryPolicy.cs
 0.1 kb	 0.0% Packages/com.unity.purchasing/Runtime/Stores/Android/GooglePlay/Interfaces/IGooglePlayStoreExtensions.cs
 0.1 kb	 0.0% Packages/com.unity.purchasing/Runtime/Stores/Android/GooglePlay/GooglePlayStoreExtensions.cs
 0.1 kb	 0.0% Packages/com.unity.purchasing/Runtime/Stores/Android/GooglePlay/GooglePlayPurchaseCallback.cs
 0.1 kb	 0.0% Packages/com.unity.purchasing/Runtime/Stores/Android/GooglePlay/GooglePlayProductCallback.cs
 0.1 kb	 0.0% Packages/com.unity.purchasing/Runtime/Stores/Android/GooglePlay/AAR/QueryProductDetailsService.cs
 0.1 kb	 0.0% Packages/com.unity.purchasing/Runtime/Stores/Android/GooglePlay/AAR/ProductDetailsQueryResponse.cs
 0.1 kb	 0.0% Packages/com.unity.purchasing/Runtime/Stores/Android/GooglePlay/AAR/Models/ProductDescriptionQuery.cs
 0.1 kb	 0.0% Packages/com.unity.purchasing/Runtime/Stores/Android/GooglePlay/AAR/Models/GooglePurchaseStateEnum.cs
 0.1 kb	 0.0% Packages/com.unity.purchasing/Runtime/Stores/Android/GooglePlay/AAR/Models/GoogleProductTypeEnum.cs
 0.1 kb	 0.0% Packages/com.unity.purchasing/Runtime/Stores/Android/GooglePlay/AAR/Listeners/BillingClientStateListener.cs
 0.1 kb	 0.0% Packages/com.unity.purchasing/Runtime/Stores/Android/GooglePlay/AAR/Interfaces/IBillingClient.cs
 0.1 kb	 0.0% Packages/com.unity.purchasing/Runtime/Stores/Android/GooglePlay/AAR/GoogleQueryPurchasesService.cs
 0.1 kb	 0.0% Packages/com.unity.purchasing/Runtime/Purchasing/Telemetry/Metrics/TelemetryMetricDefinitions.cs
 0.1 kb	 0.0% Packages/com.unity.purchasing/Runtime/Purchasing/Telemetry/Metrics/TelemetryMetricDefinition.cs
 0.1 kb	 0.0% Packages/com.unity.purchasing/Runtime/Purchasing/Telemetry/Diagnostics/TelemetryDiagnosticParams.cs
 0.1 kb	 0.0% Packages/com.unity.purchasing/Runtime/Purchasing/PurchaseFailureDescription.cs
 0.1 kb	 0.0% Packages/com.unity.purchasing/Runtime/Purchasing/CoreServices/Interfaces/Environment/ICoreServicesEnvironmentObserver.cs
 0.1 kb	 0.0% Packages/com.unity.purchasing/Runtime/Purchasing/CoreServices/Environment/CoreServicesEnvironmentSubject.cs
 0.1 kb	 0.0% Packages/com.unity.multiplayer.center/Common/SelectedSolutionsData.cs
 0.1 kb	 0.0% Packages/com.unity.inputsystem/InputSystem/Utilities/DisplayStringFormatAttribute.cs
 0.1 kb	 0.0% Packages/com.unity.inputsystem/InputSystem/Plugins/XR/Haptics/SendBufferedHapticsCommand.cs
 0.1 kb	 0.0% Packages/com.unity.inputsystem/InputSystem/Plugins/XR/Haptics/GetHapticCapabilitiesCommand.cs
 0.1 kb	 0.0% Packages/com.unity.inputsystem/InputSystem/Plugins/XR/Haptics/GetCurrentHapticStateCommand.cs
 0.1 kb	 0.0% Packages/com.unity.inputsystem/InputSystem/Plugins/UI/ExtendedSubmitCancelEventData.cs
 0.1 kb	 0.0% Packages/com.unity.inputsystem/InputSystem/Plugins/Android/AndroidGameController.cs
 0.1 kb	 0.0% Packages/com.unity.inputsystem/InputSystem/Controls/Processors/NormalizeVector3Processor.cs
 0.1 kb	 0.0% Packages/com.unity.inputsystem/InputSystem/Controls/Processors/NormalizeVector2Processor.cs
 0.1 kb	 0.0% Packages/com.unity.inputsystem/InputSystem/Controls/Processors/EditorWindowSpaceProcessor.cs
 0.1 kb	 0.0% Packages/com.unity.inputsystem/InputSystem/Controls/Processors/CompensateRotationProcessor.cs
 0.1 kb	 0.0% Packages/com.unity.inputsystem/InputSystem/Controls/Processors/CompensateDirectionProcessor.cs
 0.1 kb	 0.0% Packages/com.unity.collections/Unity.Collections/UnsafeParallelHashSetExtensions.gen.cs
 0.1 kb	 0.0% Packages/com.unity.collections/Unity.Collections/UnsafeParallelHashMap.cs
 0.1 kb	 0.0% Packages/com.unity.2d.animation/Runtime/SpriteSkinBoneBoundsUtility.cs
 0.1 kb	 0.0% Packages/com.unity.2d.animation/Runtime/BatchedDeformation/DeformationManagerUpdater.cs
 0.1 kb	 0.0% Packages/com.unity.2d.animation/IK/Runtime/Culling/SpriteSkinVisibilityCullingStrategy.cs
 0.1 kb	 0.0% Packages/com.unity.visualscripting/Runtime/VisualScripting.State/IStateTransitionDebugData.cs
 0.1 kb	 0.0% Packages/com.unity.visualscripting/Runtime/VisualScripting.Flow/Ports/IUnitOutputPortDefinition.cs
 0.1 kb	 0.0% Packages/com.unity.visualscripting/Runtime/VisualScripting.Flow/Ports/IUnitControlPortDefinition.cs
 0.1 kb	 0.0% Packages/com.unity.visualscripting/Runtime/VisualScripting.Flow/Framework/Variables/Obsolete/IsApplicationVariableDefined.cs
 0.1 kb	 0.0% Packages/com.unity.visualscripting/Runtime/VisualScripting.Flow/Framework/Events/Hierarchy/OnTransformChildrenChanged.cs
 0.1 kb	 0.0% Packages/com.unity.visualscripting/Runtime/VisualScripting.Flow/Dependencies/NCalc/TernaryExpression.cs
 0.1 kb	 0.0% Packages/com.unity.visualscripting/Runtime/VisualScripting.Flow/Dependencies/NCalc/SerializationVisitor.cs
 0.1 kb	 0.0% Packages/com.unity.visualscripting/Runtime/VisualScripting.Flow/Dependencies/NCalc/LogicalExpression.cs
 0.1 kb	 0.0% Packages/com.unity.visualscripting/Runtime/VisualScripting.Flow/Dependencies/NCalc/IdentifierExpression.cs
 0.1 kb	 0.0% Packages/com.unity.visualscripting/Runtime/VisualScripting.Flow/Dependencies/NCalc/FunctionExpression.cs
 0.1 kb	 0.0% Packages/com.unity.visualscripting/Runtime/VisualScripting.Flow/Dependencies/NCalc/EvaluationVisitor.cs
 0.1 kb	 0.0% Packages/com.unity.visualscripting/Runtime/VisualScripting.Flow/Dependencies/NCalc/EvaluationException.cs
 0.1 kb	 0.0% Packages/com.unity.visualscripting/Runtime/VisualScripting.Core/Variables/VariableDeclarationsCloner.cs
 0.1 kb	 0.0% Packages/com.unity.visualscripting/Runtime/VisualScripting.Core/Utilities/ReferenceEqualityComparer.cs
 0.1 kb	 0.0% Packages/com.unity.visualscripting/Runtime/VisualScripting.Core/Unity/UnityObjectOwnershipUtility.cs
 0.1 kb	 0.0% Packages/com.unity.visualscripting/Runtime/VisualScripting.Core/Unity/RequiresUnityAPIAttribute.cs
 0.1 kb	 0.0% Packages/com.unity.visualscripting/Runtime/VisualScripting.Core/SerializedProperties/ISerializedPropertyProvider.cs
 0.1 kb	 0.0% Packages/com.unity.visualscripting/Runtime/VisualScripting.Core/Serialization/Converters/LooseAssemblyNameConverter.cs
 0.1 kb	 0.0% Packages/com.unity.visualscripting/Runtime/VisualScripting.Core/Reflection/RenamedNamespaceAttribute.cs
 0.1 kb	 0.0% Packages/com.unity.visualscripting/Runtime/VisualScripting.Core/Reflection/Optimization/ReflectionPropertyAccessor.cs
 0.1 kb	 0.0% Packages/com.unity.visualscripting/Runtime/VisualScripting.Core/Reflection/Operators/GreaterThanOrEqualHandler.cs
 0.1 kb	 0.0% Packages/com.unity.visualscripting/Runtime/VisualScripting.Core/Reflection/Operators/AmbiguousOperatorException.cs
 0.1 kb	 0.0% Packages/com.unity.visualscripting/Runtime/VisualScripting.Core/Profiling/ProfiledSegmentCollection.cs
 0.1 kb	 0.0% Packages/com.unity.visualscripting/Runtime/VisualScripting.Core/Listeners/UIInterfaces/UnityOnSubmitMessageListener.cs
 0.1 kb	 0.0% Packages/com.unity.visualscripting/Runtime/VisualScripting.Core/Listeners/UIInterfaces/UnityOnSelectMessageListener.cs
 0.1 kb	 0.0% Packages/com.unity.visualscripting/Runtime/VisualScripting.Core/Listeners/UIInterfaces/UnityOnScrollMessageListener.cs
 0.1 kb	 0.0% Packages/com.unity.visualscripting/Runtime/VisualScripting.Core/Listeners/UIInterfaces/UnityOnMoveMessageListener.cs
 0.1 kb	 0.0% Packages/com.unity.visualscripting/Runtime/VisualScripting.Core/Listeners/UIInterfaces/UnityOnDropMessageListener.cs
 0.1 kb	 0.0% Packages/com.unity.visualscripting/Runtime/VisualScripting.Core/Listeners/UIInterfaces/UnityOnDragMessageListener.cs
 0.1 kb	 0.0% Packages/com.unity.visualscripting/Runtime/VisualScripting.Core/Listeners/UIInterfaces/UnityOnCancelMessageListener.cs
 0.1 kb	 0.0% Packages/com.unity.visualscripting/Runtime/VisualScripting.Core/Graphs/MergedGraphElementCollection.cs
 0.1 kb	 0.0% Packages/com.unity.visualscripting/Runtime/VisualScripting.Core/Graphs/IGraphElementWithDebugData.cs
 0.1 kb	 0.0% Packages/com.unity.visualscripting/Runtime/VisualScripting.Core/Exceptions/InvalidConversionException.cs
 0.1 kb	 0.0% Packages/com.unity.visualscripting/Runtime/VisualScripting.Core/EditorBinding/WarnBeforeRemovingAttribute.cs
 0.1 kb	 0.0% Packages/com.unity.visualscripting/Runtime/VisualScripting.Core/EditorBinding/WarnBeforeEditingAttribute.cs
 0.1 kb	 0.0% Packages/com.unity.visualscripting/Runtime/VisualScripting.Core/EditorBinding/TypeIconPriorityAttribute.cs
 0.1 kb	 0.0% Packages/com.unity.visualscripting/Runtime/VisualScripting.Core/EditorBinding/Inspector/InspectorToggleLeftAttribute.cs
 0.1 kb	 0.0% Packages/com.unity.visualscripting/Runtime/VisualScripting.Core/EditorBinding/Inspector/InspectorTextAreaAttribute.cs
 0.1 kb	 0.0% Packages/com.unity.visualscripting/Runtime/VisualScripting.Core/EditorBinding/Inspector/InspectorDelayedAttribute.cs
 0.1 kb	 0.0% Packages/com.unity.visualscripting/Runtime/VisualScripting.Core/EditorBinding/IncludeInSettingsAttribute.cs
 0.1 kb	 0.0% Packages/com.unity.visualscripting/Runtime/VisualScripting.Core/EditorBinding/DisableAnnotationAttribute.cs
 0.1 kb	 0.0% Packages/com.unity.visualscripting/Runtime/VisualScripting.Core/Dependencies/FullSerializer/Internal/fsVersionedType.cs
 0.1 kb	 0.0% Packages/com.unity.visualscripting/Runtime/VisualScripting.Core/Dependencies/FullSerializer/Internal/fsVersionManager.cs
 0.1 kb	 0.0% Packages/com.unity.visualscripting/Runtime/VisualScripting.Core/Dependencies/FullSerializer/Internal/fsTypeExtensions.cs
 0.1 kb	 0.0% Packages/com.unity.visualscripting/Runtime/VisualScripting.Core/Connections/InvalidConnectionException.cs
 0.1 kb	 0.0% Packages/com.unity.services.core/Runtime/Core/DynamicDependency/PreserveDependencyAttribute.cs
 0.1 kb	 0.0% Packages/com.unity.services.core/Runtime/Core.Internal/Components/Threading/IUnityThreadUtils.cs
 0.1 kb	 0.0% Packages/com.unity.services.core/Runtime/Core.Internal/Components/Telemetry/IDiagnosticsFactory.cs
 0.1 kb	 0.0% Packages/com.unity.services.core/Runtime/Core.Internal/Components/Networking/ReadOnlyHttpResponse.cs
 0.1 kb	 0.0% Packages/com.unity.services.core/Runtime/Core.Internal/Components/Networking/ReadOnlyHttpRequest.cs
 0.1 kb	 0.0% Packages/com.unity.services.core/Runtime/Core.Internal/Components/Authentication/ITargetingContext.cs
 0.1 kb	 0.0% Packages/com.unity.services.core/Runtime/Core.Internal/Components/Authentication/ITargetingActivation.cs
 0.1 kb	 0.0% Packages/com.unity.services.core/Runtime/Core.Internal/Components/Authentication/IPlayerNameComponent.cs
 0.1 kb	 0.0% Packages/com.unity.services.core/Runtime/Core.Internal/Components/Authentication/IAccessTokenObserver.cs
 0.1 kb	 0.0% Packages/com.unity.render-pipelines.universal/Runtime/RTHandleUtils.cs
 0.1 kb	 0.0% Packages/com.unity.render-pipelines.universal/Runtime/2D/Sources/Provider2DSource.cs
 0.1 kb	 0.0% Packages/com.unity.render-pipelines.universal/Runtime/2D/Sources/Provider2DRef.cs
 0.1 kb	 0.0% Packages/com.unity.render-pipelines.universal/Runtime/2D/Sources/Provider2DKVPair.cs
 0.1 kb	 0.0% Packages/com.unity.render-pipelines.universal/Runtime/2D/Sources/IProvider2DCache.cs
 0.1 kb	 0.0% Packages/com.unity.render-pipelines.universal/Runtime/2D/Shadows/ShadowRendering.cs
 0.1 kb	 0.0% Packages/com.unity.render-pipelines.universal/Runtime/2D/Shadows/ShadowCaster2D.cs
 0.1 kb	 0.0% Packages/com.unity.render-pipelines.universal/Runtime/2D/Shadows/Shadow Provider Utility/ShadowUtility.cs
 0.1 kb	 0.0% Packages/com.unity.render-pipelines.universal/Runtime/2D/Shadows/Shadow Provider Utility/ShadowShape2D.cs
 0.1 kb	 0.0% Packages/com.unity.render-pipelines.universal/Runtime/2D/Shadows/Shadow Provider Utility/EdgeDictionary.cs
 0.1 kb	 0.0% Packages/com.unity.render-pipelines.universal/Runtime/2D/Rendergraph/DrawShadow2DPass.cs
 0.1 kb	 0.0% Packages/com.unity.render-pipelines.universal/Runtime/2D/Rendergraph/DrawNormal2DPass.cs
 0.1 kb	 0.0% Packages/com.unity.render-pipelines.universal/Runtime/2D/Rendergraph/DrawLight2DPass.cs
 0.1 kb	 0.0% Packages/com.unity.render-pipelines.universal/Runtime/2D/Renderer2DData.cs
 0.1 kb	 0.0% Packages/com.unity.render-pipelines.universal/Runtime/2D/Passes/Utility/RendererLighting.cs
 0.1 kb	 0.0% Packages/com.unity.render-pipelines.universal/Runtime/2D/Lights/Providers/Light2DProvider.cs
 0.1 kb	 0.0% Packages/com.unity.render-pipelines.universal/Runtime/2D/Lights/Light2DManager.cs
 0.1 kb	 0.0% Packages/com.unity.render-pipelines.universal-config/Runtime/ShaderConfig.cs
 0.1 kb	 0.0% Packages/com.unity.render-pipelines.core/Runtime/XR/XRGraphicsAutomatedTests.cs
 0.1 kb	 0.0% Packages/com.unity.render-pipelines.core/Runtime/Textures/PowerOfTwoTextureAtlas.cs
 0.1 kb	 0.0% Packages/com.unity.render-pipelines.core/Runtime/Textures/BufferedRTHandleSystem.cs
 0.1 kb	 0.0% Packages/com.unity.render-pipelines.core/Runtime/Settings/ShaderStrippingSetting.cs
 0.1 kb	 0.0% Packages/com.unity.render-pipelines.core/Runtime/Settings/LightmapSamplingSettings.cs
 0.1 kb	 0.0% Packages/com.unity.render-pipelines.core/Runtime/Sampling/SamplingResources.cs
 0.1 kb	 0.0% Packages/com.unity.render-pipelines.core/Runtime/RenderPipeline/RenderPipelineResources.cs
 0.1 kb	 0.0% Packages/com.unity.render-pipelines.core/Runtime/RenderGraph/RenderGraphPass.cs
 0.1 kb	 0.0% Packages/com.unity.render-pipelines.core/Runtime/RenderGraph/RenderGraph.Compiler.cs
 0.1 kb	 0.0% Packages/com.unity.render-pipelines.core/Runtime/RenderGraph/Deprecated.cs
 0.1 kb	 0.0% Packages/com.unity.render-pipelines.core/Runtime/PostProcessing/LensFlareComponentSRP.cs
 0.1 kb	 0.0% Packages/com.unity.render-pipelines.core/Runtime/PostProcessing/IPostProcessComponent.cs
 0.1 kb	 0.0% Packages/com.unity.render-pipelines.core/Runtime/PathTracing/ProbePostProcessor.cs
 0.1 kb	 0.0% Packages/com.unity.render-pipelines.core/Runtime/Lighting/ProbeVolume/ProbeVolumePositioning.cs
 0.1 kb	 0.0% Packages/com.unity.render-pipelines.core/Runtime/Lighting/ProbeVolume/ProbeVolumePerSceneData.cs
 0.1 kb	 0.0% Packages/com.unity.render-pipelines.core/Runtime/Lighting/ProbeVolume/ProbeReferenceVolume.Binding.cs
 0.1 kb	 0.0% Packages/com.unity.render-pipelines.core/Runtime/Lighting/ProbeVolume/ProbeAdjustmentVolume.cs
 0.1 kb	 0.0% Packages/com.unity.render-pipelines.core/Runtime/GPUDriven/Culling/InstanceOcclusionCuller.cs
 0.1 kb	 0.0% Packages/com.unity.render-pipelines.core/Runtime/GPUDriven/CoreDataSystems/InstanceDataSystem.Jobs.cs
 0.1 kb	 0.0% Packages/com.unity.render-pipelines.core/Runtime/Debugging/ShaderDebugPrintManager.cs
 0.1 kb	 0.0% Packages/com.unity.render-pipelines.core/Runtime/Debugging/RuntimePersistentDebugUI.cs
 0.1 kb	 0.0% Packages/com.unity.render-pipelines.core/Runtime/Debugging/IDebugDisplaySettings.cs
 0.1 kb	 0.0% Packages/com.unity.render-pipelines.core/Runtime/Debugging/DebugDisplaySettingsUI.cs
 0.1 kb	 0.0% Packages/com.unity.render-pipelines.core/Runtime/Debugging/DebugDisplaySerializer.cs
 0.1 kb	 0.0% Packages/com.unity.render-pipelines.core/Runtime/Common/RemoveRange.Extensions.cs
 0.1 kb	 0.0% Packages/com.unity.render-pipelines.core/Runtime/Common/DynamicResolutionHandler.cs
 0.1 kb	 0.0% Packages/com.unity.render-pipelines.core/Runtime/CommandBuffers/IComputeCommandBuffer.cs
 0.1 kb	 0.0% Packages/com.unity.render-pipelines.core/Runtime/Camera/CameraHistory.cs
 0.1 kb	 0.0% Packages/com.unity.purchasing/Runtime/Stores/Android/GooglePlay/BillingClientFactory.cs
 0.1 kb	 0.0% Packages/com.unity.purchasing/Runtime/Stores/Android/GooglePlay/AAR/Utils/ProductDetailsConverter.cs
 0.1 kb	 0.0% Packages/com.unity.purchasing/Runtime/Stores/Android/GooglePlay/AAR/Utils/GooglePurchaseBuilder.cs
 0.1 kb	 0.0% Packages/com.unity.purchasing/Runtime/Stores/Android/GooglePlay/AAR/Models/BillingClient.cs
 0.1 kb	 0.0% Packages/com.unity.purchasing/Runtime/SecurityStub/GooglePlayReceipt.cs
 0.1 kb	 0.0% Packages/com.unity.purchasing/Runtime/SecurityCore/IAPSecurityException.cs
 0.1 kb	 0.0% Packages/com.unity.inputsystem/InputSystem/State/IInputStateCallbackReceiver.cs
 0.1 kb	 0.0% Packages/com.unity.inputsystem/InputSystem/Plugins/InputForUI/InputSystemProvider.cs
 0.1 kb	 0.0% Packages/com.unity.inputsystem/InputSystem/Plugins/DualShock/DualShockGamepadHID.cs
 0.1 kb	 0.0% Packages/com.unity.inputsystem/InputSystem/Editor/UITKAssetEditor/Views/NameAndParametersListView.cs
 0.1 kb	 0.0% Packages/com.unity.inputsystem/InputSystem/Editor/UITKAssetEditor/Views/InputActionMapsTreeViewItem.cs
 0.1 kb	 0.0% Packages/com.unity.inputsystem/InputSystem/Editor/UITKAssetEditor/InputActionsEditorConstants.cs
 0.1 kb	 0.0% Packages/com.unity.inputsystem/InputSystem/Editor/Settings/InputSettingsBuildProvider.cs
 0.1 kb	 0.0% Packages/com.unity.inputsystem/InputSystem/Editor/Settings/EditorPlayerSettingHelpers.cs
 0.1 kb	 0.0% Packages/com.unity.inputsystem/InputSystem/Editor/PropertyDrawers/InputActionPropertyDrawer.cs
 0.1 kb	 0.0% Packages/com.unity.inputsystem/InputSystem/Editor/PropertyDrawers/GamepadButtonPropertyDrawer.cs
 0.1 kb	 0.0% Packages/com.unity.inputsystem/InputSystem/Editor/Internal/SerializedPropertyHelpers.cs
 0.1 kb	 0.0% Packages/com.unity.inputsystem/InputSystem/Editor/Internal/AdvancedDropdown/AdvancedDropdownDataSource.cs
 0.1 kb	 0.0% Packages/com.unity.inputsystem/InputSystem/Editor/InputSystemPackageControl.cs
 0.1 kb	 0.0% Packages/com.unity.inputsystem/InputSystem/Editor/Debugger/SampleFrequencyCalculator.cs
 0.1 kb	 0.0% Packages/com.unity.inputsystem/InputSystem/Editor/Debugger/InputDeviceDebuggerWindow.cs
 0.1 kb	 0.0% Packages/com.unity.inputsystem/InputSystem/Editor/Debugger/InputActionDebuggerWindow.cs
 0.1 kb	 0.0% Packages/com.unity.inputsystem/InputSystem/Editor/ControlPicker/InputControlPickerDropdown.cs
 0.1 kb	 0.0% Packages/com.unity.inputsystem/InputSystem/Editor/ControlPicker/IInputControlPickerLayout.cs
 0.1 kb	 0.0% Packages/com.unity.inputsystem/InputSystem/Editor/AssetImporter/InputActionImporterEditor.cs
 0.1 kb	 0.0% Packages/com.unity.inputsystem/InputSystem/Editor/AssetImporter/InputActionAssetIconLoader.cs
 0.1 kb	 0.0% Packages/com.unity.inputsystem/InputSystem/Editor/AssetEditor/InputBindingPropertiesView.cs
 0.1 kb	 0.0% Packages/com.unity.inputsystem/InputSystem/Editor/AssetEditor/InputActionPropertiesView.cs
 0.1 kb	 0.0% Packages/com.unity.inputsystem/InputSystem/Editor/Analytics/PlayerInputEditorAnalytic.cs
 0.1 kb	 0.0% Packages/com.unity.inputsystem/InputSystem/Editor/Analytics/OnScreenStickEditorAnalytic.cs
 0.1 kb	 0.0% Packages/com.unity.inputsystem/InputSystem/Editor/Analytics/InputExitPlayModeAnalytic.cs
 0.1 kb	 0.0% Packages/com.unity.inputsystem/InputSystem/Editor/Analytics/InputComponentEditorAnalytic.cs
 0.1 kb	 0.0% Packages/com.unity.inputsystem/InputSystem/Devices/IInputUpdateCallbackReceiver.cs
 0.1 kb	 0.0% Packages/com.unity.inputsystem/InputSystem/Devices/Commands/SetSamplingFrequencyCommand.cs
 0.1 kb	 0.0% Packages/com.unity.inputsystem/InputSystem/Devices/Commands/SetIMECursorPositionCommand.cs
 0.1 kb	 0.0% Packages/com.unity.inputsystem/InputSystem/Devices/Commands/QueryKeyboardLayoutCommand.cs
 0.1 kb	 0.0% Packages/com.unity.inputsystem/InputSystem/Devices/Commands/EnableIMECompositionCommand.cs
 0.1 kb	 0.0% Packages/com.unity.inputsystem/InputSystem/Controls/InputControlLayoutAttribute.cs
 0.1 kb	 0.0% Packages/com.unity.inputsystem/InputSystem/Actions/InputActionRebindingExtensions.cs
 0.1 kb	 0.0% Packages/com.unity.collections/Unity.Collections/UnsafeNotBurstCompatible.cs
 0.1 kb	 0.0% Packages/com.unity.xr.legacyinputhelpers/Runtime/ArmModels/SwingArmModel.cs
 0.1 kb	 0.0% Packages/com.unity.visualscripting/Runtime/VisualScripting.Flow/Framework/Events/Input/InputSystem/OnInputSystemEvent.cs
 0.1 kb	 0.0% Packages/com.unity.visualscripting/Runtime/VisualScripting.Core/Dependencies/FullSerializer/fsPropertyAttribute.cs
 0.1 kb	 0.0% Packages/com.unity.visualscripting/Runtime/VisualScripting.Core/Dependencies/FullSerializer/fsObjectProcessor.cs
 0.1 kb	 0.0% Packages/com.unity.visualscripting/Runtime/VisualScripting.Core/Dependencies/FullSerializer/fsObjectAttribute.cs
 0.1 kb	 0.0% Packages/com.unity.visualscripting/Runtime/VisualScripting.Core/Dependencies/FullSerializer/fsIgnoreAttribute.cs
 0.1 kb	 0.0% Packages/com.unity.visualscripting/Runtime/VisualScripting.Core/Dependencies/FullSerializer/fsDirectConverter.cs
 0.1 kb	 0.0% Packages/com.unity.visualscripting/Runtime/VisualScripting.Core/Dependencies/FullSerializer/fsConverterRegistrar.cs
 0.1 kb	 0.0% Packages/com.unity.visualscripting/Runtime/VisualScripting.Core/Dependencies/FullSerializer/Reflection/fsReflectionUtility.cs
 0.1 kb	 0.0% Packages/com.unity.visualscripting/Runtime/VisualScripting.Core/Dependencies/FullSerializer/Converters/fsReflectedConverter.cs
 0.1 kb	 0.0% Packages/com.unity.visualscripting/Runtime/VisualScripting.Core/Dependencies/FullSerializer/Converters/fsPrimitiveConverter.cs
 0.1 kb	 0.0% Packages/com.unity.visualscripting/Runtime/VisualScripting.Core/Dependencies/FullSerializer/Converters/fsNullableConverter.cs
 0.1 kb	 0.0% Packages/com.unity.visualscripting/Runtime/VisualScripting.Core/Dependencies/FullSerializer/Converters/fsForwardConverter.cs
 0.1 kb	 0.0% Packages/com.unity.visualscripting/Runtime/VisualScripting.Core/Dependencies/FullSerializer/Converters/Unity/Rect_DirectConverter.cs
 0.1 kb	 0.0% Packages/com.unity.ugui/Runtime/UGUI/EventSystem/UIElements/UIToolkitInteroperabilityBridge.cs
 0.1 kb	 0.0% Packages/com.unity.services.core/Runtime/Telemetry/Metrics/MetricsFactory.cs
 0.1 kb	 0.0% Packages/com.unity.services.core/Runtime/Telemetry/Metrics/DisabledMetrics.cs
 0.1 kb	 0.0% Packages/com.unity.services.core/Runtime/Scheduler/TimeProvider/UtcTimeProvider.cs
 0.1 kb	 0.0% Packages/com.unity.services.core/Runtime/Scheduler/TimeProvider/ITimeProvider.cs
 0.1 kb	 0.0% Packages/com.unity.services.core/Runtime/Scheduler/ActionScheduler.cs
 0.1 kb	 0.0% Packages/com.unity.services.core/Runtime/Networking/HttpServiceConfig.cs
 0.1 kb	 0.0% Packages/com.unity.services.core/Runtime/Device/UserIdProviders/UnityEngineIdentifier.cs
 0.1 kb	 0.0% Packages/com.unity.services.core/Runtime/Device/UserIdProviders/UnityAnalyticsIdentifier.cs
 0.1 kb	 0.0% Packages/com.unity.services.core/Runtime/Device/UserIdProviders/IUserIdentifierProvider.cs
 0.1 kb	 0.0% Packages/com.unity.services.core/Runtime/Core/Initialization/UnityProjectNotLinkedException.cs
 0.1 kb	 0.0% Packages/com.unity.services.core/Runtime/Core/Initialization/ServicesInitializationException.cs
 0.1 kb	 0.0% Packages/com.unity.services.core/Runtime/Core.Internal/UnityServicesInternal.cs
 0.1 kb	 0.0% Packages/com.unity.services.core/Runtime/Core.Internal/UnityServicesInitializer.cs
 0.1 kb	 0.0% Packages/com.unity.services.core/Runtime/Core.Internal/Serialization/IJsonSerializer.cs
 0.1 kb	 0.0% Packages/com.unity.services.core/Runtime/Core.Internal/Registry/ServiceRegistry/LockedServiceRegistry.cs
 0.1 kb	 0.0% Packages/com.unity.services.core/Runtime/Core.Internal/Registry/PackageRegistry/LockedPackageRegistry.cs
 0.1 kb	 0.0% Packages/com.unity.services.core/Runtime/Core.Internal/Registry/IInitializablePackageV2.cs
 0.1 kb	 0.0% Packages/com.unity.services.core/Runtime/Core.Internal/Registry/IInitializablePackage.cs
 0.1 kb	 0.0% Packages/com.unity.services.core/Runtime/Core.Internal/Registry/DependencyTreeExtensions.cs
 0.1 kb	 0.0% Packages/com.unity.services.core/Runtime/Core.Internal/Registry/CoreRegistryInitializer.cs
 0.1 kb	 0.0% Packages/com.unity.services.core/Runtime/Core.Internal/Registry/ComponentRegistry/LockedComponentRegistry.cs
 0.1 kb	 0.0% Packages/com.unity.services.core/Runtime/Core.Internal/Components/Wire/IChannelTokenProvider.cs
 0.1 kb	 0.0% Packages/com.unity.services.core/Runtime/Core.Internal/Components/Environments/IEnvironments.cs
 0.1 kb	 0.0% Packages/com.unity.services.core/Runtime/Core.Internal/Components/Configuration/IExternalUserId.cs
 0.1 kb	 0.0% Packages/com.unity.services.core/Runtime/Core.Internal/Components/Configuration/ICloudProjectId.cs
 0.1 kb	 0.0% Packages/com.unity.services.core/Runtime/Core.Internal/AsyncOperation/IAsyncOperationAwaiter.cs
 0.1 kb	 0.0% Packages/com.unity.services.core/Runtime/Core.Internal/AsyncOperation/AsyncOperationExtensions.cs
 0.1 kb	 0.0% Packages/com.unity.services.core/Runtime/Core.Internal/AsyncOperation/AsyncOperationAwaiter.cs
 0.1 kb	 0.0% Packages/com.unity.services.core/Runtime/Configuration/ExternalUserId.cs
 0.1 kb	 0.0% Packages/com.unity.services.core/Runtime/Configuration/CloudProjectId.cs
 0.1 kb	 0.0% Packages/com.unity.services.core/Runtime/Components/ServicesBehaviour.cs
 0.1 kb	 0.0% Packages/com.unity.services.analytics/Runtime/Events/Transaction/TransactionCurrencyConverter.cs
 0.1 kb	 0.0% Packages/com.unity.render-pipelines.universal/Runtime/XR/XRPassUniversal.cs
 0.1 kb	 0.0% Packages/com.unity.render-pipelines.universal/Runtime/Tiling/LightMinMaxZJob.cs
 0.1 kb	 0.0% Packages/com.unity.render-pipelines.universal/Runtime/Tiling/InclusiveRange.cs
 0.1 kb	 0.0% Packages/com.unity.render-pipelines.universal/Runtime/ShadowCulling.cs
 0.1 kb	 0.0% Packages/com.unity.render-pipelines.universal/Runtime/ShaderBitArray.cs
 0.1 kb	 0.0% Packages/com.unity.render-pipelines.universal/Runtime/RenderingUtils.cs
 0.1 kb	 0.0% Packages/com.unity.render-pipelines.universal/Runtime/RendererFeatures/RenderObjects.cs
 0.1 kb	 0.0% Packages/com.unity.render-pipelines.universal/Runtime/PostProcessUtils.cs
 0.1 kb	 0.0% Packages/com.unity.render-pipelines.universal/Runtime/Passes/PostProcess/PostProcessPass.cs
 0.1 kb	 0.0% Packages/com.unity.render-pipelines.universal/Runtime/Passes/HDRDebugViewPass.cs
 0.1 kb	 0.0% Packages/com.unity.render-pipelines.universal/Runtime/Passes/GBufferPass.cs
 0.1 kb	 0.0% Packages/com.unity.render-pipelines.universal/Runtime/Passes/DrawSkyboxPass.cs
 0.1 kb	 0.0% Packages/com.unity.render-pipelines.universal/Runtime/Passes/DeferredPass.cs
 0.1 kb	 0.0% Packages/com.unity.render-pipelines.universal/Runtime/Overrides/PaniniProjection.cs
 0.1 kb	 0.0% Packages/com.unity.render-pipelines.universal/Runtime/Overrides/LiftGammaGain.cs
 0.1 kb	 0.0% Packages/com.unity.render-pipelines.universal/Runtime/Overrides/LensDistortion.cs
 0.1 kb	 0.0% Packages/com.unity.render-pipelines.universal/Runtime/Overrides/ColorAdjustments.cs
 0.1 kb	 0.0% Packages/com.unity.render-pipelines.universal/Runtime/Memory/BuddyAllocator.cs
 0.1 kb	 0.0% Packages/com.unity.render-pipelines.universal/Runtime/History/RawDepthHistory.cs
 0.1 kb	 0.0% Packages/com.unity.render-pipelines.universal/Runtime/History/RawColorHistory.cs
 0.1 kb	 0.0% Packages/com.unity.render-pipelines.universal/Runtime/Documentation.cs
 0.1 kb	 0.0% Packages/com.unity.render-pipelines.universal/Runtime/Deprecated.cs
 0.1 kb	 0.0% Packages/com.unity.render-pipelines.universal/Runtime/Decal/Entities/DecalDrawSystem.cs
 0.1 kb	 0.0% Packages/com.unity.render-pipelines.universal/Runtime/Decal/DecalProjector.cs
 0.1 kb	 0.0% Packages/com.unity.render-pipelines.universal/Runtime/Decal/DecalPreviewPass.cs
 0.1 kb	 0.0% Packages/com.unity.render-pipelines.universal/Runtime/Debug/DebugRenderSetup.cs
 0.1 kb	 0.0% Packages/com.unity.render-pipelines.universal/Runtime/Data/RenderStateData.cs
 0.1 kb	 0.0% Packages/com.unity.render-pipelines.universal/Runtime/Data/PostProcessData.cs
 0.1 kb	 0.0% Packages/com.unity.render-pipelines.universal/Runtime/ComponentUtility.cs
 0.1 kb	 0.0% Packages/com.unity.render-pipelines.universal/Runtime/2D/Shadows/Providers/ShadowShapeProvider2D_Utility.cs
 0.1 kb	 0.0% Packages/com.unity.render-pipelines.core/Runtime/XR/XRVisibleMesh.cs
 0.1 kb	 0.0% Packages/com.unity.render-pipelines.core/Runtime/XR/XROcclusionMesh.cs
 0.1 kb	 0.0% Packages/com.unity.render-pipelines.core/Runtime/XR/XRLayoutStack.cs
 0.1 kb	 0.0% Packages/com.unity.render-pipelines.core/Runtime/UnifiedRayTracing/Compute/RadeonRays/HlbvhTopLevelBuilder.cs
 0.1 kb	 0.0% Packages/com.unity.render-pipelines.core/Runtime/UnifiedRayTracing/Common/Utilities/GraphicsHelpers.cs
 0.1 kb	 0.0% Packages/com.unity.render-pipelines.core/Runtime/UnifiedRayTracing/Common/Utilities/BlockAllocator.cs
 0.1 kb	 0.0% Packages/com.unity.render-pipelines.core/Runtime/UnifiedRayTracing/Common/Utilities/BackendHelpers.cs
 0.1 kb	 0.0% Packages/com.unity.render-pipelines.core/Runtime/UnifiedRayTracing/Common/TerrainToMesh.cs
 0.1 kb	 0.0% Packages/com.unity.render-pipelines.core/Runtime/PathTracing/WriteRenderTexture.cs
 0.1 kb	 0.0% Packages/com.unity.render-pipelines.core/Runtime/PathTracing/UnityComputeWorld.cs
 0.1 kb	 0.0% Packages/com.unity.render-pipelines.core/Runtime/PathTracing/SphericalHarmonicsUtil.cs
 0.1 kb	 0.0% Packages/com.unity.render-pipelines.core/Runtime/PathTracing/LightmappingContext.cs
 0.1 kb	 0.0% Packages/com.unity.render-pipelines.core/Runtime/PathTracing/Lightmapping/UVOverlapDetection.cs
 0.1 kb	 0.0% Packages/com.unity.render-pipelines.core/Runtime/PathTracing/Lightmapping/ChartIdentification.cs
 0.1 kb	 0.0% Packages/com.unity.render-pipelines.core/Runtime/PathTracing/LightmapExpansion.cs
 0.1 kb	 0.0% Packages/com.unity.render-pipelines.core/Runtime/PathTracing/BakeLightmapDriver.cs
 0.1 kb	 0.0% Packages/com.unity.render-pipelines.core/Runtime/Lighting/ProbeVolume/ProbeIndexOfIndices.cs
 0.1 kb	 0.0% Packages/com.unity.render-pipelines.core/Runtime/GPUDriven/Utilities/LODRenderingUtils.cs
 0.1 kb	 0.0% Packages/com.unity.render-pipelines.core/Runtime/GPUDriven/Utilities/JaggedJobRangeBurst.cs
 0.1 kb	 0.0% Packages/com.unity.render-pipelines.core/Runtime/GPUDriven/SceneProcessors/WorldProcessorBurst.cs
 0.1 kb	 0.0% Packages/com.unity.render-pipelines.core/Runtime/GPUDriven/SceneProcessors/LODGroupUpdateBatch.cs
 0.1 kb	 0.0% Packages/com.unity.render-pipelines.core/Runtime/GPUDriven/SceneProcessors/LODGroupProcessor.cs
 0.1 kb	 0.0% Packages/com.unity.render-pipelines.core/Runtime/GPUDriven/GPUResidentDrawer.cs
 0.1 kb	 0.0% Packages/com.unity.render-pipelines.core/Runtime/GPUDriven/GPUResidentContext.cs
 0.1 kb	 0.0% Packages/com.unity.render-pipelines.core/Runtime/GPUDriven/Culling/InstanceCullerBurst.cs
 0.1 kb	 0.0% Packages/com.unity.render-pipelines.core/Runtime/GPUDriven/CoreDataSystems/LODGroupDataSystem.cs
 0.1 kb	 0.0% Packages/com.unity.render-pipelines.core/Runtime/GPUDriven/CoreDataSystems/InstanceDataSystem.cs
 0.1 kb	 0.0% Packages/com.unity.render-pipelines.core/Runtime/GPUDriven/CoreDataSystems/InstanceAllocators.cs
 0.1 kb	 0.0% Packages/com.unity.render-pipelines.core/Runtime/GPUDriven/CoreDataSystems/GPUArchetypeManager.cs
 0.1 kb	 0.0% Packages/com.unity.render-pipelines.core/Runtime/GPUDriven/CoreDataSystems/DefaultGPUComponents.cs
 0.1 kb	 0.0% Packages/com.unity.render-pipelines.core/Runtime/GPUDriven/Batching/CPUDrawInstanceData.cs
 0.1 kb	 0.0% Packages/com.unity.render-pipelines.core/Runtime/Debugging/DebugUI.Fields.cs
 0.1 kb	 0.0% Packages/com.unity.render-pipelines.core/Runtime/Debugging/DebugManager.SchedulerTracker.cs
 0.1 kb	 0.0% Packages/com.unity.purchasing/Runtime/Stores/WindowsStore/IMicrosoftConfiguration.cs
 0.1 kb	 0.0% Packages/com.unity.purchasing/Runtime/Stores/WindowsStore/FakeMicrosoftExtensions.cs
 0.1 kb	 0.0% Packages/com.unity.purchasing/Runtime/Stores/Util/ExponentialRetryPolicy.cs
 0.1 kb	 0.0% Packages/com.unity.purchasing/Runtime/Stores/StandardPurchasingModule.cs
 0.1 kb	 0.0% Packages/com.unity.purchasing/Runtime/Stores/AppleAppStore/MetricizedAppleStoreImpl.cs
 0.1 kb	 0.0% Packages/com.unity.purchasing/Runtime/Stores/AppleAppStore/FakeAppleConfiguration.cs
 0.1 kb	 0.0% Packages/com.unity.purchasing/Runtime/Stores/Android/ScriptingUnityCallback.cs
 0.1 kb	 0.0% Packages/com.unity.purchasing/Runtime/Stores/Android/ScriptingStoreCallback.cs
 0.1 kb	 0.0% Packages/com.unity.purchasing/Runtime/Stores/Android/IAndroidStoreSelection.cs
 0.1 kb	 0.0% Packages/com.unity.purchasing/Runtime/Stores/Android/GooglePlay/Models/GoogleProductMetadata.cs
 0.1 kb	 0.0% Packages/com.unity.purchasing/Runtime/Stores/Android/GooglePlay/Interfaces/Services/IGoogleFetchPurchases.cs
 0.1 kb	 0.0% Packages/com.unity.purchasing/Runtime/Stores/Android/GooglePlay/Interfaces/IGooglePlayConfiguration.cs
 0.1 kb	 0.0% Packages/com.unity.purchasing/Runtime/Stores/Android/GooglePlay/GooglePlayConfiguration.cs
 0.1 kb	 0.0% Packages/com.unity.purchasing/Runtime/Stores/Android/GooglePlay/AAR/Models/GoogleBillingStrings.cs
 0.1 kb	 0.0% Packages/com.unity.purchasing/Runtime/Stores/Android/GooglePlay/AAR/Models/GoogleBillingResult.cs
 0.1 kb	 0.0% Packages/com.unity.purchasing/Runtime/Stores/Android/GooglePlay/AAR/Interfaces/IGoogleBillingResult.cs
 0.1 kb	 0.0% Packages/com.unity.purchasing/Runtime/Stores/Android/GooglePlay/AAR/GooglePurchaseService.cs
 0.1 kb	 0.0% Packages/com.unity.purchasing/Runtime/Stores/Android/GooglePlay/AAR/GooglePlayStoreService.cs
 0.1 kb	 0.0% Packages/com.unity.purchasing/Runtime/Purchasing/Telemetry/Metrics/TelemetryMetricsService.cs
 0.1 kb	 0.0% Packages/com.unity.purchasing/Runtime/Purchasing/Telemetry/Metrics/TelemetryMetricParams.cs
 0.1 kb	 0.0% Packages/com.unity.purchasing/Runtime/Purchasing/Telemetry/Metrics/Interfaces/ITelemetryMetricsService.cs
 0.1 kb	 0.0% Packages/com.unity.purchasing/Runtime/Purchasing/Telemetry/Metrics/Interfaces/ITelemetryMetricEvent.cs
 0.1 kb	 0.0% Packages/com.unity.purchasing/Runtime/Purchasing/Telemetry/IapTelemetryException.cs
 0.1 kb	 0.0% Packages/com.unity.purchasing/Runtime/Purchasing/Telemetry/Diagnostics/TelemetryDiagnosticNames.cs
 0.1 kb	 0.0% Packages/com.unity.purchasing/Runtime/Purchasing/Telemetry/Diagnostics/Interfaces/ITelemetryDiagnostics.cs
 0.1 kb	 0.0% Packages/com.unity.purchasing/Runtime/Purchasing/Extension/AbstractPurchasingModule.cs
 0.1 kb	 0.0% Packages/com.unity.purchasing/Runtime/Purchasing/Analytics/Models/AnalyticsTransactionReceipt.cs
 0.1 kb	 0.0% Packages/com.unity.purchasing/Runtime/Codeless/IAPConfigurationHelper.cs
 0.1 kb	 0.0% Packages/com.unity.purchasing/Runtime/Codeless/CodelessIAPStoreListener.cs
 0.1 kb	 0.0% Packages/com.unity.multiplayer.center/Common/IOnboardingSection.cs
 0.1 kb	 0.0% Packages/com.unity.inputsystem/InputSystem/Utilities/Observables/ForDeviceEventObservable.cs
 0.1 kb	 0.0% Packages/com.unity.inputsystem/InputSystem/Plugins/XR/Haptics/SendHapticImpulseCommand.cs
 0.1 kb	 0.0% Packages/com.unity.inputsystem/InputSystem/Plugins/Android/AndroidSensors.cs
 0.1 kb	 0.0% Packages/com.unity.inputsystem/InputSystem/Editor/AssetEditor/NameAndParameterListView.cs
 0.1 kb	 0.0% Packages/com.unity.inputsystem/InputSystem/Controls/Processors/StickDeadzoneProcessor.cs
 0.1 kb	 0.0% Packages/com.unity.inputsystem/InputSystem/Controls/Processors/ScaleVector3Processor.cs
 0.1 kb	 0.0% Packages/com.unity.inputsystem/InputSystem/Controls/Processors/ScaleVector2Processor.cs
 0.1 kb	 0.0% Packages/com.unity.inputsystem/InputSystem/Controls/Processors/InvertVector3Processor.cs
 0.1 kb	 0.0% Packages/com.unity.inputsystem/InputSystem/Controls/Processors/InvertVector2Processor.cs
 0.1 kb	 0.0% Packages/com.unity.inputsystem/InputSystem/Controls/Processors/AxisDeadzoneProcessor.cs
 0.1 kb	 0.0% Packages/com.unity.inputsystem/InputSystem/Actions/Composites/TwoModifiersComposite.cs
 0.1 kb	 0.0% Packages/com.unity.inputsystem/InputSystem/Actions/Composites/ButtonWithTwoModifiers.cs
 0.1 kb	 0.0% Packages/com.unity.inputsystem/InputSystem/Actions/Composites/ButtonWithOneModifier.cs
 0.1 kb	 0.0% Packages/com.unity.collections/Unity.Collections/UnsafeScratchAllocator.cs
 0.1 kb	 0.0% Packages/com.unity.collections/Unity.Collections/NativeParallelHashMapExtensions.cs
 0.1 kb	 0.0% Packages/com.unity.2d.animation/Runtime/SpriteLib/SpriteLibrarySourceAsset.cs
 0.1 kb	 0.0% Packages/com.unity.2d.animation/Runtime/SpriteLib/SpriteLibraryData.cs
 0.1 kb	 0.0% Packages/com.unity.2d.animation/Runtime/SpriteLib/ISpriteLibraryCategory.cs
 0.1 kb	 0.0% Packages/com.unity.2d.animation/Runtime/BatchedDeformation/BaseDeformationSystem.cs
 0.1 kb	 0.0% Packages/com.unity.xr.legacyinputhelpers/Runtime/TrackedPoseDriver/BasePoseProvider.cs
 0.1 kb	 0.0% Packages/com.unity.visualscripting/Runtime/VisualScripting.State/TriggerStateTransition.cs
 0.1 kb	 0.0% Packages/com.unity.visualscripting/Runtime/VisualScripting.State/INesterStateTransition.cs
 0.1 kb	 0.0% Packages/com.unity.visualscripting/Runtime/VisualScripting.Flow/UnitCategoryConverter.cs
 0.1 kb	 0.0% Packages/com.unity.visualscripting/Runtime/VisualScripting.Flow/Ports/ValueOutputDefinition.cs
 0.1 kb	 0.0% Packages/com.unity.visualscripting/Runtime/VisualScripting.Flow/Ports/IUnitValuePortDefinition.cs
 0.1 kb	 0.0% Packages/com.unity.visualscripting/Runtime/VisualScripting.Flow/Ports/IUnitInputPortDefinition.cs
 0.1 kb	 0.0% Packages/com.unity.visualscripting/Runtime/VisualScripting.Flow/Ports/ControlPortDefinition.cs
 0.1 kb	 0.0% Packages/com.unity.visualscripting/Runtime/VisualScripting.Flow/Ports/ControlOutputDefinition.cs
 0.1 kb	 0.0% Packages/com.unity.visualscripting/Runtime/VisualScripting.Flow/Ports/ControlInputDefinition.cs
 0.1 kb	 0.0% Packages/com.unity.visualscripting/Runtime/VisualScripting.Flow/Framework/Variables/Obsolete/SetApplicationVariable.cs
 0.1 kb	 0.0% Packages/com.unity.visualscripting/Runtime/VisualScripting.Flow/Framework/Variables/Obsolete/IsVariableDefinedUnit.cs
 0.1 kb	 0.0% Packages/com.unity.visualscripting/Runtime/VisualScripting.Flow/Framework/Variables/Obsolete/IsSceneVariableDefined.cs
 0.1 kb	 0.0% Packages/com.unity.visualscripting/Runtime/VisualScripting.Flow/Framework/Variables/Obsolete/IsSavedVariableDefined.cs
 0.1 kb	 0.0% Packages/com.unity.visualscripting/Runtime/VisualScripting.Flow/Framework/Variables/Obsolete/IsObjectVariableDefined.cs
 0.1 kb	 0.0% Packages/com.unity.visualscripting/Runtime/VisualScripting.Flow/Framework/Variables/Obsolete/IsGraphVariableDefined.cs
 0.1 kb	 0.0% Packages/com.unity.visualscripting/Runtime/VisualScripting.Flow/Framework/Variables/Obsolete/IApplicationVariableUnit.cs
 0.1 kb	 0.0% Packages/com.unity.visualscripting/Runtime/VisualScripting.Flow/Framework/Variables/Obsolete/GetApplicationVariable.cs
 0.1 kb	 0.0% Packages/com.unity.visualscripting/Runtime/VisualScripting.Flow/Framework/Time/WaitForEndOfFrameUnit.cs
 0.1 kb	 0.0% Packages/com.unity.visualscripting/Runtime/VisualScripting.Flow/Framework/Logic/NotApproximatelyEqual.cs
 0.1 kb	 0.0% Packages/com.unity.visualscripting/Runtime/VisualScripting.Flow/Framework/Events/Physics/OnControllerColliderHit.cs
 0.1 kb	 0.0% Packages/com.unity.visualscripting/Runtime/VisualScripting.Flow/Framework/Events/Hierarchy/OnTransformParentChanged.cs
 0.1 kb	 0.0% Packages/com.unity.visualscripting/Runtime/VisualScripting.Flow/Framework/Events/GUI/OnScrollbarValueChanged.cs
 0.1 kb	 0.0% Packages/com.unity.visualscripting/Runtime/VisualScripting.Flow/Framework/Events/GUI/OnScrollRectValueChanged.cs
 0.1 kb	 0.0% Packages/com.unity.visualscripting/Runtime/VisualScripting.Flow/Framework/Events/GUI/OnInputFieldValueChanged.cs
 0.1 kb	 0.0% Packages/com.unity.visualscripting/Runtime/VisualScripting.Flow/Framework/Events/GUI/OnDropdownValueChanged.cs
 0.1 kb	 0.0% Packages/com.unity.visualscripting/Runtime/VisualScripting.Flow/Framework/Events/Application/OnApplicationLostFocus.cs
 0.1 kb	 0.0% Packages/com.unity.visualscripting/Runtime/VisualScripting.Flow/Framework/Events/Animation/BoltNamedAnimationEvent.cs
 0.1 kb	 0.0% Packages/com.unity.visualscripting/Runtime/VisualScripting.Flow/Framework/Collections/Dictionaries/DictionaryContainsKey.cs
 0.1 kb	 0.0% Packages/com.unity.visualscripting/Runtime/VisualScripting.Flow/EditorBinding/UnitSurtitleAttribute.cs
 0.1 kb	 0.0% Packages/com.unity.visualscripting/Runtime/VisualScripting.Flow/EditorBinding/UnitSubtitleAttribute.cs
 0.1 kb	 0.0% Packages/com.unity.visualscripting/Runtime/VisualScripting.Flow/EditorBinding/UnitShortTitleAttribute.cs
 0.1 kb	 0.0% Packages/com.unity.visualscripting/Runtime/VisualScripting.Flow/EditorBinding/UnitFooterPortsAttribute.cs
 0.1 kb	 0.0% Packages/com.unity.visualscripting/Runtime/VisualScripting.Flow/EditorBinding/PortLabelHiddenAttribute.cs
 0.1 kb	 0.0% Packages/com.unity.visualscripting/Runtime/VisualScripting.Flow/Dependencies/NCalc/ValueExpression.cs
 0.1 kb	 0.0% Packages/com.unity.visualscripting/Runtime/VisualScripting.Flow/Dependencies/NCalc/UnaryExpression.cs
 0.1 kb	 0.0% Packages/com.unity.visualscripting/Runtime/VisualScripting.Flow/Dependencies/NCalc/ParameterArgs.cs
 0.1 kb	 0.0% Packages/com.unity.visualscripting/Runtime/VisualScripting.Flow/Dependencies/NCalc/BinaryExpression.cs
 0.1 kb	 0.0% Packages/com.unity.visualscripting/Runtime/VisualScripting.Flow/Connections/UnitConnectionDebugData.cs
 0.1 kb	 0.0% Packages/com.unity.visualscripting/Runtime/VisualScripting.Flow/Connections/IUnitConnectionDebugData.cs
 0.1 kb	 0.0% Packages/com.unity.visualscripting/Runtime/VisualScripting.Core/Variables/VariableKindAttribute.cs
 0.1 kb	 0.0% Packages/com.unity.visualscripting/Runtime/VisualScripting.Core/Variables/IGraphDataWithVariables.cs
 0.1 kb	 0.0% Packages/com.unity.visualscripting/Runtime/VisualScripting.Core/Utilities/RuntimeVSUsageUtility.cs
 0.1 kb	 0.0% Packages/com.unity.visualscripting/Runtime/VisualScripting.Core/Utilities/IAnalyticsIdentifiable.cs
 0.1 kb	 0.0% Packages/com.unity.visualscripting/Runtime/VisualScripting.Core/Utilities/ComponentHolderProtocol.cs
 0.1 kb	 0.0% Packages/com.unity.visualscripting/Runtime/VisualScripting.Core/Unity/MacroScriptableObject.cs
 0.1 kb	 0.0% Packages/com.unity.visualscripting/Runtime/VisualScripting.Core/Unity/LudiqScriptableObject.cs
 0.1 kb	 0.0% Packages/com.unity.visualscripting/Runtime/VisualScripting.Core/Serialization/SerializationOperation.cs
 0.1 kb	 0.0% Packages/com.unity.visualscripting/Runtime/VisualScripting.Core/Serialization/ISerializationDepender.cs
 0.1 kb	 0.0% Packages/com.unity.visualscripting/Runtime/VisualScripting.Core/Serialization/ISerializationDependency.cs
 0.1 kb	 0.0% Packages/com.unity.visualscripting/Runtime/VisualScripting.Core/Serialization/DoNotSerializeAttribute.cs
 0.1 kb	 0.0% Packages/com.unity.visualscripting/Runtime/VisualScripting.Core/Reflection/RenamedAssemblyAttribute.cs
 0.1 kb	 0.0% Packages/com.unity.visualscripting/Runtime/VisualScripting.Core/Reflection/Optimization/StaticActionInvokerBase.cs
 0.1 kb	 0.0% Packages/com.unity.visualscripting/Runtime/VisualScripting.Core/Reflection/Optimization/ReflectionFieldAccessor.cs
 0.1 kb	 0.0% Packages/com.unity.visualscripting/Runtime/VisualScripting.Core/Reflection/Operators/NumericNegationHandler.cs
 0.1 kb	 0.0% Packages/com.unity.visualscripting/Runtime/VisualScripting.Core/Reflection/Operators/MultiplicationHandler.cs
 0.1 kb	 0.0% Packages/com.unity.visualscripting/Runtime/VisualScripting.Core/Reflection/Operators/LogicalNegationHandler.cs
 0.1 kb	 0.0% Packages/com.unity.visualscripting/Runtime/VisualScripting.Core/Reflection/Operators/LessThanOrEqualHandler.cs
 0.1 kb	 0.0% Packages/com.unity.visualscripting/Runtime/VisualScripting.Core/Reflection/Operators/InvalidOperatorException.cs
 0.1 kb	 0.0% Packages/com.unity.visualscripting/Runtime/VisualScripting.Core/Reflection/Operators/BinaryOperatorHandler.cs
 0.1 kb	 0.0% Packages/com.unity.visualscripting/Runtime/VisualScripting.Core/Reflection/GenericClosingException.cs
 0.1 kb	 0.0% Packages/com.unity.visualscripting/Runtime/VisualScripting.Core/Platforms/AotIncompatibleAttribute.cs
 0.1 kb	 0.0% Packages/com.unity.visualscripting/Runtime/VisualScripting.Core/Listeners/IGraphEventListenerData.cs
 0.1 kb	 0.0% Packages/com.unity.visualscripting/Runtime/VisualScripting.Core/Listeners/GlobalMessageListener.cs
 0.1 kb	 0.0% Packages/com.unity.visualscripting/Runtime/VisualScripting.Core/Listeners/AnimatorMessageListener.cs
 0.1 kb	 0.0% Packages/com.unity.visualscripting/Runtime/VisualScripting.Core/Graphs/IGraphElementWithData.cs
 0.1 kb	 0.0% Packages/com.unity.visualscripting/Runtime/VisualScripting.Core/Graphs/IGraphElementDebugData.cs
 0.1 kb	 0.0% Packages/com.unity.visualscripting/Runtime/VisualScripting.Core/Graphs/GraphsExceptionUtility.cs
 0.1 kb	 0.0% Packages/com.unity.visualscripting/Runtime/VisualScripting.Core/Graphs/GraphPointerException.cs
 0.1 kb	 0.0% Packages/com.unity.visualscripting/Runtime/VisualScripting.Core/EditorBinding/NullMeansSelfAttribute.cs
 0.1 kb	 0.0% Packages/com.unity.visualscripting/Runtime/VisualScripting.Core/EditorBinding/Inspector/InspectorWideAttribute.cs
 0.1 kb	 0.0% Packages/com.unity.visualscripting/Runtime/VisualScripting.Core/EditorBinding/Inspector/InspectorRangeAttribute.cs
 0.1 kb	 0.0% Packages/com.unity.visualscripting/Runtime/VisualScripting.Core/EditorBinding/Inspector/InspectorLabelAttribute.cs
 0.1 kb	 0.0% Packages/com.unity.visualscripting/Runtime/VisualScripting.Core/EditorBinding/InspectableIfAttribute.cs
 0.1 kb	 0.0% Packages/com.unity.visualscripting/Runtime/VisualScripting.Core/EditorBinding/IInspectableAttribute.cs
 0.1 kb	 0.0% Packages/com.unity.visualscripting/Runtime/VisualScripting.Core/EditorBinding/ExpectedTypeAttribute.cs
 0.1 kb	 0.0% Packages/com.unity.visualscripting/Runtime/VisualScripting.Core/Collections/INotifiedCollectionItem.cs
 0.1 kb	 0.0% Packages/com.unity.visualscripting/Runtime/VisualScripting.Core/Cloning/Cloners/FakeSerializationCloner.cs
 0.1 kb	 0.0% Packages/com.unity.ugui/Runtime/TMP/TMP_SpriteAssetImportFormats.cs
 0.1 kb	 0.0% Packages/com.unity.timeline/Runtime/Animation/AnimationPreviewUpdateCallback.cs
 0.1 kb	 0.0% Packages/com.unity.timeline/Runtime/Animation/AnimationOutputWeightProcessor.cs
 0.1 kb	 0.0% Packages/com.unity.shadergraph/ShaderGraphLibrary/DummyShaderGraphLibrary.cs
 0.1 kb	 0.0% Packages/com.unity.services.core/Runtime/Core.Internal/Components/Telemetry/IMetricsFactory.cs
 0.1 kb	 0.0% Packages/com.unity.services.core/Runtime/Core.Internal/Components/Scheduler/IActionScheduler.cs
 0.1 kb	 0.0% Packages/com.unity.services.core/Runtime/Core.Internal/Components/Authentication/IEnvironmentId.cs
 0.1 kb	 0.0% Packages/com.unity.services.core/Runtime/Core.Internal/Components/Analytics/IAnalyticsUserId.cs
 0.1 kb	 0.0% Packages/com.unity.services.analytics/Runtime/Runtime/AnalyticsForgetter.cs
 0.1 kb	 0.0% Packages/com.unity.render-pipelines.universal/ShaderLibrary/ShaderTypes.cs
 0.1 kb	 0.0% Packages/com.unity.render-pipelines.universal/ShaderLibrary/Deprecated.cs
 0.1 kb	 0.0% Packages/com.unity.render-pipelines.universal/Runtime/Tiling/TileSize.cs
 0.1 kb	 0.0% Packages/com.unity.render-pipelines.universal/Runtime/2D/URP2D_CRC32.cs
 0.1 kb	 0.0% Packages/com.unity.render-pipelines.universal/Runtime/2D/Shadows/Shadow Provider Utility/ShadowMesh2D.cs
 0.1 kb	 0.0% Packages/com.unity.render-pipelines.universal/Runtime/2D/Shadows/Shadow Provider Utility/ShadowEdge.cs
 0.1 kb	 0.0% Packages/com.unity.render-pipelines.universal/Runtime/2D/Shadows/Shadow Provider Utility/IEdgeStore.cs
 0.1 kb	 0.0% Packages/com.unity.render-pipelines.universal/Runtime/2D/Rendergraph/UpscalePass.cs
 0.1 kb	 0.0% Packages/com.unity.render-pipelines.universal/Runtime/2D/Provider2D.cs
 0.1 kb	 0.0% Packages/com.unity.render-pipelines.universal/Runtime/2D/Passes/Utility/LightBatch.cs
 0.1 kb	 0.0% Packages/com.unity.render-pipelines.universal/Runtime/2D/Passes/Utility/LayerUtility.cs
 0.1 kb	 0.0% Packages/com.unity.render-pipelines.universal/Runtime/2D/Passes/Utility/LayerDebug.cs
 0.1 kb	 0.0% Packages/com.unity.render-pipelines.universal/Runtime/2D/Lights/LightUtility.cs
 0.1 kb	 0.0% Packages/com.unity.render-pipelines.core/Runtime/Utilities/SweepLineRectUtils.cs
 0.1 kb	 0.0% Packages/com.unity.render-pipelines.core/Runtime/Utilities/SceneRenderPipeline.cs
 0.1 kb	 0.0% Packages/com.unity.render-pipelines.core/Runtime/Utilities/MaterialQuality.cs
 0.1 kb	 0.0% Packages/com.unity.render-pipelines.core/Runtime/Utilities/CullContextData.cs
 0.1 kb	 0.0% Packages/com.unity.render-pipelines.core/Runtime/Utilities/CameraCaptureBridge.cs
 0.1 kb	 0.0% Packages/com.unity.render-pipelines.core/Runtime/ShaderGenerator/ShaderGeneratorAttributes.cs
 0.1 kb	 0.0% Packages/com.unity.render-pipelines.core/Runtime/RenderGraph/RenderGraph.cs
 0.1 kb	 0.0% Packages/com.unity.render-pipelines.core/Runtime/PostProcessing/LensFlareCommonSRP.cs
 0.1 kb	 0.0% Packages/com.unity.render-pipelines.core/Runtime/PathTracing/WorldResources.cs
 0.1 kb	 0.0% Packages/com.unity.render-pipelines.core/Runtime/LookDev/IDataProvider.cs
 0.1 kb	 0.0% Packages/com.unity.render-pipelines.core/Runtime/Lighting/SphericalHarmonics.cs
 0.1 kb	 0.0% Packages/com.unity.render-pipelines.core/Runtime/Lighting/ProbeVolume/ProbeVolumesOptions.cs
 0.1 kb	 0.0% Packages/com.unity.render-pipelines.core/Runtime/Lighting/ProbeVolume/ProbeVolumeSceneData.cs
 0.1 kb	 0.0% Packages/com.unity.render-pipelines.core/Runtime/Lighting/ProbeVolume/ProbeVolumeGIContributor.cs
 0.1 kb	 0.0% Packages/com.unity.render-pipelines.core/Runtime/Lighting/ProbeVolume/ProbeVolumeBakingSet.cs
 0.1 kb	 0.0% Packages/com.unity.render-pipelines.core/Runtime/Lighting/ProbeVolume/ProbeVolumeAsset.cs
 0.1 kb	 0.0% Packages/com.unity.render-pipelines.core/Runtime/Lighting/ProbeVolume/ProbeReferenceVolume.cs
 0.1 kb	 0.0% Packages/com.unity.render-pipelines.core/Runtime/Documentation.cs
 0.1 kb	 0.0% Packages/com.unity.render-pipelines.core/Runtime/Debugging/RuntimeDebugWindow.cs
 0.1 kb	 0.0% Packages/com.unity.render-pipelines.core/Runtime/Debugging/MousePositionDebug.cs
 0.1 kb	 0.0% Packages/com.unity.render-pipelines.core/Runtime/Debugging/IVolumeDebugSettings.cs
 0.1 kb	 0.0% Packages/com.unity.render-pipelines.core/Runtime/Debugging/FrameTiming/FrameTimeBottleneck.cs
 0.1 kb	 0.0% Packages/com.unity.render-pipelines.core/Runtime/Common/Swap.Extensions.cs
 0.1 kb	 0.0% Packages/com.unity.render-pipelines.core/Runtime/Common/ReloadGroupAttribute.cs
 0.1 kb	 0.0% Packages/com.unity.render-pipelines.core/Runtime/Common/CommandBufferPool.cs
 0.1 kb	 0.0% Packages/com.unity.render-pipelines.core/Runtime/CommandBuffers/UnsafeCommandBuffer.cs
 0.1 kb	 0.0% Packages/com.unity.render-pipelines.core/Runtime/CommandBuffers/RasterCommandBuffer.cs
 0.1 kb	 0.0% Packages/com.unity.render-pipelines.core/Runtime/CommandBuffers/IUnsafeCommandBuffer.cs
 0.1 kb	 0.0% Packages/com.unity.render-pipelines.core/Runtime/CommandBuffers/IRasterCommandBuffer.cs
 0.1 kb	 0.0% Packages/com.unity.render-pipelines.core/Runtime/CommandBuffers/IBaseCommandBuffer.cs
 0.1 kb	 0.0% Packages/com.unity.render-pipelines.core/Runtime/CommandBuffers/ComputeCommandBuffer.cs
 0.1 kb	 0.0% Packages/com.unity.render-pipelines.core/Runtime/CommandBuffers/CommandBufferHelpers.cs
 0.1 kb	 0.0% Packages/com.unity.purchasing/Runtime/Stores/Android/GooglePlay/AAR/Utils/GoogleReceiptEncoder.cs
 0.1 kb	 0.0% Packages/com.unity.purchasing/Runtime/Stores/Android/GooglePlay/AAR/Interfaces/IGooglePurchase.cs
 0.1 kb	 0.0% Packages/com.unity.purchasing/Runtime/SecurityStub/AppleValidator.cs
 0.1 kb	 0.0% Packages/com.unity.purchasing/Runtime/SecurityCore/IPurchaseReceipt.cs
 0.1 kb	 0.0% Packages/com.unity.purchasing/Runtime/Purchasing/Analytics/EmptyUnityAnalyticsAdapter.cs
 0.1 kb	 0.0% Packages/com.unity.multiplayer.center/Common/StyleConstants.cs
 0.1 kb	 0.0% Packages/com.unity.inputsystem/InputSystem/State/IInputStateChangeMonitor.cs
 0.1 kb	 0.0% Packages/com.unity.inputsystem/InputSystem/Plugins/iOS/IOSGameController.cs
 0.1 kb	 0.0% Packages/com.unity.inputsystem/InputSystem/Plugins/XInput/XInputControllerWindows.cs
 0.1 kb	 0.0% Packages/com.unity.inputsystem/InputSystem/Plugins/Users/InputUserAccountHandle.cs
 0.1 kb	 0.0% Packages/com.unity.inputsystem/InputSystem/Plugins/Switch/SwitchProControllerHID.cs
 0.1 kb	 0.0% Packages/com.unity.inputsystem/InputSystem/Plugins/PlayerInput/PlayerInputManagerEditor.cs
 0.1 kb	 0.0% Packages/com.unity.inputsystem/InputSystem/Plugins/OSX/OSXGameController.cs
 0.1 kb	 0.0% Packages/com.unity.inputsystem/InputSystem/Plugins/EnhancedTouch/EnhancedTouchSupport.cs
 0.1 kb	 0.0% Packages/com.unity.inputsystem/InputSystem/Events/DeviceConfigurationEvent.cs
 0.1 kb	 0.0% Packages/com.unity.inputsystem/InputSystem/Editor/UITKAssetEditor/Views/VisualElementExtensions.cs
 0.1 kb	 0.0% Packages/com.unity.inputsystem/InputSystem/Editor/UITKAssetEditor/Views/InputActionsTreeViewItem.cs
 0.1 kb	 0.0% Packages/com.unity.inputsystem/InputSystem/Editor/UITKAssetEditor/Views/InputActionsEditorView.cs
 0.1 kb	 0.0% Packages/com.unity.inputsystem/InputSystem/Editor/UITKAssetEditor/Views/BindingPropertiesView.cs
 0.1 kb	 0.0% Packages/com.unity.inputsystem/InputSystem/Editor/UITKAssetEditor/SerializedInputBinding.cs
 0.1 kb	 0.0% Packages/com.unity.inputsystem/InputSystem/Editor/UITKAssetEditor/SerializedInputActionMap.cs
 0.1 kb	 0.0% Packages/com.unity.inputsystem/InputSystem/Editor/UITKAssetEditor/SerializedInputAction.cs
 0.1 kb	 0.0% Packages/com.unity.inputsystem/InputSystem/Editor/UITKAssetEditor/InputActionsEditorWindow.cs
 0.1 kb	 0.0% Packages/com.unity.inputsystem/InputSystem/Editor/UITKAssetEditor/InputActionsEditorState.cs
 0.1 kb	 0.0% Packages/com.unity.inputsystem/InputSystem/Editor/UITKAssetEditor/Commands/ControlSchemeCommands.cs
 0.1 kb	 0.0% Packages/com.unity.inputsystem/InputSystem/Editor/Settings/InputSettingsProvider.cs
 0.1 kb	 0.0% Packages/com.unity.inputsystem/InputSystem/Editor/Settings/InputEditorUserSettings.cs
 0.1 kb	 0.0% Packages/com.unity.inputsystem/InputSystem/Editor/PropertyDrawers/InputControlPathDrawer.cs
 0.1 kb	 0.0% Packages/com.unity.inputsystem/InputSystem/Editor/PropertyDrawers/InputActionDrawerBase.cs
 0.1 kb	 0.0% Packages/com.unity.inputsystem/InputSystem/Editor/PropertyDrawers/InputActionAssetDrawer.cs
 0.1 kb	 0.0% Packages/com.unity.inputsystem/InputSystem/Editor/ProjectWideActions/ProjectWideActionsAsset.cs
 0.1 kb	 0.0% Packages/com.unity.inputsystem/InputSystem/Editor/Internal/AdvancedDropdown/AdvancedDropdownWindow.cs
 0.1 kb	 0.0% Packages/com.unity.inputsystem/InputSystem/Editor/Internal/AdvancedDropdown/AdvancedDropdownState.cs
 0.1 kb	 0.0% Packages/com.unity.inputsystem/InputSystem/Editor/InputSystemPluginControl.cs
 0.1 kb	 0.0% Packages/com.unity.inputsystem/InputSystem/Editor/InputLayoutCodeGenerator.cs
 0.1 kb	 0.0% Packages/com.unity.inputsystem/InputSystem/Editor/InputAssetEditorUtils.cs
 0.1 kb	 0.0% Packages/com.unity.inputsystem/InputSystem/Editor/Debugger/InputLatencyCalculator.cs
 0.1 kb	 0.0% Packages/com.unity.inputsystem/InputSystem/Editor/ControlPicker/InputControlPickerState.cs
 0.1 kb	 0.0% Packages/com.unity.inputsystem/InputSystem/Editor/ControlPicker/InputControlPathEditor.cs
 0.1 kb	 0.0% Packages/com.unity.inputsystem/InputSystem/Editor/ControlPicker/InputControlDropdownItem.cs
 0.1 kb	 0.0% Packages/com.unity.inputsystem/InputSystem/Editor/AssetImporter/InputActionCodeGenerator.cs
 0.1 kb	 0.0% Packages/com.unity.inputsystem/InputSystem/Editor/AssetImporter/InputActionAssetEditor.cs
 0.1 kb	 0.0% Packages/com.unity.inputsystem/InputSystem/Editor/AssetImporter/IInputActionAssetEditor.cs
 0.1 kb	 0.0% Packages/com.unity.inputsystem/InputSystem/Editor/AssetEditor/InputActionAssetManager.cs
 0.1 kb	 0.0% Packages/com.unity.inputsystem/InputSystem/Devices/Remote/RemoteInputPlayerConnection.cs
 0.1 kb	 0.0% Packages/com.unity.inputsystem/InputSystem/Devices/InputDeviceDescription.cs
 0.1 kb	 0.0% Packages/com.unity.inputsystem/InputSystem/Devices/Haptics/DualMotorRumbleCommand.cs
 0.1 kb	 0.0% Packages/com.unity.inputsystem/InputSystem/Devices/Commands/WarpMousePositionCommand.cs
 0.1 kb	 0.0% Packages/com.unity.inputsystem/InputSystem/Devices/Commands/QueryEnabledStateCommand.cs
 0.1 kb	 0.0% Packages/com.unity.inputsystem/InputSystem/Devices/Commands/QueryDimensionsCommand.cs
 0.1 kb	 0.0% Packages/com.unity.inputsystem/InputSystem/Devices/Commands/QueryCanRunInBackground.cs
 0.1 kb	 0.0% Packages/com.unity.inputsystem/InputSystem/Devices/Commands/IInputDeviceCommandInfo.cs
 0.1 kb	 0.0% Packages/com.unity.inputsystem/InputSystem/Controls/InputControlAttribute.cs
 0.1 kb	 0.0% Packages/com.unity.inputsystem/InputSystem/Controls/DiscreteButtonControl.cs
 0.1 kb	 0.0% Packages/com.unity.inputsystem/InputSystem/Actions/InputBindingCompositeContext.cs
 0.1 kb	 0.0% Packages/com.unity.inputsystem/InputSystem/Actions/InputActionSetupExtensions.cs
 0.1 kb	 0.0% Packages/com.unity.inputsystem/InputSystem/Actions/InputActionParameters.cs
 0.1 kb	 0.0% Packages/com.unity.collections/Unity.Collections/UnsafeAtomicCounter.cs
 0.1 kb	 0.0% Packages/com.unity.2d.spriteshape/Runtime/SpriteShapeObjectPlacement.cs
 0.1 kb	 0.0% Packages/com.unity.2d.spriteshape/Runtime/SpriteShapeGeometryModifier.cs
 0.1 kb	 0.0% Packages/com.unity.2d.spriteshape/Runtime/SpriteShapeGeometryCreator.cs
 0.1 kb	 0.0% Packages/com.unity.2d.spriteshape/Runtime/SpriteShapeDefaultCreator.cs
 0.1 kb	 0.0% Packages/com.unity.2d.common/Runtime/InternalBridge/InternalEngineBridge.cs
 0.1 kb	 0.0% Packages/com.unity.2d.animation/Runtime/2DAnimationConstants.cs
 0.1 kb	 0.0% Assets/TextMesh Pro/Resources/LineBreaking Leading Characters.txt
 0.1 kb	 0.0% Packages/com.unity.xr.legacyinputhelpers/Runtime/TrackedPoseDriver/TrackedPoseDriver.cs
 0.1 kb	 0.0% Packages/com.unity.xr.legacyinputhelpers/Runtime/CameraOffset.cs
 0.1 kb	 0.0% Packages/com.unity.visualscripting/Runtime/VisualScripting.Core/Reflection/Optimization/StaticActionInvoker_5.cs
 0.1 kb	 0.0% Packages/com.unity.visualscripting/Runtime/VisualScripting.Core/Reflection/Optimization/StaticActionInvoker_4.cs
 0.1 kb	 0.0% Packages/com.unity.visualscripting/Runtime/VisualScripting.Core/Reflection/Optimization/StaticActionInvoker_3.cs
 0.1 kb	 0.0% Packages/com.unity.visualscripting/Runtime/VisualScripting.Core/Reflection/Optimization/StaticActionInvoker_2.cs
 0.1 kb	 0.0% Packages/com.unity.visualscripting/Runtime/VisualScripting.Core/Reflection/Optimization/StaticActionInvoker_1.cs
 0.1 kb	 0.0% Packages/com.unity.visualscripting/Runtime/VisualScripting.Core/Reflection/Optimization/StaticActionInvoker_0.cs
 0.1 kb	 0.0% Packages/com.unity.visualscripting/Runtime/VisualScripting.Core/Ensure/EnsureThat.NullableValueTypes.cs
 0.1 kb	 0.0% Packages/com.unity.visualscripting/Runtime/VisualScripting.Core/Dependencies/FullSerializer/fsJsonPrinter.cs
 0.1 kb	 0.0% Packages/com.unity.visualscripting/Runtime/VisualScripting.Core/Dependencies/FullSerializer/fsBaseConverter.cs
 0.1 kb	 0.0% Packages/com.unity.visualscripting/Runtime/VisualScripting.Core/Dependencies/FullSerializer/Reflection/fsMetaProperty.cs
 0.1 kb	 0.0% Packages/com.unity.visualscripting/Runtime/VisualScripting.Core/Dependencies/FullSerializer/Converters/fsTypeConverter.cs
 0.1 kb	 0.0% Packages/com.unity.visualscripting/Runtime/VisualScripting.Core/Dependencies/FullSerializer/Converters/fsGuidConverter.cs
 0.1 kb	 0.0% Packages/com.unity.visualscripting/Runtime/VisualScripting.Core/Dependencies/FullSerializer/Converters/fsEnumConverter.cs
 0.1 kb	 0.0% Packages/com.unity.visualscripting/Runtime/VisualScripting.Core/Dependencies/FullSerializer/Converters/fsDateConverter.cs
 0.1 kb	 0.0% Packages/com.unity.visualscripting/Runtime/VisualScripting.Core/Dependencies/FullSerializer/Converters/fsArrayConverter.cs
 0.1 kb	 0.0% Packages/com.unity.ugui/Runtime/UGUI/UI/Core/Layout/HorizontalOrVerticalLayoutGroup.cs
 0.1 kb	 0.0% Packages/com.unity.services.core/Runtime/Telemetry/Diagnotstics/Diagnostics.cs
 0.1 kb	 0.0% Packages/com.unity.services.core/Runtime/Device/UserIdProviders/UnityAdsIdentifier.cs
 0.1 kb	 0.0% Packages/com.unity.services.core/Runtime/Device/EngineInstallationId.cs
 0.1 kb	 0.0% Packages/com.unity.services.core/Runtime/Core/Initialization/ServicesCreationException.cs
 0.1 kb	 0.0% Packages/com.unity.services.core/Runtime/Core.Internal/Utils/UnityWebRequestUtils.cs
 0.1 kb	 0.0% Packages/com.unity.services.core/Runtime/Core.Internal/Utils/DictionaryExtensions.cs
 0.1 kb	 0.0% Packages/com.unity.services.core/Runtime/Core.Internal/Registry/IServiceComponent.cs
 0.1 kb	 0.0% Packages/com.unity.services.core/Runtime/Core.Internal/Registry/CorePackageRegistry.cs
 0.1 kb	 0.0% Packages/com.unity.services.core/Runtime/Core.Internal/Registry/ComponentRegistry/IComponentRegistry.cs
 0.1 kb	 0.0% Packages/com.unity.services.core/Runtime/Core.Internal/Registry/ComponentRegistry/ComponentRegistry.cs
 0.1 kb	 0.0% Packages/com.unity.services.core/Runtime/Core.Internal/CoreInternalResetter.cs
 0.1 kb	 0.0% Packages/com.unity.services.core/Runtime/Core.Internal/Components/Device/IInstallationId.cs
 0.1 kb	 0.0% Packages/com.unity.services.core/Runtime/Core.Internal/Attributes/VisibilityAttribute.cs
 0.1 kb	 0.0% Packages/com.unity.services.core/Runtime/Core.Internal/AsyncOperation/TaskAsyncOperation.cs
 0.1 kb	 0.0% Packages/com.unity.services.core/Runtime/Core.Internal/AsyncOperation/AsyncOperationBase.cs
 0.1 kb	 0.0% Packages/com.unity.services.analytics/Runtime/Events/Transaction/TransactionFailedEvent.cs
 0.1 kb	 0.0% Packages/com.unity.services.analytics/Runtime/Events/AcquisitionSourceEvent.cs
 0.1 kb	 0.0% Packages/com.unity.services.analytics/Runtime/AnalyticsServiceInstance.cs
 0.1 kb	 0.0% Packages/com.unity.render-pipelines.universal/Runtime/Tiling/ZBinningJob.cs
 0.1 kb	 0.0% Packages/com.unity.render-pipelines.universal/Runtime/Tiling/TilingJob.cs
 0.1 kb	 0.0% Packages/com.unity.render-pipelines.universal/Runtime/TemporalAA.cs
 0.1 kb	 0.0% Packages/com.unity.render-pipelines.universal/Runtime/ShadowUtils.cs
 0.1 kb	 0.0% Packages/com.unity.render-pipelines.universal/Runtime/ShaderUtils.cs
 0.1 kb	 0.0% Packages/com.unity.render-pipelines.universal/Runtime/ShaderData.cs
 0.1 kb	 0.0% Packages/com.unity.render-pipelines.universal/Runtime/PostProcess.cs
 0.1 kb	 0.0% Packages/com.unity.render-pipelines.universal/Runtime/Passes/CapturePass.cs
 0.1 kb	 0.0% Packages/com.unity.render-pipelines.universal/Runtime/Overrides/WhiteBalance.cs
 0.1 kb	 0.0% Packages/com.unity.render-pipelines.universal/Runtime/Overrides/Tonemapping.cs
 0.1 kb	 0.0% Packages/com.unity.render-pipelines.universal/Runtime/Overrides/SplitToning.cs
 0.1 kb	 0.0% Packages/com.unity.render-pipelines.universal/Runtime/Overrides/MotionBlur.cs
 0.1 kb	 0.0% Packages/com.unity.render-pipelines.universal/Runtime/Overrides/FilmGrain.cs
 0.1 kb	 0.0% Packages/com.unity.render-pipelines.universal/Runtime/Overrides/DepthOfField.cs
 0.1 kb	 0.0% Packages/com.unity.render-pipelines.universal/Runtime/Overrides/ColorLookup.cs
 0.1 kb	 0.0% Packages/com.unity.render-pipelines.universal/Runtime/Overrides/ColorCurves.cs
 0.1 kb	 0.0% Packages/com.unity.render-pipelines.universal/Runtime/Overrides/ChannelMixer.cs
 0.1 kb	 0.0% Packages/com.unity.render-pipelines.universal/Runtime/History/TaaHistory.cs
 0.1 kb	 0.0% Packages/com.unity.render-pipelines.universal/Runtime/History/StpHistory.cs
 0.1 kb	 0.0% Packages/com.unity.render-pipelines.universal/Runtime/Decal/Entities/DecalChunk.cs
 0.1 kb	 0.0% Packages/com.unity.render-pipelines.universal/Runtime/Debug/DebugHandler.cs
 0.1 kb	 0.0% Packages/com.unity.render-pipelines.core/Runtime/XR/XRMirrorView.cs
 0.1 kb	 0.0% Packages/com.unity.render-pipelines.core/Runtime/Utilities/GPUPrefixSum/GPUPrefixSum.ShaderIDs.cs
 0.1 kb	 0.0% Packages/com.unity.render-pipelines.core/Runtime/UnifiedRayTracing/Compute/RadeonRays/RestructureBvh.cs
 0.1 kb	 0.0% Packages/com.unity.render-pipelines.core/Runtime/UnifiedRayTracing/Compute/RadeonRays/RadeonRaysAPI.cs
 0.1 kb	 0.0% Packages/com.unity.render-pipelines.core/Runtime/UnifiedRayTracing/Common/GeometryPool/GeometryPool.cs
 0.1 kb	 0.0% Packages/com.unity.render-pipelines.core/Runtime/PathTracing/UVFallbackBuffer.cs
 0.1 kb	 0.0% Packages/com.unity.render-pipelines.core/Runtime/PathTracing/SegmentedReduction.cs
 0.1 kb	 0.0% Packages/com.unity.render-pipelines.core/Runtime/PathTracing/ProbeIntegrator.cs
 0.1 kb	 0.0% Packages/com.unity.render-pipelines.core/Runtime/PathTracing/MaterialPool/MaterialAspectOracle.cs
 0.1 kb	 0.0% Packages/com.unity.render-pipelines.core/Runtime/PathTracing/ManyLightSampling.cs
 0.1 kb	 0.0% Packages/com.unity.render-pipelines.core/Runtime/PathTracing/Lightmapping/ChartRasterizer.cs
 0.1 kb	 0.0% Packages/com.unity.render-pipelines.core/Runtime/PathTracing/Core/TextureSlotAllocator.cs
 0.1 kb	 0.0% Packages/com.unity.render-pipelines.core/Runtime/PathTracing/BakeLightmap.cs
 0.1 kb	 0.0% Packages/com.unity.render-pipelines.core/Runtime/GPUDriven/Utilities/ParallelBitArray.cs
 0.1 kb	 0.0% Packages/com.unity.render-pipelines.core/Runtime/GPUDriven/Utilities/MemoryUtilities.cs
 0.1 kb	 0.0% Packages/com.unity.render-pipelines.core/Runtime/GPUDriven/Utilities/JaggedJobRange.cs
 0.1 kb	 0.0% Packages/com.unity.render-pipelines.core/Runtime/GPUDriven/Utilities/GPUResidentUtils.cs
 0.1 kb	 0.0% Packages/com.unity.render-pipelines.core/Runtime/GPUDriven/SceneProcessors/WorldProcessor.cs
 0.1 kb	 0.0% Packages/com.unity.render-pipelines.core/Runtime/GPUDriven/Culling/InstanceCuller.cs
 0.1 kb	 0.0% Packages/com.unity.render-pipelines.core/Runtime/Deprecated.cs
 0.1 kb	 0.0% Packages/com.unity.render-pipelines.core/Runtime/Common/CoreAttributes.cs
 0.1 kb	 0.0% Packages/com.unity.render-pipelines.core/Runtime/CommandBuffers/BaseCommandBufer.cs
 0.1 kb	 0.0% Packages/com.unity.purchasing/Runtime/Stores/WindowsStore/IMicrosoftExtensions.cs
 0.1 kb	 0.0% Packages/com.unity.purchasing/Runtime/Stores/Util/EnumerableExtensions.cs
 0.1 kb	 0.0% Packages/com.unity.purchasing/Runtime/Stores/SubscriptionManager.cs
 0.1 kb	 0.0% Packages/com.unity.purchasing/Runtime/Stores/StoreConfiguration.cs
 0.1 kb	 0.0% Packages/com.unity.purchasing/Runtime/Stores/FakeStore/UIFakeStoreWindow.cs
 0.1 kb	 0.0% Packages/com.unity.purchasing/Runtime/Stores/FakeStore/UIFakeStoreDropdown.cs
 0.1 kb	 0.0% Packages/com.unity.purchasing/Runtime/Stores/FakeStore/LifecycleNotifier.cs
 0.1 kb	 0.0% Packages/com.unity.purchasing/Runtime/Stores/BaseStore/NativeStoreProvider.cs
 0.1 kb	 0.0% Packages/com.unity.purchasing/Runtime/Stores/BaseStore/MetricizedJsonStore.cs
 0.1 kb	 0.0% Packages/com.unity.purchasing/Runtime/Stores/BaseStore/INativeStoreProvider.cs
 0.1 kb	 0.0% Packages/com.unity.purchasing/Runtime/Stores/AppleAppStore/IAppleConfiguration.cs
 0.1 kb	 0.0% Packages/com.unity.purchasing/Runtime/Stores/AppleAppStore/FakeAppleExtensions.cs
 0.1 kb	 0.0% Packages/com.unity.purchasing/Runtime/Stores/AppleAppStore/AppleProductMetadata.cs
 0.1 kb	 0.0% Packages/com.unity.purchasing/Runtime/Stores/Android/UDP/UDPReflectionUtil.cs
 0.1 kb	 0.0% Packages/com.unity.purchasing/Runtime/Stores/Android/UDP/UDPReflectionConsts.cs
 0.1 kb	 0.0% Packages/com.unity.purchasing/Runtime/Stores/Android/GooglePlay/Services/GoogleFetchPurchases.cs
 0.1 kb	 0.0% Packages/com.unity.purchasing/Runtime/Stores/Android/GooglePlay/AAR/Models/GooglePurchase.cs
 0.1 kb	 0.0% Packages/com.unity.purchasing/Runtime/Stores/Android/AmazonAppStore/IAmazonExtensions.cs
 0.1 kb	 0.0% Packages/com.unity.purchasing/Runtime/Stores/Android/AmazonAppStore/IAmazonConfiguration.cs
 0.1 kb	 0.0% Packages/com.unity.purchasing/Runtime/Purchasing/Utilites/UnifiedReceiptFormatter.cs
 0.1 kb	 0.0% Packages/com.unity.purchasing/Runtime/Purchasing/Utilites/ProductPurchaseUpdater.cs
 0.1 kb	 0.0% Packages/com.unity.purchasing/Runtime/Purchasing/UnifiedReceiptExtensions.cs
 0.1 kb	 0.0% Packages/com.unity.purchasing/Runtime/Purchasing/Telemetry/Metrics/TelemetryMetricEvent.cs
 0.1 kb	 0.0% Packages/com.unity.purchasing/Runtime/Purchasing/Telemetry/Diagnostics/TelemetryDiagnostics.cs
 0.1 kb	 0.0% Packages/com.unity.purchasing/Runtime/Purchasing/SimpleCatalogProvider.cs
 0.1 kb	 0.0% Packages/com.unity.purchasing/Runtime/Purchasing/PurchaseFailedEventArgs.cs
 0.1 kb	 0.0% Packages/com.unity.purchasing/Runtime/Purchasing/IInternalStoreListener.cs
 0.1 kb	 0.0% Packages/com.unity.purchasing/Runtime/Purchasing/IDetailedStoreListener.cs
 0.1 kb	 0.0% Packages/com.unity.purchasing/Runtime/Purchasing/Extension/ProductDescription.cs
 0.1 kb	 0.0% Packages/com.unity.purchasing/Runtime/Purchasing/Extension/IStoreConfiguration.cs
 0.1 kb	 0.0% Packages/com.unity.purchasing/Runtime/Purchasing/Extension/IPurchasingModule.cs
 0.1 kb	 0.0% Packages/com.unity.purchasing/Runtime/Purchasing/Extension/IPurchasingBinder.cs
 0.1 kb	 0.0% Packages/com.unity.purchasing/Runtime/Purchasing/Analytics/Legacy/LegacyAnalyticsWrapper.cs
 0.1 kb	 0.0% Packages/com.unity.purchasing/Runtime/Purchasing/Analytics/Legacy/LegacyAnalyticsAdapter.cs
 0.1 kb	 0.0% Packages/com.unity.purchasing/Runtime/Purchasing/Analytics/Interfaces/Legacy/ILegacyUnityAnalytics.cs
 0.1 kb	 0.0% Packages/com.unity.purchasing/Runtime/Codeless/CodelessIAPButton.cs
 0.1 kb	 0.0% Packages/com.unity.purchasing/Runtime/AppleMacosStub/OSXStoreBindings.cs
 0.1 kb	 0.0% Packages/com.unity.purchasing/Runtime/AppleCore/INativeAppleStore.cs
 0.1 kb	 0.0% Packages/com.unity.inputsystem/InputSystem/Utilities/NameAndParameters.cs
 0.1 kb	 0.0% Packages/com.unity.inputsystem/InputSystem/Utilities/CSharpCodeHelpers.cs
 0.1 kb	 0.0% Packages/com.unity.inputsystem/InputSystem/Plugins/UI/TrackedDeviceRaycaster.cs
 0.1 kb	 0.0% Packages/com.unity.inputsystem/InputSystem/Plugins/UI/MultiplayerEventSystem.cs
 0.1 kb	 0.0% Packages/com.unity.inputsystem/InputSystem/Plugins/UI/InputSystemUIInputModule.cs
 0.1 kb	 0.0% Packages/com.unity.inputsystem/InputSystem/Plugins/UI/ExtendedPointerEventData.cs
 0.1 kb	 0.0% Packages/com.unity.inputsystem/InputSystem/Plugins/UI/ExtendedAxisEventData.cs
 0.1 kb	 0.0% Packages/com.unity.inputsystem/InputSystem/Plugins/HID/HIDDescriptorWindow.cs
 0.1 kb	 0.0% Packages/com.unity.inputsystem/InputSystem/Plugins/DualShock/IDualShockHaptics.cs
 0.1 kb	 0.0% Packages/com.unity.inputsystem/InputSystem/Editor/AssetEditor/ParameterListView.cs
 0.1 kb	 0.0% Packages/com.unity.inputsystem/InputSystem/Editor/AssetEditor/InputActionTreeViewItems.cs
 0.1 kb	 0.0% Packages/com.unity.inputsystem/InputSystem/Controls/Processors/NormalizeProcessor.cs
 0.1 kb	 0.0% Packages/com.unity.inputsystem/InputSystem/Actions/Interactions/SlowTapInteraction.cs
 0.1 kb	 0.0% Packages/com.unity.inputsystem/InputSystem/Actions/Interactions/MultiTapInteraction.cs
 0.1 kb	 0.0% Packages/com.unity.inputsystem/InputSystem/Actions/Composites/OneModifierComposite.cs
 0.1 kb	 0.0% Packages/com.unity.collections/Unity.Collections/UnsafeUtilityEx.cs
 0.1 kb	 0.0% Packages/com.unity.collections/Unity.Collections/UnsafeAppendBuffer.cs
 0.1 kb	 0.0% Packages/com.unity.collections/Unity.Collections/NativeParallelHashSetExtensions.gen.cs
 0.1 kb	 0.0% Packages/com.unity.collections/Unity.Collections/Jobs/RegisterGenericJobTypeAttribute.cs
 0.1 kb	 0.0% Packages/com.unity.collections/Unity.Collections/DoubleRewindableAllocators.cs
 0.1 kb	 0.0% Packages/com.unity.collections/Unity.Collections/DataStreamExtensions.cs
 0.1 kb	 0.0% Packages/com.unity.2d.common/Runtime/InternalBridge/IAnimationPreviewable.cs
 0.1 kb	 0.0% Packages/com.unity.2d.animation/Runtime/SpriteSkinUtility.cs
 0.1 kb	 0.0% Packages/com.unity.2d.animation/Runtime/SpriteSkinHelpers.cs
 0.1 kb	 0.0% Packages/com.unity.2d.animation/Runtime/SpriteSkinContainer.cs
 0.1 kb	 0.0% Packages/com.unity.2d.animation/Runtime/SpriteLib/SpriteLibraryUtility.cs
 0.1 kb	 0.0% Packages/com.unity.2d.animation/Runtime/SpriteLib/SpriteLibraryAsset.cs
 0.1 kb	 0.0% Packages/com.unity.2d.animation/Runtime/SpriteLib/ISpriteLibraryLabel.cs
 0.1 kb	 0.0% Packages/com.unity.2d.animation/Runtime/NativeArrayHelper.cs
 0.1 kb	 0.0% Packages/com.unity.2d.animation/Runtime/BatchedDeformation/TransformAccessJob.cs
 0.1 kb	 0.0% Packages/com.unity.2d.animation/Runtime/BatchedDeformation/GpuDeformationSystem.cs
 0.1 kb	 0.0% Packages/com.unity.2d.animation/Runtime/BatchedDeformation/DeformationManager.cs
 0.1 kb	 0.0% Packages/com.unity.2d.animation/Runtime/BatchedDeformation/CpuDeformationSystem.cs
 0.1 kb	 0.0% Packages/com.unity.2d.animation/IK/Runtime/Culling/AlwaysUpdateCullingStrategy.cs
 0.1 kb	 0.0% Assets/TextMesh Pro/Examples & Extras/Resources/Color Gradient Presets/Light to Dark Green - Vertical.asset
 0.1 kb	 0.0% Assets/TextMesh Pro/Examples & Extras/Resources/Color Gradient Presets/Dark to Light Green - Vertical.asset
 0.1 kb	 0.0% Packages/com.unity.visualscripting/Runtime/VisualScripting.State/FlowStateTransition.cs
 0.1 kb	 0.0% Packages/com.unity.visualscripting/Runtime/VisualScripting.Flow/Ports/ValuePortDefinition.cs
 0.1 kb	 0.0% Packages/com.unity.visualscripting/Runtime/VisualScripting.Flow/Ports/ValueInputDefinition.cs
 0.1 kb	 0.0% Packages/com.unity.visualscripting/Runtime/VisualScripting.Flow/Ports/UnitPortDefinition.cs
 0.1 kb	 0.0% Packages/com.unity.visualscripting/Runtime/VisualScripting.Flow/Ports/IUnitPortDefinition.cs
 0.1 kb	 0.0% Packages/com.unity.visualscripting/Runtime/VisualScripting.Flow/Framework/Variables/UnifiedVariableUnit.cs
 0.1 kb	 0.0% Packages/com.unity.visualscripting/Runtime/VisualScripting.Flow/Framework/Variables/Obsolete/SetObjectVariable.cs
 0.1 kb	 0.0% Packages/com.unity.visualscripting/Runtime/VisualScripting.Flow/Framework/Variables/Obsolete/ISceneVariableUnit.cs
 0.1 kb	 0.0% Packages/com.unity.visualscripting/Runtime/VisualScripting.Flow/Framework/Variables/Obsolete/ISavedVariableUnit.cs
 0.1 kb	 0.0% Packages/com.unity.visualscripting/Runtime/VisualScripting.Flow/Framework/Variables/Obsolete/IObjectVariableUnit.cs
 0.1 kb	 0.0% Packages/com.unity.visualscripting/Runtime/VisualScripting.Flow/Framework/Variables/Obsolete/IGraphVariableUnit.cs
 0.1 kb	 0.0% Packages/com.unity.visualscripting/Runtime/VisualScripting.Flow/Framework/Variables/Obsolete/GetObjectVariable.cs
 0.1 kb	 0.0% Packages/com.unity.visualscripting/Runtime/VisualScripting.Flow/Framework/Variables/IsVariableDefined.cs
 0.1 kb	 0.0% Packages/com.unity.visualscripting/Runtime/VisualScripting.Flow/Framework/Variables/IUnifiedVariableUnit.cs
 0.1 kb	 0.0% Packages/com.unity.visualscripting/Runtime/VisualScripting.Flow/Framework/Time/WaitForSecondsUnit.cs
 0.1 kb	 0.0% Packages/com.unity.visualscripting/Runtime/VisualScripting.Flow/Framework/Time/WaitForNextFrameUnit.cs
 0.1 kb	 0.0% Packages/com.unity.visualscripting/Runtime/VisualScripting.Flow/Framework/Math/Vector4/Vector4MoveTowards.cs
 0.1 kb	 0.0% Packages/com.unity.visualscripting/Runtime/VisualScripting.Flow/Framework/Math/Vector4/Vector4DotProduct.cs
 0.1 kb	 0.0% Packages/com.unity.visualscripting/Runtime/VisualScripting.Flow/Framework/Math/Vector4/DeprecatedVector4Add.cs
 0.1 kb	 0.0% Packages/com.unity.visualscripting/Runtime/VisualScripting.Flow/Framework/Math/Vector3/Vector3MoveTowards.cs
 0.1 kb	 0.0% Packages/com.unity.visualscripting/Runtime/VisualScripting.Flow/Framework/Math/Vector3/Vector3DotProduct.cs
 0.1 kb	 0.0% Packages/com.unity.visualscripting/Runtime/VisualScripting.Flow/Framework/Math/Vector3/Vector3CrossProduct.cs
 0.1 kb	 0.0% Packages/com.unity.visualscripting/Runtime/VisualScripting.Flow/Framework/Math/Vector3/DeprecatedVector3Add.cs
 0.1 kb	 0.0% Packages/com.unity.visualscripting/Runtime/VisualScripting.Flow/Framework/Math/Vector2/Vector2MoveTowards.cs
 0.1 kb	 0.0% Packages/com.unity.visualscripting/Runtime/VisualScripting.Flow/Framework/Math/Vector2/Vector2DotProduct.cs
 0.1 kb	 0.0% Packages/com.unity.visualscripting/Runtime/VisualScripting.Flow/Framework/Math/Vector2/DeprecatedVector2Add.cs
 0.1 kb	 0.0% Packages/com.unity.visualscripting/Runtime/VisualScripting.Flow/Framework/Math/Scalar/ScalarMoveTowards.cs
 0.1 kb	 0.0% Packages/com.unity.visualscripting/Runtime/VisualScripting.Flow/Framework/Math/Scalar/ScalarExponentiate.cs
 0.1 kb	 0.0% Packages/com.unity.visualscripting/Runtime/VisualScripting.Flow/Framework/Math/Scalar/DeprecatedScalarAdd.cs
 0.1 kb	 0.0% Packages/com.unity.visualscripting/Runtime/VisualScripting.Flow/Framework/Math/Generic/DeprecatedGenericAdd.cs
 0.1 kb	 0.0% Packages/com.unity.visualscripting/Runtime/VisualScripting.Flow/Framework/Logic/NumericComparison.cs
 0.1 kb	 0.0% Packages/com.unity.visualscripting/Runtime/VisualScripting.Flow/Framework/Logic/EqualityComparison.cs
 0.1 kb	 0.0% Packages/com.unity.visualscripting/Runtime/VisualScripting.Flow/Framework/Logic/BinaryComparisonUnit.cs
 0.1 kb	 0.0% Packages/com.unity.visualscripting/Runtime/VisualScripting.Flow/Framework/Logic/ApproximatelyEqual.cs
 0.1 kb	 0.0% Packages/com.unity.visualscripting/Runtime/VisualScripting.Flow/Framework/Events/TriggerCustomEvent.cs
 0.1 kb	 0.0% Packages/com.unity.visualscripting/Runtime/VisualScripting.Flow/Framework/Events/Rendering/OnBecameInvisible.cs
 0.1 kb	 0.0% Packages/com.unity.visualscripting/Runtime/VisualScripting.Flow/Framework/Events/Physics2D/TriggerEvent2DUnit.cs
 0.1 kb	 0.0% Packages/com.unity.visualscripting/Runtime/VisualScripting.Flow/Framework/Events/Physics2D/OnCollisionStay2D.cs
 0.1 kb	 0.0% Packages/com.unity.visualscripting/Runtime/VisualScripting.Flow/Framework/Events/Physics2D/OnCollisionExit2D.cs
 0.1 kb	 0.0% Packages/com.unity.visualscripting/Runtime/VisualScripting.Flow/Framework/Events/Physics2D/OnCollisionEnter2D.cs
 0.1 kb	 0.0% Packages/com.unity.visualscripting/Runtime/VisualScripting.Flow/Framework/Events/Physics2D/CollisionEvent2DUnit.cs
 0.1 kb	 0.0% Packages/com.unity.visualscripting/Runtime/VisualScripting.Flow/Framework/Events/Physics/OnParticleCollision.cs
 0.1 kb	 0.0% Packages/com.unity.visualscripting/Runtime/VisualScripting.Flow/Framework/Events/Physics/CollisionEventUnit.cs
 0.1 kb	 0.0% Packages/com.unity.visualscripting/Runtime/VisualScripting.Flow/Framework/Events/Navigation/OnDestinationReached.cs
 0.1 kb	 0.0% Packages/com.unity.visualscripting/Runtime/VisualScripting.Flow/Framework/Events/Input/OnMouseUpAsButton.cs
 0.1 kb	 0.0% Packages/com.unity.visualscripting/Runtime/VisualScripting.Flow/Framework/Events/GUI/OnToggleValueChanged.cs
 0.1 kb	 0.0% Packages/com.unity.visualscripting/Runtime/VisualScripting.Flow/Framework/Events/GUI/OnSliderValueChanged.cs
 0.1 kb	 0.0% Packages/com.unity.visualscripting/Runtime/VisualScripting.Flow/Framework/Events/GUI/OnInputFieldEndEdit.cs
 0.1 kb	 0.0% Packages/com.unity.visualscripting/Runtime/VisualScripting.Flow/Framework/Events/GUI/GenericGuiEventUnit.cs
 0.1 kb	 0.0% Packages/com.unity.visualscripting/Runtime/VisualScripting.Flow/Framework/Events/Editor/OnDrawGizmosSelected.cs
 0.1 kb	 0.0% Packages/com.unity.visualscripting/Runtime/VisualScripting.Flow/Framework/Events/Application/OnApplicationResume.cs
 0.1 kb	 0.0% Packages/com.unity.visualscripting/Runtime/VisualScripting.Flow/Framework/Events/Application/OnApplicationQuit.cs
 0.1 kb	 0.0% Packages/com.unity.visualscripting/Runtime/VisualScripting.Flow/Framework/Events/Application/OnApplicationPause.cs
 0.1 kb	 0.0% Packages/com.unity.visualscripting/Runtime/VisualScripting.Flow/Framework/Events/Application/OnApplicationFocus.cs
 0.1 kb	 0.0% Packages/com.unity.visualscripting/Runtime/VisualScripting.Flow/Framework/Events/Animation/BoltAnimationEvent.cs
 0.1 kb	 0.0% Packages/com.unity.visualscripting/Runtime/VisualScripting.Flow/Framework/Collections/Dictionaries/SetDictionaryItem.cs
 0.1 kb	 0.0% Packages/com.unity.visualscripting/Runtime/VisualScripting.Flow/Framework/Collections/Dictionaries/RemoveDictionaryItem.cs
 0.1 kb	 0.0% Packages/com.unity.visualscripting/Runtime/VisualScripting.Flow/Framework/Collections/Dictionaries/MergeDictionaries.cs
 0.1 kb	 0.0% Packages/com.unity.visualscripting/Runtime/VisualScripting.Flow/Framework/Collections/Dictionaries/GetDictionaryItem.cs
 0.1 kb	 0.0% Packages/com.unity.visualscripting/Runtime/VisualScripting.Flow/Framework/Collections/Dictionaries/AddDictionaryItem.cs
 0.1 kb	 0.0% Packages/com.unity.visualscripting/Runtime/VisualScripting.Flow/EditorBinding/UnitTitleAttribute.cs
 0.1 kb	 0.0% Packages/com.unity.visualscripting/Runtime/VisualScripting.Flow/EditorBinding/UnitOrderAttribute.cs
 0.1 kb	 0.0% Packages/com.unity.visualscripting/Runtime/VisualScripting.Flow/EditorBinding/SpecialUnitAttribute.cs
 0.1 kb	 0.0% Packages/com.unity.visualscripting/Runtime/VisualScripting.Flow/EditorBinding/PortLabelAttribute.cs
 0.1 kb	 0.0% Packages/com.unity.visualscripting/Runtime/VisualScripting.Flow/Dependencies/NCalc/NCalcParser.cs
 0.1 kb	 0.0% Packages/com.unity.visualscripting/Runtime/VisualScripting.Flow/Dependencies/NCalc/NCalcLexer.cs
 0.1 kb	 0.0% Packages/com.unity.visualscripting/Runtime/VisualScripting.Flow/Dependencies/NCalc/FunctionArgs.cs
 0.1 kb	 0.0% Packages/com.unity.visualscripting/Runtime/VisualScripting.Flow/Dependencies/NCalc/Expression.cs
 0.1 kb	 0.0% Packages/com.unity.visualscripting/Runtime/VisualScripting.Flow/Connections/InvalidConnection.cs
 0.1 kb	 0.0% Packages/com.unity.visualscripting/Runtime/VisualScripting.Flow/Connections/ControlConnection.cs
 0.1 kb	 0.0% Packages/com.unity.visualscripting/Runtime/VisualScripting.Core/Variables/VariableDeclarations.cs
 0.1 kb	 0.0% Packages/com.unity.visualscripting/Runtime/VisualScripting.Core/Variables/VariableDeclaration.cs
 0.1 kb	 0.0% Packages/com.unity.visualscripting/Runtime/VisualScripting.Core/Variables/IGraphWithVariables.cs
 0.1 kb	 0.0% Packages/com.unity.visualscripting/Runtime/VisualScripting.Core/Variables/ApplicationVariables.cs
 0.1 kb	 0.0% Packages/com.unity.visualscripting/Runtime/VisualScripting.Core/Utilities/UnityObjectUtility.cs
 0.1 kb	 0.0% Packages/com.unity.visualscripting/Runtime/VisualScripting.Core/Utilities/ReferenceCollector.cs
 0.1 kb	 0.0% Packages/com.unity.visualscripting/Runtime/VisualScripting.Core/Utilities/CSharpNameUtility.cs
 0.1 kb	 0.0% Packages/com.unity.visualscripting/Runtime/VisualScripting.Core/Unity/SingletonAttribute.cs
 0.1 kb	 0.0% Packages/com.unity.visualscripting/Runtime/VisualScripting.Core/Unity/IUnityObjectOwnable.cs
 0.1 kb	 0.0% Packages/com.unity.visualscripting/Runtime/VisualScripting.Core/Serialization/SerializeAttribute.cs
 0.1 kb	 0.0% Packages/com.unity.visualscripting/Runtime/VisualScripting.Core/Serialization/SerializeAsAttribute.cs
 0.1 kb	 0.0% Packages/com.unity.visualscripting/Runtime/VisualScripting.Core/Serialization/SerializationData.cs
 0.1 kb	 0.0% Packages/com.unity.visualscripting/Runtime/VisualScripting.Core/Serialization/Converters/UnityObjectConverter.cs
 0.1 kb	 0.0% Packages/com.unity.visualscripting/Runtime/VisualScripting.Core/Serialization/Converters/NamespaceConverter.cs
 0.1 kb	 0.0% Packages/com.unity.visualscripting/Runtime/VisualScripting.Core/Reflection/RenamedFromAttribute.cs
 0.1 kb	 0.0% Packages/com.unity.visualscripting/Runtime/VisualScripting.Core/Reflection/Optimization/StaticInvokerBase.cs
 0.1 kb	 0.0% Packages/com.unity.visualscripting/Runtime/VisualScripting.Core/Reflection/Optimization/ReflectionInvoker.cs
 0.1 kb	 0.0% Packages/com.unity.visualscripting/Runtime/VisualScripting.Core/Reflection/Optimization/OptimizedReflection.cs
 0.1 kb	 0.0% Packages/com.unity.visualscripting/Runtime/VisualScripting.Core/Reflection/Optimization/IOptimizedInvoker.cs
 0.1 kb	 0.0% Packages/com.unity.visualscripting/Runtime/VisualScripting.Core/Reflection/Optimization/IOptimizedAccessor.cs
 0.1 kb	 0.0% Packages/com.unity.visualscripting/Runtime/VisualScripting.Core/Reflection/Operators/UnaryOperatorHandler.cs
 0.1 kb	 0.0% Packages/com.unity.visualscripting/Runtime/VisualScripting.Core/Reflection/Operators/SubtractionHandler.cs
 0.1 kb	 0.0% Packages/com.unity.visualscripting/Runtime/VisualScripting.Core/Reflection/Operators/RightShiftHandler.cs
 0.1 kb	 0.0% Packages/com.unity.visualscripting/Runtime/VisualScripting.Core/Reflection/Operators/OperatorException.cs
 0.1 kb	 0.0% Packages/com.unity.visualscripting/Runtime/VisualScripting.Core/Reflection/Operators/InequalityHandler.cs
 0.1 kb	 0.0% Packages/com.unity.visualscripting/Runtime/VisualScripting.Core/Reflection/Operators/GreaterThanHandler.cs
 0.1 kb	 0.0% Packages/com.unity.visualscripting/Runtime/VisualScripting.Core/Reflection/Operators/ExclusiveOrHandler.cs
 0.1 kb	 0.0% Packages/com.unity.visualscripting/Runtime/VisualScripting.Core/Reflection/MemberInfoComparer.cs
 0.1 kb	 0.0% Packages/com.unity.visualscripting/Runtime/VisualScripting.Core/Reflection/LooseAssemblyName.cs
 0.1 kb	 0.0% Packages/com.unity.visualscripting/Runtime/VisualScripting.Core/Reflection/IAttributeProvider.cs
 0.1 kb	 0.0% Packages/com.unity.visualscripting/Runtime/VisualScripting.Core/Reflection/ConversionUtility.cs
 0.1 kb	 0.0% Packages/com.unity.visualscripting/Runtime/VisualScripting.Core/Listeners/UnityMessageListener.cs
 0.1 kb	 0.0% Packages/com.unity.visualscripting/Runtime/VisualScripting.Core/Listeners/IGraphEventListener.cs
 0.1 kb	 0.0% Packages/com.unity.visualscripting/Runtime/VisualScripting.Core/Graphs/IGraphParentElement.cs
 0.1 kb	 0.0% Packages/com.unity.visualscripting/Runtime/VisualScripting.Core/Graphs/IGraphNesterElement.cs
 0.1 kb	 0.0% Packages/com.unity.visualscripting/Runtime/VisualScripting.Core/Graphs/IGraphElementData.cs
 0.1 kb	 0.0% Packages/com.unity.visualscripting/Runtime/VisualScripting.Core/Events/FrameDelayedCallback.cs
 0.1 kb	 0.0% Packages/com.unity.visualscripting/Runtime/VisualScripting.Core/Events/EventHookComparer.cs
 0.1 kb	 0.0% Packages/com.unity.visualscripting/Runtime/VisualScripting.Core/Ensure/ExceptionMessages.cs
 0.1 kb	 0.0% Packages/com.unity.visualscripting/Runtime/VisualScripting.Core/EditorBinding/TypeIconAttribute.cs
 0.1 kb	 0.0% Packages/com.unity.visualscripting/Runtime/VisualScripting.Core/EditorBinding/PredictableAttribute.cs
 0.1 kb	 0.0% Packages/com.unity.visualscripting/Runtime/VisualScripting.Core/EditorBinding/InspectableAttribute.cs
 0.1 kb	 0.0% Packages/com.unity.visualscripting/Runtime/VisualScripting.Core/EditorBinding/EditorTimeBinding.cs
 0.1 kb	 0.0% Packages/com.unity.visualscripting/Runtime/VisualScripting.Core/EditorBinding/EditorBindingUtility.cs
 0.1 kb	 0.0% Packages/com.unity.visualscripting/Runtime/VisualScripting.Core/EditorBinding/AllowsNullAttribute.cs
 0.1 kb	 0.0% Packages/com.unity.visualscripting/Runtime/VisualScripting.Core/Dependencies/FullSerializer/Internal/fsOption.cs
 0.1 kb	 0.0% Packages/com.unity.visualscripting/Runtime/VisualScripting.Core/Decorators/IDecoratorAttribute.cs
 0.1 kb	 0.0% Packages/com.unity.visualscripting/Runtime/VisualScripting.Core/Cloning/Cloners/AnimationCurveCloner.cs
 0.1 kb	 0.0% Packages/com.unity.ugui/Runtime/TMP/TMP_DynamicFontAssetUtilities.cs
 0.1 kb	 0.0% Packages/com.unity.timeline/Runtime/Utilities/AnimationPreviewUtilities.cs
 0.1 kb	 0.0% Packages/com.unity.timeline/Runtime/Playables/TimeNotificationBehaviour.cs
 0.1 kb	 0.0% Packages/com.unity.timeline/Runtime/Playables/ActivationControlPlayable.cs
 0.1 kb	 0.0% Packages/com.unity.timeline/Runtime/Events/INotificationOptionProvider.cs
 0.1 kb	 0.0% Packages/com.unity.services.core/Runtime/Core.Internal/Components/Telemetry/IDiagnostics.cs
 0.1 kb	 0.0% Packages/com.unity.services.core/Runtime/Core.Internal/Components/Networking/IHttpClient.cs
 0.1 kb	 0.0% Packages/com.unity.services.core/Runtime/Core.Internal/Components/Networking/HttpResponse.cs
 0.1 kb	 0.0% Packages/com.unity.services.core/Runtime/Core.Internal/Components/Networking/HttpRequest.cs
 0.1 kb	 0.0% Packages/com.unity.services.core/Runtime/Core.Internal/Components/Networking/HttpOptions.cs
 0.1 kb	 0.0% Packages/com.unity.services.core/Runtime/Core.Internal/Components/Authentication/IPlayerId.cs
 0.1 kb	 0.0% Packages/com.unity.services.core/Runtime/Core.Internal/Components/Authentication/IAccessToken.cs
 0.1 kb	 0.0% Packages/com.unity.services.analytics/Runtime/SessionManager.cs
 0.1 kb	 0.0% Packages/com.unity.services.analytics/Runtime/Runtime/WebRequestHelper.cs
 0.1 kb	 0.0% Packages/com.unity.services.analytics/Runtime/Platform/DeviceVolume.cs
 0.1 kb	 0.0% Packages/com.unity.services.analytics/Runtime/IdentityManager.cs
 0.1 kb	 0.0% Packages/com.unity.render-pipelines.universal/Runtime/NoAllocUtils.cs
 0.1 kb	 0.0% Packages/com.unity.render-pipelines.universal/Runtime/2D/Lights/Light2D.cs
 0.1 kb	 0.0% Packages/com.unity.render-pipelines.universal/Runtime/2D/Clipper.cs
 0.1 kb	 0.0% Packages/com.unity.render-pipelines.core/Runtime/XR/XRSRPSettings.cs
 0.1 kb	 0.0% Packages/com.unity.render-pipelines.core/Runtime/Volume/VolumeProfile.cs
 0.1 kb	 0.0% Packages/com.unity.render-pipelines.core/Runtime/Volume/VolumeParameter.cs
 0.1 kb	 0.0% Packages/com.unity.render-pipelines.core/Runtime/Volume/VolumeManager.cs
 0.1 kb	 0.0% Packages/com.unity.render-pipelines.core/Runtime/Volume/VolumeDebugData.cs
 0.1 kb	 0.0% Packages/com.unity.render-pipelines.core/Runtime/Volume/VolumeComponent.cs
 0.1 kb	 0.0% Packages/com.unity.render-pipelines.core/Runtime/Volume/VolumeCollection.cs
 0.1 kb	 0.0% Packages/com.unity.render-pipelines.core/Runtime/Volume/KeyframeUtility.cs
 0.1 kb	 0.0% Packages/com.unity.render-pipelines.core/Runtime/Utilities/TileLayoutUtils.cs
 0.1 kb	 0.0% Packages/com.unity.render-pipelines.core/Runtime/Utilities/TextureGradient.cs
 0.1 kb	 0.0% Packages/com.unity.render-pipelines.core/Runtime/Utilities/ResourceReloader.cs
 0.1 kb	 0.0% Packages/com.unity.render-pipelines.core/Runtime/Utilities/LightUnitUtils.cs
 0.1 kb	 0.0% Packages/com.unity.render-pipelines.core/Runtime/Utilities/HaltonSequence.cs
 0.1 kb	 0.0% Packages/com.unity.render-pipelines.core/Runtime/Utilities/HDROutputUtils.cs
 0.1 kb	 0.0% Packages/com.unity.render-pipelines.core/Runtime/Utilities/GPUPrefixSum/GPUPrefixSum.Data.cs
 0.1 kb	 0.0% Packages/com.unity.render-pipelines.core/Runtime/Utilities/DelegateUtility.cs
 0.1 kb	 0.0% Packages/com.unity.render-pipelines.core/Runtime/Utilities/CoreMatrixUtils.cs
 0.1 kb	 0.0% Packages/com.unity.render-pipelines.core/Runtime/Utilities/ColorSpaceUtils.cs
 0.1 kb	 0.0% Packages/com.unity.render-pipelines.core/Runtime/Utilities/ArrayExtensions.cs
 0.1 kb	 0.0% Packages/com.unity.render-pipelines.core/Runtime/Textures/Texture2DAtlas.cs
 0.1 kb	 0.0% Packages/com.unity.render-pipelines.core/Runtime/Textures/RTHandleSystem.cs
 0.1 kb	 0.0% Packages/com.unity.render-pipelines.core/Runtime/Sampling/SobolData.cs
 0.1 kb	 0.0% Packages/com.unity.render-pipelines.core/Runtime/RenderPipeline/IVolumetricCloud.cs
 0.1 kb	 0.0% Packages/com.unity.render-pipelines.core/Runtime/RenderPipeline/ICloudBackground.cs
 0.1 kb	 0.0% Packages/com.unity.render-pipelines.core/Runtime/RenderGraph/RenderGraphCompilationCache.cs
 0.1 kb	 0.0% Packages/com.unity.render-pipelines.core/Runtime/PostProcessing/LensFlareDataSRP.cs
 0.1 kb	 0.0% Packages/com.unity.render-pipelines.core/Runtime/Lighting/ProbeVolume/ProbeVolumeUtil.cs
 0.1 kb	 0.0% Packages/com.unity.render-pipelines.core/Runtime/Lighting/ProbeVolume/ProbeBrickPool.cs
 0.1 kb	 0.0% Packages/com.unity.render-pipelines.core/Runtime/Lighting/ProbeVolume/ProbeBrickIndex.cs
 0.1 kb	 0.0% Packages/com.unity.render-pipelines.core/Runtime/Debugging/ProfilingScope.cs
 0.1 kb	 0.0% Packages/com.unity.render-pipelines.core/Runtime/Debugging/FrameTiming/FrameTimeSample.cs
 0.1 kb	 0.0% Packages/com.unity.render-pipelines.core/Runtime/Debugging/DebugManager.UIState.cs
 0.1 kb	 0.0% Packages/com.unity.render-pipelines.core/Runtime/Debugging/DebugManager.Input.cs
 0.1 kb	 0.0% Packages/com.unity.render-pipelines.core/Runtime/Debugging/DebugFrameTiming.cs
 0.1 kb	 0.0% Packages/com.unity.render-pipelines.core/Runtime/Common/SerializableEnum.cs
 0.1 kb	 0.0% Packages/com.unity.render-pipelines.core/Runtime/Common/ReloadAttribute.cs
 0.1 kb	 0.0% Packages/com.unity.render-pipelines.core/Runtime/Common/IAdditionalData.cs
 0.1 kb	 0.0% Packages/com.unity.render-pipelines.core/Runtime/Common/DynamicString.cs
 0.1 kb	 0.0% Packages/com.unity.render-pipelines.core/Runtime/Common/CoreUnsafeUtils.cs
 0.1 kb	 0.0% Packages/com.unity.render-pipelines.core/Runtime/Common/ContextContainer.cs
 0.1 kb	 0.0% Packages/com.unity.render-pipelines.core/Runtime/Common/ConstantBuffer.cs
 0.1 kb	 0.0% Packages/com.unity.render-pipelines.core/Runtime/Camera/CameraSwitcher.cs
 0.1 kb	 0.0% Packages/com.unity.purchasing/Runtime/WinRTCore/IWinRT.cs
 0.1 kb	 0.0% Packages/com.unity.purchasing/Runtime/Stores/Util/IRetryPolicy.cs
 0.1 kb	 0.0% Packages/com.unity.purchasing/Runtime/SecurityStub/Obfuscator.cs
 0.1 kb	 0.0% Packages/com.unity.purchasing/Runtime/SecurityCore/AppleReceipt.cs
 0.1 kb	 0.0% Packages/com.unity.inputsystem/InputSystem/Utilities/Comparers.cs
 0.1 kb	 0.0% Packages/com.unity.inputsystem/InputSystem/State/InputStateHistory.cs
 0.1 kb	 0.0% Packages/com.unity.inputsystem/InputSystem/State/InputStateBuffers.cs
 0.1 kb	 0.0% Packages/com.unity.inputsystem/InputSystem/State/IInputStateTypeInfo.cs
 0.1 kb	 0.0% Packages/com.unity.inputsystem/InputSystem/Plugins/iOS/InputSettingsiOSProvider.cs
 0.1 kb	 0.0% Packages/com.unity.inputsystem/InputSystem/Plugins/Users/InputUserSettings.cs
 0.1 kb	 0.0% Packages/com.unity.inputsystem/InputSystem/Plugins/PlayerInput/PlayerInputEditor.cs
 0.1 kb	 0.0% Packages/com.unity.inputsystem/InputSystem/Plugins/EnhancedTouch/TouchSimulation.cs
 0.1 kb	 0.0% Packages/com.unity.inputsystem/InputSystem/NativeInputRuntime.cs
 0.1 kb	 0.0% Packages/com.unity.inputsystem/InputSystem/Events/InputEventListener.cs
 0.1 kb	 0.0% Packages/com.unity.inputsystem/InputSystem/Events/IMECompositionEvent.cs
 0.1 kb	 0.0% Packages/com.unity.inputsystem/InputSystem/Events/IInputEventTypeInfo.cs
 0.1 kb	 0.0% Packages/com.unity.inputsystem/InputSystem/Events/DeviceRemoveEvent.cs
 0.1 kb	 0.0% Packages/com.unity.inputsystem/InputSystem/Editor/UITKAssetEditor/Views/MatchingControlPaths.cs
 0.1 kb	 0.0% Packages/com.unity.inputsystem/InputSystem/Editor/UITKAssetEditor/Views/IViewStateCollection.cs
 0.1 kb	 0.0% Packages/com.unity.inputsystem/InputSystem/Editor/UITKAssetEditor/Views/ControlSchemesView.cs
 0.1 kb	 0.0% Packages/com.unity.inputsystem/InputSystem/Editor/UITKAssetEditor/Views/ActionPropertiesView.cs
 0.1 kb	 0.0% Packages/com.unity.inputsystem/InputSystem/Editor/UITKAssetEditor/EnumerableExtensions.cs
 0.1 kb	 0.0% Packages/com.unity.inputsystem/InputSystem/Editor/PropertyDrawers/InputActionMapDrawer.cs
 0.1 kb	 0.0% Packages/com.unity.inputsystem/InputSystem/Editor/PropertyDrawers/InputActionDrawer.cs
 0.1 kb	 0.0% Packages/com.unity.inputsystem/InputSystem/Editor/Internal/InputEventTreeView.cs
 0.1 kb	 0.0% Packages/com.unity.inputsystem/InputSystem/Editor/Internal/InputControlTreeView.cs
 0.1 kb	 0.0% Packages/com.unity.inputsystem/InputSystem/Editor/Internal/BuildProviderHelpers.cs
 0.1 kb	 0.0% Packages/com.unity.inputsystem/InputSystem/Editor/Internal/AdvancedDropdown/MultiLevelDataSource.cs
 0.1 kb	 0.0% Packages/com.unity.inputsystem/InputSystem/Editor/Internal/AdvancedDropdown/CallbackDataSource.cs
 0.1 kb	 0.0% Packages/com.unity.inputsystem/InputSystem/Editor/Internal/AdvancedDropdown/AdvancedDropdownItem.cs
 0.1 kb	 0.0% Packages/com.unity.inputsystem/InputSystem/Editor/Internal/AdvancedDropdown/AdvancedDropdownGUI.cs
 0.1 kb	 0.0% Packages/com.unity.inputsystem/InputSystem/Editor/InputParameterEditor.cs
 0.1 kb	 0.0% Packages/com.unity.inputsystem/InputSystem/Editor/DeviceSimulator/InputSystemPlugin.cs
 0.1 kb	 0.0% Packages/com.unity.inputsystem/InputSystem/Editor/Debugger/InputDebuggerWindow.cs
 0.1 kb	 0.0% Packages/com.unity.inputsystem/InputSystem/Editor/ControlPicker/InputControlPicker.cs
 0.1 kb	 0.0% Packages/com.unity.inputsystem/InputSystem/Editor/BuildPipeline/LinkFileGenerator.cs
 0.1 kb	 0.0% Packages/com.unity.inputsystem/InputSystem/Editor/AssetImporter/InputActionImporter.cs
 0.1 kb	 0.0% Packages/com.unity.inputsystem/InputSystem/Editor/AssetEditor/PropertiesViewBase.cs
 0.1 kb	 0.0% Packages/com.unity.inputsystem/InputSystem/Editor/AssetEditor/InputActionTreeView.cs
 0.1 kb	 0.0% Packages/com.unity.inputsystem/InputSystem/Editor/Analytics/InputEditorAnalytics.cs
 0.1 kb	 0.0% Packages/com.unity.inputsystem/InputSystem/Editor/Analytics/InputBuildAnalytic.cs
 0.1 kb	 0.0% Packages/com.unity.inputsystem/InputSystem/Devices/InputDeviceMatcher.cs
 0.1 kb	 0.0% Packages/com.unity.inputsystem/InputSystem/Devices/InputDeviceBuilder.cs
 0.1 kb	 0.0% Packages/com.unity.inputsystem/InputSystem/Devices/ITextInputReceiver.cs
 0.1 kb	 0.0% Packages/com.unity.inputsystem/InputSystem/Devices/IEventPreProcessor.cs
 0.1 kb	 0.0% Packages/com.unity.inputsystem/InputSystem/Devices/ICustomDeviceReset.cs
 0.1 kb	 0.0% Packages/com.unity.inputsystem/InputSystem/Devices/Commands/RequestSyncCommand.cs
 0.1 kb	 0.0% Packages/com.unity.inputsystem/InputSystem/Devices/Commands/RequestResetCommand.cs
 0.1 kb	 0.0% Packages/com.unity.inputsystem/InputSystem/Devices/Commands/QueryUserIdCommand.cs
 0.1 kb	 0.0% Packages/com.unity.inputsystem/InputSystem/Devices/Commands/QueryKeyNameCommand.cs
 0.1 kb	 0.0% Packages/com.unity.inputsystem/InputSystem/Devices/Commands/InputDeviceCommand.cs
 0.1 kb	 0.0% Packages/com.unity.inputsystem/InputSystem/Devices/Commands/EnableDeviceCommand.cs
 0.1 kb	 0.0% Packages/com.unity.inputsystem/InputSystem/Devices/Commands/DisableDeviceCommand.cs
 0.1 kb	 0.0% Packages/com.unity.inputsystem/InputSystem/Controls/TouchPressControl.cs
 0.1 kb	 0.0% Packages/com.unity.inputsystem/InputSystem/Controls/TouchPhaseControl.cs
 0.1 kb	 0.0% Packages/com.unity.inputsystem/InputSystem/Controls/QuaternionControl.cs
 0.1 kb	 0.0% Packages/com.unity.inputsystem/InputSystem/Controls/InputControlLayout.cs
 0.1 kb	 0.0% Packages/com.unity.inputsystem/InputSystem/Controls/InputControlExtensions.cs
 0.1 kb	 0.0% Packages/com.unity.inputsystem/InputSystem/Actions/InputInteractionContext.cs
 0.1 kb	 0.0% Packages/com.unity.inputsystem/InputSystem/Actions/InputBindingComposite.cs
 0.1 kb	 0.0% Packages/com.unity.inputsystem/InputSystem/Actions/IInputActionCollection.cs
 0.1 kb	 0.0% Packages/com.unity.collections/Unity.Collections/NativeNotBurstCompatible.cs
 0.1 kb	 0.0% Packages/com.unity.analytics/DataPrivacy/DataPrivacyButton.cs
 0.1 kb	 0.0% Packages/com.unity.2d.tilemap.extras/Runtime/Tiles/RuleOverrideTile/AdvancedRuleOverrideTile.cs
 0.1 kb	 0.0% Packages/com.unity.2d.spriteshape/Runtime/SpriteShapeController.cs
 0.1 kb	 0.0% Packages/com.unity.2d.spriteshape/Runtime/External/LibTessDotNet/MeshUtils.cs
 0.1 kb	 0.0% Assets/TextMesh Pro/Examples & Extras/Resources/Color Gradient Presets/Yellow to Orange - Vertical.asset
 0.1 kb	 0.0% Assets/TextMesh Pro/Examples & Extras/Resources/Color Gradient Presets/Blue to Purple - Vertical.asset
 0.1 kb	 0.0% Packages/com.unity.xr.legacyinputhelpers/Runtime/ArmModels/ArmModel.cs
 0.1 kb	 0.0% Packages/com.unity.visualscripting/Runtime/VisualScripting.Core/Ensure/EnsureThat.ValueTypes.cs
 0.1 kb	 0.0% Packages/com.unity.visualscripting/Runtime/VisualScripting.Core/Ensure/EnsureThat.Reflection.cs
 0.1 kb	 0.0% Packages/com.unity.visualscripting/Runtime/VisualScripting.Core/Ensure/EnsureThat.Comparables.cs
 0.1 kb	 0.0% Packages/com.unity.visualscripting/Runtime/VisualScripting.Core/Ensure/EnsureThat.Collections.cs
 0.1 kb	 0.0% Packages/com.unity.visualscripting/Runtime/VisualScripting.Core/Dependencies/FullSerializer/fsSerializer.cs
 0.1 kb	 0.0% Packages/com.unity.visualscripting/Runtime/VisualScripting.Core/Dependencies/FullSerializer/fsJsonParser.cs
 0.1 kb	 0.0% Packages/com.unity.visualscripting/Runtime/VisualScripting.Core/Dependencies/FullSerializer/fsConverter.cs
 0.1 kb	 0.0% Packages/com.unity.visualscripting/Runtime/VisualScripting.Core/Dependencies/FullSerializer/fsContext.cs
 0.1 kb	 0.0% Packages/com.unity.visualscripting/Runtime/VisualScripting.Core/Dependencies/FullSerializer/Reflection/fsTypeCache.cs
 0.1 kb	 0.0% Packages/com.unity.visualscripting/Runtime/VisualScripting.Core/Dependencies/FullSerializer/Reflection/fsMetaType.cs
 0.1 kb	 0.0% Packages/com.unity.ugui/Runtime/UGUI/EventSystem/UIElements/WorldDocumentRaycaster.cs
 0.1 kb	 0.0% Packages/com.unity.ugui/Runtime/UGUI/EventSystem/InputModules/StandaloneInputModule.cs
 0.1 kb	 0.0% Packages/com.unity.services.core/Runtime/Telemetry/Metrics/Metrics.cs
 0.1 kb	 0.0% Packages/com.unity.services.core/Runtime/Device/InstallationId.cs
 0.1 kb	 0.0% Packages/com.unity.services.core/Runtime/Core/RequestFailedException.cs
 0.1 kb	 0.0% Packages/com.unity.services.core/Runtime/Core/Initialization/InitializationOptions.cs
 0.1 kb	 0.0% Packages/com.unity.services.core/Runtime/Core/ExternalUserIdProperty.cs
 0.1 kb	 0.0% Packages/com.unity.services.core/Runtime/Core.Internal/Telemetry/CoreDiagnostics.cs
 0.1 kb	 0.0% Packages/com.unity.services.core/Runtime/Core.Internal/Registry/ServiceRegistry/ServiceRegistry.cs
 0.1 kb	 0.0% Packages/com.unity.services.core/Runtime/Core.Internal/Registry/ServiceRegistry/IServiceRegistry.cs
 0.1 kb	 0.0% Packages/com.unity.services.core/Runtime/Core.Internal/Registry/PackageRegistry/PackageRegistry.cs
 0.1 kb	 0.0% Packages/com.unity.services.core/Runtime/Core.Internal/Registry/PackageRegistry/IPackageRegistry.cs
 0.1 kb	 0.0% Packages/com.unity.services.core/Runtime/Core.Internal/Registry/MissingComponent.cs
 0.1 kb	 0.0% Packages/com.unity.services.core/Runtime/Core.Internal/Registry/HashExceptions.cs
 0.1 kb	 0.0% Packages/com.unity.services.core/Runtime/Core.Internal/Registry/DependencyTree.cs
 0.1 kb	 0.0% Packages/com.unity.services.core/Runtime/Core.Internal/Registry/CoreRegistration.cs
 0.1 kb	 0.0% Packages/com.unity.services.core/Runtime/Core.Internal/AsyncOperation/IAsyncOperation.cs
 0.1 kb	 0.0% Packages/com.unity.services.core/Runtime/Core.Internal/AsyncOperation/AsyncOperation.cs
 0.1 kb	 0.0% Packages/com.unity.services.analytics/Runtime/Runtime/IDebugTools.cs
 0.1 kb	 0.0% Packages/com.unity.services.analytics/Runtime/Runtime/AnalyticsContainer.cs
 0.1 kb	 0.0% Packages/com.unity.services.analytics/Runtime/IAnalyticsService.cs
 0.1 kb	 0.0% Packages/com.unity.services.analytics/Runtime/Events/AdImpression/AdImpressionEvent.cs
 0.1 kb	 0.0% Packages/com.unity.render-pipelines.universal/Runtime/StpUtils.cs
 0.1 kb	 0.0% Packages/com.unity.render-pipelines.universal/Runtime/RendererFeatures/OnTilePostProcessPass.cs
 0.1 kb	 0.0% Packages/com.unity.render-pipelines.universal/Runtime/RendererFeatures/OnTilePostProcessFeature.cs
 0.1 kb	 0.0% Packages/com.unity.render-pipelines.universal/Runtime/Overrides/Vignette.cs
 0.1 kb	 0.0% Packages/com.unity.render-pipelines.universal/Runtime/Overrides/Bloom.cs
 0.1 kb	 0.0% Packages/com.unity.render-pipelines.core/Runtime/XR/XRView.cs
 0.1 kb	 0.0% Packages/com.unity.render-pipelines.core/Runtime/XR/XRSystem.cs
 0.1 kb	 0.0% Packages/com.unity.render-pipelines.core/Runtime/XR/XRPass.cs
 0.1 kb	 0.0% Packages/com.unity.render-pipelines.core/Runtime/XR/XRLayout.cs
 0.1 kb	 0.0% Packages/com.unity.render-pipelines.core/Runtime/UnifiedRayTracing/StringIDs.cs
 0.1 kb	 0.0% Packages/com.unity.render-pipelines.core/Runtime/UnifiedRayTracing/Compute/RadeonRays/RadixSort.cs
 0.1 kb	 0.0% Packages/com.unity.render-pipelines.core/Runtime/UnifiedRayTracing/Compute/RadeonRays/HlbvhBuilder.cs
 0.1 kb	 0.0% Packages/com.unity.render-pipelines.core/Runtime/UnifiedRayTracing/Common/Utilities/Utils.cs
 0.1 kb	 0.0% Packages/com.unity.render-pipelines.core/Runtime/PathTracing/ShaderProperties.cs
 0.1 kb	 0.0% Packages/com.unity.render-pipelines.core/Runtime/PathTracing/LightFalloffLUT.cs
 0.1 kb	 0.0% Packages/com.unity.render-pipelines.core/Runtime/PathTracing/Environment/CubemapRender.cs
 0.1 kb	 0.0% Packages/com.unity.render-pipelines.core/Runtime/PathTracing/Core/TextureQuadTree.cs
 0.1 kb	 0.0% Packages/com.unity.render-pipelines.core/Runtime/GPUDriven/CoreDataSystems/RenderWorld.cs
 0.1 kb	 0.0% Packages/com.unity.render-pipelines.core/Runtime/GPUDriven/BatchLayers.cs
 0.1 kb	 0.0% Packages/com.unity.render-pipelines.core/Runtime/Debugging/DebugUI.FieldUtils.cs
 0.1 kb	 0.0% Packages/com.unity.render-pipelines.core/Runtime/Debugging/DebugUI.Containers.cs
 0.1 kb	 0.0% Packages/com.unity.purchasing/Runtime/Stores/Util/UnityUtil.cs
 0.1 kb	 0.0% Packages/com.unity.purchasing/Runtime/Stores/Util/FileReference.cs
 0.1 kb	 0.0% Packages/com.unity.purchasing/Runtime/Stores/ProductCatalog.cs
 0.1 kb	 0.0% Packages/com.unity.purchasing/Runtime/Stores/FakeStore/IFakeExtensions.cs
 0.1 kb	 0.0% Packages/com.unity.purchasing/Runtime/Stores/FakeStore/DialogRequest.cs
 0.1 kb	 0.0% Packages/com.unity.purchasing/Runtime/Stores/BaseStore/IStoreInternal.cs
 0.1 kb	 0.0% Packages/com.unity.purchasing/Runtime/Stores/AppleAppStore/IAppleExtensions.cs
 0.1 kb	 0.0% Packages/com.unity.purchasing/Runtime/Stores/AppleAppStore/AppleStoreImpl.cs
 0.1 kb	 0.0% Packages/com.unity.purchasing/Runtime/Stores/AppleAppStore/AppleAppStore.cs
 0.1 kb	 0.0% Packages/com.unity.purchasing/Runtime/Stores/Android/UDP/IUDPExtensions.cs
 0.1 kb	 0.0% Packages/com.unity.purchasing/Runtime/Stores/Android/UDP/INativeUDPStore.cs
 0.1 kb	 0.0% Packages/com.unity.purchasing/Runtime/Stores/Android/UDP/FakeUDPExtension.cs
 0.1 kb	 0.0% Packages/com.unity.purchasing/Runtime/Stores/Android/JSONSerializer.cs
 0.1 kb	 0.0% Packages/com.unity.purchasing/Runtime/Stores/Android/IUnityCallback.cs
 0.1 kb	 0.0% Packages/com.unity.purchasing/Runtime/Stores/Android/GooglePlay/GooglePlayStore.cs
 0.1 kb	 0.0% Packages/com.unity.purchasing/Runtime/Stores/Android/Common/AAR/UnityActivity.cs
 0.1 kb	 0.0% Packages/com.unity.purchasing/Runtime/Stores/Android/Common/AAR/ListExtension.cs
 0.1 kb	 0.0% Packages/com.unity.purchasing/Runtime/Stores/Android/AndroidJavaStore.cs
 0.1 kb	 0.0% Packages/com.unity.purchasing/Runtime/Stores/Android/AmazonAppStore/FakeAmazon.cs
 0.1 kb	 0.0% Packages/com.unity.purchasing/Runtime/Purchasing/StoreListenerProxy.cs
 0.1 kb	 0.0% Packages/com.unity.purchasing/Runtime/Purchasing/PurchasingManager.cs
 0.1 kb	 0.0% Packages/com.unity.purchasing/Runtime/Purchasing/PurchasingFactory.cs
 0.1 kb	 0.0% Packages/com.unity.purchasing/Runtime/Purchasing/PurchaseEventArgs.cs
 0.1 kb	 0.0% Packages/com.unity.purchasing/Runtime/Purchasing/ProductDefinition.cs
 0.1 kb	 0.0% Packages/com.unity.purchasing/Runtime/Purchasing/ProductCollection.cs
 0.1 kb	 0.0% Packages/com.unity.purchasing/Runtime/Purchasing/IExtensionProvider.cs
 0.1 kb	 0.0% Packages/com.unity.purchasing/Runtime/Purchasing/Extension/IStoreCallback.cs
 0.1 kb	 0.0% Packages/com.unity.purchasing/Runtime/Purchasing/Extension/ICatalogProvider.cs
 0.1 kb	 0.0% Packages/com.unity.purchasing/Runtime/Purchasing/Extension/AbstractStore.cs
 0.1 kb	 0.0% Packages/com.unity.purchasing/Runtime/Purchasing/ConfigurationBuilder.cs
 0.1 kb	 0.0% Packages/com.unity.purchasing/Runtime/Purchasing/Analytics/Legacy/LegacyUnityAnalytics.cs
 0.1 kb	 0.0% Packages/com.unity.purchasing/Runtime/Purchasing/Analytics/Interfaces/IAnalyticsAdapter.cs
 0.1 kb	 0.0% Packages/com.unity.purchasing/Runtime/Purchasing/Analytics/CoreAnalyticsAdapter.cs
 0.1 kb	 0.0% Packages/com.unity.purchasing/Runtime/Codeless/BaseIAPButton.cs
 0.1 kb	 0.0% Packages/com.unity.purchasing/Runtime/AppleStub/iOSStoreBindings.cs
 0.1 kb	 0.0% Packages/com.unity.multiplayer.center/Common/AnswerData.cs
 0.1 kb	 0.0% Packages/com.unity.inputsystem/InputSystem/Utilities/StringHelpers.cs
 0.1 kb	 0.0% Packages/com.unity.inputsystem/InputSystem/Utilities/SpriteUtilities.cs
 0.1 kb	 0.0% Packages/com.unity.inputsystem/InputSystem/Utilities/PrimitiveValue.cs
 0.1 kb	 0.0% Packages/com.unity.inputsystem/InputSystem/Utilities/PredictiveParser.cs
 0.1 kb	 0.0% Packages/com.unity.inputsystem/InputSystem/Utilities/NumberHelpers.cs
 0.1 kb	 0.0% Packages/com.unity.inputsystem/InputSystem/Utilities/MemoryHelpers.cs
 0.1 kb	 0.0% Packages/com.unity.inputsystem/InputSystem/Utilities/InternedString.cs
 0.1 kb	 0.0% Packages/com.unity.inputsystem/InputSystem/Utilities/ExceptionHelpers.cs
 0.1 kb	 0.0% Packages/com.unity.inputsystem/InputSystem/Utilities/DelegateHelpers.cs
 0.1 kb	 0.0% Packages/com.unity.inputsystem/InputSystem/Plugins/iOS/iOSStepCounter.cs
 0.1 kb	 0.0% Packages/com.unity.inputsystem/InputSystem/Plugins/XR/TrackedPoseDriver.cs
 0.1 kb	 0.0% Packages/com.unity.inputsystem/InputSystem/Plugins/XR/Haptics/BufferedRumble.cs
 0.1 kb	 0.0% Packages/com.unity.inputsystem/InputSystem/Plugins/UI/VirtualMouseInput.cs
 0.1 kb	 0.0% Packages/com.unity.inputsystem/InputSystem/Plugins/UI/INavigationEventData.cs
 0.1 kb	 0.0% Packages/com.unity.inputsystem/InputSystem/Plugins/UI/BaseInputOverride.cs
 0.1 kb	 0.0% Packages/com.unity.inputsystem/InputSystem/Plugins/DualShock/DualShockSupport.cs
 0.1 kb	 0.0% Packages/com.unity.inputsystem/InputSystem/Plugins/DualShock/DualShockGamepad.cs
 0.1 kb	 0.0% Packages/com.unity.inputsystem/InputSystem/Controls/Processors/ScaleProcessor.cs
 0.1 kb	 0.0% Packages/com.unity.inputsystem/InputSystem/Controls/Processors/InvertProcessor.cs
 0.1 kb	 0.0% Packages/com.unity.inputsystem/InputSystem/Controls/Processors/ClampProcessor.cs
 0.1 kb	 0.0% Packages/com.unity.inputsystem/InputSystem/Actions/Interactions/TapInteraction.cs
 0.1 kb	 0.0% Packages/com.unity.inputsystem/InputSystem/Actions/Interactions/PressInteraction.cs
 0.1 kb	 0.0% Packages/com.unity.inputsystem/InputSystem/Actions/Interactions/HoldInteraction.cs
 0.1 kb	 0.0% Packages/com.unity.inputsystem/InputSystem/Actions/InputActionTrace.cs
 0.1 kb	 0.0% Packages/com.unity.inputsystem/InputSystem/Actions/Composites/Vector3Composite.cs
 0.1 kb	 0.0% Packages/com.unity.inputsystem/InputSystem/Actions/Composites/Vector2Composite.cs
 0.1 kb	 0.0% Packages/com.unity.inputsystem/InputSystem/Actions/Composites/AxisComposite.cs
 0.1 kb	 0.0% Packages/com.unity.collections/Unity.Collections/UnsafeBitArray.cs
 0.1 kb	 0.0% Packages/com.unity.collections/Unity.Collections/UTF8ArrayUnsafeUtility.cs
 0.1 kb	 0.0% Packages/com.unity.collections/Unity.Collections/StreamCompressionModel.cs
 0.1 kb	 0.0% Packages/com.unity.collections/Unity.Collections/NativeArrayExtensions.cs
 0.1 kb	 0.0% Packages/com.unity.collections/Unity.Collections/FixedStringInternalMethods.cs
 0.1 kb	 0.0% Packages/com.unity.collections/Unity.Collections/FixedStringFormatMethods.gen.cs
 0.1 kb	 0.0% Packages/com.unity.burst/Runtime/CompilerServices/SkipLocalsInitAttribute.cs
 0.1 kb	 0.0% Packages/com.unity.burst/Runtime/CompilerServices/IgnoreWarningAttribute.cs
 0.1 kb	 0.0% Packages/com.unity.ai.navigation/Runtime/NavMeshModifierVolume.cs
 0.1 kb	 0.0% Packages/com.unity.2d.spriteshape/Runtime/External/LibTessDotNet/PriorityHeap.cs
 0.1 kb	 0.0% Packages/com.unity.2d.animation/Runtime/SpriteLib/SpriteResolver.cs
 0.1 kb	 0.0% Packages/com.unity.2d.animation/Runtime/SpriteLib/SpriteLibrary.cs
 0.1 kb	 0.0% Packages/com.unity.2d.animation/Runtime/SkeletonAsset.cs
 0.1 kb	 0.0% Packages/com.unity.2d.animation/Runtime/MeshUtilities.cs
 0.1 kb	 0.0% Packages/com.unity.2d.animation/Runtime/BufferManager.cs
 0.1 kb	 0.0% Packages/com.unity.2d.animation/Runtime/BatchedDeformation/UpdateBoundsJob.cs
 0.1 kb	 0.0% Packages/com.unity.2d.animation/Runtime/BatchedDeformation/DeformationJobs.cs
 0.1 kb	 0.0% Packages/com.unity.2d.animation/IK/Runtime/Solver2DMenuAttribute.cs
 0.1 kb	 0.0% Packages/com.unity.visualscripting/Runtime/VisualScripting.State/Units/SetStateGraph.cs
 0.1 kb	 0.0% Packages/com.unity.visualscripting/Runtime/VisualScripting.State/Units/GetStateGraphs.cs
 0.1 kb	 0.0% Packages/com.unity.visualscripting/Runtime/VisualScripting.State/Units/GetStateGraph.cs
 0.1 kb	 0.0% Packages/com.unity.visualscripting/Runtime/VisualScripting.State/StateTransition.cs
 0.1 kb	 0.0% Packages/com.unity.visualscripting/Runtime/VisualScripting.State/StateGraphData.cs
 0.1 kb	 0.0% Packages/com.unity.visualscripting/Runtime/VisualScripting.State/StateGraphAsset.cs
 0.1 kb	 0.0% Packages/com.unity.visualscripting/Runtime/VisualScripting.State/StateEventHooks.cs
 0.1 kb	 0.0% Packages/com.unity.visualscripting/Runtime/VisualScripting.State/IStateTransition.cs
 0.1 kb	 0.0% Packages/com.unity.visualscripting/Runtime/VisualScripting.State/IStateDebugData.cs
 0.1 kb	 0.0% Packages/com.unity.visualscripting/Runtime/VisualScripting.State/Framework/Graph/HasStateGraph.cs
 0.1 kb	 0.0% Packages/com.unity.visualscripting/Runtime/VisualScripting.Flow/UnitPreservation.cs
 0.1 kb	 0.0% Packages/com.unity.visualscripting/Runtime/VisualScripting.Flow/ScriptMachine.cs
 0.1 kb	 0.0% Packages/com.unity.visualscripting/Runtime/VisualScripting.Flow/ScriptGraphAsset.cs
 0.1 kb	 0.0% Packages/com.unity.visualscripting/Runtime/VisualScripting.Flow/Ports/InvalidOutput.cs
 0.1 kb	 0.0% Packages/com.unity.visualscripting/Runtime/VisualScripting.Flow/Ports/IUnitValuePort.cs
 0.1 kb	 0.0% Packages/com.unity.visualscripting/Runtime/VisualScripting.Flow/Ports/IUnitOutputPort.cs
 0.1 kb	 0.0% Packages/com.unity.visualscripting/Runtime/VisualScripting.Flow/Ports/IUnitInvalidPort.cs
 0.1 kb	 0.0% Packages/com.unity.visualscripting/Runtime/VisualScripting.Flow/Ports/IUnitInputPort.cs
 0.1 kb	 0.0% Packages/com.unity.visualscripting/Runtime/VisualScripting.Flow/Ports/IUnitControlPort.cs
 0.1 kb	 0.0% Packages/com.unity.visualscripting/Runtime/VisualScripting.Flow/Ports/ControlOutput.cs
 0.1 kb	 0.0% Packages/com.unity.visualscripting/Runtime/VisualScripting.Flow/MultiInputUnit.cs
 0.1 kb	 0.0% Packages/com.unity.visualscripting/Runtime/VisualScripting.Flow/IUnitDebugData.cs
 0.1 kb	 0.0% Packages/com.unity.visualscripting/Runtime/VisualScripting.Flow/Framework/Variables/SaveVariables.cs
 0.1 kb	 0.0% Packages/com.unity.visualscripting/Runtime/VisualScripting.Flow/Framework/Variables/Obsolete/SetVariableUnit.cs
 0.1 kb	 0.0% Packages/com.unity.visualscripting/Runtime/VisualScripting.Flow/Framework/Variables/Obsolete/SetSceneVariable.cs
 0.1 kb	 0.0% Packages/com.unity.visualscripting/Runtime/VisualScripting.Flow/Framework/Variables/Obsolete/SetSavedVariable.cs
 0.1 kb	 0.0% Packages/com.unity.visualscripting/Runtime/VisualScripting.Flow/Framework/Variables/Obsolete/SetGraphVariable.cs
 0.1 kb	 0.0% Packages/com.unity.visualscripting/Runtime/VisualScripting.Flow/Framework/Variables/Obsolete/IVariableUnit.cs
 0.1 kb	 0.0% Packages/com.unity.visualscripting/Runtime/VisualScripting.Flow/Framework/Variables/Obsolete/GetVariableUnit.cs
 0.1 kb	 0.0% Packages/com.unity.visualscripting/Runtime/VisualScripting.Flow/Framework/Variables/Obsolete/GetSceneVariable.cs
 0.1 kb	 0.0% Packages/com.unity.visualscripting/Runtime/VisualScripting.Flow/Framework/Variables/Obsolete/GetSavedVariable.cs
 0.1 kb	 0.0% Packages/com.unity.visualscripting/Runtime/VisualScripting.Flow/Framework/Variables/Obsolete/GetGraphVariable.cs
 0.1 kb	 0.0% Packages/com.unity.visualscripting/Runtime/VisualScripting.Flow/Framework/Time/WaitWhileUnit.cs
 0.1 kb	 0.0% Packages/com.unity.visualscripting/Runtime/VisualScripting.Flow/Framework/Time/WaitUntilUnit.cs
 0.1 kb	 0.0% Packages/com.unity.visualscripting/Runtime/VisualScripting.Flow/Framework/Math/Vector4/Vector4Subtract.cs
 0.1 kb	 0.0% Packages/com.unity.visualscripting/Runtime/VisualScripting.Flow/Framework/Math/Vector4/Vector4PerSecond.cs
 0.1 kb	 0.0% Packages/com.unity.visualscripting/Runtime/VisualScripting.Flow/Framework/Math/Vector4/Vector4Normalize.cs
 0.1 kb	 0.0% Packages/com.unity.visualscripting/Runtime/VisualScripting.Flow/Framework/Math/Vector4/Vector4Multiply.cs
 0.1 kb	 0.0% Packages/com.unity.visualscripting/Runtime/VisualScripting.Flow/Framework/Math/Vector4/Vector4Modulo.cs
 0.1 kb	 0.0% Packages/com.unity.visualscripting/Runtime/VisualScripting.Flow/Framework/Math/Vector4/Vector4Minimum.cs
 0.1 kb	 0.0% Packages/com.unity.visualscripting/Runtime/VisualScripting.Flow/Framework/Math/Vector4/Vector4Maximum.cs
 0.1 kb	 0.0% Packages/com.unity.visualscripting/Runtime/VisualScripting.Flow/Framework/Math/Vector4/Vector4Divide.cs
 0.1 kb	 0.0% Packages/com.unity.visualscripting/Runtime/VisualScripting.Flow/Framework/Math/Vector4/Vector4Distance.cs
 0.1 kb	 0.0% Packages/com.unity.visualscripting/Runtime/VisualScripting.Flow/Framework/Math/Vector4/Vector4Average.cs
 0.1 kb	 0.0% Packages/com.unity.visualscripting/Runtime/VisualScripting.Flow/Framework/Math/Vector4/Vector4Absolute.cs
 0.1 kb	 0.0% Packages/com.unity.visualscripting/Runtime/VisualScripting.Flow/Framework/Math/Vector3/Vector3Subtract.cs
 0.1 kb	 0.0% Packages/com.unity.visualscripting/Runtime/VisualScripting.Flow/Framework/Math/Vector3/Vector3Project.cs
 0.1 kb	 0.0% Packages/com.unity.visualscripting/Runtime/VisualScripting.Flow/Framework/Math/Vector3/Vector3PerSecond.cs
 0.1 kb	 0.0% Packages/com.unity.visualscripting/Runtime/VisualScripting.Flow/Framework/Math/Vector3/Vector3Normalize.cs
 0.1 kb	 0.0% Packages/com.unity.visualscripting/Runtime/VisualScripting.Flow/Framework/Math/Vector3/Vector3Multiply.cs
 0.1 kb	 0.0% Packages/com.unity.visualscripting/Runtime/VisualScripting.Flow/Framework/Math/Vector3/Vector3Modulo.cs
 0.1 kb	 0.0% Packages/com.unity.visualscripting/Runtime/VisualScripting.Flow/Framework/Math/Vector3/Vector3Minimum.cs
 0.1 kb	 0.0% Packages/com.unity.visualscripting/Runtime/VisualScripting.Flow/Framework/Math/Vector3/Vector3Maximum.cs
 0.1 kb	 0.0% Packages/com.unity.visualscripting/Runtime/VisualScripting.Flow/Framework/Math/Vector3/Vector3Divide.cs
 0.1 kb	 0.0% Packages/com.unity.visualscripting/Runtime/VisualScripting.Flow/Framework/Math/Vector3/Vector3Distance.cs
 0.1 kb	 0.0% Packages/com.unity.visualscripting/Runtime/VisualScripting.Flow/Framework/Math/Vector3/Vector3Average.cs
 0.1 kb	 0.0% Packages/com.unity.visualscripting/Runtime/VisualScripting.Flow/Framework/Math/Vector3/Vector3Absolute.cs
 0.1 kb	 0.0% Packages/com.unity.visualscripting/Runtime/VisualScripting.Flow/Framework/Math/Vector2/Vector2Subtract.cs
 0.1 kb	 0.0% Packages/com.unity.visualscripting/Runtime/VisualScripting.Flow/Framework/Math/Vector2/Vector2Project.cs
 0.1 kb	 0.0% Packages/com.unity.visualscripting/Runtime/VisualScripting.Flow/Framework/Math/Vector2/Vector2PerSecond.cs
 0.1 kb	 0.0% Packages/com.unity.visualscripting/Runtime/VisualScripting.Flow/Framework/Math/Vector2/Vector2Normalize.cs
 0.1 kb	 0.0% Packages/com.unity.visualscripting/Runtime/VisualScripting.Flow/Framework/Math/Vector2/Vector2Multiply.cs
 0.1 kb	 0.0% Packages/com.unity.visualscripting/Runtime/VisualScripting.Flow/Framework/Math/Vector2/Vector2Modulo.cs
 0.1 kb	 0.0% Packages/com.unity.visualscripting/Runtime/VisualScripting.Flow/Framework/Math/Vector2/Vector2Minimum.cs
 0.1 kb	 0.0% Packages/com.unity.visualscripting/Runtime/VisualScripting.Flow/Framework/Math/Vector2/Vector2Maximum.cs
 0.1 kb	 0.0% Packages/com.unity.visualscripting/Runtime/VisualScripting.Flow/Framework/Math/Vector2/Vector2Divide.cs
 0.1 kb	 0.0% Packages/com.unity.visualscripting/Runtime/VisualScripting.Flow/Framework/Math/Vector2/Vector2Distance.cs
 0.1 kb	 0.0% Packages/com.unity.visualscripting/Runtime/VisualScripting.Flow/Framework/Math/Vector2/Vector2Average.cs
 0.1 kb	 0.0% Packages/com.unity.visualscripting/Runtime/VisualScripting.Flow/Framework/Math/Vector2/Vector2Absolute.cs
 0.1 kb	 0.0% Packages/com.unity.visualscripting/Runtime/VisualScripting.Flow/Framework/Math/Scalar/ScalarSubtract.cs
 0.1 kb	 0.0% Packages/com.unity.visualscripting/Runtime/VisualScripting.Flow/Framework/Math/Scalar/ScalarPerSecond.cs
 0.1 kb	 0.0% Packages/com.unity.visualscripting/Runtime/VisualScripting.Flow/Framework/Math/Scalar/ScalarNormalize.cs
 0.1 kb	 0.0% Packages/com.unity.visualscripting/Runtime/VisualScripting.Flow/Framework/Math/Scalar/ScalarMultiply.cs
 0.1 kb	 0.0% Packages/com.unity.visualscripting/Runtime/VisualScripting.Flow/Framework/Math/Scalar/ScalarMinimum.cs
 0.1 kb	 0.0% Packages/com.unity.visualscripting/Runtime/VisualScripting.Flow/Framework/Math/Scalar/ScalarMaximum.cs
 0.1 kb	 0.0% Packages/com.unity.visualscripting/Runtime/VisualScripting.Flow/Framework/Math/Scalar/ScalarAverage.cs
 0.1 kb	 0.0% Packages/com.unity.visualscripting/Runtime/VisualScripting.Flow/Framework/Math/Scalar/ScalarAbsolute.cs
 0.1 kb	 0.0% Packages/com.unity.visualscripting/Runtime/VisualScripting.Flow/Framework/Math/Generic/GenericSubtract.cs
 0.1 kb	 0.0% Packages/com.unity.visualscripting/Runtime/VisualScripting.Flow/Framework/Math/Generic/GenericMultiply.cs
 0.1 kb	 0.0% Packages/com.unity.visualscripting/Runtime/VisualScripting.Flow/Framework/Math/Generic/GenericModulo.cs
 0.1 kb	 0.0% Packages/com.unity.visualscripting/Runtime/VisualScripting.Flow/Framework/Math/Generic/GenericDivide.cs
 0.1 kb	 0.0% Packages/com.unity.visualscripting/Runtime/VisualScripting.Flow/Framework/Logic/GreaterOrEqual.cs
 0.1 kb	 0.0% Packages/com.unity.visualscripting/Runtime/VisualScripting.Flow/Framework/Graph/SetScriptGraph.cs
 0.1 kb	 0.0% Packages/com.unity.visualscripting/Runtime/VisualScripting.Flow/Framework/Graph/HasScriptGraph.cs
 0.1 kb	 0.0% Packages/com.unity.visualscripting/Runtime/VisualScripting.Flow/Framework/Graph/GetScriptGraphs.cs
 0.1 kb	 0.0% Packages/com.unity.visualscripting/Runtime/VisualScripting.Flow/Framework/Graph/GetScriptGraph.cs
 0.1 kb	 0.0% Packages/com.unity.visualscripting/Runtime/VisualScripting.Flow/Framework/Events/Time/OnTimerElapsed.cs
 0.1 kb	 0.0% Packages/com.unity.visualscripting/Runtime/VisualScripting.Flow/Framework/Events/Rendering/OnBecameVisible.cs
 0.1 kb	 0.0% Packages/com.unity.visualscripting/Runtime/VisualScripting.Flow/Framework/Events/Physics2D/OnTriggerStay2D.cs
 0.1 kb	 0.0% Packages/com.unity.visualscripting/Runtime/VisualScripting.Flow/Framework/Events/Physics2D/OnTriggerExit2D.cs
 0.1 kb	 0.0% Packages/com.unity.visualscripting/Runtime/VisualScripting.Flow/Framework/Events/Physics2D/OnTriggerEnter2D.cs
 0.1 kb	 0.0% Packages/com.unity.visualscripting/Runtime/VisualScripting.Flow/Framework/Events/Physics2D/OnJointBreak2D.cs
 0.1 kb	 0.0% Packages/com.unity.visualscripting/Runtime/VisualScripting.Flow/Framework/Events/Physics/TriggerEventUnit.cs
 0.1 kb	 0.0% Packages/com.unity.visualscripting/Runtime/VisualScripting.Flow/Framework/Events/Physics/OnTriggerStay.cs
 0.1 kb	 0.0% Packages/com.unity.visualscripting/Runtime/VisualScripting.Flow/Framework/Events/Physics/OnTriggerExit.cs
 0.1 kb	 0.0% Packages/com.unity.visualscripting/Runtime/VisualScripting.Flow/Framework/Events/Physics/OnTriggerEnter.cs
 0.1 kb	 0.0% Packages/com.unity.visualscripting/Runtime/VisualScripting.Flow/Framework/Events/Physics/OnCollisionStay.cs
 0.1 kb	 0.0% Packages/com.unity.visualscripting/Runtime/VisualScripting.Flow/Framework/Events/Physics/OnCollisionExit.cs
 0.1 kb	 0.0% Packages/com.unity.visualscripting/Runtime/VisualScripting.Flow/Framework/Events/Physics/OnCollisionEnter.cs
 0.1 kb	 0.0% Packages/com.unity.visualscripting/Runtime/VisualScripting.Flow/Framework/Events/Input/OnKeyboardInput.cs
 0.1 kb	 0.0% Packages/com.unity.visualscripting/Runtime/VisualScripting.Flow/Framework/Events/Input/OnButtonInput.cs
 0.1 kb	 0.0% Packages/com.unity.visualscripting/Runtime/VisualScripting.Flow/Framework/Events/Input/IMouseEventUnit.cs
 0.1 kb	 0.0% Packages/com.unity.visualscripting/Runtime/VisualScripting.Flow/Framework/Events/GUI/PointerEventUnit.cs
 0.1 kb	 0.0% Packages/com.unity.visualscripting/Runtime/VisualScripting.Flow/Framework/Events/GUI/OnPointerExit.cs
 0.1 kb	 0.0% Packages/com.unity.visualscripting/Runtime/VisualScripting.Flow/Framework/Events/GUI/OnPointerEnter.cs
 0.1 kb	 0.0% Packages/com.unity.visualscripting/Runtime/VisualScripting.Flow/Framework/Events/GUI/OnPointerDown.cs
 0.1 kb	 0.0% Packages/com.unity.visualscripting/Runtime/VisualScripting.Flow/Framework/Events/GUI/OnPointerClick.cs
 0.1 kb	 0.0% Packages/com.unity.visualscripting/Runtime/VisualScripting.Flow/Framework/Events/GUI/OnButtonClick.cs
 0.1 kb	 0.0% Packages/com.unity.visualscripting/Runtime/VisualScripting.Flow/Framework/Events/CustomEventArgs.cs
 0.1 kb	 0.0% Packages/com.unity.visualscripting/Runtime/VisualScripting.Flow/Framework/Events/BoltUnityEvent.cs
 0.1 kb	 0.0% Packages/com.unity.visualscripting/Runtime/VisualScripting.Flow/Framework/Events/Animation/OnAnimatorMove.cs
 0.1 kb	 0.0% Packages/com.unity.visualscripting/Runtime/VisualScripting.Flow/Framework/Control/SwitchOnString.cs
 0.1 kb	 0.0% Packages/com.unity.visualscripting/Runtime/VisualScripting.Flow/Framework/Control/SwitchOnInteger.cs
 0.1 kb	 0.0% Packages/com.unity.visualscripting/Runtime/VisualScripting.Flow/Framework/Control/SelectOnString.cs
 0.1 kb	 0.0% Packages/com.unity.visualscripting/Runtime/VisualScripting.Flow/Framework/Control/SelectOnInteger.cs
 0.1 kb	 0.0% Packages/com.unity.visualscripting/Runtime/VisualScripting.Flow/Framework/Collections/Lists/RemoveListItemAt.cs
 0.1 kb	 0.0% Packages/com.unity.visualscripting/Runtime/VisualScripting.Flow/Framework/Collections/Lists/RemoveListItem.cs
 0.1 kb	 0.0% Packages/com.unity.visualscripting/Runtime/VisualScripting.Flow/Framework/Collections/Lists/ListContainsItem.cs
 0.1 kb	 0.0% Packages/com.unity.visualscripting/Runtime/VisualScripting.Flow/Framework/Collections/Lists/InsertListItem.cs
 0.1 kb	 0.0% Packages/com.unity.visualscripting/Runtime/VisualScripting.Flow/Framework/Collections/Dictionaries/CreateDictionary.cs
 0.1 kb	 0.0% Packages/com.unity.visualscripting/Runtime/VisualScripting.Flow/Framework/Collections/Dictionaries/ClearDictionary.cs
 0.1 kb	 0.0% Packages/com.unity.visualscripting/Runtime/VisualScripting.Flow/FlowGraphData.cs
 0.1 kb	 0.0% Packages/com.unity.visualscripting/Runtime/VisualScripting.Flow/EditorBinding/PortKeyAttribute.cs
 0.1 kb	 0.0% Packages/com.unity.visualscripting/Runtime/VisualScripting.Flow/Connections/ValueConnection.cs
 0.1 kb	 0.0% Packages/com.unity.visualscripting/Runtime/VisualScripting.Flow/Connections/IUnitRelation.cs
 0.1 kb	 0.0% Packages/com.unity.visualscripting/Runtime/VisualScripting.Flow/Connections/IUnitConnection.cs
 0.1 kb	 0.0% Packages/com.unity.visualscripting/Runtime/VisualScripting.Core/Variables/VariablesSaver.cs
 0.1 kb	 0.0% Packages/com.unity.visualscripting/Runtime/VisualScripting.Core/Variables/VariablesAsset.cs
 0.1 kb	 0.0% Packages/com.unity.visualscripting/Runtime/VisualScripting.Core/Variables/SceneVariables.cs
 0.1 kb	 0.0% Packages/com.unity.visualscripting/Runtime/VisualScripting.Core/Variables/SavedVariables.cs
 0.1 kb	 0.0% Packages/com.unity.visualscripting/Runtime/VisualScripting.Core/Variables/ObjectVariables.cs
 0.1 kb	 0.0% Packages/com.unity.visualscripting/Runtime/VisualScripting.Core/Utilities/StringUtility.cs
 0.1 kb	 0.0% Packages/com.unity.visualscripting/Runtime/VisualScripting.Core/Utilities/IInitializable.cs
 0.1 kb	 0.0% Packages/com.unity.visualscripting/Runtime/VisualScripting.Core/Utilities/IIdentifiable.cs
 0.1 kb	 0.0% Packages/com.unity.visualscripting/Runtime/VisualScripting.Core/Utilities/ExceptionUtility.cs
 0.1 kb	 0.0% Packages/com.unity.visualscripting/Runtime/VisualScripting.Core/Utilities/CoroutineRunner.cs
 0.1 kb	 0.0% Packages/com.unity.visualscripting/Runtime/VisualScripting.Core/Unity/LudiqBehaviour.cs
 0.1 kb	 0.0% Packages/com.unity.visualscripting/Runtime/VisualScripting.Core/Serialization/Serialization.cs
 0.1 kb	 0.0% Packages/com.unity.visualscripting/Runtime/VisualScripting.Core/Serialization/SerializableType.cs
 0.1 kb	 0.0% Packages/com.unity.visualscripting/Runtime/VisualScripting.Core/Serialization/DictionaryAsset.cs
 0.1 kb	 0.0% Packages/com.unity.visualscripting/Runtime/VisualScripting.Core/Serialization/Converters/Ray2DConverter.cs
 0.1 kb	 0.0% Packages/com.unity.visualscripting/Runtime/VisualScripting.Core/Reflection/RuntimeCodebase.cs
 0.1 kb	 0.0% Packages/com.unity.visualscripting/Runtime/VisualScripting.Core/Reflection/Operators/OperatorUtility.cs
 0.1 kb	 0.0% Packages/com.unity.visualscripting/Runtime/VisualScripting.Core/Reflection/Operators/OperatorHandler.cs
 0.1 kb	 0.0% Packages/com.unity.visualscripting/Runtime/VisualScripting.Core/Reflection/Operators/ModuloHandler.cs
 0.1 kb	 0.0% Packages/com.unity.visualscripting/Runtime/VisualScripting.Core/Reflection/Operators/LessThanHandler.cs
 0.1 kb	 0.0% Packages/com.unity.visualscripting/Runtime/VisualScripting.Core/Reflection/Operators/LeftShiftHandler.cs
 0.1 kb	 0.0% Packages/com.unity.visualscripting/Runtime/VisualScripting.Core/Reflection/Operators/IncrementHandler.cs
 0.1 kb	 0.0% Packages/com.unity.visualscripting/Runtime/VisualScripting.Core/Reflection/Operators/EqualityHandler.cs
 0.1 kb	 0.0% Packages/com.unity.visualscripting/Runtime/VisualScripting.Core/Reflection/Operators/DivisionHandler.cs
 0.1 kb	 0.0% Packages/com.unity.visualscripting/Runtime/VisualScripting.Core/Reflection/Operators/DecrementHandler.cs
 0.1 kb	 0.0% Packages/com.unity.visualscripting/Runtime/VisualScripting.Core/Reflection/Operators/AdditionHandler.cs
 0.1 kb	 0.0% Packages/com.unity.visualscripting/Runtime/VisualScripting.Core/Reflection/MemberUtility.cs
 0.1 kb	 0.0% Packages/com.unity.visualscripting/Runtime/VisualScripting.Core/Reflection/AttributeUtility.cs
 0.1 kb	 0.0% Packages/com.unity.visualscripting/Runtime/VisualScripting.Core/Profiling/ProfilingUtility.cs
 0.1 kb	 0.0% Packages/com.unity.visualscripting/Runtime/VisualScripting.Core/Profiling/ProfilingScope.cs
 0.1 kb	 0.0% Packages/com.unity.visualscripting/Runtime/VisualScripting.Core/Profiling/ProfiledSegment.cs
 0.1 kb	 0.0% Packages/com.unity.visualscripting/Runtime/VisualScripting.Core/Platforms/PlatformUtility.cs
 0.1 kb	 0.0% Packages/com.unity.visualscripting/Runtime/VisualScripting.Core/Platforms/IAotStubbable.cs
 0.1 kb	 0.0% Packages/com.unity.visualscripting/Runtime/VisualScripting.Core/Listeners/MessageListener.cs
 0.1 kb	 0.0% Packages/com.unity.visualscripting/Runtime/VisualScripting.Core/Graphs/IGraphElement.cs
 0.1 kb	 0.0% Packages/com.unity.visualscripting/Runtime/VisualScripting.Core/Graphs/IGraphDebugData.cs
 0.1 kb	 0.0% Packages/com.unity.visualscripting/Runtime/VisualScripting.Core/Graphs/GraphReference.cs
 0.1 kb	 0.0% Packages/com.unity.visualscripting/Runtime/VisualScripting.Core/Graphs/GraphInstances.cs
 0.1 kb	 0.0% Packages/com.unity.visualscripting/Runtime/VisualScripting.Core/Graphs/GraphDebugData.cs
 0.1 kb	 0.0% Packages/com.unity.visualscripting/Runtime/VisualScripting.Core/Events/IEventMachine.cs
 0.1 kb	 0.0% Packages/com.unity.visualscripting/Runtime/VisualScripting.Core/Events/EmptyEventArgs.cs
 0.1 kb	 0.0% Packages/com.unity.visualscripting/Runtime/VisualScripting.Core/Ensure/EnsureThat.Strings.cs
 0.1 kb	 0.0% Packages/com.unity.visualscripting/Runtime/VisualScripting.Core/Ensure/EnsureThat.Objects.cs
 0.1 kb	 0.0% Packages/com.unity.visualscripting/Runtime/VisualScripting.Core/Ensure/EnsureThat.Booleans.cs
 0.1 kb	 0.0% Packages/com.unity.visualscripting/Runtime/VisualScripting.Core/EditorBinding/TypeSetAttribute.cs
 0.1 kb	 0.0% Packages/com.unity.visualscripting/Runtime/VisualScripting.Core/Decorators/ValueAttribute.cs
 0.1 kb	 0.0% Packages/com.unity.visualscripting/Runtime/VisualScripting.Core/Collections/AotDictionary.cs
 0.1 kb	 0.0% Packages/com.unity.visualscripting/Runtime/VisualScripting.Core/Cloning/ISpecifiesCloner.cs
 0.1 kb	 0.0% Packages/com.unity.visualscripting/Runtime/VisualScripting.Core/Cloning/CloningContext.cs
 0.1 kb	 0.0% Packages/com.unity.visualscripting/Runtime/VisualScripting.Core/Cloning/Cloners/ReflectedCloner.cs
 0.1 kb	 0.0% Packages/com.unity.visualscripting/Runtime/VisualScripting.Core/Cloning/Cloners/GradientCloner.cs
 0.1 kb	 0.0% Packages/com.unity.visualscripting/Runtime/VisualScripting.Core/Cloning/Cloners/EnumerableCloner.cs
 0.1 kb	 0.0% Packages/com.unity.visualscripting/Runtime/VisualScripting.Core/Cloning/Cloners/DictionaryCloner.cs
 0.1 kb	 0.0% Packages/com.unity.ugui/Runtime/TMP/TMP_ScrollbarEventHandler.cs
 0.1 kb	 0.0% Packages/com.unity.ugui/Runtime/TMP/TMP_PackageResourceImporter.cs
 0.1 kb	 0.0% Packages/com.unity.ugui/Runtime/InternalBridge/ObjectUtilsBridge.cs
 0.1 kb	 0.0% Packages/com.unity.timeline/Runtime/Utilities/TimelineCreateUtilities.cs
 0.1 kb	 0.0% Packages/com.unity.timeline/Runtime/Utilities/TimelineClipExtensions.cs
 0.1 kb	 0.0% Packages/com.unity.timeline/Runtime/Utilities/NotificationUtilities.cs
 0.1 kb	 0.0% Packages/com.unity.timeline/Runtime/Playables/PrefabControlPlayable.cs
 0.1 kb	 0.0% Packages/com.unity.timeline/Runtime/Playables/ParticleControlPlayable.cs
 0.1 kb	 0.0% Packages/com.unity.timeline/Runtime/Playables/DirectorControlPlayable.cs
 0.1 kb	 0.0% Packages/com.unity.timeline/Runtime/Events/Signals/CustomSignalEventDrawer.cs
 0.1 kb	 0.0% Packages/com.unity.timeline/Runtime/Attributes/TimelineHelpURLAttribute.cs
 0.1 kb	 0.0% Packages/com.unity.timeline/Runtime/Animation/AnimationPlayableAsset.cs
 0.1 kb	 0.0% Packages/com.unity.timeline/Runtime/Activation/ActivationPlayableAsset.cs
 0.1 kb	 0.0% Packages/com.unity.timeline/Runtime/Activation/ActivationMixerPlayable.cs
 0.1 kb	 0.0% Packages/com.unity.services.core/Runtime/Core.Internal/Components/Telemetry/IMetrics.cs
 0.1 kb	 0.0% Packages/com.unity.services.analytics/Runtime/Runtime/Persistence.cs
 0.1 kb	 0.0% Packages/com.unity.services.analytics/Runtime/Runtime/Dispatcher.cs
 0.1 kb	 0.0% Packages/com.unity.services.analytics/Runtime/Runtime/DiskCache.cs
 0.1 kb	 0.0% Packages/com.unity.render-pipelines.core/Runtime/Vrs/VrsShaders.cs
 0.1 kb	 0.0% Packages/com.unity.render-pipelines.core/Runtime/Vrs/VrsResources.cs
 0.1 kb	 0.0% Packages/com.unity.render-pipelines.core/Runtime/Volume/VolumeStack.cs
 0.1 kb	 0.0% Packages/com.unity.render-pipelines.core/Runtime/Utilities/TextureCurve.cs
 0.1 kb	 0.0% Packages/com.unity.render-pipelines.core/Runtime/Utilities/MeshGizmo.cs
 0.1 kb	 0.0% Packages/com.unity.render-pipelines.core/Runtime/Utilities/HashFNV1A32.cs
 0.1 kb	 0.0% Packages/com.unity.render-pipelines.core/Runtime/Utilities/HableCurve.cs
 0.1 kb	 0.0% Packages/com.unity.render-pipelines.core/Runtime/Utilities/GPUPrefixSum/GPUPrefixSum.cs
 0.1 kb	 0.0% Packages/com.unity.render-pipelines.core/Runtime/Utilities/CoreUtils.cs
 0.1 kb	 0.0% Packages/com.unity.render-pipelines.core/Runtime/Utilities/ColorUtils.cs
 0.1 kb	 0.0% Packages/com.unity.render-pipelines.core/Runtime/Textures/TextureXR.cs
 0.1 kb	 0.0% Packages/com.unity.render-pipelines.core/Runtime/Textures/RTHandles.cs
 0.1 kb	 0.0% Packages/com.unity.render-pipelines.core/Runtime/Stripping/IStripper.cs
 0.1 kb	 0.0% Packages/com.unity.render-pipelines.core/Runtime/ShaderLibrary/Sampling/Hammersley.cs
 0.1 kb	 0.0% Packages/com.unity.render-pipelines.core/Runtime/Lighting/ProbeVolume/ProbeVolume.cs
 0.1 kb	 0.0% Packages/com.unity.render-pipelines.core/Runtime/GPUDriven/Utilities/FrustumPlanes.cs
 0.1 kb	 0.0% Packages/com.unity.render-pipelines.core/Runtime/Debugging/DebugUpdater.cs
 0.1 kb	 0.0% Packages/com.unity.render-pipelines.core/Runtime/Debugging/DebugUI.Panel.cs
 0.1 kb	 0.0% Packages/com.unity.render-pipelines.core/Runtime/Debugging/DebugShapes.cs
 0.1 kb	 0.0% Packages/com.unity.render-pipelines.core/Runtime/Debugging/DebugOverlay.cs
 0.1 kb	 0.0% Packages/com.unity.render-pipelines.core/Runtime/Debugging/DebugManager.cs
 0.1 kb	 0.0% Packages/com.unity.render-pipelines.core/Runtime/Camera/FreeCamera.cs
 0.1 kb	 0.0% Packages/com.unity.purchasing/Runtime/Purchasing/Utilites/ILoggerExtensions.cs
 0.1 kb	 0.0% Packages/com.unity.inputsystem/InputSystem/State/InputStateBlock.cs
 0.1 kb	 0.0% Packages/com.unity.inputsystem/InputSystem/Plugins/iOS/iOSPostProcessBuild.cs
 0.1 kb	 0.0% Packages/com.unity.inputsystem/InputSystem/Plugins/XInput/XInputSupport.cs
 0.1 kb	 0.0% Packages/com.unity.inputsystem/InputSystem/Plugins/XInput/XInputController.cs
 0.1 kb	 0.0% Packages/com.unity.inputsystem/InputSystem/Plugins/XInput/IXboxOneRumble.cs
 0.1 kb	 0.0% Packages/com.unity.inputsystem/InputSystem/Plugins/WebGL/WebGLJoystick.cs
 0.1 kb	 0.0% Packages/com.unity.inputsystem/InputSystem/Plugins/UnityRemote/UnityRemoteSupport.cs
 0.1 kb	 0.0% Packages/com.unity.inputsystem/InputSystem/Plugins/Switch/SwitchSupportHID.cs
 0.1 kb	 0.0% Packages/com.unity.inputsystem/InputSystem/Plugins/PlayerInput/PlayerInputManager.cs
 0.1 kb	 0.0% Packages/com.unity.inputsystem/InputSystem/Plugins/PlayerInput/DefaultInputActions.cs
 0.1 kb	 0.0% Packages/com.unity.inputsystem/InputSystem/Plugins/OnScreen/OnScreenSupport.cs
 0.1 kb	 0.0% Packages/com.unity.inputsystem/InputSystem/Plugins/OnScreen/OnScreenStick.cs
 0.1 kb	 0.0% Packages/com.unity.inputsystem/InputSystem/Plugins/OnScreen/OnScreenControl.cs
 0.1 kb	 0.0% Packages/com.unity.inputsystem/InputSystem/Plugins/OnScreen/OnScreenButton.cs
 0.1 kb	 0.0% Packages/com.unity.inputsystem/InputSystem/Plugins/Linux/SDLDeviceBuilder.cs
 0.1 kb	 0.0% Packages/com.unity.inputsystem/InputSystem/Plugins/EnhancedTouch/TouchHistory.cs
 0.1 kb	 0.0% Packages/com.unity.inputsystem/InputSystem/Plugins/Android/AndroidSupport.cs
 0.1 kb	 0.0% Packages/com.unity.inputsystem/InputSystem/InputSystemObject.cs
 0.1 kb	 0.0% Packages/com.unity.inputsystem/InputSystem/InputManagerStateMonitors.cs
 0.1 kb	 0.0% Packages/com.unity.inputsystem/InputSystem/InputFeatureNames.cs
 0.1 kb	 0.0% Packages/com.unity.inputsystem/InputSystem/IInputRuntime.cs
 0.1 kb	 0.0% Packages/com.unity.inputsystem/InputSystem/IInputDiagnostics.cs
 0.1 kb	 0.0% Packages/com.unity.inputsystem/InputSystem/Events/InputEventTrace.cs
 0.1 kb	 0.0% Packages/com.unity.inputsystem/InputSystem/Events/InputEventStream.cs
 0.1 kb	 0.0% Packages/com.unity.inputsystem/InputSystem/Events/InputEventPtr.cs
 0.1 kb	 0.0% Packages/com.unity.inputsystem/InputSystem/Events/InputEventBuffer.cs
 0.1 kb	 0.0% Packages/com.unity.inputsystem/InputSystem/Events/DeviceResetEvent.cs
 0.1 kb	 0.0% Packages/com.unity.inputsystem/InputSystem/Events/DeltaStateEvent.cs
 0.1 kb	 0.0% Packages/com.unity.inputsystem/InputSystem/Editor/UITKAssetEditor/Views/PropertiesView.cs
 0.1 kb	 0.0% Packages/com.unity.inputsystem/InputSystem/Editor/UITKAssetEditor/Views/DropManipulator.cs
 0.1 kb	 0.0% Packages/com.unity.inputsystem/InputSystem/Editor/UITKAssetEditor/Views/CopyPasteHelper.cs
 0.1 kb	 0.0% Packages/com.unity.inputsystem/InputSystem/Editor/UITKAssetEditor/Views/ActionsTreeView.cs
 0.1 kb	 0.0% Packages/com.unity.inputsystem/InputSystem/Editor/UITKAssetEditor/Views/ActionMapsView.cs
 0.1 kb	 0.0% Packages/com.unity.inputsystem/InputSystem/Editor/UITKAssetEditor/StateContainer.cs
 0.1 kb	 0.0% Packages/com.unity.inputsystem/InputSystem/Editor/UITKAssetEditor/ExpressionUtils.cs
 0.1 kb	 0.0% Packages/com.unity.inputsystem/InputSystem/Editor/Internal/TreeViewHelpers.cs
 0.1 kb	 0.0% Packages/com.unity.inputsystem/InputSystem/Editor/Internal/InputStateWindow.cs
 0.1 kb	 0.0% Packages/com.unity.inputsystem/InputSystem/Editor/Internal/EditorHelpers.cs
 0.1 kb	 0.0% Packages/com.unity.inputsystem/InputSystem/Editor/Internal/AdvancedDropdown/AdvancedDropdown.cs
 0.1 kb	 0.0% Packages/com.unity.inputsystem/InputSystem/Editor/InputDiagnostics.cs
 0.1 kb	 0.0% Packages/com.unity.inputsystem/InputSystem/Devices/Haptics/IDualMotorRumble.cs
 0.1 kb	 0.0% Packages/com.unity.inputsystem/InputSystem/Devices/Haptics/DualMotorRumble.cs
 0.1 kb	 0.0% Packages/com.unity.inputsystem/InputSystem/Controls/Vector3Control.cs
 0.1 kb	 0.0% Packages/com.unity.inputsystem/InputSystem/Controls/Vector2Control.cs
 0.1 kb	 0.0% Packages/com.unity.inputsystem/InputSystem/Controls/IntegerControl.cs
 0.1 kb	 0.0% Packages/com.unity.inputsystem/InputSystem/Controls/DoubleControl.cs
 0.1 kb	 0.0% Packages/com.unity.inputsystem/InputSystem/Controls/ButtonControl.cs
 0.1 kb	 0.0% Packages/com.unity.inputsystem/InputSystem/Controls/AnyKeyControl.cs
 0.1 kb	 0.0% Packages/com.unity.inputsystem/InputSystem/Actions/InputControlScheme.cs
 0.1 kb	 0.0% Packages/com.unity.inputsystem/InputSystem/Actions/InputBindingResolver.cs
 0.1 kb	 0.0% Packages/com.unity.inputsystem/InputSystem/Actions/InputActionReference.cs
 0.1 kb	 0.0% Packages/com.unity.inputsystem/InputSystem/Actions/InputActionProperty.cs
 0.1 kb	 0.0% Packages/com.unity.inputsystem/InputSystem/Actions/IInputInteraction.cs
 0.1 kb	 0.0% Packages/com.unity.collections/Unity.Collections/UnsafeList.cs
 0.1 kb	 0.0% Packages/com.unity.collections/Unity.Collections/FixedStringParseMethods.cs
 0.1 kb	 0.0% Packages/com.unity.collections/Unity.Collections/FixedStringAppendMethods.cs
 0.1 kb	 0.0% Packages/com.unity.2d.spriteshape/Runtime/SpriteShapeGenerator.cs
 0.1 kb	 0.0% Assets/LSL/LSL4Unity/Runtime/Scripts/StreamInfo.cs
 0.1 kb	 0.0% Packages/com.unity.visualscripting/Runtime/VisualScripting.Core/Ensure/EnsureThat.Types.cs
 0.1 kb	 0.0% Packages/com.unity.visualscripting/Runtime/VisualScripting.Core/Ensure/EnsureThat.Guids.cs
 0.1 kb	 0.0% Packages/com.unity.visualscripting/Runtime/VisualScripting.Core/Dependencies/FullSerializer/fsResult.cs
 0.1 kb	 0.0% Packages/com.unity.visualscripting/Runtime/VisualScripting.Core/Dependencies/FullSerializer/fsData.cs
 0.1 kb	 0.0% Packages/com.unity.visualscripting/Runtime/VisualScripting.Core/Dependencies/FullSerializer/fsConfig.cs
 0.1 kb	 0.0% Packages/com.unity.ugui/Runtime/UGUI/UI/Core/Utility/ReflectionMethodsCache.cs
 0.1 kb	 0.0% Packages/com.unity.ugui/Runtime/UGUI/UI/Core/MultipleDisplayUtilities.cs
 0.1 kb	 0.0% Packages/com.unity.ugui/Runtime/UGUI/UI/Core/Layout/HorizontalLayoutGroup.cs
 0.1 kb	 0.0% Packages/com.unity.ugui/Runtime/UGUI/UI/Core/IGraphicEnabledDisabled.cs
 0.1 kb	 0.0% Packages/com.unity.ugui/Runtime/UGUI/UI/Core/GraphicRebuildTracker.cs
 0.1 kb	 0.0% Packages/com.unity.ugui/Runtime/UGUI/UI/Core/Culling/RectangularVertexClipper.cs
 0.1 kb	 0.0% Packages/com.unity.ugui/Runtime/UGUI/EventSystem/UIElements/PanelEventHandler.cs
 0.1 kb	 0.0% Packages/com.unity.ugui/Runtime/UGUI/EventSystem/Raycasters/Physics2DRaycaster.cs
 0.1 kb	 0.0% Packages/com.unity.ugui/Runtime/UGUI/EventSystem/InputModules/PointerInputModule.cs
 0.1 kb	 0.0% Packages/com.unity.timeline/Runtime/TimelinePlayable_Animation.cs
 0.1 kb	 0.0% Packages/com.unity.timeline/Runtime/TimelineAttributes.cs
 0.1 kb	 0.0% Packages/com.unity.timeline/Runtime/Playables/BasicScriptPlayable.cs
 0.1 kb	 0.0% Packages/com.unity.services.core/Runtime/Core/UnityServicesBuilder.cs
 0.1 kb	 0.0% Packages/com.unity.services.core/Runtime/Core.Internal/Telemetry/CoreMetrics.cs
 0.1 kb	 0.0% Packages/com.unity.services.core/Runtime/Core.Internal/Registry/CoreRegistry.cs
 0.1 kb	 0.0% Packages/com.unity.services.core/Runtime/Core.Internal/Logging/CoreLogger.cs
 0.1 kb	 0.0% Packages/com.unity.services.core/Runtime/Core.Internal/Components/Wire/ChannelToken.cs
 0.1 kb	 0.0% Packages/com.unity.services.core/Runtime/Core.Internal/Components/Qos/IQosResults.cs
 0.1 kb	 0.0% Packages/com.unity.services.analytics/Runtime/StdGenerator.cs
 0.1 kb	 0.0% Packages/com.unity.services.analytics/Runtime/Runtime/Ua2CoreInitializeCallback.cs
 0.1 kb	 0.0% Packages/com.unity.services.analytics/Runtime/Events/Transaction/TransactionEvent.cs
 0.1 kb	 0.0% Packages/com.unity.services.analytics/Runtime/ConsentManager.cs
 0.1 kb	 0.0% Packages/com.unity.services.analytics/Runtime/AnalyticsService.cs
 0.1 kb	 0.0% Packages/com.unity.render-pipelines.core/ShaderLibrary/DummyShaderLibrary.cs
 0.1 kb	 0.0% Packages/com.unity.render-pipelines.core/Runtime/Utilities/GPUSort/GPUSort.Data.cs
 0.1 kb	 0.0% Packages/com.unity.render-pipelines.core/Runtime/Utilities/BitArray.cs
 0.1 kb	 0.0% Packages/com.unity.render-pipelines.core/Runtime/UnifiedRayTracing/Compute/RadeonRays/StringIDs.cs
 0.1 kb	 0.0% Packages/com.unity.render-pipelines.core/Runtime/UnifiedRayTracing/Compute/RadeonRays/Common.cs
 0.1 kb	 0.0% Packages/com.unity.render-pipelines.core/Runtime/UnifiedRayTracing/Compute/RadeonRays/BvhCheck.cs
 0.1 kb	 0.0% Packages/com.unity.render-pipelines.core/Runtime/PathTracing/UVMesh.cs
 0.1 kb	 0.0% Packages/com.unity.render-pipelines.core/Runtime/PathTracing/MaterialPool/MaterialPool.cs
 0.1 kb	 0.0% Packages/com.unity.render-pipelines.core/Runtime/Inputs/InputRegistering.cs
 0.1 kb	 0.0% Packages/com.unity.purchasing/Runtime/WinRTStub/Factory.cs
 0.1 kb	 0.0% Packages/com.unity.purchasing/Runtime/Stores/WindowsStore/WindowsStore.cs
 0.1 kb	 0.0% Packages/com.unity.purchasing/Runtime/Stores/WindowsStore/WinRTStore.cs
 0.1 kb	 0.0% Packages/com.unity.purchasing/Runtime/Stores/Networking/QueryHelper.cs
 0.1 kb	 0.0% Packages/com.unity.purchasing/Runtime/Stores/FakeStore/UIFakeStore.cs
 0.1 kb	 0.0% Packages/com.unity.purchasing/Runtime/Stores/FakeStore/FakeStore.cs
 0.1 kb	 0.0% Packages/com.unity.purchasing/Runtime/Stores/BaseStore/JSONStore.cs
 0.1 kb	 0.0% Packages/com.unity.purchasing/Runtime/Stores/AppleAppStore/MacAppStore.cs
 0.1 kb	 0.0% Packages/com.unity.purchasing/Runtime/Stores/Android/UDP/UDPBindings.cs
 0.1 kb	 0.0% Packages/com.unity.purchasing/Runtime/Stores/Android/JavaBridge.cs
 0.1 kb	 0.0% Packages/com.unity.purchasing/Runtime/Stores/Android/GooglePlay/GooglePlay.cs
 0.1 kb	 0.0% Packages/com.unity.purchasing/Runtime/Stores/Android/AmazonAppStore/AmazonApps.cs
 0.1 kb	 0.0% Packages/com.unity.purchasing/Runtime/Purchasing/UnityPurchasing.cs
 0.1 kb	 0.0% Packages/com.unity.purchasing/Runtime/Purchasing/UnifiedReceipt.cs
 0.1 kb	 0.0% Packages/com.unity.purchasing/Runtime/Purchasing/TransactionLog.cs
 0.1 kb	 0.0% Packages/com.unity.purchasing/Runtime/Purchasing/ProductMetadata.cs
 0.1 kb	 0.0% Packages/com.unity.purchasing/Runtime/Purchasing/PayoutDefinition.cs
 0.1 kb	 0.0% Packages/com.unity.purchasing/Runtime/Purchasing/IStoreListener.cs
 0.1 kb	 0.0% Packages/com.unity.purchasing/Runtime/Purchasing/IStoreController.cs
 0.1 kb	 0.0% Packages/com.unity.purchasing/Runtime/Purchasing/Extension/IStoreExtension.cs
 0.1 kb	 0.0% Packages/com.unity.purchasing/Runtime/Purchasing/Analytics/Models/GoogleReceipt.cs
 0.1 kb	 0.0% Packages/com.unity.purchasing/Runtime/Purchasing/Analytics/Interfaces/IAnalyticsClient.cs
 0.1 kb	 0.0% Packages/com.unity.purchasing/Runtime/Purchasing/Analytics/AnalyticsClient.cs
 0.1 kb	 0.0% Packages/com.unity.purchasing/Runtime/Codeless/IAPListener.cs
 0.1 kb	 0.0% Packages/com.unity.purchasing/Runtime/Codeless/IAPButton.cs
 0.1 kb	 0.0% Packages/com.unity.inputsystem/InputSystem/Utilities/TypeTable.cs
 0.1 kb	 0.0% Packages/com.unity.inputsystem/InputSystem/Utilities/TypeHelpers.cs
 0.1 kb	 0.0% Packages/com.unity.inputsystem/InputSystem/Utilities/Substring.cs
 0.1 kb	 0.0% Packages/com.unity.inputsystem/InputSystem/Utilities/SavedState.cs
 0.1 kb	 0.0% Packages/com.unity.inputsystem/InputSystem/Utilities/Observables/Observable.cs
 0.1 kb	 0.0% Packages/com.unity.inputsystem/InputSystem/Utilities/NamedValue.cs
 0.1 kb	 0.0% Packages/com.unity.inputsystem/InputSystem/Utilities/MiscHelpers.cs
 0.1 kb	 0.0% Packages/com.unity.inputsystem/InputSystem/Utilities/JsonParser.cs
 0.1 kb	 0.0% Packages/com.unity.inputsystem/InputSystem/Utilities/ArrayHelpers.cs
 0.1 kb	 0.0% Packages/com.unity.inputsystem/InputSystem/Plugins/iOS/InputSettingsiOS.cs
 0.1 kb	 0.0% Packages/com.unity.inputsystem/InputSystem/Plugins/XR/XRLayoutBuilder.cs
 0.1 kb	 0.0% Packages/com.unity.inputsystem/InputSystem/Plugins/UI/NavigationModel.cs
 0.1 kb	 0.0% Packages/com.unity.inputsystem/InputSystem/InputUpdateType.cs
 0.1 kb	 0.0% Packages/com.unity.collections/Unity.Collections/UnsafeText.cs
 0.1 kb	 0.0% Packages/com.unity.collections/Unity.Collections/UnsafeStream.cs
 0.1 kb	 0.0% Packages/com.unity.collections/Unity.Collections/RewindableAllocator.cs
 0.1 kb	 0.0% Packages/com.unity.collections/Unity.Collections/FixedStringMethods.cs
 0.1 kb	 0.0% Packages/com.unity.collections/Unity.Collections/AutoFreeAllocator.cs
 0.1 kb	 0.0% Packages/com.unity.burst/Runtime/CompilerServices/AssumeRangeAttribute.cs
 0.1 kb	 0.0% Packages/com.unity.2d.spriteshape/Runtime/External/LibTessDotNet/Sweep.cs
 0.1 kb	 0.0% Packages/com.unity.2d.animation/Runtime/UpdateOrder.cs
 0.1 kb	 0.0% Packages/com.unity.2d.animation/Runtime/SpriteSkin.cs
 0.1 kb	 0.0% Packages/com.unity.2d.animation/Runtime/IconUtility.cs
 0.1 kb	 0.0% Packages/com.unity.2d.animation/IK/Runtime/Culling/BaseCullingStrategy.cs
 0.1 kb	 0.0% Assets/TextMesh Pro/Examples & Extras/Scripts/TextMeshProFloatingText.cs
 0.1 kb	 0.0% Assets/TextMesh Pro/Examples & Extras/Scripts/TMPro_InstructionOverlay.cs
 0.1 kb	 0.0% Assets/TextMesh Pro/Examples & Extras/Scripts/TMP_UiFrameRateCounter.cs
 0.1 kb	 0.0% Assets/TextMesh Pro/Examples & Extras/Scripts/TMP_TextInfoDebugTool.cs
 0.1 kb	 0.0% Packages/com.unity.visualscripting/Runtime/VisualScripting.State/SuperState.cs
 0.1 kb	 0.0% Packages/com.unity.visualscripting/Runtime/VisualScripting.State/StateUnit.cs
 0.1 kb	 0.0% Packages/com.unity.visualscripting/Runtime/VisualScripting.State/StateMachine.cs
 0.1 kb	 0.0% Packages/com.unity.visualscripting/Runtime/VisualScripting.State/StateGraph.cs
 0.1 kb	 0.0% Packages/com.unity.visualscripting/Runtime/VisualScripting.State/OnExitState.cs
 0.1 kb	 0.0% Packages/com.unity.visualscripting/Runtime/VisualScripting.State/OnEnterState.cs
 0.1 kb	 0.0% Packages/com.unity.visualscripting/Runtime/VisualScripting.State/INesterState.cs
 0.1 kb	 0.0% Packages/com.unity.visualscripting/Runtime/VisualScripting.State/FlowState.cs
 0.1 kb	 0.0% Packages/com.unity.visualscripting/Runtime/VisualScripting.Flow/UnitCategory.cs
 0.1 kb	 0.0% Packages/com.unity.visualscripting/Runtime/VisualScripting.Flow/SubgraphUnit.cs
 0.1 kb	 0.0% Packages/com.unity.visualscripting/Runtime/VisualScripting.Flow/Ports/ValueOutput.cs
 0.1 kb	 0.0% Packages/com.unity.visualscripting/Runtime/VisualScripting.Flow/Ports/ValueInput.cs
 0.1 kb	 0.0% Packages/com.unity.visualscripting/Runtime/VisualScripting.Flow/Ports/InvalidInput.cs
 0.1 kb	 0.0% Packages/com.unity.visualscripting/Runtime/VisualScripting.Flow/Ports/IUnitPort.cs
 0.1 kb	 0.0% Packages/com.unity.visualscripting/Runtime/VisualScripting.Flow/Ports/ControlInput.cs
 0.1 kb	 0.0% Packages/com.unity.visualscripting/Runtime/VisualScripting.Flow/INesterUnit.cs
 0.1 kb	 0.0% Packages/com.unity.visualscripting/Runtime/VisualScripting.Flow/Framework/Variables/SetVariable.cs
 0.1 kb	 0.0% Packages/com.unity.visualscripting/Runtime/VisualScripting.Flow/Framework/Variables/Obsolete/VariableUnit.cs
 0.1 kb	 0.0% Packages/com.unity.visualscripting/Runtime/VisualScripting.Flow/Framework/Variables/GetVariable.cs
 0.1 kb	 0.0% Packages/com.unity.visualscripting/Runtime/VisualScripting.Flow/Framework/Time/WaitForFlow.cs
 0.1 kb	 0.0% Packages/com.unity.visualscripting/Runtime/VisualScripting.Flow/Framework/Nulls/NullCoalesce.cs
 0.1 kb	 0.0% Packages/com.unity.visualscripting/Runtime/VisualScripting.Flow/Framework/Nulls/NullCheck.cs
 0.1 kb	 0.0% Packages/com.unity.visualscripting/Runtime/VisualScripting.Flow/Framework/Nesting/GraphOutput.cs
 0.1 kb	 0.0% Packages/com.unity.visualscripting/Runtime/VisualScripting.Flow/Framework/Nesting/GraphInput.cs
 0.1 kb	 0.0% Packages/com.unity.visualscripting/Runtime/VisualScripting.Flow/Framework/MissingType.cs
 0.1 kb	 0.0% Packages/com.unity.visualscripting/Runtime/VisualScripting.Flow/Framework/Math/Vector4/Vector4Sum.cs
 0.1 kb	 0.0% Packages/com.unity.visualscripting/Runtime/VisualScripting.Flow/Framework/Math/Vector4/Vector4Round.cs
 0.1 kb	 0.0% Packages/com.unity.visualscripting/Runtime/VisualScripting.Flow/Framework/Math/Vector4/Vector4Lerp.cs
 0.1 kb	 0.0% Packages/com.unity.visualscripting/Runtime/VisualScripting.Flow/Framework/Math/Vector3/Vector3Sum.cs
 0.1 kb	 0.0% Packages/com.unity.visualscripting/Runtime/VisualScripting.Flow/Framework/Math/Vector3/Vector3Round.cs
 0.1 kb	 0.0% Packages/com.unity.visualscripting/Runtime/VisualScripting.Flow/Framework/Math/Vector3/Vector3Lerp.cs
 0.1 kb	 0.0% Packages/com.unity.visualscripting/Runtime/VisualScripting.Flow/Framework/Math/Vector3/Vector3Angle.cs
 0.1 kb	 0.0% Packages/com.unity.visualscripting/Runtime/VisualScripting.Flow/Framework/Math/Vector2/Vector2Sum.cs
 0.1 kb	 0.0% Packages/com.unity.visualscripting/Runtime/VisualScripting.Flow/Framework/Math/Vector2/Vector2Round.cs
 0.1 kb	 0.0% Packages/com.unity.visualscripting/Runtime/VisualScripting.Flow/Framework/Math/Vector2/Vector2Lerp.cs
 0.1 kb	 0.0% Packages/com.unity.visualscripting/Runtime/VisualScripting.Flow/Framework/Math/Vector2/Vector2Angle.cs
 0.1 kb	 0.0% Packages/com.unity.visualscripting/Runtime/VisualScripting.Flow/Framework/Math/Scalar/ScalarSum.cs
 0.1 kb	 0.0% Packages/com.unity.visualscripting/Runtime/VisualScripting.Flow/Framework/Math/Scalar/ScalarRound.cs
 0.1 kb	 0.0% Packages/com.unity.visualscripting/Runtime/VisualScripting.Flow/Framework/Math/Scalar/ScalarRoot.cs
 0.1 kb	 0.0% Packages/com.unity.visualscripting/Runtime/VisualScripting.Flow/Framework/Math/Scalar/ScalarModulo.cs
 0.1 kb	 0.0% Packages/com.unity.visualscripting/Runtime/VisualScripting.Flow/Framework/Math/Scalar/ScalarLerp.cs
 0.1 kb	 0.0% Packages/com.unity.visualscripting/Runtime/VisualScripting.Flow/Framework/Math/Scalar/ScalarDivide.cs
 0.1 kb	 0.0% Packages/com.unity.visualscripting/Runtime/VisualScripting.Flow/Framework/Math/Generic/GenericSum.cs
 0.1 kb	 0.0% Packages/com.unity.visualscripting/Runtime/VisualScripting.Flow/Framework/Logic/LessOrEqual.cs
 0.1 kb	 0.0% Packages/com.unity.visualscripting/Runtime/VisualScripting.Flow/Framework/Logic/ExclusiveOr.cs
 0.1 kb	 0.0% Packages/com.unity.visualscripting/Runtime/VisualScripting.Flow/Framework/Logic/Comparison.cs
 0.1 kb	 0.0% Packages/com.unity.visualscripting/Runtime/VisualScripting.Flow/Framework/Events/Physics/OnJointBreak.cs
 0.1 kb	 0.0% Packages/com.unity.visualscripting/Runtime/VisualScripting.Flow/Framework/Events/Lifecycle/OnDisable.cs
 0.1 kb	 0.0% Packages/com.unity.visualscripting/Runtime/VisualScripting.Flow/Framework/Events/Lifecycle/OnDestroy.cs
 0.1 kb	 0.0% Packages/com.unity.visualscripting/Runtime/VisualScripting.Flow/Framework/Events/Lifecycle/LateUpdate.cs
 0.1 kb	 0.0% Packages/com.unity.visualscripting/Runtime/VisualScripting.Flow/Framework/Events/Lifecycle/FixedUpdate.cs
 0.1 kb	 0.0% Packages/com.unity.visualscripting/Runtime/VisualScripting.Flow/Framework/Events/Input/OnMouseUp.cs
 0.1 kb	 0.0% Packages/com.unity.visualscripting/Runtime/VisualScripting.Flow/Framework/Events/Input/OnMouseOver.cs
 0.1 kb	 0.0% Packages/com.unity.visualscripting/Runtime/VisualScripting.Flow/Framework/Events/Input/OnMouseInput.cs
 0.1 kb	 0.0% Packages/com.unity.visualscripting/Runtime/VisualScripting.Flow/Framework/Events/Input/OnMouseExit.cs
 0.1 kb	 0.0% Packages/com.unity.visualscripting/Runtime/VisualScripting.Flow/Framework/Events/Input/OnMouseEnter.cs
 0.1 kb	 0.0% Packages/com.unity.visualscripting/Runtime/VisualScripting.Flow/Framework/Events/Input/OnMouseDrag.cs
 0.1 kb	 0.0% Packages/com.unity.visualscripting/Runtime/VisualScripting.Flow/Framework/Events/Input/OnMouseDown.cs
 0.1 kb	 0.0% Packages/com.unity.visualscripting/Runtime/VisualScripting.Flow/Framework/Events/IEventUnit.cs
 0.1 kb	 0.0% Packages/com.unity.visualscripting/Runtime/VisualScripting.Flow/Framework/Events/GUI/OnPointerUp.cs
 0.1 kb	 0.0% Packages/com.unity.visualscripting/Runtime/VisualScripting.Flow/Framework/Events/GUI/OnEndDrag.cs
 0.1 kb	 0.0% Packages/com.unity.visualscripting/Runtime/VisualScripting.Flow/Framework/Events/GUI/OnDeselect.cs
 0.1 kb	 0.0% Packages/com.unity.visualscripting/Runtime/VisualScripting.Flow/Framework/Events/GUI/OnBeginDrag.cs
 0.1 kb	 0.0% Packages/com.unity.visualscripting/Runtime/VisualScripting.Flow/Framework/Events/Editor/OnDrawGizmos.cs
 0.1 kb	 0.0% Packages/com.unity.visualscripting/Runtime/VisualScripting.Flow/Framework/Events/CustomEvent.cs
 0.1 kb	 0.0% Packages/com.unity.visualscripting/Runtime/VisualScripting.Flow/Framework/Events/Animation/OnAnimatorIK.cs
 0.1 kb	 0.0% Packages/com.unity.visualscripting/Runtime/VisualScripting.Flow/Framework/Control/ToggleValue.cs
 0.1 kb	 0.0% Packages/com.unity.visualscripting/Runtime/VisualScripting.Flow/Framework/Control/ToggleFlow.cs
 0.1 kb	 0.0% Packages/com.unity.visualscripting/Runtime/VisualScripting.Flow/Framework/Control/SwitchOnEnum.cs
 0.1 kb	 0.0% Packages/com.unity.visualscripting/Runtime/VisualScripting.Flow/Framework/Control/SelectUnit_T.cs
 0.1 kb	 0.0% Packages/com.unity.visualscripting/Runtime/VisualScripting.Flow/Framework/Control/SelectUnit.cs
 0.1 kb	 0.0% Packages/com.unity.visualscripting/Runtime/VisualScripting.Flow/Framework/Control/SelectOnFlow.cs
 0.1 kb	 0.0% Packages/com.unity.visualscripting/Runtime/VisualScripting.Flow/Framework/Control/SelectOnEnum.cs
 0.1 kb	 0.0% Packages/com.unity.visualscripting/Runtime/VisualScripting.Flow/Framework/Control/ISelectUnit.cs
 0.1 kb	 0.0% Packages/com.unity.visualscripting/Runtime/VisualScripting.Flow/Framework/Control/IBranchUnit.cs
 0.1 kb	 0.0% Packages/com.unity.visualscripting/Runtime/VisualScripting.Flow/Framework/Collections/Lists/SetListItem.cs
 0.1 kb	 0.0% Packages/com.unity.visualscripting/Runtime/VisualScripting.Flow/Framework/Collections/Lists/MergeLists.cs
 0.1 kb	 0.0% Packages/com.unity.visualscripting/Runtime/VisualScripting.Flow/Framework/Collections/Lists/GetListItem.cs
 0.1 kb	 0.0% Packages/com.unity.visualscripting/Runtime/VisualScripting.Flow/Framework/Collections/Lists/CreateList.cs
 0.1 kb	 0.0% Packages/com.unity.visualscripting/Runtime/VisualScripting.Flow/Framework/Collections/Lists/ClearList.cs
 0.1 kb	 0.0% Packages/com.unity.visualscripting/Runtime/VisualScripting.Flow/Framework/Collections/Lists/AddListItem.cs
 0.1 kb	 0.0% Packages/com.unity.visualscripting/Runtime/VisualScripting.Flow/Framework/Collections/FirstItem.cs
 0.1 kb	 0.0% Packages/com.unity.visualscripting/Runtime/VisualScripting.Flow/Framework/Collections/CountItems.cs
 0.1 kb	 0.0% Packages/com.unity.visualscripting/Runtime/VisualScripting.Flow/Framework/Codebase/SetMember.cs
 0.1 kb	 0.0% Packages/com.unity.visualscripting/Runtime/VisualScripting.Flow/Framework/Codebase/MemberUnit.cs
 0.1 kb	 0.0% Packages/com.unity.visualscripting/Runtime/VisualScripting.Flow/Framework/Codebase/InvokeMember.cs
 0.1 kb	 0.0% Packages/com.unity.visualscripting/Runtime/VisualScripting.Flow/Framework/Codebase/GetMember.cs
 0.1 kb	 0.0% Packages/com.unity.visualscripting/Runtime/VisualScripting.Flow/Framework/Codebase/CreateStruct.cs
 0.1 kb	 0.0% Packages/com.unity.visualscripting/Runtime/VisualScripting.Flow/FlowGraph.cs
 0.1 kb	 0.0% Packages/com.unity.visualscripting/Runtime/VisualScripting.Flow/Connections/UnitRelation.cs
 0.1 kb	 0.0% Packages/com.unity.visualscripting/Runtime/VisualScripting.Core/Variables/Variables.cs
 0.1 kb	 0.0% Packages/com.unity.visualscripting/Runtime/VisualScripting.Core/Utilities/Recursion.cs
 0.1 kb	 0.0% Packages/com.unity.visualscripting/Runtime/VisualScripting.Core/Utilities/LinqUtility.cs
 0.1 kb	 0.0% Packages/com.unity.visualscripting/Runtime/VisualScripting.Core/Utilities/IGettable.cs
 0.1 kb	 0.0% Packages/com.unity.visualscripting/Runtime/VisualScripting.Core/Utilities/HashUtility.cs
 0.1 kb	 0.0% Packages/com.unity.visualscripting/Runtime/VisualScripting.Core/Utilities/EnumUtility.cs
 0.1 kb	 0.0% Packages/com.unity.visualscripting/Runtime/VisualScripting.Core/Unity/UnityThread.cs
 0.1 kb	 0.0% Packages/com.unity.visualscripting/Runtime/VisualScripting.Core/Unity/ISingleton.cs
 0.1 kb	 0.0% Packages/com.unity.visualscripting/Runtime/VisualScripting.Core/Unity/IGizmoDrawer.cs
 0.1 kb	 0.0% Packages/com.unity.visualscripting/Runtime/VisualScripting.Core/StickyNote/StickyNote.cs
 0.1 kb	 0.0% Packages/com.unity.visualscripting/Runtime/VisualScripting.Core/Serialization/Converters/RayConverter.cs
 0.1 kb	 0.0% Packages/com.unity.visualscripting/Runtime/VisualScripting.Core/Reflection/TypeUtility.cs
 0.1 kb	 0.0% Packages/com.unity.visualscripting/Runtime/VisualScripting.Core/Reflection/TypeFilter.cs
 0.1 kb	 0.0% Packages/com.unity.visualscripting/Runtime/VisualScripting.Core/Reflection/Optimization/InvokerBase.cs
 0.1 kb	 0.0% Packages/com.unity.visualscripting/Runtime/VisualScripting.Core/Reflection/Operators/PlusHandler.cs
 0.1 kb	 0.0% Packages/com.unity.visualscripting/Runtime/VisualScripting.Core/Reflection/Operators/OrHandler.cs
 0.1 kb	 0.0% Packages/com.unity.visualscripting/Runtime/VisualScripting.Core/Reflection/Operators/AndHandler.cs
 0.1 kb	 0.0% Packages/com.unity.visualscripting/Runtime/VisualScripting.Core/Reflection/Namespace.cs
 0.1 kb	 0.0% Packages/com.unity.visualscripting/Runtime/VisualScripting.Core/Reflection/MemberFilter.cs
 0.1 kb	 0.0% Packages/com.unity.visualscripting/Runtime/VisualScripting.Core/Reflection/IPrewarmable.cs
 0.1 kb	 0.0% Packages/com.unity.visualscripting/Runtime/VisualScripting.Core/Pooling/IPoolable.cs
 0.1 kb	 0.0% Packages/com.unity.visualscripting/Runtime/VisualScripting.Core/Groups/GraphGroup.cs
 0.1 kb	 0.0% Packages/com.unity.visualscripting/Runtime/VisualScripting.Core/Graphs/IGraphRoot.cs
 0.1 kb	 0.0% Packages/com.unity.visualscripting/Runtime/VisualScripting.Core/Graphs/IGraphParent.cs
 0.1 kb	 0.0% Packages/com.unity.visualscripting/Runtime/VisualScripting.Core/Graphs/IGraphNester.cs
 0.1 kb	 0.0% Packages/com.unity.visualscripting/Runtime/VisualScripting.Core/Graphs/IGraphNest.cs
 0.1 kb	 0.0% Packages/com.unity.visualscripting/Runtime/VisualScripting.Core/Graphs/IGraphItem.cs
 0.1 kb	 0.0% Packages/com.unity.visualscripting/Runtime/VisualScripting.Core/Graphs/IGraphData.cs
 0.1 kb	 0.0% Packages/com.unity.visualscripting/Runtime/VisualScripting.Core/Graphs/GraphStack.cs
 0.1 kb	 0.0% Packages/com.unity.visualscripting/Runtime/VisualScripting.Core/Graphs/GraphPointer.cs
 0.1 kb	 0.0% Packages/com.unity.visualscripting/Runtime/VisualScripting.Core/Exceptions/DebugUtility.cs
 0.1 kb	 0.0% Packages/com.unity.visualscripting/Runtime/VisualScripting.Core/Events/IEventGraph.cs
 0.1 kb	 0.0% Packages/com.unity.visualscripting/Runtime/VisualScripting.Core/Events/EventHooks.cs
 0.1 kb	 0.0% Packages/com.unity.visualscripting/Runtime/VisualScripting.Core/Events/EventHook.cs
 0.1 kb	 0.0% Packages/com.unity.visualscripting/Runtime/VisualScripting.Core/Ensure/Extensions/XComparable.cs
 0.1 kb	 0.0% Packages/com.unity.visualscripting/Runtime/VisualScripting.Core/Ensure/EnsureThat.cs
 0.1 kb	 0.0% Packages/com.unity.visualscripting/Runtime/VisualScripting.Core/Cloning/Cloners/ListCloner.cs
 0.1 kb	 0.0% Packages/com.unity.visualscripting/Runtime/VisualScripting.Core/Cloning/Cloners/FieldsCloner.cs
 0.1 kb	 0.0% Packages/com.unity.visualscripting/Runtime/VisualScripting.Core/Cloning/Cloners/ArrayCloner.cs
 0.1 kb	 0.0% Packages/com.unity.ugui/Runtime/UGUI/UI/Animation/CoroutineTween.cs
 0.1 kb	 0.0% Packages/com.unity.ugui/Runtime/UGUI/EventSystem/EventInterfaces.cs
 0.1 kb	 0.0% Packages/com.unity.ugui/Runtime/TMP/TMPro_ExtensionMethods.cs
 0.1 kb	 0.0% Packages/com.unity.ugui/Runtime/TMP/TMP_TextParsingUtilities.cs
 0.1 kb	 0.0% Packages/com.unity.ugui/Runtime/TMP/TMP_TextElement_Legacy.cs
 0.1 kb	 0.0% Packages/com.unity.ugui/Runtime/TMP/TMP_FontAssetUtilities.cs
 0.1 kb	 0.0% Packages/com.unity.ugui/Runtime/TMP/MaterialReferenceManager.cs
 0.1 kb	 0.0% Packages/com.unity.ugui/Runtime/TMP/FontFeatureCommonGSUB.cs
 0.1 kb	 0.0% Packages/com.unity.timeline/Runtime/Utilities/IPropertyCollector.cs
 0.1 kb	 0.0% Packages/com.unity.timeline/Runtime/Utilities/AnimatorBindingCache.cs
 0.1 kb	 0.0% Packages/com.unity.timeline/Runtime/Playables/TimeControlPlayable.cs
 0.1 kb	 0.0% Packages/com.unity.timeline/Runtime/Extensions/SelectionExtensions.cs
 0.1 kb	 0.0% Packages/com.unity.timeline/Runtime/Evaluation/ScheduleRuntimeClip.cs
 0.1 kb	 0.0% Packages/com.unity.timeline/Runtime/Evaluation/InfiniteRuntimeClip.cs
 0.1 kb	 0.0% Packages/com.unity.timeline/Runtime/Control/ControlPlayableAsset.cs
 0.1 kb	 0.0% Packages/com.unity.timeline/Runtime/Audio/AudioPlayableAsset.cs
 0.1 kb	 0.0% Packages/com.unity.timeline/Runtime/Audio/AudioMixerProperties.cs
 0.1 kb	 0.0% Packages/com.unity.timeline/Runtime/Audio/AudioClipProperties.cs
 0.1 kb	 0.0% Packages/com.unity.timeline/Runtime/Attributes/TrackColorAttribute.cs
 0.1 kb	 0.0% Packages/com.unity.services.core/Runtime/Core.Internal/Components/Vivox/IVivox.cs
 0.1 kb	 0.0% Packages/com.unity.services.analytics/Runtime/Runtime/BufferX.cs
 0.1 kb	 0.0% Packages/com.unity.services.analytics/Runtime/Runtime/Buffer.cs
 0.1 kb	 0.0% Packages/com.unity.services.analytics/Runtime/Platform/Locale.cs
 0.1 kb	 0.0% Packages/com.unity.render-pipelines.universal/Runtime/2D/Sources/Provider2DInfo.cs
 0.1 kb	 0.0% Packages/com.unity.render-pipelines.universal/Runtime/2D/Shadows/Shadow Provider Utility/VertexDictionary.cs
 0.1 kb	 0.0% Packages/com.unity.render-pipelines.core/Runtime/Vrs/VrsLut.cs
 0.1 kb	 0.0% Packages/com.unity.render-pipelines.core/Runtime/Volume/Volume.cs
 0.1 kb	 0.0% Packages/com.unity.render-pipelines.core/Runtime/Utilities/GPUSort/GPUSort.cs
 0.1 kb	 0.0% Packages/com.unity.render-pipelines.core/Runtime/Utilities/FSRUtils.cs
 0.1 kb	 0.0% Packages/com.unity.render-pipelines.core/Runtime/Utilities/Blitter.cs
 0.1 kb	 0.0% Packages/com.unity.render-pipelines.core/Runtime/Textures/RTHandle.cs
 0.1 kb	 0.0% Packages/com.unity.render-pipelines.core/Runtime/PathTracing/PathTracingUtil.cs
 0.1 kb	 0.0% Packages/com.unity.render-pipelines.core/Runtime/Debugging/DebugUI.cs
 0.1 kb	 0.0% Packages/com.unity.inputsystem/InputSystem/Utilities/DynamicBitfield.cs
 0.1 kb	 0.0% Packages/com.unity.inputsystem/InputSystem/State/InputState.cs
 0.1 kb	 0.0% Packages/com.unity.inputsystem/InputSystem/Plugins/WebGL/WebGLSupport.cs
 0.1 kb	 0.0% Packages/com.unity.inputsystem/InputSystem/Plugins/WebGL/WebGLGamepad.cs
 0.1 kb	 0.0% Packages/com.unity.inputsystem/InputSystem/Plugins/Users/InputUser.cs
 0.1 kb	 0.0% Packages/com.unity.inputsystem/InputSystem/Plugins/Linux/LinuxSupport.cs
 0.1 kb	 0.0% Packages/com.unity.inputsystem/InputSystem/Plugins/EnhancedTouch/Touch.cs
 0.1 kb	 0.0% Packages/com.unity.inputsystem/InputSystem/Plugins/EnhancedTouch/Finger.cs
 0.1 kb	 0.0% Packages/com.unity.inputsystem/InputSystem/InputSettings.cs
 0.1 kb	 0.0% Packages/com.unity.inputsystem/InputSystem/InputMetrics.cs
 0.1 kb	 0.0% Packages/com.unity.inputsystem/InputSystem/InputExtensions.cs
 0.1 kb	 0.0% Packages/com.unity.inputsystem/InputSystem/InputAnalytics.cs
 0.1 kb	 0.0% Packages/com.unity.inputsystem/InputSystem/Events/TextEvent.cs
 0.1 kb	 0.0% Packages/com.unity.inputsystem/InputSystem/Events/StateEvent.cs
 0.1 kb	 0.0% Packages/com.unity.inputsystem/InputSystem/Events/InputEvent.cs
 0.1 kb	 0.0% Packages/com.unity.inputsystem/InputSystem/Events/ActionEvent.cs
 0.1 kb	 0.0% Packages/com.unity.inputsystem/InputSystem/Editor/UITKAssetEditor/Views/Selectors.cs
 0.1 kb	 0.0% Packages/com.unity.inputsystem/InputSystem/Editor/UITKAssetEditor/Views/ContextMenu.cs
 0.1 kb	 0.0% Packages/com.unity.inputsystem/InputSystem/Editor/Internal/GUIHelpers.cs
 0.1 kb	 0.0% Packages/com.unity.inputsystem/InputSystem/Devices/TrackedDevice.cs
 0.1 kb	 0.0% Packages/com.unity.inputsystem/InputSystem/Devices/Remote/InputRemoting.cs
 0.1 kb	 0.0% Packages/com.unity.inputsystem/InputSystem/Devices/Precompiled/FastTouchscreen.cs
 0.1 kb	 0.0% Packages/com.unity.inputsystem/InputSystem/Devices/Precompiled/FastMouse.partial.cs
 0.1 kb	 0.0% Packages/com.unity.inputsystem/InputSystem/Devices/IEventMerger.cs
 0.1 kb	 0.0% Packages/com.unity.inputsystem/InputSystem/Controls/TouchControl.cs
 0.1 kb	 0.0% Packages/com.unity.inputsystem/InputSystem/Controls/StickControl.cs
 0.1 kb	 0.0% Packages/com.unity.inputsystem/InputSystem/Controls/KeyControl.cs
 0.1 kb	 0.0% Packages/com.unity.inputsystem/InputSystem/Controls/InputProcessor.cs
 0.1 kb	 0.0% Packages/com.unity.inputsystem/InputSystem/Controls/InputControlPath.cs
 0.1 kb	 0.0% Packages/com.unity.inputsystem/InputSystem/Controls/DpadControl.cs
 0.1 kb	 0.0% Packages/com.unity.inputsystem/InputSystem/Controls/DeltaControl.cs
 0.1 kb	 0.0% Packages/com.unity.inputsystem/InputSystem/Controls/AxisControl.cs
 0.1 kb	 0.0% Packages/com.unity.inputsystem/InputSystem/Actions/InputActionState.cs
 0.1 kb	 0.0% Packages/com.unity.inputsystem/InputSystem/Actions/InputActionMap.cs
 0.1 kb	 0.0% Packages/com.unity.inputsystem/InputSystem/Actions/InputActionAsset.cs
 0.1 kb	 0.0% Packages/com.unity.collections/Unity.Collections/UnsafeQueue.cs
 0.1 kb	 0.0% Packages/com.unity.collections/Unity.Collections/NativeHashMap.cs
 0.1 kb	 0.0% Packages/com.unity.collections/Unity.Collections/FixedStringFormat.gen.cs
 0.1 kb	 0.0% Packages/com.unity.collections/Unity.Collections/FixedString.gen.cs
 0.1 kb	 0.0% Packages/com.unity.analytics/DataPrivacy/DataPrivacy.cs
 0.1 kb	 0.0% Packages/com.unity.2d.tilemap.extras/Runtime/Tiles/RuleOverrideTile/RuleOverrideTile.cs
 0.1 kb	 0.0% Packages/com.unity.2d.tilemap.extras/Runtime/Tiles/IsometricRuleTile/IsometricRuleTile.cs
 0.1 kb	 0.0% Packages/com.unity.2d.tilemap.extras/Runtime/Tiles/HexagonalRuleTile/HexagonalRuleTile.cs
 0.1 kb	 0.0% Packages/com.unity.2d.tilemap.extras/Runtime/GridInformation/GridInformation.cs
 0.1 kb	 0.0% Packages/com.unity.2d.spriteshape/Runtime/SpriteShapeGeometryCache.cs
 0.1 kb	 0.0% Packages/com.unity.2d.spriteshape/Runtime/SplineUtility.cs
 0.1 kb	 0.0% Packages/com.unity.2d.spriteshape/Runtime/External/LibTessDotNet/Tess.cs
 0.1 kb	 0.0% Packages/com.unity.2d.spriteshape/Runtime/External/LibTessDotNet/Mesh.cs
 0.1 kb	 0.0% Packages/com.unity.2d.spriteshape/Runtime/External/LibTessDotNet/Geom.cs
 0.1 kb	 0.0% Packages/com.unity.2d.spriteshape/Runtime/BezierUtility.cs
 0.1 kb	 0.0% Packages/com.unity.2d.common/Runtime/UTess2D/Tessellator.cs
 0.1 kb	 0.0% Packages/com.unity.2d.common/Runtime/UTess2D/PlanarGraph.cs
 0.1 kb	 0.0% Packages/com.unity.visualscripting/DocCodeExamples/VariableExamples.cs
 0.1 kb	 0.0% Packages/com.unity.visualscripting/DocCodeExamples/EventBusExamples.cs
 0.1 kb	 0.0% Packages/com.unity.ugui/Runtime/UGUI/UI/Core/SetPropertyUtility.cs
 0.1 kb	 0.0% Packages/com.unity.ugui/Runtime/UGUI/UI/Core/MaterialModifiers/IMaterialModifier.cs
 0.1 kb	 0.0% Packages/com.unity.ugui/Runtime/UGUI/UI/Core/Layout/VerticalLayoutGroup.cs
 0.1 kb	 0.0% Packages/com.unity.ugui/Runtime/UGUI/UI/Core/Layout/ContentSizeFitter.cs
 0.1 kb	 0.0% Packages/com.unity.ugui/Runtime/UGUI/UI/Core/Layout/AspectRatioFitter.cs
 0.1 kb	 0.0% Packages/com.unity.ugui/Runtime/UGUI/UI/Core/FontUpdateTracker.cs
 0.1 kb	 0.0% Packages/com.unity.ugui/Runtime/UGUI/UI/Core/CanvasUpdateRegistry.cs
 0.1 kb	 0.0% Packages/com.unity.ugui/Runtime/UGUI/UI/Core/AnimationTriggers.cs
 0.1 kb	 0.0% Packages/com.unity.ugui/Runtime/UGUI/EventSystem/UIElements/PanelRaycaster.cs
 0.1 kb	 0.0% Packages/com.unity.ugui/Runtime/UGUI/EventSystem/Raycasters/PhysicsRaycaster.cs
 0.1 kb	 0.0% Packages/com.unity.ugui/Runtime/UGUI/EventSystem/Raycasters/BaseRaycaster.cs
 0.1 kb	 0.0% Packages/com.unity.ugui/Runtime/UGUI/EventSystem/RaycasterManager.cs
 0.1 kb	 0.0% Packages/com.unity.ugui/Runtime/UGUI/EventSystem/RaycastResult.cs
 0.1 kb	 0.0% Packages/com.unity.ugui/Runtime/UGUI/EventSystem/InputModules/TouchInputModule.cs
 0.1 kb	 0.0% Packages/com.unity.ugui/Runtime/UGUI/EventSystem/InputModules/BaseInputModule.cs
 0.1 kb	 0.0% Packages/com.unity.ugui/Runtime/UGUI/EventSystem/ExecuteEvents.cs
 0.1 kb	 0.0% Packages/com.unity.ugui/Runtime/UGUI/EventSystem/EventData/PointerEventData.cs
 0.1 kb	 0.0% Packages/com.unity.ugui/Runtime/UGUI/EventSystem/EventData/BaseEventData.cs
 0.1 kb	 0.0% Packages/com.unity.ugui/Runtime/UGUI/EventSystem/EventData/AxisEventData.cs
 0.1 kb	 0.0% Packages/com.unity.ugui/Runtime/TMP/TMP_TextProcessingStack.cs
 0.1 kb	 0.0% Packages/com.unity.ugui/Runtime/TMP/TMP_FontFeaturesCommon.cs
 0.1 kb	 0.0% Packages/com.unity.timeline/Runtime/Extensions/TrackExtensions.cs
 0.1 kb	 0.0% Packages/com.unity.timeline/Runtime/ClipCaps.cs
 0.1 kb	 0.0% Packages/com.unity.services.core/Runtime/Core/Utils/UnityThreadUtils.cs
 0.1 kb	 0.0% Packages/com.unity.services.core/Runtime/Core/UnityServices.cs
 0.1 kb	 0.0% Packages/com.unity.services.core/Runtime/Core/IUnityServices.cs
 0.1 kb	 0.0% Packages/com.unity.services.core/Runtime/Core/CommonErrorCodes.cs
 0.1 kb	 0.0% Packages/com.unity.services.core/Runtime/Core.Internal/Components/Wire/IWire.cs
 0.1 kb	 0.0% Packages/com.unity.services.core/Runtime/Core.Internal/Components/Wire/IChannel.cs
 0.1 kb	 0.0% Packages/com.unity.services.analytics/Runtime/SdkVersion.cs
 0.1 kb	 0.0% Packages/com.unity.services.analytics/Runtime/Events/CustomEvent.cs
 0.1 kb	 0.0% Packages/com.unity.render-pipelines.core/Runtime/UnifiedRayTracing/Compute/RadeonRays/Scan.cs
 0.1 kb	 0.0% Packages/com.unity.render-pipelines.core/Runtime/PathTracing/World.cs
 0.1 kb	 0.0% Packages/com.unity.render-pipelines.core/Runtime/Lights/LightAnchor.cs
 0.1 kb	 0.0% Packages/com.unity.render-pipelines.core/Runtime/GPUDriven/Utilities/AABB.cs
 0.1 kb	 0.0% Packages/com.unity.purchasing/Runtime/Stores/Android/UDP/UDPImpl.cs
 0.1 kb	 0.0% Packages/com.unity.purchasing/Runtime/Purchasing/Extension/IStore.cs
 0.1 kb	 0.0% Packages/com.unity.inputsystem/InputSystem/Utilities/FourCC.cs
 0.1 kb	 0.0% Packages/com.unity.inputsystem/InputSystem/Plugins/iOS/iOSSupport.cs
 0.1 kb	 0.0% Packages/com.unity.inputsystem/InputSystem/Plugins/XR/XRSupport.cs
 0.1 kb	 0.0% Packages/com.unity.inputsystem/InputSystem/Plugins/XR/GenericXRDevice.cs
 0.1 kb	 0.0% Packages/com.unity.inputsystem/InputSystem/Plugins/XR/Devices/WindowsMR.cs
 0.1 kb	 0.0% Packages/com.unity.inputsystem/InputSystem/Plugins/XR/Controls/PoseControl.cs
 0.1 kb	 0.0% Packages/com.unity.inputsystem/InputSystem/Plugins/UI/PointerModel.cs
 0.1 kb	 0.0% Packages/com.unity.inputsystem/InputSystem/Plugins/OSX/OSXSupport.cs
 0.1 kb	 0.0% Packages/com.unity.inputsystem/InputSystem/Plugins/HID/HIDSupport.cs
 0.1 kb	 0.0% Packages/com.unity.inputsystem/InputSystem/Plugins/HID/HIDParser.cs
 0.1 kb	 0.0% Packages/com.unity.collections/Unity.Collections/xxHash3.StreamingState.cs
 0.1 kb	 0.0% Packages/com.unity.collections/Unity.Collections/NativeSort.cs
 0.1 kb	 0.0% Packages/com.unity.collections/Unity.Collections/NativeBitArray.cs
 0.1 kb	 0.0% Packages/com.unity.collections/Unity.Collections/ListExtensions.cs
 0.1 kb	 0.0% Packages/com.unity.collections/Unity.Collections/Jobs/IJobParallelForDefer.cs
 0.1 kb	 0.0% Packages/com.unity.collections/Unity.Collections/Jobs/IJobParallelForBatch.cs
 0.1 kb	 0.0% Packages/com.unity.collections/Unity.Collections/FixedStringUtils.cs
 0.1 kb	 0.0% Packages/com.unity.collections/Unity.Collections/DataStreamWriter.cs
 0.1 kb	 0.0% Packages/com.unity.collections/Unity.Collections/DataStreamReader.cs
 0.1 kb	 0.0% Packages/com.unity.collections/Unity.Collections/ConcurrentMask.cs
 0.1 kb	 0.0% Packages/com.unity.collections/Unity.Collections/CollectionHelper.cs
 0.1 kb	 0.0% Packages/com.unity.collections/Unity.Collections/AllocatorManager.cs
 0.1 kb	 0.0% Packages/com.unity.burst/Runtime/SafeStringArrayHelper.cs
 0.1 kb	 0.0% Packages/com.unity.burst/Runtime/Editor/BurstEditorOptions.cs
 0.1 kb	 0.0% Packages/com.unity.burst/Runtime/Editor/BurstCompileTarget.cs
 0.1 kb	 0.0% Packages/com.unity.burst/Runtime/Editor/BurstAssemblyDisable.cs
 0.1 kb	 0.0% Packages/com.unity.burst/Runtime/BurstCompileAttribute.cs
 0.1 kb	 0.0% Packages/com.unity.ai.navigation/Runtime/NavMeshSurface.cs
 0.1 kb	 0.0% Packages/com.unity.ai.navigation/Runtime/NavMeshModifier.cs
 0.1 kb	 0.0% Packages/com.unity.2d.common/Runtime/UTess2D/UHull.cs
 0.1 kb	 0.0% Packages/com.unity.2d.common/Runtime/URaster2D/URaster.cs
 0.1 kb	 0.0% Packages/com.unity.2d.animation/IK/Runtime/IKMathUtility.cs
 0.1 kb	 0.0% Packages/com.unity.2d.animation/IK/Runtime/FabrikSolver2D.cs
 0.1 kb	 0.0% Packages/com.unity.2d.animation/IK/Runtime/Culling/CullingManager.cs
 0.1 kb	 0.0% Assets/TextMesh Pro/Examples & Extras/Scripts/VertexColorCycler.cs
 0.1 kb	 0.0% Assets/TextMesh Pro/Examples & Extras/Scripts/TextConsoleSimulator.cs
 0.1 kb	 0.0% Assets/TextMesh Pro/Examples & Extras/Scripts/TMP_TextSelector_B.cs
 0.1 kb	 0.0% Assets/TextMesh Pro/Examples & Extras/Scripts/TMP_TextSelector_A.cs
 0.1 kb	 0.0% Assets/TextMesh Pro/Examples & Extras/Scripts/TMP_TextEventCheck.cs
 0.1 kb	 0.0% Assets/TextMesh Pro/Examples & Extras/Scripts/TMP_PhoneNumberValidator.cs
 0.1 kb	 0.0% Assets/TextMesh Pro/Examples & Extras/Scripts/TMP_FrameRateCounter.cs
 0.1 kb	 0.0% Assets/TextMesh Pro/Examples & Extras/Scripts/TMP_ExampleScript_01.cs
 0.1 kb	 0.0% Assets/TextMesh Pro/Examples & Extras/Scripts/ShaderPropAnimator.cs
 0.1 kb	 0.0% Assets/LSL/LSL4Unity/Runtime/Scripts/ScriptOrder.cs
 0.1 kb	 0.0% Assets/LSL/LSL4Unity/Runtime/Scripts/Common.cs
 0.1 kb	 0.0% Packages/com.unity.visualscripting/Runtime/VisualScripting.State/State.cs
 0.1 kb	 0.0% Packages/com.unity.visualscripting/Runtime/VisualScripting.State/IState.cs
 0.1 kb	 0.0% Packages/com.unity.visualscripting/Runtime/VisualScripting.State/AnyState.cs
 0.1 kb	 0.0% Packages/com.unity.visualscripting/Runtime/VisualScripting.Flow/IUnit.cs
 0.1 kb	 0.0% Packages/com.unity.visualscripting/Runtime/VisualScripting.Flow/Framework/Time/WaitUnit.cs
 0.1 kb	 0.0% Packages/com.unity.visualscripting/Runtime/VisualScripting.Flow/Framework/Time/Timer.cs
 0.1 kb	 0.0% Packages/com.unity.visualscripting/Runtime/VisualScripting.Flow/Framework/Time/Cooldown.cs
 0.1 kb	 0.0% Packages/com.unity.visualscripting/Runtime/VisualScripting.Flow/Framework/Logic/NotEqual.cs
 0.1 kb	 0.0% Packages/com.unity.visualscripting/Runtime/VisualScripting.Flow/Framework/Logic/Negate.cs
 0.1 kb	 0.0% Packages/com.unity.visualscripting/Runtime/VisualScripting.Flow/Framework/Logic/Greater.cs
 0.1 kb	 0.0% Packages/com.unity.visualscripting/Runtime/VisualScripting.Flow/Framework/Logic/Equal.cs
 0.1 kb	 0.0% Packages/com.unity.visualscripting/Runtime/VisualScripting.Flow/Framework/Literal.cs
 0.1 kb	 0.0% Packages/com.unity.visualscripting/Runtime/VisualScripting.Flow/Framework/Formula.cs
 0.1 kb	 0.0% Packages/com.unity.visualscripting/Runtime/VisualScripting.Flow/Framework/Events/Lifecycle/Update.cs
 0.1 kb	 0.0% Packages/com.unity.visualscripting/Runtime/VisualScripting.Flow/Framework/Events/Lifecycle/Start.cs
 0.1 kb	 0.0% Packages/com.unity.visualscripting/Runtime/VisualScripting.Flow/Framework/Events/Lifecycle/OnEnable.cs
 0.1 kb	 0.0% Packages/com.unity.visualscripting/Runtime/VisualScripting.Flow/Framework/Events/GUI/OnSubmit.cs
 0.1 kb	 0.0% Packages/com.unity.visualscripting/Runtime/VisualScripting.Flow/Framework/Events/GUI/OnSelect.cs
 0.1 kb	 0.0% Packages/com.unity.visualscripting/Runtime/VisualScripting.Flow/Framework/Events/GUI/OnScroll.cs
 0.1 kb	 0.0% Packages/com.unity.visualscripting/Runtime/VisualScripting.Flow/Framework/Events/GUI/OnMove.cs
 0.1 kb	 0.0% Packages/com.unity.visualscripting/Runtime/VisualScripting.Flow/Framework/Events/GUI/OnGUI.cs
 0.1 kb	 0.0% Packages/com.unity.visualscripting/Runtime/VisualScripting.Flow/Framework/Events/GUI/OnDrop.cs
 0.1 kb	 0.0% Packages/com.unity.visualscripting/Runtime/VisualScripting.Flow/Framework/Events/GUI/OnDrag.cs
 0.1 kb	 0.0% Packages/com.unity.visualscripting/Runtime/VisualScripting.Flow/Framework/Events/GUI/OnCancel.cs
 0.1 kb	 0.0% Packages/com.unity.visualscripting/Runtime/VisualScripting.Flow/Framework/Control/While.cs
 0.1 kb	 0.0% Packages/com.unity.visualscripting/Runtime/VisualScripting.Flow/Framework/Control/TryCatch.cs
 0.1 kb	 0.0% Packages/com.unity.visualscripting/Runtime/VisualScripting.Flow/Framework/Control/Throw.cs
 0.1 kb	 0.0% Packages/com.unity.visualscripting/Runtime/VisualScripting.Flow/Framework/Control/Sequence.cs
 0.1 kb	 0.0% Packages/com.unity.visualscripting/Runtime/VisualScripting.Flow/Framework/Control/LoopUnit.cs
 0.1 kb	 0.0% Packages/com.unity.visualscripting/Runtime/VisualScripting.Flow/Framework/Control/ForEach.cs
 0.1 kb	 0.0% Packages/com.unity.visualscripting/Runtime/VisualScripting.Flow/Framework/Control/Cache.cs
 0.1 kb	 0.0% Packages/com.unity.visualscripting/Runtime/VisualScripting.Flow/Framework/Control/Break.cs
 0.1 kb	 0.0% Packages/com.unity.visualscripting/Runtime/VisualScripting.Flow/Framework/Collections/LastItem.cs
 0.1 kb	 0.0% Packages/com.unity.visualscripting/Runtime/VisualScripting.Flow/Framework/Codebase/Expose.cs
 0.1 kb	 0.0% Packages/com.unity.visualscripting/Runtime/VisualScripting.Core/Utilities/XColor.cs
 0.1 kb	 0.0% Packages/com.unity.visualscripting/Runtime/VisualScripting.Core/Reflection/TypeName.cs
 0.1 kb	 0.0% Packages/com.unity.visualscripting/Runtime/VisualScripting.Core/Reflection/Member.cs
 0.1 kb	 0.0% Packages/com.unity.visualscripting/Runtime/VisualScripting.Core/Macros/IMacro.cs
 0.1 kb	 0.0% Packages/com.unity.visualscripting/Runtime/VisualScripting.Core/Machines/IMachine.cs
 0.1 kb	 0.0% Packages/com.unity.visualscripting/Runtime/VisualScripting.Core/Graphs/IGraph.cs
 0.1 kb	 0.0% Packages/com.unity.visualscripting/Runtime/VisualScripting.Core/Graphs/Graph.cs
 0.1 kb	 0.0% Packages/com.unity.visualscripting/Runtime/VisualScripting.Core/Events/EventBus.cs
 0.1 kb	 0.0% Packages/com.unity.visualscripting/Runtime/VisualScripting.Core/Ensure/Extensions/XString.cs
 0.1 kb	 0.0% Packages/com.unity.visualscripting/Runtime/VisualScripting.Core/Ensure/Ensure.cs
 0.1 kb	 0.0% Packages/com.unity.visualscripting/Runtime/VisualScripting.Core/Collections/AotList.cs
 0.1 kb	 0.0% Packages/com.unity.visualscripting/Runtime/VisualScripting.Core/Cloning/ICloner.cs
 0.1 kb	 0.0% Packages/com.unity.visualscripting/Runtime/VisualScripting.Core/Cloning/Cloning.cs
 0.1 kb	 0.0% Packages/com.unity.ugui/Runtime/TMP/TMPro_EventManager.cs
 0.1 kb	 0.0% Packages/com.unity.ugui/Runtime/TMP/TMP_UpdateRegistery.cs
 0.1 kb	 0.0% Packages/com.unity.ugui/Runtime/TMP/TMP_UpdateManager.cs
 0.1 kb	 0.0% Packages/com.unity.ugui/Runtime/TMP/TMP_TextUtilities.cs
 0.1 kb	 0.0% Packages/com.unity.ugui/Runtime/TMP/TMP_TextProcessingCommon.cs
 0.1 kb	 0.0% Packages/com.unity.ugui/Runtime/TMP/TMP_SpriteCharacter.cs
 0.1 kb	 0.0% Packages/com.unity.ugui/Runtime/TMP/TMP_SpriteAnimator.cs
 0.1 kb	 0.0% Packages/com.unity.ugui/Runtime/TMP/TMP_SelectionCaret.cs
 0.1 kb	 0.0% Packages/com.unity.ugui/Runtime/TMP/TMP_ResourcesManager.cs
 0.1 kb	 0.0% Packages/com.unity.ugui/Runtime/TMP/TMP_MaterialManager.cs
 0.1 kb	 0.0% Packages/com.unity.ugui/Runtime/TMP/TMP_InputValidator.cs
 0.1 kb	 0.0% Packages/com.unity.ugui/Runtime/TMP/TMP_FontFeatureTable.cs
 0.1 kb	 0.0% Packages/com.unity.ugui/Runtime/TMP/TMP_DefaultControls.cs
 0.1 kb	 0.0% Packages/com.unity.ugui/Runtime/TMP/TMP_Compatibility.cs
 0.1 kb	 0.0% Packages/com.unity.ugui/Runtime/TMP/TMP_ColorGradient.cs
 0.1 kb	 0.0% Packages/com.unity.ugui/Runtime/TMP/TMP_CharacterInfo.cs
 0.1 kb	 0.0% Packages/com.unity.ugui/Runtime/TMP/ITextPreProcessor.cs
 0.1 kb	 0.0% Packages/com.unity.ugui/Runtime/TMP/FontFeatureCommonGPOS.cs
 0.1 kb	 0.0% Packages/com.unity.ugui/Runtime/InternalBridge/TMPHelpURL.cs
 0.1 kb	 0.0% Packages/com.unity.timeline/Runtime/Utilities/WeightUtility.cs
 0.1 kb	 0.0% Packages/com.unity.timeline/Runtime/Utilities/IPropertyPreview.cs
 0.1 kb	 0.0% Packages/com.unity.timeline/Runtime/Utilities/Extrapolation.cs
 0.1 kb	 0.0% Packages/com.unity.timeline/Runtime/TimelinePlayable.cs
 0.1 kb	 0.0% Packages/com.unity.timeline/Runtime/TimelineAsset.cs
 0.1 kb	 0.0% Packages/com.unity.timeline/Runtime/Scripting/PlayableTrack.cs
 0.1 kb	 0.0% Packages/com.unity.timeline/Runtime/Events/Signals/SignalReceiver.cs
 0.1 kb	 0.0% Packages/com.unity.timeline/Runtime/Events/Signals/SignalEmitter.cs
 0.1 kb	 0.0% Packages/com.unity.timeline/Runtime/Evaluation/RuntimeElement.cs
 0.1 kb	 0.0% Packages/com.unity.timeline/Runtime/Evaluation/RuntimeClipBase.cs
 0.1 kb	 0.0% Packages/com.unity.timeline/Runtime/CurveEditUtility.cs
 0.1 kb	 0.0% Packages/com.unity.timeline/Runtime/Animation/AnimationTrack.cs
 0.1 kb	 0.0% Packages/com.unity.timeline/Runtime/Activation/ActivationTrack.cs
 0.1 kb	 0.0% Packages/com.unity.render-pipelines.core/Runtime/Vrs/Vrs.cs
 0.1 kb	 0.0% Packages/com.unity.render-pipelines.core/Runtime/STP/STP.cs
 0.1 kb	 0.0% Packages/com.unity.purchasing/Runtime/Common/VersionCheck.cs
 0.1 kb	 0.0% Packages/com.unity.purchasing/Runtime/Common/INativeStore.cs
 0.1 kb	 0.0% Packages/com.unity.inputsystem/InputSystem/Plugins/PlayerInput/PlayerInput.cs
 0.1 kb	 0.0% Packages/com.unity.inputsystem/InputSystem/Plugins/PlayerInput/InputValue.cs
 0.1 kb	 0.0% Packages/com.unity.inputsystem/InputSystem/InputSystem.cs
 0.1 kb	 0.0% Packages/com.unity.inputsystem/InputSystem/InputManager.cs
 0.1 kb	 0.0% Packages/com.unity.inputsystem/InputSystem/Editor/UITKAssetEditor/Commands/Commands.cs
 0.1 kb	 0.0% Packages/com.unity.inputsystem/InputSystem/Editor/Dialog.cs
 0.1 kb	 0.0% Packages/com.unity.inputsystem/InputSystem/Devices/Touchscreen.cs
 0.1 kb	 0.0% Packages/com.unity.inputsystem/InputSystem/Devices/Precompiled/FastMouse.cs
 0.1 kb	 0.0% Packages/com.unity.inputsystem/InputSystem/Devices/Precompiled/FastKeyboard.cs
 0.1 kb	 0.0% Packages/com.unity.inputsystem/InputSystem/Devices/InputDevice.cs
 0.1 kb	 0.0% Packages/com.unity.inputsystem/InputSystem/Devices/Haptics/IHaptics.cs
 0.1 kb	 0.0% Packages/com.unity.inputsystem/InputSystem/Controls/InputControl.cs
 0.1 kb	 0.0% Packages/com.unity.inputsystem/InputSystem/Controls/CommonUsages.cs
 0.1 kb	 0.0% Packages/com.unity.inputsystem/InputSystem/AssemblyInfo.cs
 0.1 kb	 0.0% Packages/com.unity.inputsystem/InputSystem/Actions/InputBinding.cs
 0.1 kb	 0.0% Packages/com.unity.inputsystem/InputSystem/Actions/InputAction.cs
 0.1 kb	 0.0% Packages/com.unity.collections/Unity.Collections/NativeText.gen.cs
 0.1 kb	 0.0% Packages/com.unity.collections/Unity.Collections/FixedList.gen.cs
 0.1 kb	 0.0% Packages/com.unity.2d.tilemap.extras/Runtime/Tiles/AnimatedTile/AnimatedTile.cs
 0.1 kb	 0.0% Packages/com.unity.2d.spriteshape/Runtime/SpriteShape.cs
 0.1 kb	 0.0% Packages/com.unity.2d.common/Runtime/UTess2D/UTess.cs
 0.1 kb	 0.0% Packages/com.unity.2d.common/Runtime/UTess2D/Smoothen.cs
 0.1 kb	 0.0% Packages/com.unity.2d.common/Runtime/UTess2D/Refinery.cs
 0.1 kb	 0.0% Packages/com.unity.2d.common/Runtime/UAi2D/KMeans.cs
 0.1 kb	 0.0% Assets/LSL/LSL4Unity/Runtime/Scripts/TimeSync.cs
 0.1 kb	 0.0% Assets/LSL/LSL4Unity/Runtime/Scripts/Resolver.cs
 0.1 kb	 0.0% Packages/com.unity.ugui/Runtime/UGUI/UI/Core/VertexModifiers/PositionAsUV1.cs
 0.1 kb	 0.0% Packages/com.unity.ugui/Runtime/UGUI/UI/Core/VertexModifiers/IMeshModifier.cs
 0.1 kb	 0.0% Packages/com.unity.ugui/Runtime/UGUI/UI/Core/VertexModifiers/BaseMeshEffect.cs
 0.1 kb	 0.0% Packages/com.unity.ugui/Runtime/UGUI/UI/Core/StencilMaterial.cs
 0.1 kb	 0.0% Packages/com.unity.ugui/Runtime/UGUI/UI/Core/RaycastReceiver.cs
 0.1 kb	 0.0% Packages/com.unity.ugui/Runtime/UGUI/UI/Core/MaskableGraphic.cs
 0.1 kb	 0.0% Packages/com.unity.ugui/Runtime/UGUI/UI/Core/MaskUtilities.cs
 0.1 kb	 0.0% Packages/com.unity.ugui/Runtime/UGUI/UI/Core/Layout/LayoutUtility.cs
 0.1 kb	 0.0% Packages/com.unity.ugui/Runtime/UGUI/UI/Core/Layout/LayoutRebuilder.cs
 0.1 kb	 0.0% Packages/com.unity.ugui/Runtime/UGUI/UI/Core/Layout/LayoutElement.cs
 0.1 kb	 0.0% Packages/com.unity.ugui/Runtime/UGUI/UI/Core/Layout/ILayoutElement.cs
 0.1 kb	 0.0% Packages/com.unity.ugui/Runtime/UGUI/UI/Core/Layout/GridLayoutGroup.cs
 0.1 kb	 0.0% Packages/com.unity.ugui/Runtime/UGUI/UI/Core/GraphicRegistry.cs
 0.1 kb	 0.0% Packages/com.unity.ugui/Runtime/UGUI/UI/Core/GraphicRaycaster.cs
 0.1 kb	 0.0% Packages/com.unity.ugui/Runtime/UGUI/UI/Core/DefaultControls.cs
 0.1 kb	 0.0% Packages/com.unity.ugui/Runtime/UGUI/UI/Core/Culling/ClipperRegistry.cs
 0.1 kb	 0.0% Packages/com.unity.ugui/Runtime/UGUI/EventSystem/UIBehaviour.cs
 0.1 kb	 0.0% Packages/com.unity.ugui/Runtime/UGUI/EventSystem/InputModules/BaseInput.cs
 0.1 kb	 0.0% Packages/com.unity.ugui/Runtime/UGUI/EventSystem/EventTrigger.cs
 0.1 kb	 0.0% Packages/com.unity.ugui/Runtime/UGUI/EventSystem/EventSystem.cs
 0.1 kb	 0.0% Packages/com.unity.ugui/Runtime/TMP/TMPro_MeshUtilities.cs
 0.1 kb	 0.0% Packages/com.unity.ugui/Runtime/TMP/TMP_ShaderUtilities.cs
 0.1 kb	 0.0% Packages/com.unity.ugui/Runtime/TMP/TMP_RichTextTagsCommon.cs
 0.1 kb	 0.0% Packages/com.unity.ugui/Runtime/TMP/TMP_FontAssetCommon.cs
 0.1 kb	 0.0% Packages/com.unity.services.core/Runtime/Core/CoreResetter.cs
 0.1 kb	 0.0% Packages/com.unity.services.analytics/Runtime/Events/Event.cs
 0.1 kb	 0.0% Packages/com.unity.purchasing/Runtime/Stores/Android/UDP/UDP.cs
 0.1 kb	 0.0% Packages/com.unity.purchasing/Runtime/Purchasing/Product.cs
 0.1 kb	 0.0% Packages/com.unity.purchasing/Runtime/Common/MiniJSON.cs
 0.1 kb	 0.0% Packages/com.unity.inputsystem/InputSystem/Plugins/XR/Devices/Oculus.cs
 0.1 kb	 0.0% Packages/com.unity.collections/Unity.Collections/UIntFloat.cs
 0.1 kb	 0.0% Packages/com.unity.collections/Unity.Collections/NativeStream.cs
 0.1 kb	 0.0% Packages/com.unity.collections/Unity.Collections/Jobs/EarlyInitHelpers.cs
 0.1 kb	 0.0% Packages/com.unity.burst/Runtime/Intrinsics/SimdDebugViews.cs
 0.1 kb	 0.0% Packages/com.unity.burst/Runtime/Editor/BurstReflection.cs
 0.1 kb	 0.0% Packages/com.unity.burst/Runtime/BurstCompilerOptions.cs
 0.1 kb	 0.0% Packages/com.unity.ai.navigation/Runtime/NavMeshLink.cs
 0.1 kb	 0.0% Packages/com.unity.2d.animation/Runtime/Bone.cs
 0.1 kb	 0.0% Packages/com.unity.2d.animation/IK/Runtime/LimbSolver2D.cs
 0.1 kb	 0.0% Packages/com.unity.2d.animation/IK/Runtime/IconUtility.cs
 0.1 kb	 0.0% Packages/com.unity.2d.animation/IK/Runtime/IKUtility.cs
 0.1 kb	 0.0% Packages/com.unity.2d.animation/IK/Runtime/IKManager2D.cs
 0.1 kb	 0.0% Packages/com.unity.2d.animation/IK/Runtime/IKChain2D.cs
 0.1 kb	 0.0% Packages/com.unity.2d.animation/IK/Runtime/CCDSolver2D.cs
 0.1 kb	 0.0% Assets/TextMesh Pro/Examples & Extras/Scripts/WarpTextExample.cs
 0.1 kb	 0.0% Assets/TextMesh Pro/Examples & Extras/Scripts/TextMeshSpawner.cs
 0.1 kb	 0.0% Assets/TextMesh Pro/Examples & Extras/Scripts/TMP_TextEventHandler.cs
 0.1 kb	 0.0% Assets/TextMesh Pro/Examples & Extras/Scripts/TMP_DigitValidator.cs
 0.1 kb	 0.0% Assets/TextMesh Pro/Examples & Extras/Scripts/SkewTextExample.cs
 0.1 kb	 0.0% Assets/TextMesh Pro/Examples & Extras/Scripts/CameraController.cs
 0.1 kb	 0.0% Assets/TextMesh Pro/Examples & Extras/Scripts/Benchmark01_UGUI.cs
 0.1 kb	 0.0% Packages/com.unity.visualscripting/Runtime/VisualScripting.Flow/Unit.cs
 0.1 kb	 0.0% Packages/com.unity.visualscripting/Runtime/VisualScripting.Flow/Framework/This.cs
 0.1 kb	 0.0% Packages/com.unity.visualscripting/Runtime/VisualScripting.Flow/Framework/Nulls/Null.cs
 0.1 kb	 0.0% Packages/com.unity.visualscripting/Runtime/VisualScripting.Flow/Framework/Logic/Or.cs
 0.1 kb	 0.0% Packages/com.unity.visualscripting/Runtime/VisualScripting.Flow/Framework/Logic/Less.cs
 0.1 kb	 0.0% Packages/com.unity.visualscripting/Runtime/VisualScripting.Flow/Framework/Logic/And.cs
 0.1 kb	 0.0% Packages/com.unity.visualscripting/Runtime/VisualScripting.Flow/Framework/Control/Once.cs
 0.1 kb	 0.0% Packages/com.unity.visualscripting/Runtime/VisualScripting.Flow/Framework/Control/If.cs
 0.1 kb	 0.0% Packages/com.unity.visualscripting/Runtime/VisualScripting.Flow/Framework/Control/For.cs
 0.1 kb	 0.0% Packages/com.unity.visualscripting/Runtime/VisualScripting.Flow/Flow.cs
 0.1 kb	 0.0% Packages/com.unity.ugui/Runtime/TMP/TextMeshProUGUI.cs
 0.1 kb	 0.0% Packages/com.unity.ugui/Runtime/TMP/TextContainer.cs
 0.1 kb	 0.0% Packages/com.unity.ugui/Runtime/TMP/TMP_TextElement.cs
 0.1 kb	 0.0% Packages/com.unity.ugui/Runtime/TMP/TMP_SubMeshUI.cs
 0.1 kb	 0.0% Packages/com.unity.ugui/Runtime/TMP/TMP_StyleSheet.cs
 0.1 kb	 0.0% Packages/com.unity.ugui/Runtime/TMP/TMP_SpriteGlyph.cs
 0.1 kb	 0.0% Packages/com.unity.ugui/Runtime/TMP/TMP_SpriteAsset.cs
 0.1 kb	 0.0% Packages/com.unity.ugui/Runtime/TMP/TMP_InputField.cs
 0.1 kb	 0.0% Packages/com.unity.ugui/Runtime/TMP/TMP_FontAsset.cs
 0.1 kb	 0.0% Packages/com.unity.ugui/Runtime/TMP/TMP_CoroutineTween.cs
 0.1 kb	 0.0% Packages/com.unity.ugui/Runtime/TMP/TMP_Character.cs
 0.1 kb	 0.0% Packages/com.unity.timeline/Runtime/Utilities/TimelineUndo.cs
 0.1 kb	 0.0% Packages/com.unity.timeline/Runtime/Utilities/TimeUtility.cs
 0.1 kb	 0.0% Packages/com.unity.timeline/Runtime/Utilities/HashUtility.cs
 0.1 kb	 0.0% Packages/com.unity.timeline/Runtime/Utilities/BlendUtility.cs
 0.1 kb	 0.0% Packages/com.unity.timeline/Runtime/TrackAsset.cs
 0.1 kb	 0.0% Packages/com.unity.timeline/Runtime/TimelineClip.cs
 0.1 kb	 0.0% Packages/com.unity.timeline/Runtime/Playables/ITimeControl.cs
 0.1 kb	 0.0% Packages/com.unity.timeline/Runtime/ILayerable.cs
 0.1 kb	 0.0% Packages/com.unity.timeline/Runtime/GroupTrack.cs
 0.1 kb	 0.0% Packages/com.unity.timeline/Runtime/Events/Signals/SignalAsset.cs
 0.1 kb	 0.0% Packages/com.unity.timeline/Runtime/Events/SignalTrack.cs
 0.1 kb	 0.0% Packages/com.unity.timeline/Runtime/Events/MarkerTrack.cs
 0.1 kb	 0.0% Packages/com.unity.timeline/Runtime/Events/MarkerList.cs
 0.1 kb	 0.0% Packages/com.unity.timeline/Runtime/Evaluation/RuntimeClip.cs
 0.1 kb	 0.0% Packages/com.unity.timeline/Runtime/Evaluation/IntervalTree.cs
 0.1 kb	 0.0% Packages/com.unity.timeline/Runtime/DiscreteTime.cs
 0.1 kb	 0.0% Packages/com.unity.timeline/Runtime/Control/ControlTrack.cs
 0.1 kb	 0.0% Packages/com.unity.timeline/Runtime/Audio/AudioTrack.cs
 0.1 kb	 0.0% Packages/com.unity.timeline/Runtime/AssetUpgrade/ClipUpgrade.cs
 0.1 kb	 0.0% Packages/com.unity.timeline/Runtime/Animation/ICurvesOwner.cs
 0.1 kb	 0.0% Packages/com.unity.render-pipelines.universal/Shaders/Shaders.cs
 0.1 kb	 0.0% Packages/com.unity.inputsystem/InputSystem/Plugins/XR/Devices/GoogleVR.cs
 0.1 kb	 0.0% Packages/com.unity.inputsystem/InputSystem/Editor/DownloadableSample.cs
 0.1 kb	 0.0% Packages/com.unity.inputsystem/InputSystem/Devices/Sensor.cs
 0.1 kb	 0.0% Packages/com.unity.inputsystem/InputSystem/Devices/Pointer.cs
 0.1 kb	 0.0% Packages/com.unity.inputsystem/InputSystem/Devices/Mouse.cs
 0.1 kb	 0.0% Packages/com.unity.inputsystem/InputSystem/Devices/Keyboard.cs
 0.1 kb	 0.0% Packages/com.unity.inputsystem/InputSystem/Devices/Joystick.cs
 0.1 kb	 0.0% Packages/com.unity.inputsystem/InputSystem/Devices/Gamepad.cs
 0.1 kb	 0.0% Packages/com.unity.collections/Unity.Collections/xxHash3.AVX2.cs
 0.1 kb	 0.0% Packages/com.unity.burst/Runtime/Intrinsics/Arm/NEON_AArch64_rdma.cs
 0.1 kb	 0.0% Packages/com.unity.burst/Runtime/Intrinsics/Arm/NEON_AArch64_dotprod.cs
 0.1 kb	 0.0% Packages/com.unity.burst/Runtime/Intrinsics/Arm/NEON_AArch64_crypto.cs
 0.1 kb	 0.0% Packages/com.unity.2d.tilemap.extras/Runtime/Tiles/AutoTile/AutoTile.cs
 0.1 kb	 0.0% Packages/com.unity.2d.spriteshape/Runtime/Spline.cs
 0.1 kb	 0.0% Packages/com.unity.ugui/Runtime/UGUI/UI/Core/Utility/VertexHelper.cs
 0.1 kb	 0.0% Packages/com.unity.ugui/Runtime/UGUI/UI/Core/ToggleGroup.cs
 0.1 kb	 0.0% Packages/com.unity.ugui/Runtime/UGUI/UI/Core/SpriteState.cs
 0.1 kb	 0.0% Packages/com.unity.ugui/Runtime/UGUI/UI/Core/Selectable.cs
 0.1 kb	 0.0% Packages/com.unity.ugui/Runtime/UGUI/UI/Core/Scrollbar.cs
 0.1 kb	 0.0% Packages/com.unity.ugui/Runtime/UGUI/UI/Core/ScrollRect.cs
 0.1 kb	 0.0% Packages/com.unity.ugui/Runtime/UGUI/UI/Core/RectMask2D.cs
 0.1 kb	 0.0% Packages/com.unity.ugui/Runtime/UGUI/UI/Core/Navigation.cs
 0.1 kb	 0.0% Packages/com.unity.ugui/Runtime/UGUI/UI/Core/Layout/LayoutGroup.cs
 0.1 kb	 0.0% Packages/com.unity.ugui/Runtime/UGUI/UI/Core/Layout/CanvasScaler.cs
 0.1 kb	 0.0% Packages/com.unity.ugui/Runtime/UGUI/UI/Core/InputField.cs
 0.1 kb	 0.0% Packages/com.unity.ugui/Runtime/UGUI/UI/Core/IMaskable.cs
 0.1 kb	 0.0% Packages/com.unity.ugui/Runtime/UGUI/UI/Core/ColorBlock.cs
 0.1 kb	 0.0% Packages/com.unity.services.core/Runtime/Core/IService.cs
 0.1 kb	 0.0% Packages/com.unity.inputsystem/InputSystem/Plugins/XR/Devices/OpenVR.cs
 0.1 kb	 0.0% Packages/com.unity.inputsystem/InputSystem/Plugins/HID/HID.cs
 0.1 kb	 0.0% Packages/com.unity.collections/Unity.Collections/xxHash3.cs
 0.1 kb	 0.0% Packages/com.unity.collections/Unity.Collections/Unicode.cs
 0.1 kb	 0.0% Packages/com.unity.collections/Unity.Collections/Memory.cs
 0.1 kb	 0.0% Packages/com.unity.collections/Unity.Collections/Jobs/IJobFilter.cs
 0.1 kb	 0.0% Packages/com.unity.collections/Unity.Collections/BitField.cs
 0.1 kb	 0.0% Packages/com.unity.burst/Runtime/NoAliasAttribute.cs
 0.1 kb	 0.0% Packages/com.unity.burst/Runtime/FunctionPointer.cs
 0.1 kb	 0.0% Packages/com.unity.burst/Runtime/Editor/BurstLoader.cs
 0.1 kb	 0.0% Packages/com.unity.burst/Runtime/CompilerServices/Constant.cs
 0.1 kb	 0.0% Packages/com.unity.burst/Runtime/CompilerServices/Aliasing.cs
 0.1 kb	 0.0% Packages/com.unity.burst/Runtime/BurstString.Float.cs
 0.1 kb	 0.0% Packages/com.unity.burst/Runtime/BurstCompiler.cs
 0.1 kb	 0.0% Packages/com.unity.ai.navigation/Runtime/HelpUrls.cs
 0.1 kb	 0.0% Packages/com.unity.2d.animation/IK/Runtime/Solvers/FABRIK2D.cs
 0.1 kb	 0.0% Packages/com.unity.2d.animation/IK/Runtime/Solvers/CCD2D.cs
 0.1 kb	 0.0% Packages/com.unity.2d.animation/IK/Runtime/Solver2D.cs
 0.1 kb	 0.0% Assets/TextMesh Pro/Examples & Extras/Scripts/VertexZoom.cs
 0.1 kb	 0.0% Assets/TextMesh Pro/Examples & Extras/Scripts/VertexShakeB.cs
 0.1 kb	 0.0% Assets/TextMesh Pro/Examples & Extras/Scripts/VertexShakeA.cs
 0.1 kb	 0.0% Assets/TextMesh Pro/Examples & Extras/Scripts/VertexJitter.cs
 0.1 kb	 0.0% Assets/TextMesh Pro/Examples & Extras/Scripts/SimpleScript.cs
 0.1 kb	 0.0% Assets/TextMesh Pro/Examples & Extras/Scripts/ObjectSpin.cs
 0.1 kb	 0.0% Assets/TextMesh Pro/Examples & Extras/Scripts/Benchmark04.cs
 0.1 kb	 0.0% Assets/TextMesh Pro/Examples & Extras/Scripts/Benchmark03.cs
 0.1 kb	 0.0% Assets/TextMesh Pro/Examples & Extras/Scripts/Benchmark02.cs
 0.1 kb	 0.0% Assets/TextMesh Pro/Examples & Extras/Scripts/Benchmark01.cs
 0.1 kb	 0.0% Packages/com.unity.ugui/Runtime/UGUI/UI/Core/Culling/IClipRegion.cs
 0.1 kb	 0.0% Packages/com.unity.ugui/Runtime/TMP/TextMeshPro.cs
 0.1 kb	 0.0% Packages/com.unity.ugui/Runtime/TMP/TMP_TextInfo.cs
 0.1 kb	 0.0% Packages/com.unity.ugui/Runtime/TMP/TMP_SubMesh.cs
 0.1 kb	 0.0% Packages/com.unity.ugui/Runtime/TMP/TMP_Style.cs
 0.1 kb	 0.0% Packages/com.unity.ugui/Runtime/TMP/TMP_Sprite.cs
 0.1 kb	 0.0% Packages/com.unity.ugui/Runtime/TMP/TMP_Settings.cs
 0.1 kb	 0.0% Packages/com.unity.ugui/Runtime/TMP/TMP_MeshInfo.cs
 0.1 kb	 0.0% Packages/com.unity.ugui/Runtime/TMP/TMP_LineInfo.cs
 0.1 kb	 0.0% Packages/com.unity.ugui/Runtime/TMP/TMP_Dropdown.cs
 0.1 kb	 0.0% Packages/com.unity.ugui/Runtime/TMP/TMP_Asset.cs
 0.1 kb	 0.0% Packages/com.unity.ugui/Runtime/TMP/FastAction.cs
 0.1 kb	 0.0% Packages/com.unity.timeline/Runtime/ObjectId.cs
 0.1 kb	 0.0% Packages/com.unity.timeline/Runtime/Events/Marker.cs
 0.1 kb	 0.0% Packages/com.unity.timeline/Runtime/Events/IMarker.cs
 0.1 kb	 0.0% Packages/com.unity.inputsystem/InputSystem/Devices/Pen.cs
 0.1 kb	 0.0% Packages/com.unity.burst/Runtime/Intrinsics/Common.cs
 0.1 kb	 0.0% Packages/com.unity.burst/Runtime/Intrinsics/Arm/NEON_ctor.cs
 0.1 kb	 0.0% Packages/com.unity.burst/Runtime/Intrinsics/Arm/NEON_AArch64.cs
 0.1 kb	 0.0% Packages/com.unity.2d.tilemap.extras/Runtime/Tiles/RuleTile/RuleTile.cs
 0.1 kb	 0.0% Packages/com.unity.ugui/Runtime/UGUI/UI/Core/VertexModifiers/Shadow.cs
 0.1 kb	 0.0% Packages/com.unity.ugui/Runtime/UGUI/UI/Core/VertexModifiers/Outline.cs
 0.1 kb	 0.0% Packages/com.unity.ugui/Runtime/UGUI/UI/Core/Toggle.cs
 0.1 kb	 0.0% Packages/com.unity.ugui/Runtime/UGUI/UI/Core/Slider.cs
 0.1 kb	 0.0% Packages/com.unity.ugui/Runtime/UGUI/UI/Core/RawImage.cs
 0.1 kb	 0.0% Packages/com.unity.ugui/Runtime/UGUI/UI/Core/Image.cs
 0.1 kb	 0.0% Packages/com.unity.ugui/Runtime/UGUI/UI/Core/IMask.cs
 0.1 kb	 0.0% Packages/com.unity.ugui/Runtime/UGUI/UI/Core/Graphic.cs
 0.1 kb	 0.0% Packages/com.unity.ugui/Runtime/UGUI/UI/Core/FontData.cs
 0.1 kb	 0.0% Packages/com.unity.ugui/Runtime/UGUI/UI/Core/Dropdown.cs
 0.1 kb	 0.0% Packages/com.unity.ugui/Runtime/UGUI/UI/Core/Culling/Clipping.cs
 0.1 kb	 0.0% Packages/com.unity.ugui/Runtime/UGUI/UI/Core/Button.cs
 0.1 kb	 0.0% Packages/com.unity.purchasing/Runtime/Purchasing/Utilites/Interfaces/IUtil.cs
 0.1 kb	 0.0% Packages/com.unity.burst/Runtime/SharedStatic.cs
 0.1 kb	 0.0% Packages/com.unity.burst/Runtime/Intrinsics/x86/Ssse3.cs
 0.1 kb	 0.0% Packages/com.unity.burst/Runtime/Intrinsics/x86/Sse4_2.cs
 0.1 kb	 0.0% Packages/com.unity.burst/Runtime/Intrinsics/x86/Sse4_1.cs
 0.1 kb	 0.0% Packages/com.unity.burst/Runtime/Intrinsics/x86/Popcnt.cs
 0.1 kb	 0.0% Packages/com.unity.burst/Runtime/Intrinsics/x86/Common.cs
 0.1 kb	 0.0% Packages/com.unity.burst/Runtime/CompilerServices/Hint.cs
 0.1 kb	 0.0% Packages/com.unity.burst/Runtime/BurstString.cs
 0.1 kb	 0.0% Packages/com.unity.burst/Runtime/BurstRuntime.cs
 0.1 kb	 0.0% Packages/com.unity.2d.animation/IK/Runtime/Solvers/Limb.cs
 0.1 kb	 0.0% Assets/player_movement.cs
 0.1 kb	 0.0% Assets/TimeDestroyer.cs
 0.1 kb	 0.0% Assets/TextMesh Pro/Examples & Extras/Scripts/TeleType.cs
 0.1 kb	 0.0% Assets/TextMesh Pro/Examples & Extras/Scripts/EnvMapAnimator.cs
 0.1 kb	 0.0% Assets/TextMesh Pro/Examples & Extras/Scripts/DropdownSample.cs
 0.1 kb	 0.0% Assets/TextMesh Pro/Examples & Extras/Scripts/ChatController.cs
 0.1 kb	 0.0% Assets/PlayerMovement.cs
 0.1 kb	 0.0% Assets/LSL/LSL4Unity/Runtime/LSL.cs
 0.1 kb	 0.0% Packages/com.unity.ugui/Runtime/TMP/TMP_Text.cs
 0.1 kb	 0.0% Packages/com.unity.inputsystem/InputSystem/Plugins/UI/UISupport.cs
 0.1 kb	 0.0% Packages/com.unity.burst/Runtime/Intrinsics/x86/Sse3.cs
 0.1 kb	 0.0% Packages/com.unity.burst/Runtime/Intrinsics/x86/Sse2.cs
 0.1 kb	 0.0% Packages/com.unity.burst/Runtime/Intrinsics/x86/Sse.cs
 0.1 kb	 0.0% Packages/com.unity.burst/Runtime/Intrinsics/x86/Fma.cs
 0.1 kb	 0.0% Packages/com.unity.burst/Runtime/Intrinsics/x86/F16C.cs
 0.1 kb	 0.0% Packages/com.unity.burst/Runtime/Intrinsics/x86/Csr.cs
 0.1 kb	 0.0% Packages/com.unity.burst/Runtime/Intrinsics/x86/Bmi2.cs
 0.1 kb	 0.0% Packages/com.unity.burst/Runtime/Intrinsics/x86/Bmi1.cs
 0.1 kb	 0.0% Packages/com.unity.burst/Runtime/Intrinsics/x86/Avx2.cs
 0.1 kb	 0.0% Packages/com.unity.burst/Runtime/Intrinsics/x86/Avx.cs
 0.1 kb	 0.0% Packages/com.unity.burst/Runtime/Intrinsics/v64.cs
 0.1 kb	 0.0% Packages/com.unity.burst/Runtime/Intrinsics/v256.cs
 0.1 kb	 0.0% Packages/com.unity.burst/Runtime/Intrinsics/v128.cs
 0.1 kb	 0.0% Packages/com.unity.burst/Runtime/Intrinsics/Arm/NEON.cs
 0.1 kb	 0.0% Packages/com.unity.ugui/Runtime/UGUI/UI/Core/Text.cs
 0.1 kb	 0.0% Packages/com.unity.ugui/Runtime/UGUI/UI/Core/Misc.cs
 0.1 kb	 0.0% Packages/com.unity.ugui/Runtime/UGUI/UI/Core/Mask.cs
 0.1 kb	 0.0% Assets/LSLReceiver.cs
 0.1 kb	 0.0% Assets/ItemSpawn.cs
 0.1 kb	 0.0% Assets/ItemChecker.cs
 0.1 kb	 0.0% Assets/Resources/PerformanceTestRunSettings.json
 0.1 kb	 0.0% Assets/Resources/BillingMode.json
-------------------------------------------------------------------------------
Unloading 14 Unused Serialized files (Serialized files now loaded: 0)
Unloading 195 unused Assets / (145.0 KB). Loaded Objects now: 10379.
Memory consumption went from 0.70 GB to 0.70 GB.
Total: 31.884700 ms (FindLiveObjects: 0.860700 ms CreateObjectMapping: 1.091500 ms MarkObjects: 29.488200 ms  DeleteObjects: 0.442700 ms)

DisplayProgressNotification: Build Successful
Build Finished, Result: Success.
##utp:{"success":true,"type":"PlayerBuildInfo","version":2,"phase":"Immediate","time":1782222601305,"processId":26736,"steps":[{"description":"Preprocess Player","duration":919},{"description":"Prepare For Build","duration":3},{"description":"ProducePlayerScriptAssemblies","duration":86385},{"description":"Verify Build setup","duration":47},{"description":"Prepare assets for target platform","duration":14},{"description":"Prepare splash screen","duration":296},{"description":"Build scripts DLLs","duration":141},{"description":"Building scenes","duration":2531},{"description":"Build GlobalGameManagers file","duration":1197},{"description":"Writing asset files","duration":37683},{"description":"Building Resources/unity_builtin_extra","duration":2396},{"description":"Write data build dirty tracking information","duration":419},{"description":"Postprocess built player","duration":60586}],"duration":192617}
Unloading 4 Unused Serialized files (Serialized files now loaded: 0)
Loaded scene 'Temp/__Backupscenes/0.backup'
	Deserialize:            126.666 ms
	Integration:            353.780 ms
	Integration of assets:  1.061 ms
	Thread Wait Time:       -0.005 ms
	Total Operation Time:   481.502 ms
Unloading 0 unused Assets / (15.4 MB). Loaded Objects now: 10431.
Memory consumption went from 0.70 GB to 0.68 GB.
Total: 30.321100 ms (FindLiveObjects: 0.787900 ms CreateObjectMapping: 1.037000 ms MarkObjects: 28.440100 ms  DeleteObjects: 0.054800 ms)

Build completed with a result of 'Succeeded' in 197 seconds (197276 ms) [6/23/2026 3:46:44 PM -> 6/23/2026 3:50:01 PM, 3m 17s]
UnityEngine.Debug:ExtractStackTraceNoAlloc (byte*,int,string)
UnityEngine.StackTraceUtility:ExtractStackTrace ()
UnityEngine.DebugLogHandler:Internal_Log (UnityEngine.LogType,UnityEngine.LogOption,string,UnityEngine.Object)
UnityEngine.DebugLogHandler:LogFormat (UnityEngine.LogType,UnityEngine.Object,string,object[])
UnityEngine.Logger:Log (UnityEngine.LogType,object)
UnityEngine.Debug:Log (object)
UnityEditor.BuildPlayerWindow/DefaultBuildMethods:BuildPlayer (UnityEditor.BuildPlayerOptions)
UnityEditor.BuildPlayerWindow:CallBuildMethods (bool,UnityEditor.BuildOptions)
UnityEditor.Build.Profile.BuildProfileModuleUtil:CallInternalBuildMethods (bool,UnityEditor.BuildOptions)
UnityEditor.Build.Profile.BuildProfileWindow/<>c__DisplayClass55_0:<OnBuildButtonClicked>b__0 ()
UnityEditor.EditorApplication:Internal_CallDelayFunctions ()

[Worker0] Imported GUID: df1804b8181293240acc73dca78c6755 - Path: Assets/Settings/Build Profiles/Windows.asset - Importer: ScriptedImporter/UnityEditor.QuickSearchModule:UnityEditor.Search:ASIAI0B -> (ImportResultId: 'a960f7103bef71be25840c805186950d') in 0.1382418 seconds
[Worker1] Imported GUID: 93b439a37f63240aca3dd4e01d978a9f - Path: Assets/UniversalRenderPipelineGlobalSettings.asset - Importer: ScriptedImporter/UnityEditor.QuickSearchModule:UnityEditor.Search:ASIAI0B -> (ImportResultId: 'd7a974d11b3740a42822ce2210c135d1') in 0.1508164 seconds
[Worker1] Imported GUID: 3f9215ea0144899419cfbc0957140d3f - Path: Assets/DefaultVolumeProfile.asset - Importer: ScriptedImporter/UnityEditor.QuickSearchModule:UnityEditor.Search:ASIAI0B -> (ImportResultId: 'b0a8732307ffe978e9d14fe091c8dda5') in 0.021125 seconds
[Worker0] Imported GUID: 681886c5eb7344803b6206f758bf0b1c - Path: Assets/Settings/UniversalRP.asset - Importer: ScriptedImporter/UnityEditor.QuickSearchModule:UnityEditor.Search:ASIAI0B -> (ImportResultId: 'e00735666436aecfc77c448c0e4688d3') in 0.2016911 seconds
Asset Pipeline Refresh (id=3866edfa4ef328f449fbeaa6ae55e565): Total: 0.006 seconds - Initiated by RefreshV2(AllowForceSynchronousImport)
Asset Pipeline Refresh (id=50e8b573857fbf04888c5ec831d97012): Total: 0.003 seconds - Initiated by RefreshV2(AllowForceSynchronousImport)
[Licensing::Client] Successfully resolved entitlement details
MonoPathRemapper: Attempts to remap: 83663; Successful remaps: 30964
Serialized file version minimum: 23, current 23
[LAYOUT] About to save layout D:\Unity\Projects\Project 01\UserSettings\Layouts\default-6000.dwlt
[LAYOUT] About to save layout C:/Users/savic/AppData/Roaming/Unity/Editor-5.x/Preferences\Layouts\current\default-6000.dwlt
AcceleratorClientConnectionCallback - disconnected - :0
Importing 'GUID: 00000000000000004000000000000000 - Path: ProjectSettings/ProjectSettings.asset' with importer (LibraryAssetImporter)
Imported 'GUID: 00000000000000004000000000000000' -> (Import Result ID: '230d77247321b87077bbef87daac7c1f') in 0.068 seconds [static dependencies only]. Details - ImportResultOutputID=276a810dac73e1f29404d5e5f692e214 DependenciesID=c5cb6e32ff66ba896a1b2957c4e77a30 StaticDependenciesID=b3bd0f1bd2974027b38d238dd2a241d4 
Refreshing native plugins compatible for Editor in 6.92 ms, found 6 plugins.

Asset Pipeline Refresh (id=63b12f9f70552464d9f195a737d8a6bd): Total: 2.813 seconds - Initiated by StopAssetImportingV2(NoUpdateAssetOptions)
	(Values over 0.05ms)
	Summary:
		Imports: total=1 (actual=1, local cache=0, cache server=0)
		Asset DB Process Time: managed=0 ms, native=1633 ms
		Asset DB Callback time: managed=4 ms, native=1174 ms
		Scripting: domain reloads=0, domain reload time=0 ms, compile time=0 ms, other=0 ms
		Project Asset Count: scripts=2068, non-scripts=4781
		Asset File Changes: new=0, changed=1, moved=0, deleted=0
		Scan Filter Count: 1
	ApplyChangesToAssetFolders: 0.170ms
	Scan: 1021.130ms
	Collect global state as custom dependencies: 0.055ms
	OnSourceAssetsModified: 0.099ms
	CategorizeScriptCompilationAssets: 0.050ms
	ProcessAssetsWithTransientArtifactChanges: 1.584ms
	CategorizeAssets: 21.374ms
	ImportOutOfDateAssets: 534.377ms (12.217ms without children)
		ImportManagerImport: 392.983ms (0.344ms without children)
		ReloadNativeAssets: 0.081ms
		UnloadImportedAssets: 0.268ms
		EnsureUptoDateAssetsAreRegisteredWithGuidPM: 1.069ms
		ImportSchedulerStart: 127.758ms
	PostProcessAllAssets: 1171.059ms
		XRBuildSystem.XRAssetImported 1166.481ms
		MonoPostProcessAllAssets: 4.330ms
			SyncVS.PostprocessSyncProject 1.501ms
			AssetPostprocessor.OnPostprocessAllAssets 0.678ms
			SpriteEditorTexturePostprocessor.OnPostprocessAllAssets 0.150ms
			SpriteShapeAssetPostProcessor.OnPostprocessAllAssets 0.130ms
			ShaderGraphAssetPostProcessor.OnPostprocessAllAssets 0.115ms
			AssetChangedListener.OnPostprocessAllAssets 0.100ms
			ShaderReflectionAssetPostProcessor.OnPostprocessAllAssets 0.091ms
			ArtifactBrowserPostProcessor.OnPostprocessAllAssets 0.078ms
			TMPro_TexturePostProcessor.OnPostprocessAllAssets 0.067ms
			RenderPipelineGlobalSettingsPostprocessor.OnPostprocessAllAssets 0.056ms
			UniversalRenderPipelineGlobalSettingsPostprocessor.OnPostprocessAllAssets 0.055ms
			WindowAssetPostprocessingWatcher.OnPostprocessAllAssets 0.051ms
	PostAssetChangesProfiler: 8.012ms
	GatherAllCurrentPrimaryImportResultRevisions: 0.432ms
	UnloadStreamsBegin: 2.819ms
	PersistCurrentRevisions: 0.294ms
	Untracked: 50.821ms

Input System module state changed to: ShutdownInProgress.
Input Polling Thread exited.
Input System module state changed to: Shutdown.
[Physics::Module] Cleanup current backend.
[Physics::Module] Id: 0xf2b8ea05
[Licensing::IpcConnector] LicenseClient-savic-6000.5.0-notifications channel disconnected successfully.
[Licensing::IpcConnector] LicenseClient-savic-6000.5.0 channel disconnected successfully.
AcceleratorClientConnectionCallback - disconnected - :0
Cleanup mono
CodeReloadManager destroyed
Shut down.
debugger-agent: Unable to listen on 4552
Checking for leaked weakptr:
  Found no leaked weakptrs.
[Package Manager] Server process was shutdown
##utp:{"type":"MemoryLeaks","version":2,"phase":"Immediate","time":1782226238559,"processId":26736,"allocatedMemory":59461111,"memoryLabels":[{"Default":242848},{"Permanent":15516},{"NewDelete":84429},{"Thread":4205688},{"Manager":819976},{"VertexData":8},{"Geometry":816},{"Texture":24},{"Shader":2662787},{"Material":24},{"GfxDevice":64088},{"GfxThread":1536},{"Animation":952},{"Audio":968},{"FreeType":8},{"FontEngine":736},{"Physics":2146},{"Physics2D":16},{"Serialization":187720},{"Input":45280},{"JobScheduler":256},{"TextLib":43794},{"Mono":48},{"MonoCode":1024},{"ScriptingNativeRuntime":1660300},{"BaseObject":1677889},{"Resource":1208},{"Renderer":3080},{"Transform":4685},{"File":102242},{"WebCam":616},{"Culling":32},{"Terrain":11442},{"Wind":24},{"STL":40},{"String":9526},{"StaticString":3808},{"Utility":2673426},{"PoolAlloc":2360},{"AI":80},{"TypeTree":17165},{"CodeReload":448},{"RuntimeInitializeOnLoadManager":64},{"Sprites":102},{"SpriteAtlas":120},{"GI":7816},{"Director":8296},{"CloudService":7096},{"WebRequest":4789},{"VR":47114},{"SceneManager":608},{"Video":208},{"LazyScriptCache":32},{"NativeArray":33057016},{"Camera":17},{"Secure":265},{"SerializationCache":1576},{"APIUpdating":10320},{"Subsystems":336},{"VirtualTexturing":57888},{"StaticSafetyDebugInfo":278528},{"Analytics":552},{"Hierarchy":1176},{"UIElements":1369400},{"CoreStats":13688},{"Identifiers":13536},{"Gui":802974},{"EditorUtility":203231},{"VersionControl":8},{"Undo":931},{"AssetDatabase":8987151},{"AssetImporter":40},{"EditorGi":328},{"UnityConnect":35345},{"Upm":1988},{"UpmDiagnostics":8},{"AssetCompliance":64},{"DrivenProperties":72},{"LocalIPC":211},{"ProfilerEditor":9746},{"CoreBusinessMetrics":2892},{"Windowing":456},{"Licensing":664},{"AssetReference":32},{"IPCStream":32}]}
